# no-flow oracle over the ONE-BYTE map, 64-bit mode, 2026-09-19: probe blob tests/data/x64_reds/probe1_64_2026-09-19.bin sha256 b86c4eb0e8f0091d1aafbc429e266332bda6f026b41c147a4a10df3aacd72003, 3840 slots of 16 bytes (15 forms x 256: see scripts/gen_opcode_table.py), imported raw at 0x10000, BinaryLoader, -noanalysis, OpcodeLengths.java (DisassembleCommand restricted to the slot, 0x90 padding). ORACLE: Ghidra 12.1.2 PUBLIC, snap revision 47.
# PREDICTED before the run: (1) the 17 wrong-length opcodes of x64-unknown-opcode-survey-2026-09-18.log at the lengths the (n) pre-reg table gives (63:2, 69:6, 6B:3, 8C/8E:2, 8F:2, C8:4, CA:3, D8-DF:2, E3:2) at form 0, +4 at form 1 for the ModRM ones, 66 shrinking 69 by 2 and nothing else in that set; (2) the i64 set (06 07 0E 16 17 1E 1F 27 2F 37 3F 82 9A CE D4 D6 EA) NONE in every form; (3) 9C and 9D length 1 in every form (guards); (4) D5 and 66 E8/E9: read off, not predicted (REX2 model / vendor-divergent); (5) C4 C5 62: whatever Ghidra models for VEX/EVEX with a 0x90 payload, recorded not asserted; (6) A0-A3 length 9 at form 0 (the (o) row); (7) B8-BF: 5 at form 0, 3 under 66, 10 under 48 (imm64), 10 under 66 48 (REX.W wins); (8) the generator's fit refuses on 0 opcodes; suspects if not 0: F6 F7 C6 C7 FF 8F D8-DF.
# ---- run ----
JAVA_HOME=/snap/ghidra/47/usr/lib/jvm/java-21-openjdk-amd64 /snap/ghidra/47/ghidra/support/analyzeHeadless /tmp/ghidra_oplen OpLen \
	-import tests/data/x64_reds/probe1_64_2026-09-19.bin -processor x86:LE:64:default -loader BinaryLoader -loader-baseAddr 0x10000 -noanalysis \
	-postScript OpcodeLengths.java $(printf '%x' 0x10000) $(( $(stat -c %s tests/data/x64_reds/probe1_64_2026-09-19.bin) / 16 )) 16 \
	-scriptPath ../../tools/ghidra \
	-overwrite -deleteProject 2>&1 | grep -E 'OPLEN|ERROR|Exception' | sed -E 's/^INFO +//; s/ \(GhidraScript\).*//'
OpcodeLengths.java> OPLEN lang=x86:LE:64:default ghidra=12.1.2 start=10000 count=3840 slot=16
OpcodeLengths.java> OPLEN 10000 slot=0 ADD | ADD byte ptr [RAX],AL | len=2
OpcodeLengths.java> OPLEN 10010 slot=1 ADD | ADD dword ptr [RAX],EAX | len=2
OpcodeLengths.java> OPLEN 10020 slot=2 ADD | ADD AL,byte ptr [RAX] | len=2
OpcodeLengths.java> OPLEN 10030 slot=3 ADD | ADD EAX,dword ptr [RAX] | len=2
OpcodeLengths.java> OPLEN 10040 slot=4 ADD | ADD AL,0x0 | len=2
OpcodeLengths.java> OPLEN 10050 slot=5 ADD | ADD EAX,0x90909000 | len=5
OpcodeLengths.java> OPLEN 10060 slot=6 NONE
OpcodeLengths.java> OPLEN 10070 slot=7 NONE
OpcodeLengths.java> OPLEN 10080 slot=8 OR | OR byte ptr [RAX],AL | len=2
OpcodeLengths.java> OPLEN 10090 slot=9 OR | OR dword ptr [RAX],EAX | len=2
OpcodeLengths.java> OPLEN 100a0 slot=10 OR | OR AL,byte ptr [RAX] | len=2
OpcodeLengths.java> OPLEN 100b0 slot=11 OR | OR EAX,dword ptr [RAX] | len=2
OpcodeLengths.java> OPLEN 100c0 slot=12 OR | OR AL,0x0 | len=2
OpcodeLengths.java> OPLEN 100d0 slot=13 OR | OR EAX,0x90909000 | len=5
OpcodeLengths.java> OPLEN 100e0 slot=14 NONE
OpcodeLengths.java> OPLEN 100f0 slot=15 LLDT | LLDT word ptr [RAX + -0x6f6f6f70] | len=7
OpcodeLengths.java> OPLEN 10100 slot=16 ADC | ADC byte ptr [RAX],AL | len=2
OpcodeLengths.java> OPLEN 10110 slot=17 ADC | ADC dword ptr [RAX],EAX | len=2
OpcodeLengths.java> OPLEN 10120 slot=18 ADC | ADC AL,byte ptr [RAX] | len=2
OpcodeLengths.java> OPLEN 10130 slot=19 ADC | ADC EAX,dword ptr [RAX] | len=2
OpcodeLengths.java> OPLEN 10140 slot=20 ADC | ADC AL,0x0 | len=2
OpcodeLengths.java> OPLEN 10150 slot=21 ADC | ADC EAX,0x90909000 | len=5
OpcodeLengths.java> OPLEN 10160 slot=22 NONE
OpcodeLengths.java> OPLEN 10170 slot=23 NONE
OpcodeLengths.java> OPLEN 10180 slot=24 SBB | SBB byte ptr [RAX],AL | len=2
OpcodeLengths.java> OPLEN 10190 slot=25 SBB | SBB dword ptr [RAX],EAX | len=2
OpcodeLengths.java> OPLEN 101a0 slot=26 SBB | SBB AL,byte ptr [RAX] | len=2
OpcodeLengths.java> OPLEN 101b0 slot=27 SBB | SBB EAX,dword ptr [RAX] | len=2
OpcodeLengths.java> OPLEN 101c0 slot=28 SBB | SBB AL,0x0 | len=2
OpcodeLengths.java> OPLEN 101d0 slot=29 SBB | SBB EAX,0x90909000 | len=5
OpcodeLengths.java> OPLEN 101e0 slot=30 NONE
OpcodeLengths.java> OPLEN 101f0 slot=31 NONE
OpcodeLengths.java> OPLEN 10200 slot=32 AND | AND byte ptr [RAX],AL | len=2
OpcodeLengths.java> OPLEN 10210 slot=33 AND | AND dword ptr [RAX],EAX | len=2
OpcodeLengths.java> OPLEN 10220 slot=34 AND | AND AL,byte ptr [RAX] | len=2
OpcodeLengths.java> OPLEN 10230 slot=35 AND | AND EAX,dword ptr [RAX] | len=2
OpcodeLengths.java> OPLEN 10240 slot=36 AND | AND AL,0x0 | len=2
OpcodeLengths.java> OPLEN 10250 slot=37 AND | AND EAX,0x90909000 | len=5
OpcodeLengths.java> OPLEN 10260 slot=38 ADD | ADD byte ptr ES:[RAX + -0x6f6f6f70],DL | len=7
OpcodeLengths.java> OPLEN 10270 slot=39 NONE
OpcodeLengths.java> OPLEN 10280 slot=40 SUB | SUB byte ptr [RAX],AL | len=2
OpcodeLengths.java> OPLEN 10290 slot=41 SUB | SUB dword ptr [RAX],EAX | len=2
OpcodeLengths.java> OPLEN 102a0 slot=42 SUB | SUB AL,byte ptr [RAX] | len=2
OpcodeLengths.java> OPLEN 102b0 slot=43 SUB | SUB EAX,dword ptr [RAX] | len=2
OpcodeLengths.java> OPLEN 102c0 slot=44 SUB | SUB AL,0x0 | len=2
OpcodeLengths.java> OPLEN 102d0 slot=45 SUB | SUB EAX,0x90909000 | len=5
OpcodeLengths.java> OPLEN 102e0 slot=46 ADD | ADD byte ptr CS:[RAX + -0x6f6f6f70],DL | len=7
OpcodeLengths.java> OPLEN 102f0 slot=47 NONE
OpcodeLengths.java> OPLEN 10300 slot=48 XOR | XOR byte ptr [RAX],AL | len=2
OpcodeLengths.java> OPLEN 10310 slot=49 XOR | XOR dword ptr [RAX],EAX | len=2
OpcodeLengths.java> OPLEN 10320 slot=50 XOR | XOR AL,byte ptr [RAX] | len=2
OpcodeLengths.java> OPLEN 10330 slot=51 XOR | XOR EAX,dword ptr [RAX] | len=2
OpcodeLengths.java> OPLEN 10340 slot=52 XOR | XOR AL,0x0 | len=2
OpcodeLengths.java> OPLEN 10350 slot=53 XOR | XOR EAX,0x90909000 | len=5
OpcodeLengths.java> OPLEN 10360 slot=54 ADD | ADD byte ptr SS:[RAX + -0x6f6f6f70],DL | len=7
OpcodeLengths.java> OPLEN 10370 slot=55 NONE
OpcodeLengths.java> OPLEN 10380 slot=56 CMP | CMP byte ptr [RAX],AL | len=2
OpcodeLengths.java> OPLEN 10390 slot=57 CMP | CMP dword ptr [RAX],EAX | len=2
OpcodeLengths.java> OPLEN 103a0 slot=58 CMP | CMP AL,byte ptr [RAX] | len=2
OpcodeLengths.java> OPLEN 103b0 slot=59 CMP | CMP EAX,dword ptr [RAX] | len=2
OpcodeLengths.java> OPLEN 103c0 slot=60 CMP | CMP AL,0x0 | len=2
OpcodeLengths.java> OPLEN 103d0 slot=61 CMP | CMP EAX,0x90909000 | len=5
OpcodeLengths.java> OPLEN 103e0 slot=62 ADD | ADD byte ptr DS:[RAX + -0x6f6f6f70],DL | len=7
OpcodeLengths.java> OPLEN 103f0 slot=63 NONE
OpcodeLengths.java> OPLEN 10400 slot=64 ADD | ADD byte ptr [RAX + -0x6f6f6f70],DL | len=7
OpcodeLengths.java> OPLEN 10410 slot=65 ADD | ADD byte ptr [R8 + -0x6f6f6f70],DL | len=7
OpcodeLengths.java> OPLEN 10420 slot=66 ADD | ADD byte ptr [RAX + -0x6f6f6f70],DL | len=7
OpcodeLengths.java> OPLEN 10430 slot=67 ADD | ADD byte ptr [R8 + -0x6f6f6f70],DL | len=7
OpcodeLengths.java> OPLEN 10440 slot=68 ADD | ADD byte ptr [RAX + -0x6f6f6f70],R10B | len=7
OpcodeLengths.java> OPLEN 10450 slot=69 ADD | ADD byte ptr [R8 + -0x6f6f6f70],R10B | len=7
OpcodeLengths.java> OPLEN 10460 slot=70 ADD | ADD byte ptr [RAX + -0x6f6f6f70],R10B | len=7
OpcodeLengths.java> OPLEN 10470 slot=71 ADD | ADD byte ptr [R8 + -0x6f6f6f70],R10B | len=7
OpcodeLengths.java> OPLEN 10480 slot=72 ADD | ADD byte ptr [RAX + -0x6f6f6f70],DL | len=7
OpcodeLengths.java> OPLEN 10490 slot=73 ADD | ADD byte ptr [R8 + -0x6f6f6f70],DL | len=7
OpcodeLengths.java> OPLEN 104a0 slot=74 ADD | ADD byte ptr [RAX + -0x6f6f6f70],DL | len=7
OpcodeLengths.java> OPLEN 104b0 slot=75 ADD | ADD byte ptr [R8 + -0x6f6f6f70],DL | len=7
OpcodeLengths.java> OPLEN 104c0 slot=76 ADD | ADD byte ptr [RAX + -0x6f6f6f70],R10B | len=7
OpcodeLengths.java> OPLEN 104d0 slot=77 ADD | ADD byte ptr [R8 + -0x6f6f6f70],R10B | len=7
OpcodeLengths.java> OPLEN 104e0 slot=78 ADD | ADD byte ptr [RAX + -0x6f6f6f70],R10B | len=7
OpcodeLengths.java> OPLEN 104f0 slot=79 ADD | ADD byte ptr [R8 + -0x6f6f6f70],R10B | len=7
OpcodeLengths.java> OPLEN 10500 slot=80 PUSH | PUSH RAX | len=1
OpcodeLengths.java> OPLEN 10510 slot=81 PUSH | PUSH RCX | len=1
OpcodeLengths.java> OPLEN 10520 slot=82 PUSH | PUSH RDX | len=1
OpcodeLengths.java> OPLEN 10530 slot=83 PUSH | PUSH RBX | len=1
OpcodeLengths.java> OPLEN 10540 slot=84 PUSH | PUSH RSP | len=1
OpcodeLengths.java> OPLEN 10550 slot=85 PUSH | PUSH RBP | len=1
OpcodeLengths.java> OPLEN 10560 slot=86 PUSH | PUSH RSI | len=1
OpcodeLengths.java> OPLEN 10570 slot=87 PUSH | PUSH RDI | len=1
OpcodeLengths.java> OPLEN 10580 slot=88 POP | POP RAX | len=1
OpcodeLengths.java> OPLEN 10590 slot=89 POP | POP RCX | len=1
OpcodeLengths.java> OPLEN 105a0 slot=90 POP | POP RDX | len=1
OpcodeLengths.java> OPLEN 105b0 slot=91 POP | POP RBX | len=1
OpcodeLengths.java> OPLEN 105c0 slot=92 POP | POP RSP | len=1
OpcodeLengths.java> OPLEN 105d0 slot=93 POP | POP RBP | len=1
OpcodeLengths.java> OPLEN 105e0 slot=94 POP | POP RSI | len=1
OpcodeLengths.java> OPLEN 105f0 slot=95 POP | POP RDI | len=1
OpcodeLengths.java> OPLEN 10600 slot=96 NONE
OpcodeLengths.java> OPLEN 10610 slot=97 NONE
OpcodeLengths.java> OPLEN 10620 slot=98 NONE
OpcodeLengths.java> OPLEN 10630 slot=99 MOVSXD | MOVSXD EAX,dword ptr [RAX] | len=2
OpcodeLengths.java> OPLEN 10640 slot=100 ADD | ADD byte ptr FS:[RAX + -0x6f6f6f70],DL | len=7
OpcodeLengths.java> OPLEN 10650 slot=101 ADD | ADD byte ptr GS:[RAX + -0x6f6f6f70],DL | len=7
OpcodeLengths.java> OPLEN 10660 slot=102 ADD | ADD byte ptr [RAX + -0x6f6f6f70],DL | len=7
OpcodeLengths.java> OPLEN 10670 slot=103 ADD | ADD byte ptr [EAX + 0x90909090],DL | len=7
OpcodeLengths.java> OPLEN 10680 slot=104 PUSH | PUSH -0x6f6f7000 | len=5
OpcodeLengths.java> OPLEN 10690 slot=105 IMUL | IMUL EAX,dword ptr [RAX],-0x6f6f6f70 | len=6
OpcodeLengths.java> OPLEN 106a0 slot=106 PUSH | PUSH 0x0 | len=2
OpcodeLengths.java> OPLEN 106b0 slot=107 IMUL | IMUL EAX,dword ptr [RAX],-0x70 | len=3
OpcodeLengths.java> OPLEN 106c0 slot=108 INSB | INSB RDI,DX | len=1
OpcodeLengths.java> OPLEN 106d0 slot=109 INSD | INSD RDI,DX | len=1
OpcodeLengths.java> OPLEN 106e0 slot=110 OUTSB | OUTSB DX,RSI | len=1
OpcodeLengths.java> OPLEN 106f0 slot=111 OUTSD | OUTSD DX,RSI | len=1
OpcodeLengths.java> OPLEN 10700 slot=112 JO | JO 0x00010702 | len=2
OpcodeLengths.java> OPLEN 10710 slot=113 JNO | JNO 0x00010712 | len=2
OpcodeLengths.java> OPLEN 10720 slot=114 JC | JC 0x00010722 | len=2
OpcodeLengths.java> OPLEN 10730 slot=115 JNC | JNC 0x00010732 | len=2
OpcodeLengths.java> OPLEN 10740 slot=116 JZ | JZ 0x00010742 | len=2
OpcodeLengths.java> OPLEN 10750 slot=117 JNZ | JNZ 0x00010752 | len=2
OpcodeLengths.java> OPLEN 10760 slot=118 JBE | JBE 0x00010762 | len=2
OpcodeLengths.java> OPLEN 10770 slot=119 JA | JA 0x00010772 | len=2
OpcodeLengths.java> OPLEN 10780 slot=120 JS | JS 0x00010782 | len=2
OpcodeLengths.java> OPLEN 10790 slot=121 JNS | JNS 0x00010792 | len=2
OpcodeLengths.java> OPLEN 107a0 slot=122 JP | JP 0x000107a2 | len=2
OpcodeLengths.java> OPLEN 107b0 slot=123 JNP | JNP 0x000107b2 | len=2
OpcodeLengths.java> OPLEN 107c0 slot=124 JL | JL 0x000107c2 | len=2
OpcodeLengths.java> OPLEN 107d0 slot=125 JGE | JGE 0x000107d2 | len=2
OpcodeLengths.java> OPLEN 107e0 slot=126 JLE | JLE 0x000107e2 | len=2
OpcodeLengths.java> OPLEN 107f0 slot=127 JG | JG 0x000107f2 | len=2
OpcodeLengths.java> OPLEN 10800 slot=128 ADD | ADD byte ptr [RAX],0x90 | len=3
OpcodeLengths.java> OPLEN 10810 slot=129 ADD | ADD dword ptr [RAX],0x90909090 | len=6
OpcodeLengths.java> OPLEN 10820 slot=130 NONE
OpcodeLengths.java> OPLEN 10830 slot=131 ADD | ADD dword ptr [RAX],-0x70 | len=3
OpcodeLengths.java> OPLEN 10840 slot=132 TEST | TEST byte ptr [RAX],AL | len=2
OpcodeLengths.java> OPLEN 10850 slot=133 TEST | TEST dword ptr [RAX],EAX | len=2
OpcodeLengths.java> OPLEN 10860 slot=134 XCHG | XCHG byte ptr [RAX],AL | len=2
OpcodeLengths.java> OPLEN 10870 slot=135 XCHG | XCHG dword ptr [RAX],EAX | len=2
OpcodeLengths.java> OPLEN 10880 slot=136 MOV | MOV byte ptr [RAX],AL | len=2
OpcodeLengths.java> OPLEN 10890 slot=137 MOV | MOV dword ptr [RAX],EAX | len=2
OpcodeLengths.java> OPLEN 108a0 slot=138 MOV | MOV AL,byte ptr [RAX] | len=2
OpcodeLengths.java> OPLEN 108b0 slot=139 MOV | MOV EAX,dword ptr [RAX] | len=2
OpcodeLengths.java> OPLEN 108c0 slot=140 MOV | MOV word ptr [RAX],ES | len=2
OpcodeLengths.java> OPLEN 108d0 slot=141 LEA | LEA EAX,[RAX] | len=2
OpcodeLengths.java> OPLEN 108e0 slot=142 MOV | MOV ES,word ptr [RAX] | len=2
OpcodeLengths.java> OPLEN 108f0 slot=143 POP | POP qword ptr [RAX] | len=2
OpcodeLengths.java> OPLEN 10900 slot=144 NOP | NOP | len=1
OpcodeLengths.java> OPLEN 10910 slot=145 XCHG | XCHG EAX,ECX | len=1
OpcodeLengths.java> OPLEN 10920 slot=146 XCHG | XCHG EAX,EDX | len=1
OpcodeLengths.java> OPLEN 10930 slot=147 XCHG | XCHG EAX,EBX | len=1
OpcodeLengths.java> OPLEN 10940 slot=148 XCHG | XCHG EAX,ESP | len=1
OpcodeLengths.java> OPLEN 10950 slot=149 XCHG | XCHG EAX,EBP | len=1
OpcodeLengths.java> OPLEN 10960 slot=150 XCHG | XCHG EAX,ESI | len=1
OpcodeLengths.java> OPLEN 10970 slot=151 XCHG | XCHG EAX,EDI | len=1
OpcodeLengths.java> OPLEN 10980 slot=152 CWDE | CWDE | len=1
OpcodeLengths.java> OPLEN 10990 slot=153 CDQ | CDQ | len=1
OpcodeLengths.java> OPLEN 109a0 slot=154 NONE
OpcodeLengths.java> OPLEN 109b0 slot=155 WAIT | WAIT | len=1
OpcodeLengths.java> OPLEN 109c0 slot=156 PUSHFQ | PUSHFQ | len=1
OpcodeLengths.java> OPLEN 109d0 slot=157 POPFQ | POPFQ | len=1
OpcodeLengths.java> OPLEN 109e0 slot=158 SAHF | SAHF | len=1
OpcodeLengths.java> OPLEN 109f0 slot=159 LAHF | LAHF | len=1
OpcodeLengths.java> OPLEN 10a00 slot=160 MOV | MOV AL,[0x9090909090909000] | len=9
OpcodeLengths.java> OPLEN 10a10 slot=161 MOV | MOV EAX,[0x9090909090909000] | len=9
OpcodeLengths.java> OPLEN 10a20 slot=162 MOV | MOV [0x9090909090909000],AL | len=9
OpcodeLengths.java> OPLEN 10a30 slot=163 MOV | MOV [0x9090909090909000],EAX | len=9
OpcodeLengths.java> OPLEN 10a40 slot=164 MOVSB | MOVSB RDI,RSI | len=1
OpcodeLengths.java> OPLEN 10a50 slot=165 MOVSD | MOVSD RDI,RSI | len=1
OpcodeLengths.java> OPLEN 10a60 slot=166 CMPSB | CMPSB RDI,RSI | len=1
OpcodeLengths.java> OPLEN 10a70 slot=167 CMPSD | CMPSD RDI,RSI | len=1
OpcodeLengths.java> OPLEN 10a80 slot=168 TEST | TEST AL,0x0 | len=2
OpcodeLengths.java> OPLEN 10a90 slot=169 TEST | TEST EAX,0x90909000 | len=5
OpcodeLengths.java> OPLEN 10aa0 slot=170 STOSB | STOSB RDI | len=1
OpcodeLengths.java> OPLEN 10ab0 slot=171 STOSD | STOSD RDI | len=1
OpcodeLengths.java> OPLEN 10ac0 slot=172 LODSB | LODSB RSI | len=1
OpcodeLengths.java> OPLEN 10ad0 slot=173 LODSD | LODSD RSI | len=1
OpcodeLengths.java> OPLEN 10ae0 slot=174 SCASB | SCASB RDI | len=1
OpcodeLengths.java> OPLEN 10af0 slot=175 SCASD | SCASD RDI | len=1
OpcodeLengths.java> OPLEN 10b00 slot=176 MOV | MOV AL,0x0 | len=2
OpcodeLengths.java> OPLEN 10b10 slot=177 MOV | MOV CL,0x0 | len=2
OpcodeLengths.java> OPLEN 10b20 slot=178 MOV | MOV DL,0x0 | len=2
OpcodeLengths.java> OPLEN 10b30 slot=179 MOV | MOV BL,0x0 | len=2
OpcodeLengths.java> OPLEN 10b40 slot=180 MOV | MOV AH,0x0 | len=2
OpcodeLengths.java> OPLEN 10b50 slot=181 MOV | MOV CH,0x0 | len=2
OpcodeLengths.java> OPLEN 10b60 slot=182 MOV | MOV DH,0x0 | len=2
OpcodeLengths.java> OPLEN 10b70 slot=183 MOV | MOV BH,0x0 | len=2
OpcodeLengths.java> OPLEN 10b80 slot=184 MOV | MOV EAX,0x90909000 | len=5
OpcodeLengths.java> OPLEN 10b90 slot=185 MOV | MOV ECX,0x90909000 | len=5
OpcodeLengths.java> OPLEN 10ba0 slot=186 MOV | MOV EDX,0x90909000 | len=5
OpcodeLengths.java> OPLEN 10bb0 slot=187 MOV | MOV EBX,0x90909000 | len=5
OpcodeLengths.java> OPLEN 10bc0 slot=188 MOV | MOV ESP,0x90909000 | len=5
OpcodeLengths.java> OPLEN 10bd0 slot=189 MOV | MOV EBP,0x90909000 | len=5
OpcodeLengths.java> OPLEN 10be0 slot=190 MOV | MOV ESI,0x90909000 | len=5
OpcodeLengths.java> OPLEN 10bf0 slot=191 MOV | MOV EDI,0x90909000 | len=5
OpcodeLengths.java> OPLEN 10c00 slot=192 ROL | ROL byte ptr [RAX],0x90 | len=3
OpcodeLengths.java> OPLEN 10c10 slot=193 ROL | ROL dword ptr [RAX],0x90 | len=3
OpcodeLengths.java> OPLEN 10c20 slot=194 RET | RET 0x9000 | len=3
OpcodeLengths.java> OPLEN 10c30 slot=195 RET | RET | len=1
OpcodeLengths.java> OPLEN 10c40 slot=196 NONE
OpcodeLengths.java> OPLEN 10c50 slot=197 KMOVW | KMOVW K2,word ptr [RAX + -0x6f6f6f70] | len=8
OpcodeLengths.java> OPLEN 10c60 slot=198 MOV | MOV byte ptr [RAX],0x90 | len=3
OpcodeLengths.java> OPLEN 10c70 slot=199 MOV | MOV dword ptr [RAX],0x90909090 | len=6
OpcodeLengths.java> OPLEN 10c80 slot=200 ENTER | ENTER 0x9000,0x10 | len=4
OpcodeLengths.java> OPLEN 10c90 slot=201 LEAVE | LEAVE | len=1
OpcodeLengths.java> OPLEN 10ca0 slot=202 RETF | RETF 0x9000 | len=3
OpcodeLengths.java> OPLEN 10cb0 slot=203 RETF | RETF | len=1
OpcodeLengths.java> OPLEN 10cc0 slot=204 INT3 | INT3 | len=1
OpcodeLengths.java> OPLEN 10cd0 slot=205 INT | INT 0x0 | len=2
OpcodeLengths.java> OPLEN 10ce0 slot=206 NONE
OpcodeLengths.java> OPLEN 10cf0 slot=207 IRETD | IRETD | len=1
OpcodeLengths.java> OPLEN 10d00 slot=208 ROL | ROL byte ptr [RAX],0x1 | len=2
OpcodeLengths.java> OPLEN 10d10 slot=209 ROL | ROL dword ptr [RAX],0x1 | len=2
OpcodeLengths.java> OPLEN 10d20 slot=210 ROL | ROL byte ptr [RAX],CL | len=2
OpcodeLengths.java> OPLEN 10d30 slot=211 ROL | ROL dword ptr [RAX],CL | len=2
OpcodeLengths.java> OPLEN 10d40 slot=212 NONE
OpcodeLengths.java> OPLEN 10d50 slot=213 NONE
OpcodeLengths.java> OPLEN 10d60 slot=214 NONE
OpcodeLengths.java> OPLEN 10d70 slot=215 XLAT | XLAT RBX | len=1
OpcodeLengths.java> OPLEN 10d80 slot=216 FADD | FADD float ptr [RAX] | len=2
OpcodeLengths.java> OPLEN 10d90 slot=217 FLD | FLD float ptr [RAX] | len=2
OpcodeLengths.java> OPLEN 10da0 slot=218 FIADD | FIADD dword ptr [RAX] | len=2
OpcodeLengths.java> OPLEN 10db0 slot=219 FILD | FILD dword ptr [RAX] | len=2
OpcodeLengths.java> OPLEN 10dc0 slot=220 FADD | FADD double ptr [RAX] | len=2
OpcodeLengths.java> OPLEN 10dd0 slot=221 FLD | FLD double ptr [RAX] | len=2
OpcodeLengths.java> OPLEN 10de0 slot=222 FIADD | FIADD word ptr [RAX] | len=2
OpcodeLengths.java> OPLEN 10df0 slot=223 FILD | FILD word ptr [RAX] | len=2
OpcodeLengths.java> OPLEN 10e00 slot=224 LOOPNZ | LOOPNZ 0x00010e02 | len=2
OpcodeLengths.java> OPLEN 10e10 slot=225 LOOPZ | LOOPZ 0x00010e12 | len=2
OpcodeLengths.java> OPLEN 10e20 slot=226 LOOP | LOOP 0x00010e22 | len=2
OpcodeLengths.java> OPLEN 10e30 slot=227 JRCXZ | JRCXZ 0x00010e32 | len=2
OpcodeLengths.java> OPLEN 10e40 slot=228 IN | IN AL,0x0 | len=2
OpcodeLengths.java> OPLEN 10e50 slot=229 IN | IN EAX,0x0 | len=2
OpcodeLengths.java> OPLEN 10e60 slot=230 OUT | OUT 0x0,AL | len=2
OpcodeLengths.java> OPLEN 10e70 slot=231 OUT | OUT 0x0,EAX | len=2
OpcodeLengths.java> OPLEN 10e80 slot=232 CALL | CALL 0xffffffff90919e85 | len=5
OpcodeLengths.java> OPLEN 10e90 slot=233 JMP | JMP 0xffffffff90919e95 | len=5
OpcodeLengths.java> OPLEN 10ea0 slot=234 JMPF | JMPF 0x9090:0x90909000 | len=7
OpcodeLengths.java> OPLEN 10eb0 slot=235 JMP | JMP 0x00010eb2 | len=2
OpcodeLengths.java> OPLEN 10ec0 slot=236 IN | IN AL,DX | len=1
OpcodeLengths.java> OPLEN 10ed0 slot=237 IN | IN EAX,DX | len=1
OpcodeLengths.java> OPLEN 10ee0 slot=238 OUT | OUT DX,AL | len=1
OpcodeLengths.java> OPLEN 10ef0 slot=239 OUT | OUT DX,EAX | len=1
OpcodeLengths.java> OPLEN 10f00 slot=240 ADD.LOCK | ADD.LOCK byte ptr [RAX + -0x6f6f6f70],DL | len=7
OpcodeLengths.java> OPLEN 10f10 slot=241 INT1 | INT1 | len=1
OpcodeLengths.java> OPLEN 10f20 slot=242 ADD | ADD byte ptr [RAX + -0x6f6f6f70],DL | len=7
OpcodeLengths.java> OPLEN 10f30 slot=243 ADD | ADD byte ptr [RAX + -0x6f6f6f70],DL | len=7
OpcodeLengths.java> OPLEN 10f40 slot=244 HLT | HLT | len=1
OpcodeLengths.java> OPLEN 10f50 slot=245 CMC | CMC | len=1
OpcodeLengths.java> OPLEN 10f60 slot=246 TEST | TEST byte ptr [RAX],0x90 | len=3
OpcodeLengths.java> OPLEN 10f70 slot=247 TEST | TEST dword ptr [RAX],0x90909090 | len=6
OpcodeLengths.java> OPLEN 10f80 slot=248 CLC | CLC | len=1
OpcodeLengths.java> OPLEN 10f90 slot=249 STC | STC | len=1
OpcodeLengths.java> OPLEN 10fa0 slot=250 CLI | CLI | len=1
OpcodeLengths.java> OPLEN 10fb0 slot=251 STI | STI | len=1
OpcodeLengths.java> OPLEN 10fc0 slot=252 CLD | CLD | len=1
OpcodeLengths.java> OPLEN 10fd0 slot=253 STD | STD | len=1
OpcodeLengths.java> OPLEN 10fe0 slot=254 INC | INC byte ptr [RAX] | len=2
OpcodeLengths.java> OPLEN 10ff0 slot=255 INC | INC dword ptr [RAX] | len=2
OpcodeLengths.java> OPLEN 11000 slot=256 ADD | ADD byte ptr [RAX + -0x6f6f6f70],AL | len=6
OpcodeLengths.java> OPLEN 11010 slot=257 ADD | ADD dword ptr [RAX + -0x6f6f6f70],EAX | len=6
OpcodeLengths.java> OPLEN 11020 slot=258 ADD | ADD AL,byte ptr [RAX + -0x6f6f6f70] | len=6
OpcodeLengths.java> OPLEN 11030 slot=259 ADD | ADD EAX,dword ptr [RAX + -0x6f6f6f70] | len=6
OpcodeLengths.java> OPLEN 11040 slot=260 ADD | ADD AL,0x80 | len=2
OpcodeLengths.java> OPLEN 11050 slot=261 ADD | ADD EAX,0x90909080 | len=5
OpcodeLengths.java> OPLEN 11060 slot=262 NONE
OpcodeLengths.java> OPLEN 11070 slot=263 NONE
OpcodeLengths.java> OPLEN 11080 slot=264 OR | OR byte ptr [RAX + -0x6f6f6f70],AL | len=6
OpcodeLengths.java> OPLEN 11090 slot=265 OR | OR dword ptr [RAX + -0x6f6f6f70],EAX | len=6
OpcodeLengths.java> OPLEN 110a0 slot=266 OR | OR AL,byte ptr [RAX + -0x6f6f6f70] | len=6
OpcodeLengths.java> OPLEN 110b0 slot=267 OR | OR EAX,dword ptr [RAX + -0x6f6f6f70] | len=6
OpcodeLengths.java> OPLEN 110c0 slot=268 OR | OR AL,0x80 | len=2
OpcodeLengths.java> OPLEN 110d0 slot=269 OR | OR EAX,0x90909080 | len=5
OpcodeLengths.java> OPLEN 110e0 slot=270 NONE
OpcodeLengths.java> OPLEN 110f0 slot=271 JO | JO 0xffffffff9091a186 | len=6
OpcodeLengths.java> OPLEN 11100 slot=272 ADC | ADC byte ptr [RAX + -0x6f6f6f70],AL | len=6
OpcodeLengths.java> OPLEN 11110 slot=273 ADC | ADC dword ptr [RAX + -0x6f6f6f70],EAX | len=6
OpcodeLengths.java> OPLEN 11120 slot=274 ADC | ADC AL,byte ptr [RAX + -0x6f6f6f70] | len=6
OpcodeLengths.java> OPLEN 11130 slot=275 ADC | ADC EAX,dword ptr [RAX + -0x6f6f6f70] | len=6
OpcodeLengths.java> OPLEN 11140 slot=276 ADC | ADC AL,0x80 | len=2
OpcodeLengths.java> OPLEN 11150 slot=277 ADC | ADC EAX,0x90909080 | len=5
OpcodeLengths.java> OPLEN 11160 slot=278 NONE
OpcodeLengths.java> OPLEN 11170 slot=279 NONE
OpcodeLengths.java> OPLEN 11180 slot=280 SBB | SBB byte ptr [RAX + -0x6f6f6f70],AL | len=6
OpcodeLengths.java> OPLEN 11190 slot=281 SBB | SBB dword ptr [RAX + -0x6f6f6f70],EAX | len=6
OpcodeLengths.java> OPLEN 111a0 slot=282 SBB | SBB AL,byte ptr [RAX + -0x6f6f6f70] | len=6
OpcodeLengths.java> OPLEN 111b0 slot=283 SBB | SBB EAX,dword ptr [RAX + -0x6f6f6f70] | len=6
OpcodeLengths.java> OPLEN 111c0 slot=284 SBB | SBB AL,0x80 | len=2
OpcodeLengths.java> OPLEN 111d0 slot=285 SBB | SBB EAX,0x90909080 | len=5
OpcodeLengths.java> OPLEN 111e0 slot=286 NONE
OpcodeLengths.java> OPLEN 111f0 slot=287 NONE
OpcodeLengths.java> OPLEN 11200 slot=288 AND | AND byte ptr [RAX + -0x6f6f6f70],AL | len=6
OpcodeLengths.java> OPLEN 11210 slot=289 AND | AND dword ptr [RAX + -0x6f6f6f70],EAX | len=6
OpcodeLengths.java> OPLEN 11220 slot=290 AND | AND AL,byte ptr [RAX + -0x6f6f6f70] | len=6
OpcodeLengths.java> OPLEN 11230 slot=291 AND | AND EAX,dword ptr [RAX + -0x6f6f6f70] | len=6
OpcodeLengths.java> OPLEN 11240 slot=292 AND | AND AL,0x80 | len=2
OpcodeLengths.java> OPLEN 11250 slot=293 AND | AND EAX,0x90909080 | len=5
OpcodeLengths.java> OPLEN 11260 slot=294 ADC | ADC byte ptr ES:[RAX + -0x6f6f6f70],0x90 | len=8
OpcodeLengths.java> OPLEN 11270 slot=295 NONE
OpcodeLengths.java> OPLEN 11280 slot=296 SUB | SUB byte ptr [RAX + -0x6f6f6f70],AL | len=6
OpcodeLengths.java> OPLEN 11290 slot=297 SUB | SUB dword ptr [RAX + -0x6f6f6f70],EAX | len=6
OpcodeLengths.java> OPLEN 112a0 slot=298 SUB | SUB AL,byte ptr [RAX + -0x6f6f6f70] | len=6
OpcodeLengths.java> OPLEN 112b0 slot=299 SUB | SUB EAX,dword ptr [RAX + -0x6f6f6f70] | len=6
OpcodeLengths.java> OPLEN 112c0 slot=300 SUB | SUB AL,0x80 | len=2
OpcodeLengths.java> OPLEN 112d0 slot=301 SUB | SUB EAX,0x90909080 | len=5
OpcodeLengths.java> OPLEN 112e0 slot=302 ADC | ADC byte ptr CS:[RAX + -0x6f6f6f70],0x90 | len=8
OpcodeLengths.java> OPLEN 112f0 slot=303 NONE
OpcodeLengths.java> OPLEN 11300 slot=304 XOR | XOR byte ptr [RAX + -0x6f6f6f70],AL | len=6
OpcodeLengths.java> OPLEN 11310 slot=305 XOR | XOR dword ptr [RAX + -0x6f6f6f70],EAX | len=6
OpcodeLengths.java> OPLEN 11320 slot=306 XOR | XOR AL,byte ptr [RAX + -0x6f6f6f70] | len=6
OpcodeLengths.java> OPLEN 11330 slot=307 XOR | XOR EAX,dword ptr [RAX + -0x6f6f6f70] | len=6
OpcodeLengths.java> OPLEN 11340 slot=308 XOR | XOR AL,0x80 | len=2
OpcodeLengths.java> OPLEN 11350 slot=309 XOR | XOR EAX,0x90909080 | len=5
OpcodeLengths.java> OPLEN 11360 slot=310 ADC | ADC byte ptr SS:[RAX + -0x6f6f6f70],0x90 | len=8
OpcodeLengths.java> OPLEN 11370 slot=311 NONE
OpcodeLengths.java> OPLEN 11380 slot=312 CMP | CMP byte ptr [RAX + -0x6f6f6f70],AL | len=6
OpcodeLengths.java> OPLEN 11390 slot=313 CMP | CMP dword ptr [RAX + -0x6f6f6f70],EAX | len=6
OpcodeLengths.java> OPLEN 113a0 slot=314 CMP | CMP AL,byte ptr [RAX + -0x6f6f6f70] | len=6
OpcodeLengths.java> OPLEN 113b0 slot=315 CMP | CMP EAX,dword ptr [RAX + -0x6f6f6f70] | len=6
OpcodeLengths.java> OPLEN 113c0 slot=316 CMP | CMP AL,0x80 | len=2
OpcodeLengths.java> OPLEN 113d0 slot=317 CMP | CMP EAX,0x90909080 | len=5
OpcodeLengths.java> OPLEN 113e0 slot=318 ADC | ADC byte ptr DS:[RAX + -0x6f6f6f70],0x90 | len=8
OpcodeLengths.java> OPLEN 113f0 slot=319 NONE
OpcodeLengths.java> OPLEN 11400 slot=320 ADC | ADC byte ptr [RAX + -0x6f6f6f70],0x90 | len=8
OpcodeLengths.java> OPLEN 11410 slot=321 ADC | ADC byte ptr [R8 + -0x6f6f6f70],0x90 | len=8
OpcodeLengths.java> OPLEN 11420 slot=322 ADC | ADC byte ptr [RAX + -0x6f6f6f70],0x90 | len=8
OpcodeLengths.java> OPLEN 11430 slot=323 ADC | ADC byte ptr [R8 + -0x6f6f6f70],0x90 | len=8
OpcodeLengths.java> OPLEN 11440 slot=324 ADC | ADC byte ptr [RAX + -0x6f6f6f70],0x90 | len=8
OpcodeLengths.java> OPLEN 11450 slot=325 ADC | ADC byte ptr [R8 + -0x6f6f6f70],0x90 | len=8
OpcodeLengths.java> OPLEN 11460 slot=326 ADC | ADC byte ptr [RAX + -0x6f6f6f70],0x90 | len=8
OpcodeLengths.java> OPLEN 11470 slot=327 ADC | ADC byte ptr [R8 + -0x6f6f6f70],0x90 | len=8
OpcodeLengths.java> OPLEN 11480 slot=328 ADC | ADC byte ptr [RAX + -0x6f6f6f70],0x90 | len=8
OpcodeLengths.java> OPLEN 11490 slot=329 ADC | ADC byte ptr [R8 + -0x6f6f6f70],0x90 | len=8
OpcodeLengths.java> OPLEN 114a0 slot=330 ADC | ADC byte ptr [RAX + -0x6f6f6f70],0x90 | len=8
OpcodeLengths.java> OPLEN 114b0 slot=331 ADC | ADC byte ptr [R8 + -0x6f6f6f70],0x90 | len=8
OpcodeLengths.java> OPLEN 114c0 slot=332 ADC | ADC byte ptr [RAX + -0x6f6f6f70],0x90 | len=8
OpcodeLengths.java> OPLEN 114d0 slot=333 ADC | ADC byte ptr [R8 + -0x6f6f6f70],0x90 | len=8
OpcodeLengths.java> OPLEN 114e0 slot=334 ADC | ADC byte ptr [RAX + -0x6f6f6f70],0x90 | len=8
OpcodeLengths.java> OPLEN 114f0 slot=335 ADC | ADC byte ptr [R8 + -0x6f6f6f70],0x90 | len=8
OpcodeLengths.java> OPLEN 11500 slot=336 PUSH | PUSH RAX | len=1
OpcodeLengths.java> OPLEN 11510 slot=337 PUSH | PUSH RCX | len=1
OpcodeLengths.java> OPLEN 11520 slot=338 PUSH | PUSH RDX | len=1
OpcodeLengths.java> OPLEN 11530 slot=339 PUSH | PUSH RBX | len=1
OpcodeLengths.java> OPLEN 11540 slot=340 PUSH | PUSH RSP | len=1
OpcodeLengths.java> OPLEN 11550 slot=341 PUSH | PUSH RBP | len=1
OpcodeLengths.java> OPLEN 11560 slot=342 PUSH | PUSH RSI | len=1
OpcodeLengths.java> OPLEN 11570 slot=343 PUSH | PUSH RDI | len=1
OpcodeLengths.java> OPLEN 11580 slot=344 POP | POP RAX | len=1
OpcodeLengths.java> OPLEN 11590 slot=345 POP | POP RCX | len=1
OpcodeLengths.java> OPLEN 115a0 slot=346 POP | POP RDX | len=1
OpcodeLengths.java> OPLEN 115b0 slot=347 POP | POP RBX | len=1
OpcodeLengths.java> OPLEN 115c0 slot=348 POP | POP RSP | len=1
OpcodeLengths.java> OPLEN 115d0 slot=349 POP | POP RBP | len=1
OpcodeLengths.java> OPLEN 115e0 slot=350 POP | POP RSI | len=1
OpcodeLengths.java> OPLEN 115f0 slot=351 POP | POP RDI | len=1
OpcodeLengths.java> OPLEN 11600 slot=352 NONE
OpcodeLengths.java> OPLEN 11610 slot=353 NONE
OpcodeLengths.java> OPLEN 11620 slot=354 NONE
OpcodeLengths.java> OPLEN 11630 slot=355 MOVSXD | MOVSXD EAX,dword ptr [RAX + -0x6f6f6f70] | len=6
OpcodeLengths.java> OPLEN 11640 slot=356 ADC | ADC byte ptr FS:[RAX + -0x6f6f6f70],0x90 | len=8
OpcodeLengths.java> OPLEN 11650 slot=357 ADC | ADC byte ptr GS:[RAX + -0x6f6f6f70],0x90 | len=8
OpcodeLengths.java> OPLEN 11660 slot=358 ADC | ADC byte ptr [RAX + -0x6f6f6f70],0x90 | len=8
OpcodeLengths.java> OPLEN 11670 slot=359 ADC | ADC byte ptr [EAX + 0x90909090],0x90 | len=8
OpcodeLengths.java> OPLEN 11680 slot=360 PUSH | PUSH -0x6f6f6f80 | len=5
OpcodeLengths.java> OPLEN 11690 slot=361 IMUL | IMUL EAX,dword ptr [RAX + -0x6f6f6f70],-0x6f6f6f70 | len=10
OpcodeLengths.java> OPLEN 116a0 slot=362 PUSH | PUSH -0x80 | len=2
OpcodeLengths.java> OPLEN 116b0 slot=363 IMUL | IMUL EAX,dword ptr [RAX + -0x6f6f6f70],-0x70 | len=7
OpcodeLengths.java> OPLEN 116c0 slot=364 INSB | INSB RDI,DX | len=1
OpcodeLengths.java> OPLEN 116d0 slot=365 INSD | INSD RDI,DX | len=1
OpcodeLengths.java> OPLEN 116e0 slot=366 OUTSB | OUTSB DX,RSI | len=1
OpcodeLengths.java> OPLEN 116f0 slot=367 OUTSD | OUTSD DX,RSI | len=1
OpcodeLengths.java> OPLEN 11700 slot=368 JO | JO 0x00011682 | len=2
OpcodeLengths.java> OPLEN 11710 slot=369 JNO | JNO 0x00011692 | len=2
OpcodeLengths.java> OPLEN 11720 slot=370 JC | JC 0x000116a2 | len=2
OpcodeLengths.java> OPLEN 11730 slot=371 JNC | JNC 0x000116b2 | len=2
OpcodeLengths.java> OPLEN 11740 slot=372 JZ | JZ 0x000116c2 | len=2
OpcodeLengths.java> OPLEN 11750 slot=373 JNZ | JNZ 0x000116d2 | len=2
OpcodeLengths.java> OPLEN 11760 slot=374 JBE | JBE 0x000116e2 | len=2
OpcodeLengths.java> OPLEN 11770 slot=375 JA | JA 0x000116f2 | len=2
OpcodeLengths.java> OPLEN 11780 slot=376 JS | JS 0x00011702 | len=2
OpcodeLengths.java> OPLEN 11790 slot=377 JNS | JNS 0x00011712 | len=2
OpcodeLengths.java> OPLEN 117a0 slot=378 JP | JP 0x00011722 | len=2
OpcodeLengths.java> OPLEN 117b0 slot=379 JNP | JNP 0x00011732 | len=2
OpcodeLengths.java> OPLEN 117c0 slot=380 JL | JL 0x00011742 | len=2
OpcodeLengths.java> OPLEN 117d0 slot=381 JGE | JGE 0x00011752 | len=2
OpcodeLengths.java> OPLEN 117e0 slot=382 JLE | JLE 0x00011762 | len=2
OpcodeLengths.java> OPLEN 117f0 slot=383 JG | JG 0x00011772 | len=2
OpcodeLengths.java> OPLEN 11800 slot=384 ADD | ADD byte ptr [RAX + -0x6f6f6f70],0x90 | len=7
OpcodeLengths.java> OPLEN 11810 slot=385 ADD | ADD dword ptr [RAX + -0x6f6f6f70],0x90909090 | len=10
OpcodeLengths.java> OPLEN 11820 slot=386 NONE
OpcodeLengths.java> OPLEN 11830 slot=387 ADD | ADD dword ptr [RAX + -0x6f6f6f70],-0x70 | len=7
OpcodeLengths.java> OPLEN 11840 slot=388 TEST | TEST byte ptr [RAX + -0x6f6f6f70],AL | len=6
OpcodeLengths.java> OPLEN 11850 slot=389 TEST | TEST dword ptr [RAX + -0x6f6f6f70],EAX | len=6
OpcodeLengths.java> OPLEN 11860 slot=390 XCHG | XCHG byte ptr [RAX + -0x6f6f6f70],AL | len=6
OpcodeLengths.java> OPLEN 11870 slot=391 XCHG | XCHG dword ptr [RAX + -0x6f6f6f70],EAX | len=6
OpcodeLengths.java> OPLEN 11880 slot=392 MOV | MOV byte ptr [RAX + -0x6f6f6f70],AL | len=6
OpcodeLengths.java> OPLEN 11890 slot=393 MOV | MOV dword ptr [RAX + -0x6f6f6f70],EAX | len=6
OpcodeLengths.java> OPLEN 118a0 slot=394 MOV | MOV AL,byte ptr [RAX + -0x6f6f6f70] | len=6
OpcodeLengths.java> OPLEN 118b0 slot=395 MOV | MOV EAX,dword ptr [RAX + -0x6f6f6f70] | len=6
OpcodeLengths.java> OPLEN 118c0 slot=396 MOV | MOV word ptr [RAX + -0x6f6f6f70],ES | len=6
OpcodeLengths.java> OPLEN 118d0 slot=397 LEA | LEA EAX,[RAX + -0x6f6f6f70] | len=6
OpcodeLengths.java> OPLEN 118e0 slot=398 MOV | MOV ES,word ptr [RAX + -0x6f6f6f70] | len=6
OpcodeLengths.java> OPLEN 118f0 slot=399 POP | POP qword ptr [RAX + -0x6f6f6f70] | len=6
OpcodeLengths.java> OPLEN 11900 slot=400 NOP | NOP | len=1
OpcodeLengths.java> OPLEN 11910 slot=401 XCHG | XCHG EAX,ECX | len=1
OpcodeLengths.java> OPLEN 11920 slot=402 XCHG | XCHG EAX,EDX | len=1
OpcodeLengths.java> OPLEN 11930 slot=403 XCHG | XCHG EAX,EBX | len=1
OpcodeLengths.java> OPLEN 11940 slot=404 XCHG | XCHG EAX,ESP | len=1
OpcodeLengths.java> OPLEN 11950 slot=405 XCHG | XCHG EAX,EBP | len=1
OpcodeLengths.java> OPLEN 11960 slot=406 XCHG | XCHG EAX,ESI | len=1
OpcodeLengths.java> OPLEN 11970 slot=407 XCHG | XCHG EAX,EDI | len=1
OpcodeLengths.java> OPLEN 11980 slot=408 CWDE | CWDE | len=1
OpcodeLengths.java> OPLEN 11990 slot=409 CDQ | CDQ | len=1
OpcodeLengths.java> OPLEN 119a0 slot=410 NONE
OpcodeLengths.java> OPLEN 119b0 slot=411 WAIT | WAIT | len=1
OpcodeLengths.java> OPLEN 119c0 slot=412 PUSHFQ | PUSHFQ | len=1
OpcodeLengths.java> OPLEN 119d0 slot=413 POPFQ | POPFQ | len=1
OpcodeLengths.java> OPLEN 119e0 slot=414 SAHF | SAHF | len=1
OpcodeLengths.java> OPLEN 119f0 slot=415 LAHF | LAHF | len=1
OpcodeLengths.java> OPLEN 11a00 slot=416 MOV | MOV AL,[0x9090909090909080] | len=9
OpcodeLengths.java> OPLEN 11a10 slot=417 MOV | MOV EAX,[0x9090909090909080] | len=9
OpcodeLengths.java> OPLEN 11a20 slot=418 MOV | MOV [0x9090909090909080],AL | len=9
OpcodeLengths.java> OPLEN 11a30 slot=419 MOV | MOV [0x9090909090909080],EAX | len=9
OpcodeLengths.java> OPLEN 11a40 slot=420 MOVSB | MOVSB RDI,RSI | len=1
OpcodeLengths.java> OPLEN 11a50 slot=421 MOVSD | MOVSD RDI,RSI | len=1
OpcodeLengths.java> OPLEN 11a60 slot=422 CMPSB | CMPSB RDI,RSI | len=1
OpcodeLengths.java> OPLEN 11a70 slot=423 CMPSD | CMPSD RDI,RSI | len=1
OpcodeLengths.java> OPLEN 11a80 slot=424 TEST | TEST AL,0x80 | len=2
OpcodeLengths.java> OPLEN 11a90 slot=425 TEST | TEST EAX,0x90909080 | len=5
OpcodeLengths.java> OPLEN 11aa0 slot=426 STOSB | STOSB RDI | len=1
OpcodeLengths.java> OPLEN 11ab0 slot=427 STOSD | STOSD RDI | len=1
OpcodeLengths.java> OPLEN 11ac0 slot=428 LODSB | LODSB RSI | len=1
OpcodeLengths.java> OPLEN 11ad0 slot=429 LODSD | LODSD RSI | len=1
OpcodeLengths.java> OPLEN 11ae0 slot=430 SCASB | SCASB RDI | len=1
OpcodeLengths.java> OPLEN 11af0 slot=431 SCASD | SCASD RDI | len=1
OpcodeLengths.java> OPLEN 11b00 slot=432 MOV | MOV AL,0x80 | len=2
OpcodeLengths.java> OPLEN 11b10 slot=433 MOV | MOV CL,0x80 | len=2
OpcodeLengths.java> OPLEN 11b20 slot=434 MOV | MOV DL,0x80 | len=2
OpcodeLengths.java> OPLEN 11b30 slot=435 MOV | MOV BL,0x80 | len=2
OpcodeLengths.java> OPLEN 11b40 slot=436 MOV | MOV AH,0x80 | len=2
OpcodeLengths.java> OPLEN 11b50 slot=437 MOV | MOV CH,0x80 | len=2
OpcodeLengths.java> OPLEN 11b60 slot=438 MOV | MOV DH,0x80 | len=2
OpcodeLengths.java> OPLEN 11b70 slot=439 MOV | MOV BH,0x80 | len=2
OpcodeLengths.java> OPLEN 11b80 slot=440 MOV | MOV EAX,0x90909080 | len=5
OpcodeLengths.java> OPLEN 11b90 slot=441 MOV | MOV ECX,0x90909080 | len=5
OpcodeLengths.java> OPLEN 11ba0 slot=442 MOV | MOV EDX,0x90909080 | len=5
OpcodeLengths.java> OPLEN 11bb0 slot=443 MOV | MOV EBX,0x90909080 | len=5
OpcodeLengths.java> OPLEN 11bc0 slot=444 MOV | MOV ESP,0x90909080 | len=5
OpcodeLengths.java> OPLEN 11bd0 slot=445 MOV | MOV EBP,0x90909080 | len=5
OpcodeLengths.java> OPLEN 11be0 slot=446 MOV | MOV ESI,0x90909080 | len=5
OpcodeLengths.java> OPLEN 11bf0 slot=447 MOV | MOV EDI,0x90909080 | len=5
OpcodeLengths.java> OPLEN 11c00 slot=448 ROL | ROL byte ptr [RAX + -0x6f6f6f70],0x90 | len=7
OpcodeLengths.java> OPLEN 11c10 slot=449 ROL | ROL dword ptr [RAX + -0x6f6f6f70],0x90 | len=7
OpcodeLengths.java> OPLEN 11c20 slot=450 RET | RET 0x9080 | len=3
OpcodeLengths.java> OPLEN 11c30 slot=451 RET | RET | len=1
OpcodeLengths.java> OPLEN 11c40 slot=452 NONE
OpcodeLengths.java> OPLEN 11c50 slot=453 KMOVW | KMOVW K2,word ptr [RAX + -0x6f6f6f70] | len=8
OpcodeLengths.java> OPLEN 11c60 slot=454 MOV | MOV byte ptr [RAX + -0x6f6f6f70],0x90 | len=7
OpcodeLengths.java> OPLEN 11c70 slot=455 MOV | MOV dword ptr [RAX + -0x6f6f6f70],0x90909090 | len=10
OpcodeLengths.java> OPLEN 11c80 slot=456 ENTER | ENTER 0x9080,0x10 | len=4
OpcodeLengths.java> OPLEN 11c90 slot=457 LEAVE | LEAVE | len=1
OpcodeLengths.java> OPLEN 11ca0 slot=458 RETF | RETF 0x9080 | len=3
OpcodeLengths.java> OPLEN 11cb0 slot=459 RETF | RETF | len=1
OpcodeLengths.java> OPLEN 11cc0 slot=460 INT3 | INT3 | len=1
OpcodeLengths.java> OPLEN 11cd0 slot=461 INT | INT 0x80 | len=2
OpcodeLengths.java> OPLEN 11ce0 slot=462 NONE
OpcodeLengths.java> OPLEN 11cf0 slot=463 IRETD | IRETD | len=1
OpcodeLengths.java> OPLEN 11d00 slot=464 ROL | ROL byte ptr [RAX + -0x6f6f6f70],0x1 | len=6
OpcodeLengths.java> OPLEN 11d10 slot=465 ROL | ROL dword ptr [RAX + -0x6f6f6f70],0x1 | len=6
OpcodeLengths.java> OPLEN 11d20 slot=466 ROL | ROL byte ptr [RAX + -0x6f6f6f70],CL | len=6
OpcodeLengths.java> OPLEN 11d30 slot=467 ROL | ROL dword ptr [RAX + -0x6f6f6f70],CL | len=6
OpcodeLengths.java> OPLEN 11d40 slot=468 NONE
OpcodeLengths.java> OPLEN 11d50 slot=469 NONE
OpcodeLengths.java> OPLEN 11d60 slot=470 NONE
OpcodeLengths.java> OPLEN 11d70 slot=471 XLAT | XLAT RBX | len=1
OpcodeLengths.java> OPLEN 11d80 slot=472 FADD | FADD float ptr [RAX + -0x6f6f6f70] | len=6
OpcodeLengths.java> OPLEN 11d90 slot=473 FLD | FLD float ptr [RAX + -0x6f6f6f70] | len=6
OpcodeLengths.java> OPLEN 11da0 slot=474 FIADD | FIADD dword ptr [RAX + -0x6f6f6f70] | len=6
OpcodeLengths.java> OPLEN 11db0 slot=475 FILD | FILD dword ptr [RAX + -0x6f6f6f70] | len=6
OpcodeLengths.java> OPLEN 11dc0 slot=476 FADD | FADD double ptr [RAX + -0x6f6f6f70] | len=6
OpcodeLengths.java> OPLEN 11dd0 slot=477 FLD | FLD double ptr [RAX + -0x6f6f6f70] | len=6
OpcodeLengths.java> OPLEN 11de0 slot=478 FIADD | FIADD word ptr [RAX + -0x6f6f6f70] | len=6
OpcodeLengths.java> OPLEN 11df0 slot=479 FILD | FILD word ptr [RAX + -0x6f6f6f70] | len=6
OpcodeLengths.java> OPLEN 11e00 slot=480 LOOPNZ | LOOPNZ 0x00011d82 | len=2
OpcodeLengths.java> OPLEN 11e10 slot=481 LOOPZ | LOOPZ 0x00011d92 | len=2
OpcodeLengths.java> OPLEN 11e20 slot=482 LOOP | LOOP 0x00011da2 | len=2
OpcodeLengths.java> OPLEN 11e30 slot=483 JRCXZ | JRCXZ 0x00011db2 | len=2
OpcodeLengths.java> OPLEN 11e40 slot=484 IN | IN AL,0x80 | len=2
OpcodeLengths.java> OPLEN 11e50 slot=485 IN | IN EAX,0x80 | len=2
OpcodeLengths.java> OPLEN 11e60 slot=486 OUT | OUT 0x80,AL | len=2
OpcodeLengths.java> OPLEN 11e70 slot=487 OUT | OUT 0x80,EAX | len=2
OpcodeLengths.java> OPLEN 11e80 slot=488 CALL | CALL 0xffffffff9091af05 | len=5
OpcodeLengths.java> OPLEN 11e90 slot=489 JMP | JMP 0xffffffff9091af15 | len=5
OpcodeLengths.java> OPLEN 11ea0 slot=490 JMPF | JMPF 0x9090:0x90909080 | len=7
OpcodeLengths.java> OPLEN 11eb0 slot=491 JMP | JMP 0x00011e32 | len=2
OpcodeLengths.java> OPLEN 11ec0 slot=492 IN | IN AL,DX | len=1
OpcodeLengths.java> OPLEN 11ed0 slot=493 IN | IN EAX,DX | len=1
OpcodeLengths.java> OPLEN 11ee0 slot=494 OUT | OUT DX,AL | len=1
OpcodeLengths.java> OPLEN 11ef0 slot=495 OUT | OUT DX,EAX | len=1
OpcodeLengths.java> OPLEN 11f00 slot=496 ADC.LOCK | ADC.LOCK byte ptr [RAX + -0x6f6f6f70],0x90 | len=8
OpcodeLengths.java> OPLEN 11f10 slot=497 INT1 | INT1 | len=1
OpcodeLengths.java> OPLEN 11f20 slot=498 ADC | ADC byte ptr [RAX + -0x6f6f6f70],0x90 | len=8
OpcodeLengths.java> OPLEN 11f30 slot=499 ADC | ADC byte ptr [RAX + -0x6f6f6f70],0x90 | len=8
OpcodeLengths.java> OPLEN 11f40 slot=500 HLT | HLT | len=1
OpcodeLengths.java> OPLEN 11f50 slot=501 CMC | CMC | len=1
OpcodeLengths.java> OPLEN 11f60 slot=502 TEST | TEST byte ptr [RAX + -0x6f6f6f70],0x90 | len=7
OpcodeLengths.java> OPLEN 11f70 slot=503 TEST | TEST dword ptr [RAX + -0x6f6f6f70],0x90909090 | len=10
OpcodeLengths.java> OPLEN 11f80 slot=504 CLC | CLC | len=1
OpcodeLengths.java> OPLEN 11f90 slot=505 STC | STC | len=1
OpcodeLengths.java> OPLEN 11fa0 slot=506 CLI | CLI | len=1
OpcodeLengths.java> OPLEN 11fb0 slot=507 STI | STI | len=1
OpcodeLengths.java> OPLEN 11fc0 slot=508 CLD | CLD | len=1
OpcodeLengths.java> OPLEN 11fd0 slot=509 STD | STD | len=1
OpcodeLengths.java> OPLEN 11fe0 slot=510 INC | INC byte ptr [RAX + -0x6f6f6f70] | len=6
OpcodeLengths.java> OPLEN 11ff0 slot=511 INC | INC dword ptr [RAX + -0x6f6f6f70] | len=6
OpcodeLengths.java> OPLEN 12000 slot=512 ADD | ADD byte ptr [RAX],AL | len=3
OpcodeLengths.java> OPLEN 12010 slot=513 ADD | ADD word ptr [RAX],AX | len=3
OpcodeLengths.java> OPLEN 12020 slot=514 ADD | ADD AL,byte ptr [RAX] | len=3
OpcodeLengths.java> OPLEN 12030 slot=515 ADD | ADD AX,word ptr [RAX] | len=3
OpcodeLengths.java> OPLEN 12040 slot=516 ADD | ADD AL,0x0 | len=3
OpcodeLengths.java> OPLEN 12050 slot=517 ADD | ADD AX,0x9000 | len=4
OpcodeLengths.java> OPLEN 12060 slot=518 NONE
OpcodeLengths.java> OPLEN 12070 slot=519 NONE
OpcodeLengths.java> OPLEN 12080 slot=520 OR | OR byte ptr [RAX],AL | len=3
OpcodeLengths.java> OPLEN 12090 slot=521 OR | OR word ptr [RAX],AX | len=3
OpcodeLengths.java> OPLEN 120a0 slot=522 OR | OR AL,byte ptr [RAX] | len=3
OpcodeLengths.java> OPLEN 120b0 slot=523 OR | OR AX,word ptr [RAX] | len=3
OpcodeLengths.java> OPLEN 120c0 slot=524 OR | OR AL,0x0 | len=3
OpcodeLengths.java> OPLEN 120d0 slot=525 OR | OR AX,0x9000 | len=4
OpcodeLengths.java> OPLEN 120e0 slot=526 NONE
OpcodeLengths.java> OPLEN 120f0 slot=527 LLDT | LLDT word ptr [RAX + -0x6f6f6f70] | len=8
OpcodeLengths.java> OPLEN 12100 slot=528 ADC | ADC byte ptr [RAX],AL | len=3
OpcodeLengths.java> OPLEN 12110 slot=529 ADC | ADC word ptr [RAX],AX | len=3
OpcodeLengths.java> OPLEN 12120 slot=530 ADC | ADC AL,byte ptr [RAX] | len=3
OpcodeLengths.java> OPLEN 12130 slot=531 ADC | ADC AX,word ptr [RAX] | len=3
OpcodeLengths.java> OPLEN 12140 slot=532 ADC | ADC AL,0x0 | len=3
OpcodeLengths.java> OPLEN 12150 slot=533 ADC | ADC AX,0x9000 | len=4
OpcodeLengths.java> OPLEN 12160 slot=534 NONE
OpcodeLengths.java> OPLEN 12170 slot=535 NONE
OpcodeLengths.java> OPLEN 12180 slot=536 SBB | SBB byte ptr [RAX],AL | len=3
OpcodeLengths.java> OPLEN 12190 slot=537 SBB | SBB word ptr [RAX],AX | len=3
OpcodeLengths.java> OPLEN 121a0 slot=538 SBB | SBB AL,byte ptr [RAX] | len=3
OpcodeLengths.java> OPLEN 121b0 slot=539 SBB | SBB AX,word ptr [RAX] | len=3
OpcodeLengths.java> OPLEN 121c0 slot=540 SBB | SBB AL,0x0 | len=3
OpcodeLengths.java> OPLEN 121d0 slot=541 SBB | SBB AX,0x9000 | len=4
OpcodeLengths.java> OPLEN 121e0 slot=542 NONE
OpcodeLengths.java> OPLEN 121f0 slot=543 NONE
OpcodeLengths.java> OPLEN 12200 slot=544 AND | AND byte ptr [RAX],AL | len=3
OpcodeLengths.java> OPLEN 12210 slot=545 AND | AND word ptr [RAX],AX | len=3
OpcodeLengths.java> OPLEN 12220 slot=546 AND | AND AL,byte ptr [RAX] | len=3
OpcodeLengths.java> OPLEN 12230 slot=547 AND | AND AX,word ptr [RAX] | len=3
OpcodeLengths.java> OPLEN 12240 slot=548 AND | AND AL,0x0 | len=3
OpcodeLengths.java> OPLEN 12250 slot=549 AND | AND AX,0x9000 | len=4
OpcodeLengths.java> OPLEN 12260 slot=550 ADD | ADD byte ptr ES:[RAX + -0x6f6f6f70],DL | len=8
OpcodeLengths.java> OPLEN 12270 slot=551 NONE
OpcodeLengths.java> OPLEN 12280 slot=552 SUB | SUB byte ptr [RAX],AL | len=3
OpcodeLengths.java> OPLEN 12290 slot=553 SUB | SUB word ptr [RAX],AX | len=3
OpcodeLengths.java> OPLEN 122a0 slot=554 SUB | SUB AL,byte ptr [RAX] | len=3
OpcodeLengths.java> OPLEN 122b0 slot=555 SUB | SUB AX,word ptr [RAX] | len=3
OpcodeLengths.java> OPLEN 122c0 slot=556 SUB | SUB AL,0x0 | len=3
OpcodeLengths.java> OPLEN 122d0 slot=557 SUB | SUB AX,0x9000 | len=4
OpcodeLengths.java> OPLEN 122e0 slot=558 ADD | ADD byte ptr CS:[RAX + -0x6f6f6f70],DL | len=8
OpcodeLengths.java> OPLEN 122f0 slot=559 NONE
OpcodeLengths.java> OPLEN 12300 slot=560 XOR | XOR byte ptr [RAX],AL | len=3
OpcodeLengths.java> OPLEN 12310 slot=561 XOR | XOR word ptr [RAX],AX | len=3
OpcodeLengths.java> OPLEN 12320 slot=562 XOR | XOR AL,byte ptr [RAX] | len=3
OpcodeLengths.java> OPLEN 12330 slot=563 XOR | XOR AX,word ptr [RAX] | len=3
OpcodeLengths.java> OPLEN 12340 slot=564 XOR | XOR AL,0x0 | len=3
OpcodeLengths.java> OPLEN 12350 slot=565 XOR | XOR AX,0x9000 | len=4
OpcodeLengths.java> OPLEN 12360 slot=566 ADD | ADD byte ptr SS:[RAX + -0x6f6f6f70],DL | len=8
OpcodeLengths.java> OPLEN 12370 slot=567 NONE
OpcodeLengths.java> OPLEN 12380 slot=568 CMP | CMP byte ptr [RAX],AL | len=3
OpcodeLengths.java> OPLEN 12390 slot=569 CMP | CMP word ptr [RAX],AX | len=3
OpcodeLengths.java> OPLEN 123a0 slot=570 CMP | CMP AL,byte ptr [RAX] | len=3
OpcodeLengths.java> OPLEN 123b0 slot=571 CMP | CMP AX,word ptr [RAX] | len=3
OpcodeLengths.java> OPLEN 123c0 slot=572 CMP | CMP AL,0x0 | len=3
OpcodeLengths.java> OPLEN 123d0 slot=573 CMP | CMP AX,0x9000 | len=4
OpcodeLengths.java> OPLEN 123e0 slot=574 ADD | ADD byte ptr DS:[RAX + -0x6f6f6f70],DL | len=8
OpcodeLengths.java> OPLEN 123f0 slot=575 NONE
OpcodeLengths.java> OPLEN 12400 slot=576 ADD | ADD byte ptr [RAX + -0x6f6f6f70],DL | len=8
OpcodeLengths.java> OPLEN 12410 slot=577 ADD | ADD byte ptr [R8 + -0x6f6f6f70],DL | len=8
OpcodeLengths.java> OPLEN 12420 slot=578 ADD | ADD byte ptr [RAX + -0x6f6f6f70],DL | len=8
OpcodeLengths.java> OPLEN 12430 slot=579 ADD | ADD byte ptr [R8 + -0x6f6f6f70],DL | len=8
OpcodeLengths.java> OPLEN 12440 slot=580 ADD | ADD byte ptr [RAX + -0x6f6f6f70],R10B | len=8
OpcodeLengths.java> OPLEN 12450 slot=581 ADD | ADD byte ptr [R8 + -0x6f6f6f70],R10B | len=8
OpcodeLengths.java> OPLEN 12460 slot=582 ADD | ADD byte ptr [RAX + -0x6f6f6f70],R10B | len=8
OpcodeLengths.java> OPLEN 12470 slot=583 ADD | ADD byte ptr [R8 + -0x6f6f6f70],R10B | len=8
OpcodeLengths.java> OPLEN 12480 slot=584 ADD | ADD byte ptr [RAX + -0x6f6f6f70],DL | len=8
OpcodeLengths.java> OPLEN 12490 slot=585 ADD | ADD byte ptr [R8 + -0x6f6f6f70],DL | len=8
OpcodeLengths.java> OPLEN 124a0 slot=586 ADD | ADD byte ptr [RAX + -0x6f6f6f70],DL | len=8
OpcodeLengths.java> OPLEN 124b0 slot=587 ADD | ADD byte ptr [R8 + -0x6f6f6f70],DL | len=8
OpcodeLengths.java> OPLEN 124c0 slot=588 ADD | ADD byte ptr [RAX + -0x6f6f6f70],R10B | len=8
OpcodeLengths.java> OPLEN 124d0 slot=589 ADD | ADD byte ptr [R8 + -0x6f6f6f70],R10B | len=8
OpcodeLengths.java> OPLEN 124e0 slot=590 ADD | ADD byte ptr [RAX + -0x6f6f6f70],R10B | len=8
OpcodeLengths.java> OPLEN 124f0 slot=591 ADD | ADD byte ptr [R8 + -0x6f6f6f70],R10B | len=8
OpcodeLengths.java> OPLEN 12500 slot=592 PUSH | PUSH AX | len=2
OpcodeLengths.java> OPLEN 12510 slot=593 PUSH | PUSH CX | len=2
OpcodeLengths.java> OPLEN 12520 slot=594 PUSH | PUSH DX | len=2
OpcodeLengths.java> OPLEN 12530 slot=595 PUSH | PUSH BX | len=2
OpcodeLengths.java> OPLEN 12540 slot=596 PUSH | PUSH SP | len=2
OpcodeLengths.java> OPLEN 12550 slot=597 PUSH | PUSH BP | len=2
OpcodeLengths.java> OPLEN 12560 slot=598 PUSH | PUSH SI | len=2
OpcodeLengths.java> OPLEN 12570 slot=599 PUSH | PUSH DI | len=2
OpcodeLengths.java> OPLEN 12580 slot=600 POP | POP AX | len=2
OpcodeLengths.java> OPLEN 12590 slot=601 POP | POP CX | len=2
OpcodeLengths.java> OPLEN 125a0 slot=602 POP | POP DX | len=2
OpcodeLengths.java> OPLEN 125b0 slot=603 POP | POP BX | len=2
OpcodeLengths.java> OPLEN 125c0 slot=604 POP | POP SP | len=2
OpcodeLengths.java> OPLEN 125d0 slot=605 POP | POP BP | len=2
OpcodeLengths.java> OPLEN 125e0 slot=606 POP | POP SI | len=2
OpcodeLengths.java> OPLEN 125f0 slot=607 POP | POP DI | len=2
OpcodeLengths.java> OPLEN 12600 slot=608 NONE
OpcodeLengths.java> OPLEN 12610 slot=609 NONE
OpcodeLengths.java> OPLEN 12620 slot=610 NONE
OpcodeLengths.java> OPLEN 12630 slot=611 NONE
OpcodeLengths.java> OPLEN 12640 slot=612 ADD | ADD byte ptr FS:[RAX + -0x6f6f6f70],DL | len=8
OpcodeLengths.java> OPLEN 12650 slot=613 ADD | ADD byte ptr GS:[RAX + -0x6f6f6f70],DL | len=8
OpcodeLengths.java> OPLEN 12660 slot=614 ADD | ADD byte ptr [RAX + -0x6f6f6f70],DL | len=8
OpcodeLengths.java> OPLEN 12670 slot=615 ADD | ADD byte ptr [EAX + 0x90909090],DL | len=8
OpcodeLengths.java> OPLEN 12680 slot=616 PUSH | PUSH -0x7000 | len=4
OpcodeLengths.java> OPLEN 12690 slot=617 IMUL | IMUL AX,word ptr [RAX],-0x6f70 | len=5
OpcodeLengths.java> OPLEN 126a0 slot=618 PUSH | PUSH 0x0 | len=3
OpcodeLengths.java> OPLEN 126b0 slot=619 IMUL | IMUL AX,word ptr [RAX],-0x70 | len=4
OpcodeLengths.java> OPLEN 126c0 slot=620 INSB | INSB RDI,DX | len=2
OpcodeLengths.java> OPLEN 126d0 slot=621 INSW | INSW RDI,DX | len=2
OpcodeLengths.java> OPLEN 126e0 slot=622 OUTSB | OUTSB DX,RSI | len=2
OpcodeLengths.java> OPLEN 126f0 slot=623 OUTSW | OUTSW DX,RSI | len=2
OpcodeLengths.java> OPLEN 12700 slot=624 JO | JO 0x00012703 | len=3
OpcodeLengths.java> OPLEN 12710 slot=625 JNO | JNO 0x00012713 | len=3
OpcodeLengths.java> OPLEN 12720 slot=626 JC | JC 0x00012723 | len=3
OpcodeLengths.java> OPLEN 12730 slot=627 JNC | JNC 0x00012733 | len=3
OpcodeLengths.java> OPLEN 12740 slot=628 JZ | JZ 0x00012743 | len=3
OpcodeLengths.java> OPLEN 12750 slot=629 JNZ | JNZ 0x00012753 | len=3
OpcodeLengths.java> OPLEN 12760 slot=630 JBE | JBE 0x00012763 | len=3
OpcodeLengths.java> OPLEN 12770 slot=631 JA | JA 0x00012773 | len=3
OpcodeLengths.java> OPLEN 12780 slot=632 JS | JS 0x00012783 | len=3
OpcodeLengths.java> OPLEN 12790 slot=633 JNS | JNS 0x00012793 | len=3
OpcodeLengths.java> OPLEN 127a0 slot=634 JP | JP 0x000127a3 | len=3
OpcodeLengths.java> OPLEN 127b0 slot=635 JNP | JNP 0x000127b3 | len=3
OpcodeLengths.java> OPLEN 127c0 slot=636 JL | JL 0x000127c3 | len=3
OpcodeLengths.java> OPLEN 127d0 slot=637 JGE | JGE 0x000127d3 | len=3
OpcodeLengths.java> OPLEN 127e0 slot=638 JLE | JLE 0x000127e3 | len=3
OpcodeLengths.java> OPLEN 127f0 slot=639 JG | JG 0x000127f3 | len=3
OpcodeLengths.java> OPLEN 12800 slot=640 ADD | ADD byte ptr [RAX],0x90 | len=4
OpcodeLengths.java> OPLEN 12810 slot=641 ADD | ADD word ptr [RAX],0x9090 | len=5
OpcodeLengths.java> OPLEN 12820 slot=642 NONE
OpcodeLengths.java> OPLEN 12830 slot=643 ADD | ADD word ptr [RAX],-0x70 | len=4
OpcodeLengths.java> OPLEN 12840 slot=644 TEST | TEST byte ptr [RAX],AL | len=3
OpcodeLengths.java> OPLEN 12850 slot=645 TEST | TEST word ptr [RAX],AX | len=3
OpcodeLengths.java> OPLEN 12860 slot=646 XCHG | XCHG byte ptr [RAX],AL | len=3
OpcodeLengths.java> OPLEN 12870 slot=647 XCHG | XCHG word ptr [RAX],AX | len=3
OpcodeLengths.java> OPLEN 12880 slot=648 MOV | MOV byte ptr [RAX],AL | len=3
OpcodeLengths.java> OPLEN 12890 slot=649 MOV | MOV word ptr [RAX],AX | len=3
OpcodeLengths.java> OPLEN 128a0 slot=650 MOV | MOV AL,byte ptr [RAX] | len=3
OpcodeLengths.java> OPLEN 128b0 slot=651 MOV | MOV AX,word ptr [RAX] | len=3
OpcodeLengths.java> OPLEN 128c0 slot=652 MOV | MOV word ptr [RAX],ES | len=3
OpcodeLengths.java> OPLEN 128d0 slot=653 LEA | LEA AX,[RAX] | len=3
OpcodeLengths.java> OPLEN 128e0 slot=654 MOV | MOV ES,word ptr [RAX] | len=3
OpcodeLengths.java> OPLEN 128f0 slot=655 POP | POP word ptr [RAX] | len=3
OpcodeLengths.java> OPLEN 12900 slot=656 NOP | NOP | len=2
OpcodeLengths.java> OPLEN 12910 slot=657 XCHG | XCHG AX,CX | len=2
OpcodeLengths.java> OPLEN 12920 slot=658 XCHG | XCHG AX,DX | len=2
OpcodeLengths.java> OPLEN 12930 slot=659 XCHG | XCHG AX,BX | len=2
OpcodeLengths.java> OPLEN 12940 slot=660 XCHG | XCHG AX,SP | len=2
OpcodeLengths.java> OPLEN 12950 slot=661 XCHG | XCHG AX,BP | len=2
OpcodeLengths.java> OPLEN 12960 slot=662 XCHG | XCHG AX,SI | len=2
OpcodeLengths.java> OPLEN 12970 slot=663 XCHG | XCHG AX,DI | len=2
OpcodeLengths.java> OPLEN 12980 slot=664 CBW | CBW | len=2
OpcodeLengths.java> OPLEN 12990 slot=665 CWD | CWD | len=2
OpcodeLengths.java> OPLEN 129a0 slot=666 NONE
OpcodeLengths.java> OPLEN 129b0 slot=667 WAIT | WAIT | len=2
OpcodeLengths.java> OPLEN 129c0 slot=668 PUSHF | PUSHF | len=2
OpcodeLengths.java> OPLEN 129d0 slot=669 POPF | POPF | len=2
OpcodeLengths.java> OPLEN 129e0 slot=670 SAHF | SAHF | len=2
OpcodeLengths.java> OPLEN 129f0 slot=671 LAHF | LAHF | len=2
OpcodeLengths.java> OPLEN 12a00 slot=672 MOV | MOV AL,[0x9090909090909000] | len=10
OpcodeLengths.java> OPLEN 12a10 slot=673 MOV | MOV AX,[0x9090909090909000] | len=10
OpcodeLengths.java> OPLEN 12a20 slot=674 MOV | MOV [0x9090909090909000],AL | len=10
OpcodeLengths.java> OPLEN 12a30 slot=675 MOV | MOV [0x9090909090909000],AX | len=10
OpcodeLengths.java> OPLEN 12a40 slot=676 MOVSB | MOVSB RDI,RSI | len=2
OpcodeLengths.java> OPLEN 12a50 slot=677 MOVSW | MOVSW RDI,RSI | len=2
OpcodeLengths.java> OPLEN 12a60 slot=678 CMPSB | CMPSB RDI,RSI | len=2
OpcodeLengths.java> OPLEN 12a70 slot=679 CMPSW | CMPSW RDI,RSI | len=2
OpcodeLengths.java> OPLEN 12a80 slot=680 TEST | TEST AL,0x0 | len=3
OpcodeLengths.java> OPLEN 12a90 slot=681 TEST | TEST AX,0x9000 | len=4
OpcodeLengths.java> OPLEN 12aa0 slot=682 STOSB | STOSB RDI | len=2
OpcodeLengths.java> OPLEN 12ab0 slot=683 STOSW | STOSW RDI | len=2
OpcodeLengths.java> OPLEN 12ac0 slot=684 LODSB | LODSB RSI | len=2
OpcodeLengths.java> OPLEN 12ad0 slot=685 LODSW | LODSW RSI | len=2
OpcodeLengths.java> OPLEN 12ae0 slot=686 SCASB | SCASB RDI | len=2
OpcodeLengths.java> OPLEN 12af0 slot=687 SCASW | SCASW RDI | len=2
OpcodeLengths.java> OPLEN 12b00 slot=688 MOV | MOV AL,0x0 | len=3
OpcodeLengths.java> OPLEN 12b10 slot=689 MOV | MOV CL,0x0 | len=3
OpcodeLengths.java> OPLEN 12b20 slot=690 MOV | MOV DL,0x0 | len=3
OpcodeLengths.java> OPLEN 12b30 slot=691 MOV | MOV BL,0x0 | len=3
OpcodeLengths.java> OPLEN 12b40 slot=692 MOV | MOV AH,0x0 | len=3
OpcodeLengths.java> OPLEN 12b50 slot=693 MOV | MOV CH,0x0 | len=3
OpcodeLengths.java> OPLEN 12b60 slot=694 MOV | MOV DH,0x0 | len=3
OpcodeLengths.java> OPLEN 12b70 slot=695 MOV | MOV BH,0x0 | len=3
OpcodeLengths.java> OPLEN 12b80 slot=696 MOV | MOV AX,0x9000 | len=4
OpcodeLengths.java> OPLEN 12b90 slot=697 MOV | MOV CX,0x9000 | len=4
OpcodeLengths.java> OPLEN 12ba0 slot=698 MOV | MOV DX,0x9000 | len=4
OpcodeLengths.java> OPLEN 12bb0 slot=699 MOV | MOV BX,0x9000 | len=4
OpcodeLengths.java> OPLEN 12bc0 slot=700 MOV | MOV SP,0x9000 | len=4
OpcodeLengths.java> OPLEN 12bd0 slot=701 MOV | MOV BP,0x9000 | len=4
OpcodeLengths.java> OPLEN 12be0 slot=702 MOV | MOV SI,0x9000 | len=4
OpcodeLengths.java> OPLEN 12bf0 slot=703 MOV | MOV DI,0x9000 | len=4
OpcodeLengths.java> OPLEN 12c00 slot=704 ROL | ROL byte ptr [RAX],0x90 | len=4
OpcodeLengths.java> OPLEN 12c10 slot=705 ROL | ROL word ptr [RAX],0x90 | len=4
OpcodeLengths.java> OPLEN 12c20 slot=706 RET | RET 0x9000 | len=4
OpcodeLengths.java> OPLEN 12c30 slot=707 RET | RET | len=2
OpcodeLengths.java> OPLEN 12c40 slot=708 NONE
OpcodeLengths.java> OPLEN 12c50 slot=709 NONE
OpcodeLengths.java> OPLEN 12c60 slot=710 MOV | MOV byte ptr [RAX],0x90 | len=4
OpcodeLengths.java> OPLEN 12c70 slot=711 MOV | MOV word ptr [RAX],0x9090 | len=5
OpcodeLengths.java> OPLEN 12c80 slot=712 ENTER | ENTER 0x9000,0x10 | len=5
OpcodeLengths.java> OPLEN 12c90 slot=713 LEAVE | LEAVE | len=2
OpcodeLengths.java> OPLEN 12ca0 slot=714 RETF | RETF 0x9000 | len=4
OpcodeLengths.java> OPLEN 12cb0 slot=715 RETF | RETF | len=2
OpcodeLengths.java> OPLEN 12cc0 slot=716 INT3 | INT3 | len=2
OpcodeLengths.java> OPLEN 12cd0 slot=717 INT | INT 0x0 | len=3
OpcodeLengths.java> OPLEN 12ce0 slot=718 NONE
OpcodeLengths.java> OPLEN 12cf0 slot=719 IRET | IRET | len=2
OpcodeLengths.java> OPLEN 12d00 slot=720 ROL | ROL byte ptr [RAX],0x1 | len=3
OpcodeLengths.java> OPLEN 12d10 slot=721 ROL | ROL word ptr [RAX],0x1 | len=3
OpcodeLengths.java> OPLEN 12d20 slot=722 ROL | ROL byte ptr [RAX],CL | len=3
OpcodeLengths.java> OPLEN 12d30 slot=723 ROL | ROL word ptr [RAX],CL | len=3
OpcodeLengths.java> OPLEN 12d40 slot=724 NONE
OpcodeLengths.java> OPLEN 12d50 slot=725 NONE
OpcodeLengths.java> OPLEN 12d60 slot=726 NONE
OpcodeLengths.java> OPLEN 12d70 slot=727 XLAT | XLAT RBX | len=2
OpcodeLengths.java> OPLEN 12d80 slot=728 FADD | FADD float ptr [RAX] | len=3
OpcodeLengths.java> OPLEN 12d90 slot=729 FLD | FLD float ptr [RAX] | len=3
OpcodeLengths.java> OPLEN 12da0 slot=730 FIADD | FIADD dword ptr [RAX] | len=3
OpcodeLengths.java> OPLEN 12db0 slot=731 FILD | FILD dword ptr [RAX] | len=3
OpcodeLengths.java> OPLEN 12dc0 slot=732 FADD | FADD double ptr [RAX] | len=3
OpcodeLengths.java> OPLEN 12dd0 slot=733 FLD | FLD double ptr [RAX] | len=3
OpcodeLengths.java> OPLEN 12de0 slot=734 FIADD | FIADD word ptr [RAX] | len=3
OpcodeLengths.java> OPLEN 12df0 slot=735 FILD | FILD word ptr [RAX] | len=3
OpcodeLengths.java> OPLEN 12e00 slot=736 LOOPNZ | LOOPNZ 0x00012e03 | len=3
OpcodeLengths.java> OPLEN 12e10 slot=737 LOOPZ | LOOPZ 0x00012e13 | len=3
OpcodeLengths.java> OPLEN 12e20 slot=738 LOOP | LOOP 0x00012e23 | len=3
OpcodeLengths.java> OPLEN 12e30 slot=739 JRCXZ | JRCXZ 0x00012e33 | len=3
OpcodeLengths.java> OPLEN 12e40 slot=740 IN | IN AL,0x0 | len=3
OpcodeLengths.java> OPLEN 12e50 slot=741 IN | IN AX,0x0 | len=3
OpcodeLengths.java> OPLEN 12e60 slot=742 OUT | OUT 0x0,AL | len=3
OpcodeLengths.java> OPLEN 12e70 slot=743 OUT | OUT 0x0,AX | len=3
OpcodeLengths.java> OPLEN 12e80 slot=744 CALL | CALL 0x0001be84 | len=4
OpcodeLengths.java> OPLEN 12e90 slot=745 JMP | JMP 0x0001be94 | len=4
OpcodeLengths.java> OPLEN 12ea0 slot=746 JMPF | JMPF 0x00099900 | len=6
OpcodeLengths.java> OPLEN 12eb0 slot=747 JMP | JMP 0x00012eb3 | len=3
OpcodeLengths.java> OPLEN 12ec0 slot=748 IN | IN AL,DX | len=2
OpcodeLengths.java> OPLEN 12ed0 slot=749 IN | IN AX,DX | len=2
OpcodeLengths.java> OPLEN 12ee0 slot=750 OUT | OUT DX,AL | len=2
OpcodeLengths.java> OPLEN 12ef0 slot=751 OUT | OUT DX,AX | len=2
OpcodeLengths.java> OPLEN 12f00 slot=752 ADD.LOCK | ADD.LOCK byte ptr [RAX + -0x6f6f6f70],DL | len=8
OpcodeLengths.java> OPLEN 12f10 slot=753 INT1 | INT1 | len=2
OpcodeLengths.java> OPLEN 12f20 slot=754 ADD | ADD byte ptr [RAX + -0x6f6f6f70],DL | len=8
OpcodeLengths.java> OPLEN 12f30 slot=755 ADD | ADD byte ptr [RAX + -0x6f6f6f70],DL | len=8
OpcodeLengths.java> OPLEN 12f40 slot=756 HLT | HLT | len=2
OpcodeLengths.java> OPLEN 12f50 slot=757 CMC | CMC | len=2
OpcodeLengths.java> OPLEN 12f60 slot=758 TEST | TEST byte ptr [RAX],0x90 | len=4
OpcodeLengths.java> OPLEN 12f70 slot=759 TEST | TEST word ptr [RAX],0x9090 | len=5
OpcodeLengths.java> OPLEN 12f80 slot=760 CLC | CLC | len=2
OpcodeLengths.java> OPLEN 12f90 slot=761 STC | STC | len=2
OpcodeLengths.java> OPLEN 12fa0 slot=762 CLI | CLI | len=2
OpcodeLengths.java> OPLEN 12fb0 slot=763 STI | STI | len=2
OpcodeLengths.java> OPLEN 12fc0 slot=764 CLD | CLD | len=2
OpcodeLengths.java> OPLEN 12fd0 slot=765 STD | STD | len=2
OpcodeLengths.java> OPLEN 12fe0 slot=766 INC | INC byte ptr [RAX] | len=3
OpcodeLengths.java> OPLEN 12ff0 slot=767 INC | INC word ptr [RAX] | len=3
OpcodeLengths.java> OPLEN 13000 slot=768 ADD | ADD byte ptr [RAX + -0x6f6f6f70],AL | len=7
OpcodeLengths.java> OPLEN 13010 slot=769 ADD | ADD word ptr [RAX + -0x6f6f6f70],AX | len=7
OpcodeLengths.java> OPLEN 13020 slot=770 ADD | ADD AL,byte ptr [RAX + -0x6f6f6f70] | len=7
OpcodeLengths.java> OPLEN 13030 slot=771 ADD | ADD AX,word ptr [RAX + -0x6f6f6f70] | len=7
OpcodeLengths.java> OPLEN 13040 slot=772 ADD | ADD AL,0x80 | len=3
OpcodeLengths.java> OPLEN 13050 slot=773 ADD | ADD AX,0x9080 | len=4
OpcodeLengths.java> OPLEN 13060 slot=774 NONE
OpcodeLengths.java> OPLEN 13070 slot=775 NONE
OpcodeLengths.java> OPLEN 13080 slot=776 OR | OR byte ptr [RAX + -0x6f6f6f70],AL | len=7
OpcodeLengths.java> OPLEN 13090 slot=777 OR | OR word ptr [RAX + -0x6f6f6f70],AX | len=7
OpcodeLengths.java> OPLEN 130a0 slot=778 OR | OR AL,byte ptr [RAX + -0x6f6f6f70] | len=7
OpcodeLengths.java> OPLEN 130b0 slot=779 OR | OR AX,word ptr [RAX + -0x6f6f6f70] | len=7
OpcodeLengths.java> OPLEN 130c0 slot=780 OR | OR AL,0x80 | len=3
OpcodeLengths.java> OPLEN 130d0 slot=781 OR | OR AX,0x9080 | len=4
OpcodeLengths.java> OPLEN 130e0 slot=782 NONE
OpcodeLengths.java> OPLEN 130f0 slot=783 NONE
OpcodeLengths.java> OPLEN 13100 slot=784 ADC | ADC byte ptr [RAX + -0x6f6f6f70],AL | len=7
OpcodeLengths.java> OPLEN 13110 slot=785 ADC | ADC word ptr [RAX + -0x6f6f6f70],AX | len=7
OpcodeLengths.java> OPLEN 13120 slot=786 ADC | ADC AL,byte ptr [RAX + -0x6f6f6f70] | len=7
OpcodeLengths.java> OPLEN 13130 slot=787 ADC | ADC AX,word ptr [RAX + -0x6f6f6f70] | len=7
OpcodeLengths.java> OPLEN 13140 slot=788 ADC | ADC AL,0x80 | len=3
OpcodeLengths.java> OPLEN 13150 slot=789 ADC | ADC AX,0x9080 | len=4
OpcodeLengths.java> OPLEN 13160 slot=790 NONE
OpcodeLengths.java> OPLEN 13170 slot=791 NONE
OpcodeLengths.java> OPLEN 13180 slot=792 SBB | SBB byte ptr [RAX + -0x6f6f6f70],AL | len=7
OpcodeLengths.java> OPLEN 13190 slot=793 SBB | SBB word ptr [RAX + -0x6f6f6f70],AX | len=7
OpcodeLengths.java> OPLEN 131a0 slot=794 SBB | SBB AL,byte ptr [RAX + -0x6f6f6f70] | len=7
OpcodeLengths.java> OPLEN 131b0 slot=795 SBB | SBB AX,word ptr [RAX + -0x6f6f6f70] | len=7
OpcodeLengths.java> OPLEN 131c0 slot=796 SBB | SBB AL,0x80 | len=3
OpcodeLengths.java> OPLEN 131d0 slot=797 SBB | SBB AX,0x9080 | len=4
OpcodeLengths.java> OPLEN 131e0 slot=798 NONE
OpcodeLengths.java> OPLEN 131f0 slot=799 NONE
OpcodeLengths.java> OPLEN 13200 slot=800 AND | AND byte ptr [RAX + -0x6f6f6f70],AL | len=7
OpcodeLengths.java> OPLEN 13210 slot=801 AND | AND word ptr [RAX + -0x6f6f6f70],AX | len=7
OpcodeLengths.java> OPLEN 13220 slot=802 AND | AND AL,byte ptr [RAX + -0x6f6f6f70] | len=7
OpcodeLengths.java> OPLEN 13230 slot=803 AND | AND AX,word ptr [RAX + -0x6f6f6f70] | len=7
OpcodeLengths.java> OPLEN 13240 slot=804 AND | AND AL,0x80 | len=3
OpcodeLengths.java> OPLEN 13250 slot=805 AND | AND AX,0x9080 | len=4
OpcodeLengths.java> OPLEN 13260 slot=806 ADC | ADC byte ptr ES:[RAX + -0x6f6f6f70],0x90 | len=9
OpcodeLengths.java> OPLEN 13270 slot=807 NONE
OpcodeLengths.java> OPLEN 13280 slot=808 SUB | SUB byte ptr [RAX + -0x6f6f6f70],AL | len=7
OpcodeLengths.java> OPLEN 13290 slot=809 SUB | SUB word ptr [RAX + -0x6f6f6f70],AX | len=7
OpcodeLengths.java> OPLEN 132a0 slot=810 SUB | SUB AL,byte ptr [RAX + -0x6f6f6f70] | len=7
OpcodeLengths.java> OPLEN 132b0 slot=811 SUB | SUB AX,word ptr [RAX + -0x6f6f6f70] | len=7
OpcodeLengths.java> OPLEN 132c0 slot=812 SUB | SUB AL,0x80 | len=3
OpcodeLengths.java> OPLEN 132d0 slot=813 SUB | SUB AX,0x9080 | len=4
OpcodeLengths.java> OPLEN 132e0 slot=814 ADC | ADC byte ptr CS:[RAX + -0x6f6f6f70],0x90 | len=9
OpcodeLengths.java> OPLEN 132f0 slot=815 NONE
OpcodeLengths.java> OPLEN 13300 slot=816 XOR | XOR byte ptr [RAX + -0x6f6f6f70],AL | len=7
OpcodeLengths.java> OPLEN 13310 slot=817 XOR | XOR word ptr [RAX + -0x6f6f6f70],AX | len=7
OpcodeLengths.java> OPLEN 13320 slot=818 XOR | XOR AL,byte ptr [RAX + -0x6f6f6f70] | len=7
OpcodeLengths.java> OPLEN 13330 slot=819 XOR | XOR AX,word ptr [RAX + -0x6f6f6f70] | len=7
OpcodeLengths.java> OPLEN 13340 slot=820 XOR | XOR AL,0x80 | len=3
OpcodeLengths.java> OPLEN 13350 slot=821 XOR | XOR AX,0x9080 | len=4
OpcodeLengths.java> OPLEN 13360 slot=822 ADC | ADC byte ptr SS:[RAX + -0x6f6f6f70],0x90 | len=9
OpcodeLengths.java> OPLEN 13370 slot=823 NONE
OpcodeLengths.java> OPLEN 13380 slot=824 CMP | CMP byte ptr [RAX + -0x6f6f6f70],AL | len=7
OpcodeLengths.java> OPLEN 13390 slot=825 CMP | CMP word ptr [RAX + -0x6f6f6f70],AX | len=7
OpcodeLengths.java> OPLEN 133a0 slot=826 CMP | CMP AL,byte ptr [RAX + -0x6f6f6f70] | len=7
OpcodeLengths.java> OPLEN 133b0 slot=827 CMP | CMP AX,word ptr [RAX + -0x6f6f6f70] | len=7
OpcodeLengths.java> OPLEN 133c0 slot=828 CMP | CMP AL,0x80 | len=3
OpcodeLengths.java> OPLEN 133d0 slot=829 CMP | CMP AX,0x9080 | len=4
OpcodeLengths.java> OPLEN 133e0 slot=830 ADC | ADC byte ptr DS:[RAX + -0x6f6f6f70],0x90 | len=9
OpcodeLengths.java> OPLEN 133f0 slot=831 NONE
OpcodeLengths.java> OPLEN 13400 slot=832 ADC | ADC byte ptr [RAX + -0x6f6f6f70],0x90 | len=9
OpcodeLengths.java> OPLEN 13410 slot=833 ADC | ADC byte ptr [R8 + -0x6f6f6f70],0x90 | len=9
OpcodeLengths.java> OPLEN 13420 slot=834 ADC | ADC byte ptr [RAX + -0x6f6f6f70],0x90 | len=9
OpcodeLengths.java> OPLEN 13430 slot=835 ADC | ADC byte ptr [R8 + -0x6f6f6f70],0x90 | len=9
OpcodeLengths.java> OPLEN 13440 slot=836 ADC | ADC byte ptr [RAX + -0x6f6f6f70],0x90 | len=9
OpcodeLengths.java> OPLEN 13450 slot=837 ADC | ADC byte ptr [R8 + -0x6f6f6f70],0x90 | len=9
OpcodeLengths.java> OPLEN 13460 slot=838 ADC | ADC byte ptr [RAX + -0x6f6f6f70],0x90 | len=9
OpcodeLengths.java> OPLEN 13470 slot=839 ADC | ADC byte ptr [R8 + -0x6f6f6f70],0x90 | len=9
OpcodeLengths.java> OPLEN 13480 slot=840 ADC | ADC byte ptr [RAX + -0x6f6f6f70],0x90 | len=9
OpcodeLengths.java> OPLEN 13490 slot=841 ADC | ADC byte ptr [R8 + -0x6f6f6f70],0x90 | len=9
OpcodeLengths.java> OPLEN 134a0 slot=842 ADC | ADC byte ptr [RAX + -0x6f6f6f70],0x90 | len=9
OpcodeLengths.java> OPLEN 134b0 slot=843 ADC | ADC byte ptr [R8 + -0x6f6f6f70],0x90 | len=9
OpcodeLengths.java> OPLEN 134c0 slot=844 ADC | ADC byte ptr [RAX + -0x6f6f6f70],0x90 | len=9
OpcodeLengths.java> OPLEN 134d0 slot=845 ADC | ADC byte ptr [R8 + -0x6f6f6f70],0x90 | len=9
OpcodeLengths.java> OPLEN 134e0 slot=846 ADC | ADC byte ptr [RAX + -0x6f6f6f70],0x90 | len=9
OpcodeLengths.java> OPLEN 134f0 slot=847 ADC | ADC byte ptr [R8 + -0x6f6f6f70],0x90 | len=9
OpcodeLengths.java> OPLEN 13500 slot=848 PUSH | PUSH AX | len=2
OpcodeLengths.java> OPLEN 13510 slot=849 PUSH | PUSH CX | len=2
OpcodeLengths.java> OPLEN 13520 slot=850 PUSH | PUSH DX | len=2
OpcodeLengths.java> OPLEN 13530 slot=851 PUSH | PUSH BX | len=2
OpcodeLengths.java> OPLEN 13540 slot=852 PUSH | PUSH SP | len=2
OpcodeLengths.java> OPLEN 13550 slot=853 PUSH | PUSH BP | len=2
OpcodeLengths.java> OPLEN 13560 slot=854 PUSH | PUSH SI | len=2
OpcodeLengths.java> OPLEN 13570 slot=855 PUSH | PUSH DI | len=2
OpcodeLengths.java> OPLEN 13580 slot=856 POP | POP AX | len=2
OpcodeLengths.java> OPLEN 13590 slot=857 POP | POP CX | len=2
OpcodeLengths.java> OPLEN 135a0 slot=858 POP | POP DX | len=2
OpcodeLengths.java> OPLEN 135b0 slot=859 POP | POP BX | len=2
OpcodeLengths.java> OPLEN 135c0 slot=860 POP | POP SP | len=2
OpcodeLengths.java> OPLEN 135d0 slot=861 POP | POP BP | len=2
OpcodeLengths.java> OPLEN 135e0 slot=862 POP | POP SI | len=2
OpcodeLengths.java> OPLEN 135f0 slot=863 POP | POP DI | len=2
OpcodeLengths.java> OPLEN 13600 slot=864 NONE
OpcodeLengths.java> OPLEN 13610 slot=865 NONE
OpcodeLengths.java> OPLEN 13620 slot=866 NONE
OpcodeLengths.java> OPLEN 13630 slot=867 NONE
OpcodeLengths.java> OPLEN 13640 slot=868 ADC | ADC byte ptr FS:[RAX + -0x6f6f6f70],0x90 | len=9
OpcodeLengths.java> OPLEN 13650 slot=869 ADC | ADC byte ptr GS:[RAX + -0x6f6f6f70],0x90 | len=9
OpcodeLengths.java> OPLEN 13660 slot=870 ADC | ADC byte ptr [RAX + -0x6f6f6f70],0x90 | len=9
OpcodeLengths.java> OPLEN 13670 slot=871 ADC | ADC byte ptr [EAX + 0x90909090],0x90 | len=9
OpcodeLengths.java> OPLEN 13680 slot=872 PUSH | PUSH -0x6f80 | len=4
OpcodeLengths.java> OPLEN 13690 slot=873 IMUL | IMUL AX,word ptr [RAX + -0x6f6f6f70],-0x6f70 | len=9
OpcodeLengths.java> OPLEN 136a0 slot=874 PUSH | PUSH -0x80 | len=3
OpcodeLengths.java> OPLEN 136b0 slot=875 IMUL | IMUL AX,word ptr [RAX + -0x6f6f6f70],-0x70 | len=8
OpcodeLengths.java> OPLEN 136c0 slot=876 INSB | INSB RDI,DX | len=2
OpcodeLengths.java> OPLEN 136d0 slot=877 INSW | INSW RDI,DX | len=2
OpcodeLengths.java> OPLEN 136e0 slot=878 OUTSB | OUTSB DX,RSI | len=2
OpcodeLengths.java> OPLEN 136f0 slot=879 OUTSW | OUTSW DX,RSI | len=2
OpcodeLengths.java> OPLEN 13700 slot=880 JO | JO 0x00013683 | len=3
OpcodeLengths.java> OPLEN 13710 slot=881 JNO | JNO 0x00013693 | len=3
OpcodeLengths.java> OPLEN 13720 slot=882 JC | JC 0x000136a3 | len=3
OpcodeLengths.java> OPLEN 13730 slot=883 JNC | JNC 0x000136b3 | len=3
OpcodeLengths.java> OPLEN 13740 slot=884 JZ | JZ 0x000136c3 | len=3
OpcodeLengths.java> OPLEN 13750 slot=885 JNZ | JNZ 0x000136d3 | len=3
OpcodeLengths.java> OPLEN 13760 slot=886 JBE | JBE 0x000136e3 | len=3
OpcodeLengths.java> OPLEN 13770 slot=887 JA | JA 0x000136f3 | len=3
OpcodeLengths.java> OPLEN 13780 slot=888 JS | JS 0x00013703 | len=3
OpcodeLengths.java> OPLEN 13790 slot=889 JNS | JNS 0x00013713 | len=3
OpcodeLengths.java> OPLEN 137a0 slot=890 JP | JP 0x00013723 | len=3
OpcodeLengths.java> OPLEN 137b0 slot=891 JNP | JNP 0x00013733 | len=3
OpcodeLengths.java> OPLEN 137c0 slot=892 JL | JL 0x00013743 | len=3
OpcodeLengths.java> OPLEN 137d0 slot=893 JGE | JGE 0x00013753 | len=3
OpcodeLengths.java> OPLEN 137e0 slot=894 JLE | JLE 0x00013763 | len=3
OpcodeLengths.java> OPLEN 137f0 slot=895 JG | JG 0x00013773 | len=3
OpcodeLengths.java> OPLEN 13800 slot=896 ADD | ADD byte ptr [RAX + -0x6f6f6f70],0x90 | len=8
OpcodeLengths.java> OPLEN 13810 slot=897 ADD | ADD word ptr [RAX + -0x6f6f6f70],0x9090 | len=9
OpcodeLengths.java> OPLEN 13820 slot=898 NONE
OpcodeLengths.java> OPLEN 13830 slot=899 ADD | ADD word ptr [RAX + -0x6f6f6f70],-0x70 | len=8
OpcodeLengths.java> OPLEN 13840 slot=900 TEST | TEST byte ptr [RAX + -0x6f6f6f70],AL | len=7
OpcodeLengths.java> OPLEN 13850 slot=901 TEST | TEST word ptr [RAX + -0x6f6f6f70],AX | len=7
OpcodeLengths.java> OPLEN 13860 slot=902 XCHG | XCHG byte ptr [RAX + -0x6f6f6f70],AL | len=7
OpcodeLengths.java> OPLEN 13870 slot=903 XCHG | XCHG word ptr [RAX + -0x6f6f6f70],AX | len=7
OpcodeLengths.java> OPLEN 13880 slot=904 MOV | MOV byte ptr [RAX + -0x6f6f6f70],AL | len=7
OpcodeLengths.java> OPLEN 13890 slot=905 MOV | MOV word ptr [RAX + -0x6f6f6f70],AX | len=7
OpcodeLengths.java> OPLEN 138a0 slot=906 MOV | MOV AL,byte ptr [RAX + -0x6f6f6f70] | len=7
OpcodeLengths.java> OPLEN 138b0 slot=907 MOV | MOV AX,word ptr [RAX + -0x6f6f6f70] | len=7
OpcodeLengths.java> OPLEN 138c0 slot=908 MOV | MOV word ptr [RAX + -0x6f6f6f70],ES | len=7
OpcodeLengths.java> OPLEN 138d0 slot=909 LEA | LEA AX,[RAX + -0x6f6f6f70] | len=7
OpcodeLengths.java> OPLEN 138e0 slot=910 MOV | MOV ES,word ptr [RAX + -0x6f6f6f70] | len=7
OpcodeLengths.java> OPLEN 138f0 slot=911 POP | POP word ptr [RAX + -0x6f6f6f70] | len=7
OpcodeLengths.java> OPLEN 13900 slot=912 NOP | NOP | len=2
OpcodeLengths.java> OPLEN 13910 slot=913 XCHG | XCHG AX,CX | len=2
OpcodeLengths.java> OPLEN 13920 slot=914 XCHG | XCHG AX,DX | len=2
OpcodeLengths.java> OPLEN 13930 slot=915 XCHG | XCHG AX,BX | len=2
OpcodeLengths.java> OPLEN 13940 slot=916 XCHG | XCHG AX,SP | len=2
OpcodeLengths.java> OPLEN 13950 slot=917 XCHG | XCHG AX,BP | len=2
OpcodeLengths.java> OPLEN 13960 slot=918 XCHG | XCHG AX,SI | len=2
OpcodeLengths.java> OPLEN 13970 slot=919 XCHG | XCHG AX,DI | len=2
OpcodeLengths.java> OPLEN 13980 slot=920 CBW | CBW | len=2
OpcodeLengths.java> OPLEN 13990 slot=921 CWD | CWD | len=2
OpcodeLengths.java> OPLEN 139a0 slot=922 NONE
OpcodeLengths.java> OPLEN 139b0 slot=923 WAIT | WAIT | len=2
OpcodeLengths.java> OPLEN 139c0 slot=924 PUSHF | PUSHF | len=2
OpcodeLengths.java> OPLEN 139d0 slot=925 POPF | POPF | len=2
OpcodeLengths.java> OPLEN 139e0 slot=926 SAHF | SAHF | len=2
OpcodeLengths.java> OPLEN 139f0 slot=927 LAHF | LAHF | len=2
OpcodeLengths.java> OPLEN 13a00 slot=928 MOV | MOV AL,[0x9090909090909080] | len=10
OpcodeLengths.java> OPLEN 13a10 slot=929 MOV | MOV AX,[0x9090909090909080] | len=10
OpcodeLengths.java> OPLEN 13a20 slot=930 MOV | MOV [0x9090909090909080],AL | len=10
OpcodeLengths.java> OPLEN 13a30 slot=931 MOV | MOV [0x9090909090909080],AX | len=10
OpcodeLengths.java> OPLEN 13a40 slot=932 MOVSB | MOVSB RDI,RSI | len=2
OpcodeLengths.java> OPLEN 13a50 slot=933 MOVSW | MOVSW RDI,RSI | len=2
OpcodeLengths.java> OPLEN 13a60 slot=934 CMPSB | CMPSB RDI,RSI | len=2
OpcodeLengths.java> OPLEN 13a70 slot=935 CMPSW | CMPSW RDI,RSI | len=2
OpcodeLengths.java> OPLEN 13a80 slot=936 TEST | TEST AL,0x80 | len=3
OpcodeLengths.java> OPLEN 13a90 slot=937 TEST | TEST AX,0x9080 | len=4
OpcodeLengths.java> OPLEN 13aa0 slot=938 STOSB | STOSB RDI | len=2
OpcodeLengths.java> OPLEN 13ab0 slot=939 STOSW | STOSW RDI | len=2
OpcodeLengths.java> OPLEN 13ac0 slot=940 LODSB | LODSB RSI | len=2
OpcodeLengths.java> OPLEN 13ad0 slot=941 LODSW | LODSW RSI | len=2
OpcodeLengths.java> OPLEN 13ae0 slot=942 SCASB | SCASB RDI | len=2
OpcodeLengths.java> OPLEN 13af0 slot=943 SCASW | SCASW RDI | len=2
OpcodeLengths.java> OPLEN 13b00 slot=944 MOV | MOV AL,0x80 | len=3
OpcodeLengths.java> OPLEN 13b10 slot=945 MOV | MOV CL,0x80 | len=3
OpcodeLengths.java> OPLEN 13b20 slot=946 MOV | MOV DL,0x80 | len=3
OpcodeLengths.java> OPLEN 13b30 slot=947 MOV | MOV BL,0x80 | len=3
OpcodeLengths.java> OPLEN 13b40 slot=948 MOV | MOV AH,0x80 | len=3
OpcodeLengths.java> OPLEN 13b50 slot=949 MOV | MOV CH,0x80 | len=3
OpcodeLengths.java> OPLEN 13b60 slot=950 MOV | MOV DH,0x80 | len=3
OpcodeLengths.java> OPLEN 13b70 slot=951 MOV | MOV BH,0x80 | len=3
OpcodeLengths.java> OPLEN 13b80 slot=952 MOV | MOV AX,0x9080 | len=4
OpcodeLengths.java> OPLEN 13b90 slot=953 MOV | MOV CX,0x9080 | len=4
OpcodeLengths.java> OPLEN 13ba0 slot=954 MOV | MOV DX,0x9080 | len=4
OpcodeLengths.java> OPLEN 13bb0 slot=955 MOV | MOV BX,0x9080 | len=4
OpcodeLengths.java> OPLEN 13bc0 slot=956 MOV | MOV SP,0x9080 | len=4
OpcodeLengths.java> OPLEN 13bd0 slot=957 MOV | MOV BP,0x9080 | len=4
OpcodeLengths.java> OPLEN 13be0 slot=958 MOV | MOV SI,0x9080 | len=4
OpcodeLengths.java> OPLEN 13bf0 slot=959 MOV | MOV DI,0x9080 | len=4
OpcodeLengths.java> OPLEN 13c00 slot=960 ROL | ROL byte ptr [RAX + -0x6f6f6f70],0x90 | len=8
OpcodeLengths.java> OPLEN 13c10 slot=961 ROL | ROL word ptr [RAX + -0x6f6f6f70],0x90 | len=8
OpcodeLengths.java> OPLEN 13c20 slot=962 RET | RET 0x9080 | len=4
OpcodeLengths.java> OPLEN 13c30 slot=963 RET | RET | len=2
OpcodeLengths.java> OPLEN 13c40 slot=964 NONE
OpcodeLengths.java> OPLEN 13c50 slot=965 NONE
OpcodeLengths.java> OPLEN 13c60 slot=966 MOV | MOV byte ptr [RAX + -0x6f6f6f70],0x90 | len=8
OpcodeLengths.java> OPLEN 13c70 slot=967 MOV | MOV word ptr [RAX + -0x6f6f6f70],0x9090 | len=9
OpcodeLengths.java> OPLEN 13c80 slot=968 ENTER | ENTER 0x9080,0x10 | len=5
OpcodeLengths.java> OPLEN 13c90 slot=969 LEAVE | LEAVE | len=2
OpcodeLengths.java> OPLEN 13ca0 slot=970 RETF | RETF 0x9080 | len=4
OpcodeLengths.java> OPLEN 13cb0 slot=971 RETF | RETF | len=2
OpcodeLengths.java> OPLEN 13cc0 slot=972 INT3 | INT3 | len=2
OpcodeLengths.java> OPLEN 13cd0 slot=973 INT | INT 0x80 | len=3
OpcodeLengths.java> OPLEN 13ce0 slot=974 NONE
OpcodeLengths.java> OPLEN 13cf0 slot=975 IRET | IRET | len=2
OpcodeLengths.java> OPLEN 13d00 slot=976 ROL | ROL byte ptr [RAX + -0x6f6f6f70],0x1 | len=7
OpcodeLengths.java> OPLEN 13d10 slot=977 ROL | ROL word ptr [RAX + -0x6f6f6f70],0x1 | len=7
OpcodeLengths.java> OPLEN 13d20 slot=978 ROL | ROL byte ptr [RAX + -0x6f6f6f70],CL | len=7
OpcodeLengths.java> OPLEN 13d30 slot=979 ROL | ROL word ptr [RAX + -0x6f6f6f70],CL | len=7
OpcodeLengths.java> OPLEN 13d40 slot=980 NONE
OpcodeLengths.java> OPLEN 13d50 slot=981 NONE
OpcodeLengths.java> OPLEN 13d60 slot=982 NONE
OpcodeLengths.java> OPLEN 13d70 slot=983 XLAT | XLAT RBX | len=2
OpcodeLengths.java> OPLEN 13d80 slot=984 FADD | FADD float ptr [RAX + -0x6f6f6f70] | len=7
OpcodeLengths.java> OPLEN 13d90 slot=985 FLD | FLD float ptr [RAX + -0x6f6f6f70] | len=7
OpcodeLengths.java> OPLEN 13da0 slot=986 FIADD | FIADD dword ptr [RAX + -0x6f6f6f70] | len=7
OpcodeLengths.java> OPLEN 13db0 slot=987 FILD | FILD dword ptr [RAX + -0x6f6f6f70] | len=7
OpcodeLengths.java> OPLEN 13dc0 slot=988 FADD | FADD double ptr [RAX + -0x6f6f6f70] | len=7
OpcodeLengths.java> OPLEN 13dd0 slot=989 FLD | FLD double ptr [RAX + -0x6f6f6f70] | len=7
OpcodeLengths.java> OPLEN 13de0 slot=990 FIADD | FIADD word ptr [RAX + -0x6f6f6f70] | len=7
OpcodeLengths.java> OPLEN 13df0 slot=991 FILD | FILD word ptr [RAX + -0x6f6f6f70] | len=7
OpcodeLengths.java> OPLEN 13e00 slot=992 LOOPNZ | LOOPNZ 0x00013d83 | len=3
OpcodeLengths.java> OPLEN 13e10 slot=993 LOOPZ | LOOPZ 0x00013d93 | len=3
OpcodeLengths.java> OPLEN 13e20 slot=994 LOOP | LOOP 0x00013da3 | len=3
OpcodeLengths.java> OPLEN 13e30 slot=995 JRCXZ | JRCXZ 0x00013db3 | len=3
OpcodeLengths.java> OPLEN 13e40 slot=996 IN | IN AL,0x80 | len=3
OpcodeLengths.java> OPLEN 13e50 slot=997 IN | IN AX,0x80 | len=3
OpcodeLengths.java> OPLEN 13e60 slot=998 OUT | OUT 0x80,AL | len=3
OpcodeLengths.java> OPLEN 13e70 slot=999 OUT | OUT 0x80,AX | len=3
OpcodeLengths.java> OPLEN 13e80 slot=1000 CALL | CALL 0x0001cf04 | len=4
OpcodeLengths.java> OPLEN 13e90 slot=1001 JMP | JMP 0x0001cf14 | len=4
OpcodeLengths.java> OPLEN 13ea0 slot=1002 JMPF | JMPF 0x00099980 | len=6
OpcodeLengths.java> OPLEN 13eb0 slot=1003 JMP | JMP 0x00013e33 | len=3
OpcodeLengths.java> OPLEN 13ec0 slot=1004 IN | IN AL,DX | len=2
OpcodeLengths.java> OPLEN 13ed0 slot=1005 IN | IN AX,DX | len=2
OpcodeLengths.java> OPLEN 13ee0 slot=1006 OUT | OUT DX,AL | len=2
OpcodeLengths.java> OPLEN 13ef0 slot=1007 OUT | OUT DX,AX | len=2
OpcodeLengths.java> OPLEN 13f00 slot=1008 ADC.LOCK | ADC.LOCK byte ptr [RAX + -0x6f6f6f70],0x90 | len=9
OpcodeLengths.java> OPLEN 13f10 slot=1009 INT1 | INT1 | len=2
OpcodeLengths.java> OPLEN 13f20 slot=1010 ADC | ADC byte ptr [RAX + -0x6f6f6f70],0x90 | len=9
OpcodeLengths.java> OPLEN 13f30 slot=1011 ADC | ADC byte ptr [RAX + -0x6f6f6f70],0x90 | len=9
OpcodeLengths.java> OPLEN 13f40 slot=1012 HLT | HLT | len=2
OpcodeLengths.java> OPLEN 13f50 slot=1013 CMC | CMC | len=2
OpcodeLengths.java> OPLEN 13f60 slot=1014 TEST | TEST byte ptr [RAX + -0x6f6f6f70],0x90 | len=8
OpcodeLengths.java> OPLEN 13f70 slot=1015 TEST | TEST word ptr [RAX + -0x6f6f6f70],0x9090 | len=9
OpcodeLengths.java> OPLEN 13f80 slot=1016 CLC | CLC | len=2
OpcodeLengths.java> OPLEN 13f90 slot=1017 STC | STC | len=2
OpcodeLengths.java> OPLEN 13fa0 slot=1018 CLI | CLI | len=2
OpcodeLengths.java> OPLEN 13fb0 slot=1019 STI | STI | len=2
OpcodeLengths.java> OPLEN 13fc0 slot=1020 CLD | CLD | len=2
OpcodeLengths.java> OPLEN 13fd0 slot=1021 STD | STD | len=2
OpcodeLengths.java> OPLEN 13fe0 slot=1022 INC | INC byte ptr [RAX + -0x6f6f6f70] | len=7
OpcodeLengths.java> OPLEN 13ff0 slot=1023 INC | INC word ptr [RAX + -0x6f6f6f70] | len=7
OpcodeLengths.java> OPLEN 14000 slot=1024 ADD | ADD byte ptr [RAX],AL | len=3
OpcodeLengths.java> OPLEN 14010 slot=1025 ADD | ADD qword ptr [RAX],RAX | len=3
OpcodeLengths.java> OPLEN 14020 slot=1026 ADD | ADD AL,byte ptr [RAX] | len=3
OpcodeLengths.java> OPLEN 14030 slot=1027 ADD | ADD RAX,qword ptr [RAX] | len=3
OpcodeLengths.java> OPLEN 14040 slot=1028 ADD | ADD AL,0x0 | len=3
OpcodeLengths.java> OPLEN 14050 slot=1029 ADD | ADD RAX,-0x6f6f7000 | len=6
OpcodeLengths.java> OPLEN 14060 slot=1030 NONE
OpcodeLengths.java> OPLEN 14070 slot=1031 NONE
OpcodeLengths.java> OPLEN 14080 slot=1032 OR | OR byte ptr [RAX],AL | len=3
OpcodeLengths.java> OPLEN 14090 slot=1033 OR | OR qword ptr [RAX],RAX | len=3
OpcodeLengths.java> OPLEN 140a0 slot=1034 OR | OR AL,byte ptr [RAX] | len=3
OpcodeLengths.java> OPLEN 140b0 slot=1035 OR | OR RAX,qword ptr [RAX] | len=3
OpcodeLengths.java> OPLEN 140c0 slot=1036 OR | OR AL,0x0 | len=3
OpcodeLengths.java> OPLEN 140d0 slot=1037 OR | OR RAX,-0x6f6f7000 | len=6
OpcodeLengths.java> OPLEN 140e0 slot=1038 NONE
OpcodeLengths.java> OPLEN 140f0 slot=1039 LLDT | LLDT word ptr [RAX + -0x6f6f6f70] | len=8
OpcodeLengths.java> OPLEN 14100 slot=1040 ADC | ADC byte ptr [RAX],AL | len=3
OpcodeLengths.java> OPLEN 14110 slot=1041 ADC | ADC qword ptr [RAX],RAX | len=3
OpcodeLengths.java> OPLEN 14120 slot=1042 ADC | ADC AL,byte ptr [RAX] | len=3
OpcodeLengths.java> OPLEN 14130 slot=1043 ADC | ADC RAX,qword ptr [RAX] | len=3
OpcodeLengths.java> OPLEN 14140 slot=1044 ADC | ADC AL,0x0 | len=3
OpcodeLengths.java> OPLEN 14150 slot=1045 ADC | ADC RAX,-0x6f6f7000 | len=6
OpcodeLengths.java> OPLEN 14160 slot=1046 NONE
OpcodeLengths.java> OPLEN 14170 slot=1047 NONE
OpcodeLengths.java> OPLEN 14180 slot=1048 SBB | SBB byte ptr [RAX],AL | len=3
OpcodeLengths.java> OPLEN 14190 slot=1049 SBB | SBB qword ptr [RAX],RAX | len=3
OpcodeLengths.java> OPLEN 141a0 slot=1050 SBB | SBB AL,byte ptr [RAX] | len=3
OpcodeLengths.java> OPLEN 141b0 slot=1051 SBB | SBB RAX,qword ptr [RAX] | len=3
OpcodeLengths.java> OPLEN 141c0 slot=1052 SBB | SBB AL,0x0 | len=3
OpcodeLengths.java> OPLEN 141d0 slot=1053 SBB | SBB RAX,-0x6f6f7000 | len=6
OpcodeLengths.java> OPLEN 141e0 slot=1054 NONE
OpcodeLengths.java> OPLEN 141f0 slot=1055 NONE
OpcodeLengths.java> OPLEN 14200 slot=1056 AND | AND byte ptr [RAX],AL | len=3
OpcodeLengths.java> OPLEN 14210 slot=1057 AND | AND qword ptr [RAX],RAX | len=3
OpcodeLengths.java> OPLEN 14220 slot=1058 AND | AND AL,byte ptr [RAX] | len=3
OpcodeLengths.java> OPLEN 14230 slot=1059 AND | AND RAX,qword ptr [RAX] | len=3
OpcodeLengths.java> OPLEN 14240 slot=1060 AND | AND AL,0x0 | len=3
OpcodeLengths.java> OPLEN 14250 slot=1061 AND | AND RAX,-0x6f6f7000 | len=6
OpcodeLengths.java> OPLEN 14260 slot=1062 NONE
OpcodeLengths.java> OPLEN 14270 slot=1063 NONE
OpcodeLengths.java> OPLEN 14280 slot=1064 SUB | SUB byte ptr [RAX],AL | len=3
OpcodeLengths.java> OPLEN 14290 slot=1065 SUB | SUB qword ptr [RAX],RAX | len=3
OpcodeLengths.java> OPLEN 142a0 slot=1066 SUB | SUB AL,byte ptr [RAX] | len=3
OpcodeLengths.java> OPLEN 142b0 slot=1067 SUB | SUB RAX,qword ptr [RAX] | len=3
OpcodeLengths.java> OPLEN 142c0 slot=1068 SUB | SUB AL,0x0 | len=3
OpcodeLengths.java> OPLEN 142d0 slot=1069 SUB | SUB RAX,-0x6f6f7000 | len=6
OpcodeLengths.java> OPLEN 142e0 slot=1070 NONE
OpcodeLengths.java> OPLEN 142f0 slot=1071 NONE
OpcodeLengths.java> OPLEN 14300 slot=1072 XOR | XOR byte ptr [RAX],AL | len=3
OpcodeLengths.java> OPLEN 14310 slot=1073 XOR | XOR qword ptr [RAX],RAX | len=3
OpcodeLengths.java> OPLEN 14320 slot=1074 XOR | XOR AL,byte ptr [RAX] | len=3
OpcodeLengths.java> OPLEN 14330 slot=1075 XOR | XOR RAX,qword ptr [RAX] | len=3
OpcodeLengths.java> OPLEN 14340 slot=1076 XOR | XOR AL,0x0 | len=3
OpcodeLengths.java> OPLEN 14350 slot=1077 XOR | XOR RAX,-0x6f6f7000 | len=6
OpcodeLengths.java> OPLEN 14360 slot=1078 NONE
OpcodeLengths.java> OPLEN 14370 slot=1079 NONE
OpcodeLengths.java> OPLEN 14380 slot=1080 CMP | CMP byte ptr [RAX],AL | len=3
OpcodeLengths.java> OPLEN 14390 slot=1081 CMP | CMP qword ptr [RAX],RAX | len=3
OpcodeLengths.java> OPLEN 143a0 slot=1082 CMP | CMP AL,byte ptr [RAX] | len=3
OpcodeLengths.java> OPLEN 143b0 slot=1083 CMP | CMP RAX,qword ptr [RAX] | len=3
OpcodeLengths.java> OPLEN 143c0 slot=1084 CMP | CMP AL,0x0 | len=3
OpcodeLengths.java> OPLEN 143d0 slot=1085 CMP | CMP RAX,-0x6f6f7000 | len=6
OpcodeLengths.java> OPLEN 143e0 slot=1086 NONE
OpcodeLengths.java> OPLEN 143f0 slot=1087 NONE
OpcodeLengths.java> OPLEN 14400 slot=1088 NONE
OpcodeLengths.java> OPLEN 14410 slot=1089 NONE
OpcodeLengths.java> OPLEN 14420 slot=1090 NONE
OpcodeLengths.java> OPLEN 14430 slot=1091 NONE
OpcodeLengths.java> OPLEN 14440 slot=1092 NONE
OpcodeLengths.java> OPLEN 14450 slot=1093 NONE
OpcodeLengths.java> OPLEN 14460 slot=1094 NONE
OpcodeLengths.java> OPLEN 14470 slot=1095 NONE
OpcodeLengths.java> OPLEN 14480 slot=1096 NONE
OpcodeLengths.java> OPLEN 14490 slot=1097 NONE
OpcodeLengths.java> OPLEN 144a0 slot=1098 NONE
OpcodeLengths.java> OPLEN 144b0 slot=1099 NONE
OpcodeLengths.java> OPLEN 144c0 slot=1100 NONE
OpcodeLengths.java> OPLEN 144d0 slot=1101 NONE
OpcodeLengths.java> OPLEN 144e0 slot=1102 NONE
OpcodeLengths.java> OPLEN 144f0 slot=1103 NONE
OpcodeLengths.java> OPLEN 14500 slot=1104 PUSH | PUSH RAX | len=2
OpcodeLengths.java> OPLEN 14510 slot=1105 PUSH | PUSH RCX | len=2
OpcodeLengths.java> OPLEN 14520 slot=1106 PUSH | PUSH RDX | len=2
OpcodeLengths.java> OPLEN 14530 slot=1107 PUSH | PUSH RBX | len=2
OpcodeLengths.java> OPLEN 14540 slot=1108 PUSH | PUSH RSP | len=2
OpcodeLengths.java> OPLEN 14550 slot=1109 PUSH | PUSH RBP | len=2
OpcodeLengths.java> OPLEN 14560 slot=1110 PUSH | PUSH RSI | len=2
OpcodeLengths.java> OPLEN 14570 slot=1111 PUSH | PUSH RDI | len=2
OpcodeLengths.java> OPLEN 14580 slot=1112 POP | POP RAX | len=2
OpcodeLengths.java> OPLEN 14590 slot=1113 POP | POP RCX | len=2
OpcodeLengths.java> OPLEN 145a0 slot=1114 POP | POP RDX | len=2
OpcodeLengths.java> OPLEN 145b0 slot=1115 POP | POP RBX | len=2
OpcodeLengths.java> OPLEN 145c0 slot=1116 POP | POP RSP | len=2
OpcodeLengths.java> OPLEN 145d0 slot=1117 POP | POP RBP | len=2
OpcodeLengths.java> OPLEN 145e0 slot=1118 POP | POP RSI | len=2
OpcodeLengths.java> OPLEN 145f0 slot=1119 POP | POP RDI | len=2
OpcodeLengths.java> OPLEN 14600 slot=1120 NONE
OpcodeLengths.java> OPLEN 14610 slot=1121 NONE
OpcodeLengths.java> OPLEN 14620 slot=1122 NONE
OpcodeLengths.java> OPLEN 14630 slot=1123 MOVSXD | MOVSXD RAX,dword ptr [RAX] | len=3
OpcodeLengths.java> OPLEN 14640 slot=1124 NONE
OpcodeLengths.java> OPLEN 14650 slot=1125 NONE
OpcodeLengths.java> OPLEN 14660 slot=1126 NONE
OpcodeLengths.java> OPLEN 14670 slot=1127 NONE
OpcodeLengths.java> OPLEN 14680 slot=1128 PUSH | PUSH -0x6f6f7000 | len=6
OpcodeLengths.java> OPLEN 14690 slot=1129 IMUL | IMUL RAX,qword ptr [RAX],-0x6f6f6f70 | len=7
OpcodeLengths.java> OPLEN 146a0 slot=1130 PUSH | PUSH 0x0 | len=3
OpcodeLengths.java> OPLEN 146b0 slot=1131 IMUL | IMUL RAX,qword ptr [RAX],-0x70 | len=4
OpcodeLengths.java> OPLEN 146c0 slot=1132 INSB | INSB RDI,DX | len=2
OpcodeLengths.java> OPLEN 146d0 slot=1133 INSD | INSD RDI,DX | len=2
OpcodeLengths.java> OPLEN 146e0 slot=1134 OUTSB | OUTSB DX,RSI | len=2
OpcodeLengths.java> OPLEN 146f0 slot=1135 OUTSD | OUTSD DX,RSI | len=2
OpcodeLengths.java> OPLEN 14700 slot=1136 JO | JO 0x00014703 | len=3
OpcodeLengths.java> OPLEN 14710 slot=1137 JNO | JNO 0x00014713 | len=3
OpcodeLengths.java> OPLEN 14720 slot=1138 JC | JC 0x00014723 | len=3
OpcodeLengths.java> OPLEN 14730 slot=1139 JNC | JNC 0x00014733 | len=3
OpcodeLengths.java> OPLEN 14740 slot=1140 JZ | JZ 0x00014743 | len=3
OpcodeLengths.java> OPLEN 14750 slot=1141 JNZ | JNZ 0x00014753 | len=3
OpcodeLengths.java> OPLEN 14760 slot=1142 JBE | JBE 0x00014763 | len=3
OpcodeLengths.java> OPLEN 14770 slot=1143 JA | JA 0x00014773 | len=3
OpcodeLengths.java> OPLEN 14780 slot=1144 JS | JS 0x00014783 | len=3
OpcodeLengths.java> OPLEN 14790 slot=1145 JNS | JNS 0x00014793 | len=3
OpcodeLengths.java> OPLEN 147a0 slot=1146 JP | JP 0x000147a3 | len=3
OpcodeLengths.java> OPLEN 147b0 slot=1147 JNP | JNP 0x000147b3 | len=3
OpcodeLengths.java> OPLEN 147c0 slot=1148 JL | JL 0x000147c3 | len=3
OpcodeLengths.java> OPLEN 147d0 slot=1149 JGE | JGE 0x000147d3 | len=3
OpcodeLengths.java> OPLEN 147e0 slot=1150 JLE | JLE 0x000147e3 | len=3
OpcodeLengths.java> OPLEN 147f0 slot=1151 JG | JG 0x000147f3 | len=3
OpcodeLengths.java> OPLEN 14800 slot=1152 ADD | ADD byte ptr [RAX],0x90 | len=4
OpcodeLengths.java> OPLEN 14810 slot=1153 ADD | ADD qword ptr [RAX],-0x6f6f6f70 | len=7
OpcodeLengths.java> OPLEN 14820 slot=1154 NONE
OpcodeLengths.java> OPLEN 14830 slot=1155 ADD | ADD qword ptr [RAX],-0x70 | len=4
OpcodeLengths.java> OPLEN 14840 slot=1156 TEST | TEST byte ptr [RAX],AL | len=3
OpcodeLengths.java> OPLEN 14850 slot=1157 TEST | TEST qword ptr [RAX],RAX | len=3
OpcodeLengths.java> OPLEN 14860 slot=1158 XCHG | XCHG byte ptr [RAX],AL | len=3
OpcodeLengths.java> OPLEN 14870 slot=1159 XCHG | XCHG qword ptr [RAX],RAX | len=3
OpcodeLengths.java> OPLEN 14880 slot=1160 MOV | MOV byte ptr [RAX],AL | len=3
OpcodeLengths.java> OPLEN 14890 slot=1161 MOV | MOV qword ptr [RAX],RAX | len=3
OpcodeLengths.java> OPLEN 148a0 slot=1162 MOV | MOV AL,byte ptr [RAX] | len=3
OpcodeLengths.java> OPLEN 148b0 slot=1163 MOV | MOV RAX,qword ptr [RAX] | len=3
OpcodeLengths.java> OPLEN 148c0 slot=1164 MOV | MOV word ptr [RAX],ES | len=3
OpcodeLengths.java> OPLEN 148d0 slot=1165 LEA | LEA RAX,[RAX] | len=3
OpcodeLengths.java> OPLEN 148e0 slot=1166 MOV | MOV ES,word ptr [RAX] | len=3
OpcodeLengths.java> OPLEN 148f0 slot=1167 POP | POP qword ptr [RAX] | len=3
OpcodeLengths.java> OPLEN 14900 slot=1168 NOP | NOP | len=2
OpcodeLengths.java> OPLEN 14910 slot=1169 XCHG | XCHG RAX,RCX | len=2
OpcodeLengths.java> OPLEN 14920 slot=1170 XCHG | XCHG RAX,RDX | len=2
OpcodeLengths.java> OPLEN 14930 slot=1171 XCHG | XCHG RAX,RBX | len=2
OpcodeLengths.java> OPLEN 14940 slot=1172 XCHG | XCHG RAX,RSP | len=2
OpcodeLengths.java> OPLEN 14950 slot=1173 XCHG | XCHG RAX,RBP | len=2
OpcodeLengths.java> OPLEN 14960 slot=1174 XCHG | XCHG RAX,RSI | len=2
OpcodeLengths.java> OPLEN 14970 slot=1175 XCHG | XCHG RAX,RDI | len=2
OpcodeLengths.java> OPLEN 14980 slot=1176 CDQE | CDQE | len=2
OpcodeLengths.java> OPLEN 14990 slot=1177 CQO | CQO | len=2
OpcodeLengths.java> OPLEN 149a0 slot=1178 NONE
OpcodeLengths.java> OPLEN 149b0 slot=1179 WAIT | WAIT | len=2
OpcodeLengths.java> OPLEN 149c0 slot=1180 PUSHFQ | PUSHFQ | len=2
OpcodeLengths.java> OPLEN 149d0 slot=1181 POPFQ | POPFQ | len=2
OpcodeLengths.java> OPLEN 149e0 slot=1182 SAHF | SAHF | len=2
OpcodeLengths.java> OPLEN 149f0 slot=1183 LAHF | LAHF | len=2
OpcodeLengths.java> OPLEN 14a00 slot=1184 MOV | MOV AL,[0x9090909090909000] | len=10
OpcodeLengths.java> OPLEN 14a10 slot=1185 MOV | MOV RAX,[0x9090909090909000] | len=10
OpcodeLengths.java> OPLEN 14a20 slot=1186 MOV | MOV [0x9090909090909000],AL | len=10
OpcodeLengths.java> OPLEN 14a30 slot=1187 MOV | MOV [0x9090909090909000],RAX | len=10
OpcodeLengths.java> OPLEN 14a40 slot=1188 MOVSB | MOVSB RDI,RSI | len=2
OpcodeLengths.java> OPLEN 14a50 slot=1189 MOVSQ | MOVSQ RDI,RSI | len=2
OpcodeLengths.java> OPLEN 14a60 slot=1190 CMPSB | CMPSB RDI,RSI | len=2
OpcodeLengths.java> OPLEN 14a70 slot=1191 CMPSD | CMPSD RDI,RSI | len=2
OpcodeLengths.java> OPLEN 14a80 slot=1192 TEST | TEST AL,0x0 | len=3
OpcodeLengths.java> OPLEN 14a90 slot=1193 TEST | TEST RAX,-0x6f6f7000 | len=6
OpcodeLengths.java> OPLEN 14aa0 slot=1194 STOSB | STOSB RDI | len=2
OpcodeLengths.java> OPLEN 14ab0 slot=1195 STOSQ | STOSQ RDI | len=2
OpcodeLengths.java> OPLEN 14ac0 slot=1196 LODSB | LODSB RSI | len=2
OpcodeLengths.java> OPLEN 14ad0 slot=1197 LODSQ | LODSQ RSI | len=2
OpcodeLengths.java> OPLEN 14ae0 slot=1198 SCASB | SCASB RDI | len=2
OpcodeLengths.java> OPLEN 14af0 slot=1199 SCASQ | SCASQ RDI | len=2
OpcodeLengths.java> OPLEN 14b00 slot=1200 MOV | MOV AL,0x0 | len=3
OpcodeLengths.java> OPLEN 14b10 slot=1201 MOV | MOV CL,0x0 | len=3
OpcodeLengths.java> OPLEN 14b20 slot=1202 MOV | MOV DL,0x0 | len=3
OpcodeLengths.java> OPLEN 14b30 slot=1203 MOV | MOV BL,0x0 | len=3
OpcodeLengths.java> OPLEN 14b40 slot=1204 MOV | MOV SPL,0x0 | len=3
OpcodeLengths.java> OPLEN 14b50 slot=1205 MOV | MOV BPL,0x0 | len=3
OpcodeLengths.java> OPLEN 14b60 slot=1206 MOV | MOV SIL,0x0 | len=3
OpcodeLengths.java> OPLEN 14b70 slot=1207 MOV | MOV DIL,0x0 | len=3
OpcodeLengths.java> OPLEN 14b80 slot=1208 MOV | MOV RAX,-0x6f6f6f6f6f6f7000 | len=10
OpcodeLengths.java> OPLEN 14b90 slot=1209 MOV | MOV RCX,-0x6f6f6f6f6f6f7000 | len=10
OpcodeLengths.java> OPLEN 14ba0 slot=1210 MOV | MOV RDX,-0x6f6f6f6f6f6f7000 | len=10
OpcodeLengths.java> OPLEN 14bb0 slot=1211 MOV | MOV RBX,-0x6f6f6f6f6f6f7000 | len=10
OpcodeLengths.java> OPLEN 14bc0 slot=1212 MOV | MOV RSP,-0x6f6f6f6f6f6f7000 | len=10
OpcodeLengths.java> OPLEN 14bd0 slot=1213 MOV | MOV RBP,-0x6f6f6f6f6f6f7000 | len=10
OpcodeLengths.java> OPLEN 14be0 slot=1214 MOV | MOV RSI,-0x6f6f6f6f6f6f7000 | len=10
OpcodeLengths.java> OPLEN 14bf0 slot=1215 MOV | MOV RDI,-0x6f6f6f6f6f6f7000 | len=10
OpcodeLengths.java> OPLEN 14c00 slot=1216 ROL | ROL byte ptr [RAX],0x90 | len=4
OpcodeLengths.java> OPLEN 14c10 slot=1217 ROL | ROL qword ptr [RAX],0x90 | len=4
OpcodeLengths.java> OPLEN 14c20 slot=1218 RET | RET 0x9000 | len=4
OpcodeLengths.java> OPLEN 14c30 slot=1219 RET | RET | len=2
OpcodeLengths.java> OPLEN 14c40 slot=1220 NONE
OpcodeLengths.java> OPLEN 14c50 slot=1221 NONE
OpcodeLengths.java> OPLEN 14c60 slot=1222 MOV | MOV byte ptr [RAX],0x90 | len=4
OpcodeLengths.java> OPLEN 14c70 slot=1223 MOV | MOV qword ptr [RAX],-0x6f6f6f70 | len=7
OpcodeLengths.java> OPLEN 14c80 slot=1224 ENTER | ENTER 0x9000,0x10 | len=5
OpcodeLengths.java> OPLEN 14c90 slot=1225 LEAVE | LEAVE | len=2
OpcodeLengths.java> OPLEN 14ca0 slot=1226 RETF | RETF 0x9000 | len=4
OpcodeLengths.java> OPLEN 14cb0 slot=1227 RETF | RETF | len=2
OpcodeLengths.java> OPLEN 14cc0 slot=1228 INT3 | INT3 | len=2
OpcodeLengths.java> OPLEN 14cd0 slot=1229 INT | INT 0x0 | len=3
OpcodeLengths.java> OPLEN 14ce0 slot=1230 NONE
OpcodeLengths.java> OPLEN 14cf0 slot=1231 IRETQ | IRETQ | len=2
OpcodeLengths.java> OPLEN 14d00 slot=1232 ROL | ROL byte ptr [RAX],0x1 | len=3
OpcodeLengths.java> OPLEN 14d10 slot=1233 ROL | ROL qword ptr [RAX],0x1 | len=3
OpcodeLengths.java> OPLEN 14d20 slot=1234 ROL | ROL byte ptr [RAX],CL | len=3
OpcodeLengths.java> OPLEN 14d30 slot=1235 ROL | ROL qword ptr [RAX],CL | len=3
OpcodeLengths.java> OPLEN 14d40 slot=1236 NONE
OpcodeLengths.java> OPLEN 14d50 slot=1237 NONE
OpcodeLengths.java> OPLEN 14d60 slot=1238 NONE
OpcodeLengths.java> OPLEN 14d70 slot=1239 XLAT | XLAT RBX | len=2
OpcodeLengths.java> OPLEN 14d80 slot=1240 FADD | FADD float ptr [RAX] | len=3
OpcodeLengths.java> OPLEN 14d90 slot=1241 FLD | FLD float ptr [RAX] | len=3
OpcodeLengths.java> OPLEN 14da0 slot=1242 FIADD | FIADD dword ptr [RAX] | len=3
OpcodeLengths.java> OPLEN 14db0 slot=1243 FILD | FILD dword ptr [RAX] | len=3
OpcodeLengths.java> OPLEN 14dc0 slot=1244 FADD | FADD double ptr [RAX] | len=3
OpcodeLengths.java> OPLEN 14dd0 slot=1245 FLD | FLD double ptr [RAX] | len=3
OpcodeLengths.java> OPLEN 14de0 slot=1246 FIADD | FIADD word ptr [RAX] | len=3
OpcodeLengths.java> OPLEN 14df0 slot=1247 FILD | FILD word ptr [RAX] | len=3
OpcodeLengths.java> OPLEN 14e00 slot=1248 LOOPNZ | LOOPNZ 0x00014e03 | len=3
OpcodeLengths.java> OPLEN 14e10 slot=1249 LOOPZ | LOOPZ 0x00014e13 | len=3
OpcodeLengths.java> OPLEN 14e20 slot=1250 LOOP | LOOP 0x00014e23 | len=3
OpcodeLengths.java> OPLEN 14e30 slot=1251 JRCXZ | JRCXZ 0x00014e33 | len=3
OpcodeLengths.java> OPLEN 14e40 slot=1252 IN | IN AL,0x0 | len=3
OpcodeLengths.java> OPLEN 14e50 slot=1253 IN | IN RAX,0x0 | len=3
OpcodeLengths.java> OPLEN 14e60 slot=1254 OUT | OUT 0x0,AL | len=3
OpcodeLengths.java> OPLEN 14e70 slot=1255 OUT | OUT 0x0,EAX | len=3
OpcodeLengths.java> OPLEN 14e80 slot=1256 CALL | CALL 0xffffffff9091de86 | len=6
OpcodeLengths.java> OPLEN 14e90 slot=1257 JMP | JMP 0xffffffff9091de96 | len=6
OpcodeLengths.java> OPLEN 14ea0 slot=1258 NONE
OpcodeLengths.java> OPLEN 14eb0 slot=1259 JMP | JMP 0x00014eb3 | len=3
OpcodeLengths.java> OPLEN 14ec0 slot=1260 IN | IN AL,DX | len=2
OpcodeLengths.java> OPLEN 14ed0 slot=1261 IN | IN RAX,DX | len=2
OpcodeLengths.java> OPLEN 14ee0 slot=1262 OUT | OUT DX,AL | len=2
OpcodeLengths.java> OPLEN 14ef0 slot=1263 OUT | OUT DX,EAX | len=2
OpcodeLengths.java> OPLEN 14f00 slot=1264 NONE
OpcodeLengths.java> OPLEN 14f10 slot=1265 INT1 | INT1 | len=2
OpcodeLengths.java> OPLEN 14f20 slot=1266 NONE
OpcodeLengths.java> OPLEN 14f30 slot=1267 NONE
OpcodeLengths.java> OPLEN 14f40 slot=1268 HLT | HLT | len=2
OpcodeLengths.java> OPLEN 14f50 slot=1269 CMC | CMC | len=2
OpcodeLengths.java> OPLEN 14f60 slot=1270 TEST | TEST byte ptr [RAX],0x90 | len=4
OpcodeLengths.java> OPLEN 14f70 slot=1271 TEST | TEST qword ptr [RAX],-0x6f6f6f70 | len=7
OpcodeLengths.java> OPLEN 14f80 slot=1272 CLC | CLC | len=2
OpcodeLengths.java> OPLEN 14f90 slot=1273 STC | STC | len=2
OpcodeLengths.java> OPLEN 14fa0 slot=1274 CLI | CLI | len=2
OpcodeLengths.java> OPLEN 14fb0 slot=1275 STI | STI | len=2
OpcodeLengths.java> OPLEN 14fc0 slot=1276 CLD | CLD | len=2
OpcodeLengths.java> OPLEN 14fd0 slot=1277 STD | STD | len=2
OpcodeLengths.java> OPLEN 14fe0 slot=1278 INC | INC byte ptr [RAX] | len=3
OpcodeLengths.java> OPLEN 14ff0 slot=1279 INC | INC qword ptr [RAX] | len=3
OpcodeLengths.java> OPLEN 15000 slot=1280 ADD | ADD byte ptr [RAX + -0x6f6f6f70],AL | len=7
OpcodeLengths.java> OPLEN 15010 slot=1281 ADD | ADD qword ptr [RAX + -0x6f6f6f70],RAX | len=7
OpcodeLengths.java> OPLEN 15020 slot=1282 ADD | ADD AL,byte ptr [RAX + -0x6f6f6f70] | len=7
OpcodeLengths.java> OPLEN 15030 slot=1283 ADD | ADD RAX,qword ptr [RAX + -0x6f6f6f70] | len=7
OpcodeLengths.java> OPLEN 15040 slot=1284 ADD | ADD AL,0x80 | len=3
OpcodeLengths.java> OPLEN 15050 slot=1285 ADD | ADD RAX,-0x6f6f6f80 | len=6
OpcodeLengths.java> OPLEN 15060 slot=1286 NONE
OpcodeLengths.java> OPLEN 15070 slot=1287 NONE
OpcodeLengths.java> OPLEN 15080 slot=1288 OR | OR byte ptr [RAX + -0x6f6f6f70],AL | len=7
OpcodeLengths.java> OPLEN 15090 slot=1289 OR | OR qword ptr [RAX + -0x6f6f6f70],RAX | len=7
OpcodeLengths.java> OPLEN 150a0 slot=1290 OR | OR AL,byte ptr [RAX + -0x6f6f6f70] | len=7
OpcodeLengths.java> OPLEN 150b0 slot=1291 OR | OR RAX,qword ptr [RAX + -0x6f6f6f70] | len=7
OpcodeLengths.java> OPLEN 150c0 slot=1292 OR | OR AL,0x80 | len=3
OpcodeLengths.java> OPLEN 150d0 slot=1293 OR | OR RAX,-0x6f6f6f80 | len=6
OpcodeLengths.java> OPLEN 150e0 slot=1294 NONE
OpcodeLengths.java> OPLEN 150f0 slot=1295 JO | JO 0xffffffff9091e187 | len=7
OpcodeLengths.java> OPLEN 15100 slot=1296 ADC | ADC byte ptr [RAX + -0x6f6f6f70],AL | len=7
OpcodeLengths.java> OPLEN 15110 slot=1297 ADC | ADC qword ptr [RAX + -0x6f6f6f70],RAX | len=7
OpcodeLengths.java> OPLEN 15120 slot=1298 ADC | ADC AL,byte ptr [RAX + -0x6f6f6f70] | len=7
OpcodeLengths.java> OPLEN 15130 slot=1299 ADC | ADC RAX,qword ptr [RAX + -0x6f6f6f70] | len=7
OpcodeLengths.java> OPLEN 15140 slot=1300 ADC | ADC AL,0x80 | len=3
OpcodeLengths.java> OPLEN 15150 slot=1301 ADC | ADC RAX,-0x6f6f6f80 | len=6
OpcodeLengths.java> OPLEN 15160 slot=1302 NONE
OpcodeLengths.java> OPLEN 15170 slot=1303 NONE
OpcodeLengths.java> OPLEN 15180 slot=1304 SBB | SBB byte ptr [RAX + -0x6f6f6f70],AL | len=7
OpcodeLengths.java> OPLEN 15190 slot=1305 SBB | SBB qword ptr [RAX + -0x6f6f6f70],RAX | len=7
OpcodeLengths.java> OPLEN 151a0 slot=1306 SBB | SBB AL,byte ptr [RAX + -0x6f6f6f70] | len=7
OpcodeLengths.java> OPLEN 151b0 slot=1307 SBB | SBB RAX,qword ptr [RAX + -0x6f6f6f70] | len=7
OpcodeLengths.java> OPLEN 151c0 slot=1308 SBB | SBB AL,0x80 | len=3
OpcodeLengths.java> OPLEN 151d0 slot=1309 SBB | SBB RAX,-0x6f6f6f80 | len=6
OpcodeLengths.java> OPLEN 151e0 slot=1310 NONE
OpcodeLengths.java> OPLEN 151f0 slot=1311 NONE
OpcodeLengths.java> OPLEN 15200 slot=1312 AND | AND byte ptr [RAX + -0x6f6f6f70],AL | len=7
OpcodeLengths.java> OPLEN 15210 slot=1313 AND | AND qword ptr [RAX + -0x6f6f6f70],RAX | len=7
OpcodeLengths.java> OPLEN 15220 slot=1314 AND | AND AL,byte ptr [RAX + -0x6f6f6f70] | len=7
OpcodeLengths.java> OPLEN 15230 slot=1315 AND | AND RAX,qword ptr [RAX + -0x6f6f6f70] | len=7
OpcodeLengths.java> OPLEN 15240 slot=1316 AND | AND AL,0x80 | len=3
OpcodeLengths.java> OPLEN 15250 slot=1317 AND | AND RAX,-0x6f6f6f80 | len=6
OpcodeLengths.java> OPLEN 15260 slot=1318 NONE
OpcodeLengths.java> OPLEN 15270 slot=1319 NONE
OpcodeLengths.java> OPLEN 15280 slot=1320 SUB | SUB byte ptr [RAX + -0x6f6f6f70],AL | len=7
OpcodeLengths.java> OPLEN 15290 slot=1321 SUB | SUB qword ptr [RAX + -0x6f6f6f70],RAX | len=7
OpcodeLengths.java> OPLEN 152a0 slot=1322 SUB | SUB AL,byte ptr [RAX + -0x6f6f6f70] | len=7
OpcodeLengths.java> OPLEN 152b0 slot=1323 SUB | SUB RAX,qword ptr [RAX + -0x6f6f6f70] | len=7
OpcodeLengths.java> OPLEN 152c0 slot=1324 SUB | SUB AL,0x80 | len=3
OpcodeLengths.java> OPLEN 152d0 slot=1325 SUB | SUB RAX,-0x6f6f6f80 | len=6
OpcodeLengths.java> OPLEN 152e0 slot=1326 NONE
OpcodeLengths.java> OPLEN 152f0 slot=1327 NONE
OpcodeLengths.java> OPLEN 15300 slot=1328 XOR | XOR byte ptr [RAX + -0x6f6f6f70],AL | len=7
OpcodeLengths.java> OPLEN 15310 slot=1329 XOR | XOR qword ptr [RAX + -0x6f6f6f70],RAX | len=7
OpcodeLengths.java> OPLEN 15320 slot=1330 XOR | XOR AL,byte ptr [RAX + -0x6f6f6f70] | len=7
OpcodeLengths.java> OPLEN 15330 slot=1331 XOR | XOR RAX,qword ptr [RAX + -0x6f6f6f70] | len=7
OpcodeLengths.java> OPLEN 15340 slot=1332 XOR | XOR AL,0x80 | len=3
OpcodeLengths.java> OPLEN 15350 slot=1333 XOR | XOR RAX,-0x6f6f6f80 | len=6
OpcodeLengths.java> OPLEN 15360 slot=1334 NONE
OpcodeLengths.java> OPLEN 15370 slot=1335 NONE
OpcodeLengths.java> OPLEN 15380 slot=1336 CMP | CMP byte ptr [RAX + -0x6f6f6f70],AL | len=7
OpcodeLengths.java> OPLEN 15390 slot=1337 CMP | CMP qword ptr [RAX + -0x6f6f6f70],RAX | len=7
OpcodeLengths.java> OPLEN 153a0 slot=1338 CMP | CMP AL,byte ptr [RAX + -0x6f6f6f70] | len=7
OpcodeLengths.java> OPLEN 153b0 slot=1339 CMP | CMP RAX,qword ptr [RAX + -0x6f6f6f70] | len=7
OpcodeLengths.java> OPLEN 153c0 slot=1340 CMP | CMP AL,0x80 | len=3
OpcodeLengths.java> OPLEN 153d0 slot=1341 CMP | CMP RAX,-0x6f6f6f80 | len=6
OpcodeLengths.java> OPLEN 153e0 slot=1342 NONE
OpcodeLengths.java> OPLEN 153f0 slot=1343 NONE
OpcodeLengths.java> OPLEN 15400 slot=1344 NONE
OpcodeLengths.java> OPLEN 15410 slot=1345 NONE
OpcodeLengths.java> OPLEN 15420 slot=1346 NONE
OpcodeLengths.java> OPLEN 15430 slot=1347 NONE
OpcodeLengths.java> OPLEN 15440 slot=1348 NONE
OpcodeLengths.java> OPLEN 15450 slot=1349 NONE
OpcodeLengths.java> OPLEN 15460 slot=1350 NONE
OpcodeLengths.java> OPLEN 15470 slot=1351 NONE
OpcodeLengths.java> OPLEN 15480 slot=1352 NONE
OpcodeLengths.java> OPLEN 15490 slot=1353 NONE
OpcodeLengths.java> OPLEN 154a0 slot=1354 NONE
OpcodeLengths.java> OPLEN 154b0 slot=1355 NONE
OpcodeLengths.java> OPLEN 154c0 slot=1356 NONE
OpcodeLengths.java> OPLEN 154d0 slot=1357 NONE
OpcodeLengths.java> OPLEN 154e0 slot=1358 NONE
OpcodeLengths.java> OPLEN 154f0 slot=1359 NONE
OpcodeLengths.java> OPLEN 15500 slot=1360 PUSH | PUSH RAX | len=2
OpcodeLengths.java> OPLEN 15510 slot=1361 PUSH | PUSH RCX | len=2
OpcodeLengths.java> OPLEN 15520 slot=1362 PUSH | PUSH RDX | len=2
OpcodeLengths.java> OPLEN 15530 slot=1363 PUSH | PUSH RBX | len=2
OpcodeLengths.java> OPLEN 15540 slot=1364 PUSH | PUSH RSP | len=2
OpcodeLengths.java> OPLEN 15550 slot=1365 PUSH | PUSH RBP | len=2
OpcodeLengths.java> OPLEN 15560 slot=1366 PUSH | PUSH RSI | len=2
OpcodeLengths.java> OPLEN 15570 slot=1367 PUSH | PUSH RDI | len=2
OpcodeLengths.java> OPLEN 15580 slot=1368 POP | POP RAX | len=2
OpcodeLengths.java> OPLEN 15590 slot=1369 POP | POP RCX | len=2
OpcodeLengths.java> OPLEN 155a0 slot=1370 POP | POP RDX | len=2
OpcodeLengths.java> OPLEN 155b0 slot=1371 POP | POP RBX | len=2
OpcodeLengths.java> OPLEN 155c0 slot=1372 POP | POP RSP | len=2
OpcodeLengths.java> OPLEN 155d0 slot=1373 POP | POP RBP | len=2
OpcodeLengths.java> OPLEN 155e0 slot=1374 POP | POP RSI | len=2
OpcodeLengths.java> OPLEN 155f0 slot=1375 POP | POP RDI | len=2
OpcodeLengths.java> OPLEN 15600 slot=1376 NONE
OpcodeLengths.java> OPLEN 15610 slot=1377 NONE
OpcodeLengths.java> OPLEN 15620 slot=1378 NONE
OpcodeLengths.java> OPLEN 15630 slot=1379 MOVSXD | MOVSXD RAX,dword ptr [RAX + -0x6f6f6f70] | len=7
OpcodeLengths.java> OPLEN 15640 slot=1380 NONE
OpcodeLengths.java> OPLEN 15650 slot=1381 NONE
OpcodeLengths.java> OPLEN 15660 slot=1382 NONE
OpcodeLengths.java> OPLEN 15670 slot=1383 NONE
OpcodeLengths.java> OPLEN 15680 slot=1384 PUSH | PUSH -0x6f6f6f80 | len=6
OpcodeLengths.java> OPLEN 15690 slot=1385 IMUL | IMUL RAX,qword ptr [RAX + -0x6f6f6f70],-0x6f6f6f70 | len=11
OpcodeLengths.java> OPLEN 156a0 slot=1386 PUSH | PUSH -0x80 | len=3
OpcodeLengths.java> OPLEN 156b0 slot=1387 IMUL | IMUL RAX,qword ptr [RAX + -0x6f6f6f70],-0x70 | len=8
OpcodeLengths.java> OPLEN 156c0 slot=1388 INSB | INSB RDI,DX | len=2
OpcodeLengths.java> OPLEN 156d0 slot=1389 INSD | INSD RDI,DX | len=2
OpcodeLengths.java> OPLEN 156e0 slot=1390 OUTSB | OUTSB DX,RSI | len=2
OpcodeLengths.java> OPLEN 156f0 slot=1391 OUTSD | OUTSD DX,RSI | len=2
OpcodeLengths.java> OPLEN 15700 slot=1392 JO | JO 0x00015683 | len=3
OpcodeLengths.java> OPLEN 15710 slot=1393 JNO | JNO 0x00015693 | len=3
OpcodeLengths.java> OPLEN 15720 slot=1394 JC | JC 0x000156a3 | len=3
OpcodeLengths.java> OPLEN 15730 slot=1395 JNC | JNC 0x000156b3 | len=3
OpcodeLengths.java> OPLEN 15740 slot=1396 JZ | JZ 0x000156c3 | len=3
OpcodeLengths.java> OPLEN 15750 slot=1397 JNZ | JNZ 0x000156d3 | len=3
OpcodeLengths.java> OPLEN 15760 slot=1398 JBE | JBE 0x000156e3 | len=3
OpcodeLengths.java> OPLEN 15770 slot=1399 JA | JA 0x000156f3 | len=3
OpcodeLengths.java> OPLEN 15780 slot=1400 JS | JS 0x00015703 | len=3
OpcodeLengths.java> OPLEN 15790 slot=1401 JNS | JNS 0x00015713 | len=3
OpcodeLengths.java> OPLEN 157a0 slot=1402 JP | JP 0x00015723 | len=3
OpcodeLengths.java> OPLEN 157b0 slot=1403 JNP | JNP 0x00015733 | len=3
OpcodeLengths.java> OPLEN 157c0 slot=1404 JL | JL 0x00015743 | len=3
OpcodeLengths.java> OPLEN 157d0 slot=1405 JGE | JGE 0x00015753 | len=3
OpcodeLengths.java> OPLEN 157e0 slot=1406 JLE | JLE 0x00015763 | len=3
OpcodeLengths.java> OPLEN 157f0 slot=1407 JG | JG 0x00015773 | len=3
OpcodeLengths.java> OPLEN 15800 slot=1408 ADD | ADD byte ptr [RAX + -0x6f6f6f70],0x90 | len=8
OpcodeLengths.java> OPLEN 15810 slot=1409 ADD | ADD qword ptr [RAX + -0x6f6f6f70],-0x6f6f6f70 | len=11
OpcodeLengths.java> OPLEN 15820 slot=1410 NONE
OpcodeLengths.java> OPLEN 15830 slot=1411 ADD | ADD qword ptr [RAX + -0x6f6f6f70],-0x70 | len=8
OpcodeLengths.java> OPLEN 15840 slot=1412 TEST | TEST byte ptr [RAX + -0x6f6f6f70],AL | len=7
OpcodeLengths.java> OPLEN 15850 slot=1413 TEST | TEST qword ptr [RAX + -0x6f6f6f70],RAX | len=7
OpcodeLengths.java> OPLEN 15860 slot=1414 XCHG | XCHG byte ptr [RAX + -0x6f6f6f70],AL | len=7
OpcodeLengths.java> OPLEN 15870 slot=1415 XCHG | XCHG qword ptr [RAX + -0x6f6f6f70],RAX | len=7
OpcodeLengths.java> OPLEN 15880 slot=1416 MOV | MOV byte ptr [RAX + -0x6f6f6f70],AL | len=7
OpcodeLengths.java> OPLEN 15890 slot=1417 MOV | MOV qword ptr [RAX + -0x6f6f6f70],RAX | len=7
OpcodeLengths.java> OPLEN 158a0 slot=1418 MOV | MOV AL,byte ptr [RAX + -0x6f6f6f70] | len=7
OpcodeLengths.java> OPLEN 158b0 slot=1419 MOV | MOV RAX,qword ptr [RAX + -0x6f6f6f70] | len=7
OpcodeLengths.java> OPLEN 158c0 slot=1420 MOV | MOV word ptr [RAX + -0x6f6f6f70],ES | len=7
OpcodeLengths.java> OPLEN 158d0 slot=1421 LEA | LEA RAX,[RAX + -0x6f6f6f70] | len=7
OpcodeLengths.java> OPLEN 158e0 slot=1422 MOV | MOV ES,word ptr [RAX + -0x6f6f6f70] | len=7
OpcodeLengths.java> OPLEN 158f0 slot=1423 POP | POP qword ptr [RAX + -0x6f6f6f70] | len=7
OpcodeLengths.java> OPLEN 15900 slot=1424 NOP | NOP | len=2
OpcodeLengths.java> OPLEN 15910 slot=1425 XCHG | XCHG RAX,RCX | len=2
OpcodeLengths.java> OPLEN 15920 slot=1426 XCHG | XCHG RAX,RDX | len=2
OpcodeLengths.java> OPLEN 15930 slot=1427 XCHG | XCHG RAX,RBX | len=2
OpcodeLengths.java> OPLEN 15940 slot=1428 XCHG | XCHG RAX,RSP | len=2
OpcodeLengths.java> OPLEN 15950 slot=1429 XCHG | XCHG RAX,RBP | len=2
OpcodeLengths.java> OPLEN 15960 slot=1430 XCHG | XCHG RAX,RSI | len=2
OpcodeLengths.java> OPLEN 15970 slot=1431 XCHG | XCHG RAX,RDI | len=2
OpcodeLengths.java> OPLEN 15980 slot=1432 CDQE | CDQE | len=2
OpcodeLengths.java> OPLEN 15990 slot=1433 CQO | CQO | len=2
OpcodeLengths.java> OPLEN 159a0 slot=1434 NONE
OpcodeLengths.java> OPLEN 159b0 slot=1435 WAIT | WAIT | len=2
OpcodeLengths.java> OPLEN 159c0 slot=1436 PUSHFQ | PUSHFQ | len=2
OpcodeLengths.java> OPLEN 159d0 slot=1437 POPFQ | POPFQ | len=2
OpcodeLengths.java> OPLEN 159e0 slot=1438 SAHF | SAHF | len=2
OpcodeLengths.java> OPLEN 159f0 slot=1439 LAHF | LAHF | len=2
OpcodeLengths.java> OPLEN 15a00 slot=1440 MOV | MOV AL,[0x9090909090909080] | len=10
OpcodeLengths.java> OPLEN 15a10 slot=1441 MOV | MOV RAX,[0x9090909090909080] | len=10
OpcodeLengths.java> OPLEN 15a20 slot=1442 MOV | MOV [0x9090909090909080],AL | len=10
OpcodeLengths.java> OPLEN 15a30 slot=1443 MOV | MOV [0x9090909090909080],RAX | len=10
OpcodeLengths.java> OPLEN 15a40 slot=1444 MOVSB | MOVSB RDI,RSI | len=2
OpcodeLengths.java> OPLEN 15a50 slot=1445 MOVSQ | MOVSQ RDI,RSI | len=2
OpcodeLengths.java> OPLEN 15a60 slot=1446 CMPSB | CMPSB RDI,RSI | len=2
OpcodeLengths.java> OPLEN 15a70 slot=1447 CMPSD | CMPSD RDI,RSI | len=2
OpcodeLengths.java> OPLEN 15a80 slot=1448 TEST | TEST AL,0x80 | len=3
OpcodeLengths.java> OPLEN 15a90 slot=1449 TEST | TEST RAX,-0x6f6f6f80 | len=6
OpcodeLengths.java> OPLEN 15aa0 slot=1450 STOSB | STOSB RDI | len=2
OpcodeLengths.java> OPLEN 15ab0 slot=1451 STOSQ | STOSQ RDI | len=2
OpcodeLengths.java> OPLEN 15ac0 slot=1452 LODSB | LODSB RSI | len=2
OpcodeLengths.java> OPLEN 15ad0 slot=1453 LODSQ | LODSQ RSI | len=2
OpcodeLengths.java> OPLEN 15ae0 slot=1454 SCASB | SCASB RDI | len=2
OpcodeLengths.java> OPLEN 15af0 slot=1455 SCASQ | SCASQ RDI | len=2
OpcodeLengths.java> OPLEN 15b00 slot=1456 MOV | MOV AL,0x80 | len=3
OpcodeLengths.java> OPLEN 15b10 slot=1457 MOV | MOV CL,0x80 | len=3
OpcodeLengths.java> OPLEN 15b20 slot=1458 MOV | MOV DL,0x80 | len=3
OpcodeLengths.java> OPLEN 15b30 slot=1459 MOV | MOV BL,0x80 | len=3
OpcodeLengths.java> OPLEN 15b40 slot=1460 MOV | MOV SPL,0x80 | len=3
OpcodeLengths.java> OPLEN 15b50 slot=1461 MOV | MOV BPL,0x80 | len=3
OpcodeLengths.java> OPLEN 15b60 slot=1462 MOV | MOV SIL,0x80 | len=3
OpcodeLengths.java> OPLEN 15b70 slot=1463 MOV | MOV DIL,0x80 | len=3
OpcodeLengths.java> OPLEN 15b80 slot=1464 MOV | MOV RAX,-0x6f6f6f6f6f6f6f80 | len=10
OpcodeLengths.java> OPLEN 15b90 slot=1465 MOV | MOV RCX,-0x6f6f6f6f6f6f6f80 | len=10
OpcodeLengths.java> OPLEN 15ba0 slot=1466 MOV | MOV RDX,-0x6f6f6f6f6f6f6f80 | len=10
OpcodeLengths.java> OPLEN 15bb0 slot=1467 MOV | MOV RBX,-0x6f6f6f6f6f6f6f80 | len=10
OpcodeLengths.java> OPLEN 15bc0 slot=1468 MOV | MOV RSP,-0x6f6f6f6f6f6f6f80 | len=10
OpcodeLengths.java> OPLEN 15bd0 slot=1469 MOV | MOV RBP,-0x6f6f6f6f6f6f6f80 | len=10
OpcodeLengths.java> OPLEN 15be0 slot=1470 MOV | MOV RSI,-0x6f6f6f6f6f6f6f80 | len=10
OpcodeLengths.java> OPLEN 15bf0 slot=1471 MOV | MOV RDI,-0x6f6f6f6f6f6f6f80 | len=10
OpcodeLengths.java> OPLEN 15c00 slot=1472 ROL | ROL byte ptr [RAX + -0x6f6f6f70],0x90 | len=8
OpcodeLengths.java> OPLEN 15c10 slot=1473 ROL | ROL qword ptr [RAX + -0x6f6f6f70],0x90 | len=8
OpcodeLengths.java> OPLEN 15c20 slot=1474 RET | RET 0x9080 | len=4
OpcodeLengths.java> OPLEN 15c30 slot=1475 RET | RET | len=2
OpcodeLengths.java> OPLEN 15c40 slot=1476 NONE
OpcodeLengths.java> OPLEN 15c50 slot=1477 NONE
OpcodeLengths.java> OPLEN 15c60 slot=1478 MOV | MOV byte ptr [RAX + -0x6f6f6f70],0x90 | len=8
OpcodeLengths.java> OPLEN 15c70 slot=1479 MOV | MOV qword ptr [RAX + -0x6f6f6f70],-0x6f6f6f70 | len=11
OpcodeLengths.java> OPLEN 15c80 slot=1480 ENTER | ENTER 0x9080,0x10 | len=5
OpcodeLengths.java> OPLEN 15c90 slot=1481 LEAVE | LEAVE | len=2
OpcodeLengths.java> OPLEN 15ca0 slot=1482 RETF | RETF 0x9080 | len=4
OpcodeLengths.java> OPLEN 15cb0 slot=1483 RETF | RETF | len=2
OpcodeLengths.java> OPLEN 15cc0 slot=1484 INT3 | INT3 | len=2
OpcodeLengths.java> OPLEN 15cd0 slot=1485 INT | INT 0x80 | len=3
OpcodeLengths.java> OPLEN 15ce0 slot=1486 NONE
OpcodeLengths.java> OPLEN 15cf0 slot=1487 IRETQ | IRETQ | len=2
OpcodeLengths.java> OPLEN 15d00 slot=1488 ROL | ROL byte ptr [RAX + -0x6f6f6f70],0x1 | len=7
OpcodeLengths.java> OPLEN 15d10 slot=1489 ROL | ROL qword ptr [RAX + -0x6f6f6f70],0x1 | len=7
OpcodeLengths.java> OPLEN 15d20 slot=1490 ROL | ROL byte ptr [RAX + -0x6f6f6f70],CL | len=7
OpcodeLengths.java> OPLEN 15d30 slot=1491 ROL | ROL qword ptr [RAX + -0x6f6f6f70],CL | len=7
OpcodeLengths.java> OPLEN 15d40 slot=1492 NONE
OpcodeLengths.java> OPLEN 15d50 slot=1493 NONE
OpcodeLengths.java> OPLEN 15d60 slot=1494 NONE
OpcodeLengths.java> OPLEN 15d70 slot=1495 XLAT | XLAT RBX | len=2
OpcodeLengths.java> OPLEN 15d80 slot=1496 FADD | FADD float ptr [RAX + -0x6f6f6f70] | len=7
OpcodeLengths.java> OPLEN 15d90 slot=1497 FLD | FLD float ptr [RAX + -0x6f6f6f70] | len=7
OpcodeLengths.java> OPLEN 15da0 slot=1498 FIADD | FIADD dword ptr [RAX + -0x6f6f6f70] | len=7
OpcodeLengths.java> OPLEN 15db0 slot=1499 FILD | FILD dword ptr [RAX + -0x6f6f6f70] | len=7
OpcodeLengths.java> OPLEN 15dc0 slot=1500 FADD | FADD double ptr [RAX + -0x6f6f6f70] | len=7
OpcodeLengths.java> OPLEN 15dd0 slot=1501 FLD | FLD double ptr [RAX + -0x6f6f6f70] | len=7
OpcodeLengths.java> OPLEN 15de0 slot=1502 FIADD | FIADD word ptr [RAX + -0x6f6f6f70] | len=7
OpcodeLengths.java> OPLEN 15df0 slot=1503 FILD | FILD word ptr [RAX + -0x6f6f6f70] | len=7
OpcodeLengths.java> OPLEN 15e00 slot=1504 LOOPNZ | LOOPNZ 0x00015d83 | len=3
OpcodeLengths.java> OPLEN 15e10 slot=1505 LOOPZ | LOOPZ 0x00015d93 | len=3
OpcodeLengths.java> OPLEN 15e20 slot=1506 LOOP | LOOP 0x00015da3 | len=3
OpcodeLengths.java> OPLEN 15e30 slot=1507 JRCXZ | JRCXZ 0x00015db3 | len=3
OpcodeLengths.java> OPLEN 15e40 slot=1508 IN | IN AL,0x80 | len=3
OpcodeLengths.java> OPLEN 15e50 slot=1509 IN | IN RAX,0x80 | len=3
OpcodeLengths.java> OPLEN 15e60 slot=1510 OUT | OUT 0x80,AL | len=3
OpcodeLengths.java> OPLEN 15e70 slot=1511 OUT | OUT 0x80,EAX | len=3
OpcodeLengths.java> OPLEN 15e80 slot=1512 CALL | CALL 0xffffffff9091ef06 | len=6
OpcodeLengths.java> OPLEN 15e90 slot=1513 JMP | JMP 0xffffffff9091ef16 | len=6
OpcodeLengths.java> OPLEN 15ea0 slot=1514 NONE
OpcodeLengths.java> OPLEN 15eb0 slot=1515 JMP | JMP 0x00015e33 | len=3
OpcodeLengths.java> OPLEN 15ec0 slot=1516 IN | IN AL,DX | len=2
OpcodeLengths.java> OPLEN 15ed0 slot=1517 IN | IN RAX,DX | len=2
OpcodeLengths.java> OPLEN 15ee0 slot=1518 OUT | OUT DX,AL | len=2
OpcodeLengths.java> OPLEN 15ef0 slot=1519 OUT | OUT DX,EAX | len=2
OpcodeLengths.java> OPLEN 15f00 slot=1520 NONE
OpcodeLengths.java> OPLEN 15f10 slot=1521 INT1 | INT1 | len=2
OpcodeLengths.java> OPLEN 15f20 slot=1522 NONE
OpcodeLengths.java> OPLEN 15f30 slot=1523 NONE
OpcodeLengths.java> OPLEN 15f40 slot=1524 HLT | HLT | len=2
OpcodeLengths.java> OPLEN 15f50 slot=1525 CMC | CMC | len=2
OpcodeLengths.java> OPLEN 15f60 slot=1526 TEST | TEST byte ptr [RAX + -0x6f6f6f70],0x90 | len=8
OpcodeLengths.java> OPLEN 15f70 slot=1527 TEST | TEST qword ptr [RAX + -0x6f6f6f70],-0x6f6f6f70 | len=11
OpcodeLengths.java> OPLEN 15f80 slot=1528 CLC | CLC | len=2
OpcodeLengths.java> OPLEN 15f90 slot=1529 STC | STC | len=2
OpcodeLengths.java> OPLEN 15fa0 slot=1530 CLI | CLI | len=2
OpcodeLengths.java> OPLEN 15fb0 slot=1531 STI | STI | len=2
OpcodeLengths.java> OPLEN 15fc0 slot=1532 CLD | CLD | len=2
OpcodeLengths.java> OPLEN 15fd0 slot=1533 STD | STD | len=2
OpcodeLengths.java> OPLEN 15fe0 slot=1534 INC | INC byte ptr [RAX + -0x6f6f6f70] | len=7
OpcodeLengths.java> OPLEN 15ff0 slot=1535 INC | INC qword ptr [RAX + -0x6f6f6f70] | len=7
OpcodeLengths.java> OPLEN 16000 slot=1536 ADD | ADD byte ptr [RAX],AL | len=4
OpcodeLengths.java> OPLEN 16010 slot=1537 ADD | ADD qword ptr [RAX],RAX | len=4
OpcodeLengths.java> OPLEN 16020 slot=1538 ADD | ADD AL,byte ptr [RAX] | len=4
OpcodeLengths.java> OPLEN 16030 slot=1539 ADD | ADD RAX,qword ptr [RAX] | len=4
OpcodeLengths.java> OPLEN 16040 slot=1540 ADD | ADD AL,0x0 | len=4
OpcodeLengths.java> OPLEN 16050 slot=1541 ADD | ADD RAX,-0x6f6f7000 | len=7
OpcodeLengths.java> OPLEN 16060 slot=1542 NONE
OpcodeLengths.java> OPLEN 16070 slot=1543 NONE
OpcodeLengths.java> OPLEN 16080 slot=1544 OR | OR byte ptr [RAX],AL | len=4
OpcodeLengths.java> OPLEN 16090 slot=1545 OR | OR qword ptr [RAX],RAX | len=4
OpcodeLengths.java> OPLEN 160a0 slot=1546 OR | OR AL,byte ptr [RAX] | len=4
OpcodeLengths.java> OPLEN 160b0 slot=1547 OR | OR RAX,qword ptr [RAX] | len=4
OpcodeLengths.java> OPLEN 160c0 slot=1548 OR | OR AL,0x0 | len=4
OpcodeLengths.java> OPLEN 160d0 slot=1549 OR | OR RAX,-0x6f6f7000 | len=7
OpcodeLengths.java> OPLEN 160e0 slot=1550 NONE
OpcodeLengths.java> OPLEN 160f0 slot=1551 LLDT | LLDT word ptr [RAX + -0x6f6f6f70] | len=9
OpcodeLengths.java> OPLEN 16100 slot=1552 ADC | ADC byte ptr [RAX],AL | len=4
OpcodeLengths.java> OPLEN 16110 slot=1553 ADC | ADC qword ptr [RAX],RAX | len=4
OpcodeLengths.java> OPLEN 16120 slot=1554 ADC | ADC AL,byte ptr [RAX] | len=4
OpcodeLengths.java> OPLEN 16130 slot=1555 ADC | ADC RAX,qword ptr [RAX] | len=4
OpcodeLengths.java> OPLEN 16140 slot=1556 ADC | ADC AL,0x0 | len=4
OpcodeLengths.java> OPLEN 16150 slot=1557 ADC | ADC RAX,-0x6f6f7000 | len=7
OpcodeLengths.java> OPLEN 16160 slot=1558 NONE
OpcodeLengths.java> OPLEN 16170 slot=1559 NONE
OpcodeLengths.java> OPLEN 16180 slot=1560 SBB | SBB byte ptr [RAX],AL | len=4
OpcodeLengths.java> OPLEN 16190 slot=1561 SBB | SBB qword ptr [RAX],RAX | len=4
OpcodeLengths.java> OPLEN 161a0 slot=1562 SBB | SBB AL,byte ptr [RAX] | len=4
OpcodeLengths.java> OPLEN 161b0 slot=1563 SBB | SBB RAX,qword ptr [RAX] | len=4
OpcodeLengths.java> OPLEN 161c0 slot=1564 SBB | SBB AL,0x0 | len=4
OpcodeLengths.java> OPLEN 161d0 slot=1565 SBB | SBB RAX,-0x6f6f7000 | len=7
OpcodeLengths.java> OPLEN 161e0 slot=1566 NONE
OpcodeLengths.java> OPLEN 161f0 slot=1567 NONE
OpcodeLengths.java> OPLEN 16200 slot=1568 AND | AND byte ptr [RAX],AL | len=4
OpcodeLengths.java> OPLEN 16210 slot=1569 AND | AND qword ptr [RAX],RAX | len=4
OpcodeLengths.java> OPLEN 16220 slot=1570 AND | AND AL,byte ptr [RAX] | len=4
OpcodeLengths.java> OPLEN 16230 slot=1571 AND | AND RAX,qword ptr [RAX] | len=4
OpcodeLengths.java> OPLEN 16240 slot=1572 AND | AND AL,0x0 | len=4
OpcodeLengths.java> OPLEN 16250 slot=1573 AND | AND RAX,-0x6f6f7000 | len=7
OpcodeLengths.java> OPLEN 16260 slot=1574 NONE
OpcodeLengths.java> OPLEN 16270 slot=1575 NONE
OpcodeLengths.java> OPLEN 16280 slot=1576 SUB | SUB byte ptr [RAX],AL | len=4
OpcodeLengths.java> OPLEN 16290 slot=1577 SUB | SUB qword ptr [RAX],RAX | len=4
OpcodeLengths.java> OPLEN 162a0 slot=1578 SUB | SUB AL,byte ptr [RAX] | len=4
OpcodeLengths.java> OPLEN 162b0 slot=1579 SUB | SUB RAX,qword ptr [RAX] | len=4
OpcodeLengths.java> OPLEN 162c0 slot=1580 SUB | SUB AL,0x0 | len=4
OpcodeLengths.java> OPLEN 162d0 slot=1581 SUB | SUB RAX,-0x6f6f7000 | len=7
OpcodeLengths.java> OPLEN 162e0 slot=1582 NONE
OpcodeLengths.java> OPLEN 162f0 slot=1583 NONE
OpcodeLengths.java> OPLEN 16300 slot=1584 XOR | XOR byte ptr [RAX],AL | len=4
OpcodeLengths.java> OPLEN 16310 slot=1585 XOR | XOR qword ptr [RAX],RAX | len=4
OpcodeLengths.java> OPLEN 16320 slot=1586 XOR | XOR AL,byte ptr [RAX] | len=4
OpcodeLengths.java> OPLEN 16330 slot=1587 XOR | XOR RAX,qword ptr [RAX] | len=4
OpcodeLengths.java> OPLEN 16340 slot=1588 XOR | XOR AL,0x0 | len=4
OpcodeLengths.java> OPLEN 16350 slot=1589 XOR | XOR RAX,-0x6f6f7000 | len=7
OpcodeLengths.java> OPLEN 16360 slot=1590 NONE
OpcodeLengths.java> OPLEN 16370 slot=1591 NONE
OpcodeLengths.java> OPLEN 16380 slot=1592 CMP | CMP byte ptr [RAX],AL | len=4
OpcodeLengths.java> OPLEN 16390 slot=1593 CMP | CMP qword ptr [RAX],RAX | len=4
OpcodeLengths.java> OPLEN 163a0 slot=1594 CMP | CMP AL,byte ptr [RAX] | len=4
OpcodeLengths.java> OPLEN 163b0 slot=1595 CMP | CMP RAX,qword ptr [RAX] | len=4
OpcodeLengths.java> OPLEN 163c0 slot=1596 CMP | CMP AL,0x0 | len=4
OpcodeLengths.java> OPLEN 163d0 slot=1597 CMP | CMP RAX,-0x6f6f7000 | len=7
OpcodeLengths.java> OPLEN 163e0 slot=1598 NONE
OpcodeLengths.java> OPLEN 163f0 slot=1599 NONE
OpcodeLengths.java> OPLEN 16400 slot=1600 NONE
OpcodeLengths.java> OPLEN 16410 slot=1601 NONE
OpcodeLengths.java> OPLEN 16420 slot=1602 NONE
OpcodeLengths.java> OPLEN 16430 slot=1603 NONE
OpcodeLengths.java> OPLEN 16440 slot=1604 NONE
OpcodeLengths.java> OPLEN 16450 slot=1605 NONE
OpcodeLengths.java> OPLEN 16460 slot=1606 NONE
OpcodeLengths.java> OPLEN 16470 slot=1607 NONE
OpcodeLengths.java> OPLEN 16480 slot=1608 NONE
OpcodeLengths.java> OPLEN 16490 slot=1609 NONE
OpcodeLengths.java> OPLEN 164a0 slot=1610 NONE
OpcodeLengths.java> OPLEN 164b0 slot=1611 NONE
OpcodeLengths.java> OPLEN 164c0 slot=1612 NONE
OpcodeLengths.java> OPLEN 164d0 slot=1613 NONE
OpcodeLengths.java> OPLEN 164e0 slot=1614 NONE
OpcodeLengths.java> OPLEN 164f0 slot=1615 NONE
OpcodeLengths.java> OPLEN 16500 slot=1616 PUSH | PUSH RAX | len=3
OpcodeLengths.java> OPLEN 16510 slot=1617 PUSH | PUSH RCX | len=3
OpcodeLengths.java> OPLEN 16520 slot=1618 PUSH | PUSH RDX | len=3
OpcodeLengths.java> OPLEN 16530 slot=1619 PUSH | PUSH RBX | len=3
OpcodeLengths.java> OPLEN 16540 slot=1620 PUSH | PUSH RSP | len=3
OpcodeLengths.java> OPLEN 16550 slot=1621 PUSH | PUSH RBP | len=3
OpcodeLengths.java> OPLEN 16560 slot=1622 PUSH | PUSH RSI | len=3
OpcodeLengths.java> OPLEN 16570 slot=1623 PUSH | PUSH RDI | len=3
OpcodeLengths.java> OPLEN 16580 slot=1624 POP | POP RAX | len=3
OpcodeLengths.java> OPLEN 16590 slot=1625 POP | POP RCX | len=3
OpcodeLengths.java> OPLEN 165a0 slot=1626 POP | POP RDX | len=3
OpcodeLengths.java> OPLEN 165b0 slot=1627 POP | POP RBX | len=3
OpcodeLengths.java> OPLEN 165c0 slot=1628 POP | POP RSP | len=3
OpcodeLengths.java> OPLEN 165d0 slot=1629 POP | POP RBP | len=3
OpcodeLengths.java> OPLEN 165e0 slot=1630 POP | POP RSI | len=3
OpcodeLengths.java> OPLEN 165f0 slot=1631 POP | POP RDI | len=3
OpcodeLengths.java> OPLEN 16600 slot=1632 NONE
OpcodeLengths.java> OPLEN 16610 slot=1633 NONE
OpcodeLengths.java> OPLEN 16620 slot=1634 NONE
OpcodeLengths.java> OPLEN 16630 slot=1635 MOVSXD | MOVSXD RAX,dword ptr [RAX] | len=4
OpcodeLengths.java> OPLEN 16640 slot=1636 NONE
OpcodeLengths.java> OPLEN 16650 slot=1637 NONE
OpcodeLengths.java> OPLEN 16660 slot=1638 NONE
OpcodeLengths.java> OPLEN 16670 slot=1639 NONE
OpcodeLengths.java> OPLEN 16680 slot=1640 PUSH | PUSH -0x6f6f7000 | len=7
OpcodeLengths.java> OPLEN 16690 slot=1641 IMUL | IMUL RAX,qword ptr [RAX],-0x6f6f6f70 | len=8
OpcodeLengths.java> OPLEN 166a0 slot=1642 PUSH | PUSH 0x0 | len=4
OpcodeLengths.java> OPLEN 166b0 slot=1643 IMUL | IMUL RAX,qword ptr [RAX],-0x70 | len=5
OpcodeLengths.java> OPLEN 166c0 slot=1644 INSB | INSB RDI,DX | len=3
OpcodeLengths.java> OPLEN 166d0 slot=1645 INSD | INSD RDI,DX | len=3
OpcodeLengths.java> OPLEN 166e0 slot=1646 OUTSB | OUTSB DX,RSI | len=3
OpcodeLengths.java> OPLEN 166f0 slot=1647 OUTSD | OUTSD DX,RSI | len=3
OpcodeLengths.java> OPLEN 16700 slot=1648 JO | JO 0x00016704 | len=4
OpcodeLengths.java> OPLEN 16710 slot=1649 JNO | JNO 0x00016714 | len=4
OpcodeLengths.java> OPLEN 16720 slot=1650 JC | JC 0x00016724 | len=4
OpcodeLengths.java> OPLEN 16730 slot=1651 JNC | JNC 0x00016734 | len=4
OpcodeLengths.java> OPLEN 16740 slot=1652 JZ | JZ 0x00016744 | len=4
OpcodeLengths.java> OPLEN 16750 slot=1653 JNZ | JNZ 0x00016754 | len=4
OpcodeLengths.java> OPLEN 16760 slot=1654 JBE | JBE 0x00016764 | len=4
OpcodeLengths.java> OPLEN 16770 slot=1655 JA | JA 0x00016774 | len=4
OpcodeLengths.java> OPLEN 16780 slot=1656 JS | JS 0x00016784 | len=4
OpcodeLengths.java> OPLEN 16790 slot=1657 JNS | JNS 0x00016794 | len=4
OpcodeLengths.java> OPLEN 167a0 slot=1658 JP | JP 0x000167a4 | len=4
OpcodeLengths.java> OPLEN 167b0 slot=1659 JNP | JNP 0x000167b4 | len=4
OpcodeLengths.java> OPLEN 167c0 slot=1660 JL | JL 0x000167c4 | len=4
OpcodeLengths.java> OPLEN 167d0 slot=1661 JGE | JGE 0x000167d4 | len=4
OpcodeLengths.java> OPLEN 167e0 slot=1662 JLE | JLE 0x000167e4 | len=4
OpcodeLengths.java> OPLEN 167f0 slot=1663 JG | JG 0x000167f4 | len=4
OpcodeLengths.java> OPLEN 16800 slot=1664 ADD | ADD byte ptr [RAX],0x90 | len=5
OpcodeLengths.java> OPLEN 16810 slot=1665 ADD | ADD qword ptr [RAX],-0x6f6f6f70 | len=8
OpcodeLengths.java> OPLEN 16820 slot=1666 NONE
OpcodeLengths.java> OPLEN 16830 slot=1667 ADD | ADD qword ptr [RAX],-0x70 | len=5
OpcodeLengths.java> OPLEN 16840 slot=1668 TEST | TEST byte ptr [RAX],AL | len=4
OpcodeLengths.java> OPLEN 16850 slot=1669 TEST | TEST qword ptr [RAX],RAX | len=4
OpcodeLengths.java> OPLEN 16860 slot=1670 XCHG | XCHG byte ptr [RAX],AL | len=4
OpcodeLengths.java> OPLEN 16870 slot=1671 XCHG | XCHG qword ptr [RAX],RAX | len=4
OpcodeLengths.java> OPLEN 16880 slot=1672 MOV | MOV byte ptr [RAX],AL | len=4
OpcodeLengths.java> OPLEN 16890 slot=1673 MOV | MOV qword ptr [RAX],RAX | len=4
OpcodeLengths.java> OPLEN 168a0 slot=1674 MOV | MOV AL,byte ptr [RAX] | len=4
OpcodeLengths.java> OPLEN 168b0 slot=1675 MOV | MOV RAX,qword ptr [RAX] | len=4
OpcodeLengths.java> OPLEN 168c0 slot=1676 MOV | MOV word ptr [RAX],ES | len=4
OpcodeLengths.java> OPLEN 168d0 slot=1677 LEA | LEA RAX,[RAX] | len=4
OpcodeLengths.java> OPLEN 168e0 slot=1678 MOV | MOV ES,word ptr [RAX] | len=4
OpcodeLengths.java> OPLEN 168f0 slot=1679 POP | POP qword ptr [RAX] | len=4
OpcodeLengths.java> OPLEN 16900 slot=1680 NOP | NOP | len=3
OpcodeLengths.java> OPLEN 16910 slot=1681 XCHG | XCHG RAX,RCX | len=3
OpcodeLengths.java> OPLEN 16920 slot=1682 XCHG | XCHG RAX,RDX | len=3
OpcodeLengths.java> OPLEN 16930 slot=1683 XCHG | XCHG RAX,RBX | len=3
OpcodeLengths.java> OPLEN 16940 slot=1684 XCHG | XCHG RAX,RSP | len=3
OpcodeLengths.java> OPLEN 16950 slot=1685 XCHG | XCHG RAX,RBP | len=3
OpcodeLengths.java> OPLEN 16960 slot=1686 XCHG | XCHG RAX,RSI | len=3
OpcodeLengths.java> OPLEN 16970 slot=1687 XCHG | XCHG RAX,RDI | len=3
OpcodeLengths.java> OPLEN 16980 slot=1688 CDQE | CDQE | len=3
OpcodeLengths.java> OPLEN 16990 slot=1689 CQO | CQO | len=3
OpcodeLengths.java> OPLEN 169a0 slot=1690 NONE
OpcodeLengths.java> OPLEN 169b0 slot=1691 WAIT | WAIT | len=3
OpcodeLengths.java> OPLEN 169c0 slot=1692 PUSHFQ | PUSHFQ | len=3
OpcodeLengths.java> OPLEN 169d0 slot=1693 POPFQ | POPFQ | len=3
OpcodeLengths.java> OPLEN 169e0 slot=1694 SAHF | SAHF | len=3
OpcodeLengths.java> OPLEN 169f0 slot=1695 LAHF | LAHF | len=3
OpcodeLengths.java> OPLEN 16a00 slot=1696 MOV | MOV AL,[0x9090909090909000] | len=11
OpcodeLengths.java> OPLEN 16a10 slot=1697 MOV | MOV RAX,[0x9090909090909000] | len=11
OpcodeLengths.java> OPLEN 16a20 slot=1698 MOV | MOV [0x9090909090909000],AL | len=11
OpcodeLengths.java> OPLEN 16a30 slot=1699 MOV | MOV [0x9090909090909000],RAX | len=11
OpcodeLengths.java> OPLEN 16a40 slot=1700 MOVSB | MOVSB RDI,RSI | len=3
OpcodeLengths.java> OPLEN 16a50 slot=1701 MOVSQ | MOVSQ RDI,RSI | len=3
OpcodeLengths.java> OPLEN 16a60 slot=1702 CMPSB | CMPSB RDI,RSI | len=3
OpcodeLengths.java> OPLEN 16a70 slot=1703 CMPSD | CMPSD RDI,RSI | len=3
OpcodeLengths.java> OPLEN 16a80 slot=1704 TEST | TEST AL,0x0 | len=4
OpcodeLengths.java> OPLEN 16a90 slot=1705 TEST | TEST RAX,-0x6f6f7000 | len=7
OpcodeLengths.java> OPLEN 16aa0 slot=1706 STOSB | STOSB RDI | len=3
OpcodeLengths.java> OPLEN 16ab0 slot=1707 STOSQ | STOSQ RDI | len=3
OpcodeLengths.java> OPLEN 16ac0 slot=1708 LODSB | LODSB RSI | len=3
OpcodeLengths.java> OPLEN 16ad0 slot=1709 LODSQ | LODSQ RSI | len=3
OpcodeLengths.java> OPLEN 16ae0 slot=1710 SCASB | SCASB RDI | len=3
OpcodeLengths.java> OPLEN 16af0 slot=1711 SCASQ | SCASQ RDI | len=3
OpcodeLengths.java> OPLEN 16b00 slot=1712 MOV | MOV AL,0x0 | len=4
OpcodeLengths.java> OPLEN 16b10 slot=1713 MOV | MOV CL,0x0 | len=4
OpcodeLengths.java> OPLEN 16b20 slot=1714 MOV | MOV DL,0x0 | len=4
OpcodeLengths.java> OPLEN 16b30 slot=1715 MOV | MOV BL,0x0 | len=4
OpcodeLengths.java> OPLEN 16b40 slot=1716 MOV | MOV SPL,0x0 | len=4
OpcodeLengths.java> OPLEN 16b50 slot=1717 MOV | MOV BPL,0x0 | len=4
OpcodeLengths.java> OPLEN 16b60 slot=1718 MOV | MOV SIL,0x0 | len=4
OpcodeLengths.java> OPLEN 16b70 slot=1719 MOV | MOV DIL,0x0 | len=4
OpcodeLengths.java> OPLEN 16b80 slot=1720 MOV | MOV RAX,-0x6f6f6f6f6f6f7000 | len=11
OpcodeLengths.java> OPLEN 16b90 slot=1721 MOV | MOV RCX,-0x6f6f6f6f6f6f7000 | len=11
OpcodeLengths.java> OPLEN 16ba0 slot=1722 MOV | MOV RDX,-0x6f6f6f6f6f6f7000 | len=11
OpcodeLengths.java> OPLEN 16bb0 slot=1723 MOV | MOV RBX,-0x6f6f6f6f6f6f7000 | len=11
OpcodeLengths.java> OPLEN 16bc0 slot=1724 MOV | MOV RSP,-0x6f6f6f6f6f6f7000 | len=11
OpcodeLengths.java> OPLEN 16bd0 slot=1725 MOV | MOV RBP,-0x6f6f6f6f6f6f7000 | len=11
OpcodeLengths.java> OPLEN 16be0 slot=1726 MOV | MOV RSI,-0x6f6f6f6f6f6f7000 | len=11
OpcodeLengths.java> OPLEN 16bf0 slot=1727 MOV | MOV RDI,-0x6f6f6f6f6f6f7000 | len=11
OpcodeLengths.java> OPLEN 16c00 slot=1728 ROL | ROL byte ptr [RAX],0x90 | len=5
OpcodeLengths.java> OPLEN 16c10 slot=1729 ROL | ROL qword ptr [RAX],0x90 | len=5
OpcodeLengths.java> OPLEN 16c20 slot=1730 RET | RET 0x9000 | len=5
OpcodeLengths.java> OPLEN 16c30 slot=1731 RET | RET | len=3
OpcodeLengths.java> OPLEN 16c40 slot=1732 NONE
OpcodeLengths.java> OPLEN 16c50 slot=1733 NONE
OpcodeLengths.java> OPLEN 16c60 slot=1734 MOV | MOV byte ptr [RAX],0x90 | len=5
OpcodeLengths.java> OPLEN 16c70 slot=1735 MOV | MOV qword ptr [RAX],-0x6f6f6f70 | len=8
OpcodeLengths.java> OPLEN 16c80 slot=1736 ENTER | ENTER 0x9000,0x10 | len=6
OpcodeLengths.java> OPLEN 16c90 slot=1737 LEAVE | LEAVE | len=3
OpcodeLengths.java> OPLEN 16ca0 slot=1738 RETF | RETF 0x9000 | len=5
OpcodeLengths.java> OPLEN 16cb0 slot=1739 RETF | RETF | len=3
OpcodeLengths.java> OPLEN 16cc0 slot=1740 INT3 | INT3 | len=3
OpcodeLengths.java> OPLEN 16cd0 slot=1741 INT | INT 0x0 | len=4
OpcodeLengths.java> OPLEN 16ce0 slot=1742 NONE
OpcodeLengths.java> OPLEN 16cf0 slot=1743 IRETQ | IRETQ | len=3
OpcodeLengths.java> OPLEN 16d00 slot=1744 ROL | ROL byte ptr [RAX],0x1 | len=4
OpcodeLengths.java> OPLEN 16d10 slot=1745 ROL | ROL qword ptr [RAX],0x1 | len=4
OpcodeLengths.java> OPLEN 16d20 slot=1746 ROL | ROL byte ptr [RAX],CL | len=4
OpcodeLengths.java> OPLEN 16d30 slot=1747 ROL | ROL qword ptr [RAX],CL | len=4
OpcodeLengths.java> OPLEN 16d40 slot=1748 NONE
OpcodeLengths.java> OPLEN 16d50 slot=1749 NONE
OpcodeLengths.java> OPLEN 16d60 slot=1750 NONE
OpcodeLengths.java> OPLEN 16d70 slot=1751 XLAT | XLAT RBX | len=3
OpcodeLengths.java> OPLEN 16d80 slot=1752 FADD | FADD float ptr [RAX] | len=4
OpcodeLengths.java> OPLEN 16d90 slot=1753 FLD | FLD float ptr [RAX] | len=4
OpcodeLengths.java> OPLEN 16da0 slot=1754 FIADD | FIADD dword ptr [RAX] | len=4
OpcodeLengths.java> OPLEN 16db0 slot=1755 FILD | FILD dword ptr [RAX] | len=4
OpcodeLengths.java> OPLEN 16dc0 slot=1756 FADD | FADD double ptr [RAX] | len=4
OpcodeLengths.java> OPLEN 16dd0 slot=1757 FLD | FLD double ptr [RAX] | len=4
OpcodeLengths.java> OPLEN 16de0 slot=1758 FIADD | FIADD word ptr [RAX] | len=4
OpcodeLengths.java> OPLEN 16df0 slot=1759 FILD | FILD word ptr [RAX] | len=4
OpcodeLengths.java> OPLEN 16e00 slot=1760 LOOPNZ | LOOPNZ 0x00016e04 | len=4
OpcodeLengths.java> OPLEN 16e10 slot=1761 LOOPZ | LOOPZ 0x00016e14 | len=4
OpcodeLengths.java> OPLEN 16e20 slot=1762 LOOP | LOOP 0x00016e24 | len=4
OpcodeLengths.java> OPLEN 16e30 slot=1763 JRCXZ | JRCXZ 0x00016e34 | len=4
OpcodeLengths.java> OPLEN 16e40 slot=1764 IN | IN AL,0x0 | len=4
OpcodeLengths.java> OPLEN 16e50 slot=1765 IN | IN RAX,0x0 | len=4
OpcodeLengths.java> OPLEN 16e60 slot=1766 OUT | OUT 0x0,AL | len=4
OpcodeLengths.java> OPLEN 16e70 slot=1767 OUT | OUT 0x0,EAX | len=4
OpcodeLengths.java> OPLEN 16e80 slot=1768 CALL | CALL 0xffffffff9091fe87 | len=7
OpcodeLengths.java> OPLEN 16e90 slot=1769 JMP | JMP 0xffffffff9091fe97 | len=7
OpcodeLengths.java> OPLEN 16ea0 slot=1770 NONE
OpcodeLengths.java> OPLEN 16eb0 slot=1771 JMP | JMP 0x00016eb4 | len=4
OpcodeLengths.java> OPLEN 16ec0 slot=1772 IN | IN AL,DX | len=3
OpcodeLengths.java> OPLEN 16ed0 slot=1773 IN | IN RAX,DX | len=3
OpcodeLengths.java> OPLEN 16ee0 slot=1774 OUT | OUT DX,AL | len=3
OpcodeLengths.java> OPLEN 16ef0 slot=1775 OUT | OUT DX,EAX | len=3
OpcodeLengths.java> OPLEN 16f00 slot=1776 NONE
OpcodeLengths.java> OPLEN 16f10 slot=1777 INT1 | INT1 | len=3
OpcodeLengths.java> OPLEN 16f20 slot=1778 NONE
OpcodeLengths.java> OPLEN 16f30 slot=1779 NONE
OpcodeLengths.java> OPLEN 16f40 slot=1780 HLT | HLT | len=3
OpcodeLengths.java> OPLEN 16f50 slot=1781 CMC | CMC | len=3
OpcodeLengths.java> OPLEN 16f60 slot=1782 TEST | TEST byte ptr [RAX],0x90 | len=5
OpcodeLengths.java> OPLEN 16f70 slot=1783 TEST | TEST qword ptr [RAX],-0x6f6f6f70 | len=8
OpcodeLengths.java> OPLEN 16f80 slot=1784 CLC | CLC | len=3
OpcodeLengths.java> OPLEN 16f90 slot=1785 STC | STC | len=3
OpcodeLengths.java> OPLEN 16fa0 slot=1786 CLI | CLI | len=3
OpcodeLengths.java> OPLEN 16fb0 slot=1787 STI | STI | len=3
OpcodeLengths.java> OPLEN 16fc0 slot=1788 CLD | CLD | len=3
OpcodeLengths.java> OPLEN 16fd0 slot=1789 STD | STD | len=3
OpcodeLengths.java> OPLEN 16fe0 slot=1790 INC | INC byte ptr [RAX] | len=4
OpcodeLengths.java> OPLEN 16ff0 slot=1791 INC | INC qword ptr [RAX] | len=4
OpcodeLengths.java> OPLEN 17000 slot=1792 ADD | ADD byte ptr [RAX + -0x6f6f6f70],AL | len=8
OpcodeLengths.java> OPLEN 17010 slot=1793 ADD | ADD qword ptr [RAX + -0x6f6f6f70],RAX | len=8
OpcodeLengths.java> OPLEN 17020 slot=1794 ADD | ADD AL,byte ptr [RAX + -0x6f6f6f70] | len=8
OpcodeLengths.java> OPLEN 17030 slot=1795 ADD | ADD RAX,qword ptr [RAX + -0x6f6f6f70] | len=8
OpcodeLengths.java> OPLEN 17040 slot=1796 ADD | ADD AL,0x80 | len=4
OpcodeLengths.java> OPLEN 17050 slot=1797 ADD | ADD RAX,-0x6f6f6f80 | len=7
OpcodeLengths.java> OPLEN 17060 slot=1798 NONE
OpcodeLengths.java> OPLEN 17070 slot=1799 NONE
OpcodeLengths.java> OPLEN 17080 slot=1800 OR | OR byte ptr [RAX + -0x6f6f6f70],AL | len=8
OpcodeLengths.java> OPLEN 17090 slot=1801 OR | OR qword ptr [RAX + -0x6f6f6f70],RAX | len=8
OpcodeLengths.java> OPLEN 170a0 slot=1802 OR | OR AL,byte ptr [RAX + -0x6f6f6f70] | len=8
OpcodeLengths.java> OPLEN 170b0 slot=1803 OR | OR RAX,qword ptr [RAX + -0x6f6f6f70] | len=8
OpcodeLengths.java> OPLEN 170c0 slot=1804 OR | OR AL,0x80 | len=4
OpcodeLengths.java> OPLEN 170d0 slot=1805 OR | OR RAX,-0x6f6f6f80 | len=7
OpcodeLengths.java> OPLEN 170e0 slot=1806 NONE
OpcodeLengths.java> OPLEN 170f0 slot=1807 JO | JO 0xffffffff90920188 | len=8
OpcodeLengths.java> OPLEN 17100 slot=1808 ADC | ADC byte ptr [RAX + -0x6f6f6f70],AL | len=8
OpcodeLengths.java> OPLEN 17110 slot=1809 ADC | ADC qword ptr [RAX + -0x6f6f6f70],RAX | len=8
OpcodeLengths.java> OPLEN 17120 slot=1810 ADC | ADC AL,byte ptr [RAX + -0x6f6f6f70] | len=8
OpcodeLengths.java> OPLEN 17130 slot=1811 ADC | ADC RAX,qword ptr [RAX + -0x6f6f6f70] | len=8
OpcodeLengths.java> OPLEN 17140 slot=1812 ADC | ADC AL,0x80 | len=4
OpcodeLengths.java> OPLEN 17150 slot=1813 ADC | ADC RAX,-0x6f6f6f80 | len=7
OpcodeLengths.java> OPLEN 17160 slot=1814 NONE
OpcodeLengths.java> OPLEN 17170 slot=1815 NONE
OpcodeLengths.java> OPLEN 17180 slot=1816 SBB | SBB byte ptr [RAX + -0x6f6f6f70],AL | len=8
OpcodeLengths.java> OPLEN 17190 slot=1817 SBB | SBB qword ptr [RAX + -0x6f6f6f70],RAX | len=8
OpcodeLengths.java> OPLEN 171a0 slot=1818 SBB | SBB AL,byte ptr [RAX + -0x6f6f6f70] | len=8
OpcodeLengths.java> OPLEN 171b0 slot=1819 SBB | SBB RAX,qword ptr [RAX + -0x6f6f6f70] | len=8
OpcodeLengths.java> OPLEN 171c0 slot=1820 SBB | SBB AL,0x80 | len=4
OpcodeLengths.java> OPLEN 171d0 slot=1821 SBB | SBB RAX,-0x6f6f6f80 | len=7
OpcodeLengths.java> OPLEN 171e0 slot=1822 NONE
OpcodeLengths.java> OPLEN 171f0 slot=1823 NONE
OpcodeLengths.java> OPLEN 17200 slot=1824 AND | AND byte ptr [RAX + -0x6f6f6f70],AL | len=8
OpcodeLengths.java> OPLEN 17210 slot=1825 AND | AND qword ptr [RAX + -0x6f6f6f70],RAX | len=8
OpcodeLengths.java> OPLEN 17220 slot=1826 AND | AND AL,byte ptr [RAX + -0x6f6f6f70] | len=8
OpcodeLengths.java> OPLEN 17230 slot=1827 AND | AND RAX,qword ptr [RAX + -0x6f6f6f70] | len=8
OpcodeLengths.java> OPLEN 17240 slot=1828 AND | AND AL,0x80 | len=4
OpcodeLengths.java> OPLEN 17250 slot=1829 AND | AND RAX,-0x6f6f6f80 | len=7
OpcodeLengths.java> OPLEN 17260 slot=1830 NONE
OpcodeLengths.java> OPLEN 17270 slot=1831 NONE
OpcodeLengths.java> OPLEN 17280 slot=1832 SUB | SUB byte ptr [RAX + -0x6f6f6f70],AL | len=8
OpcodeLengths.java> OPLEN 17290 slot=1833 SUB | SUB qword ptr [RAX + -0x6f6f6f70],RAX | len=8
OpcodeLengths.java> OPLEN 172a0 slot=1834 SUB | SUB AL,byte ptr [RAX + -0x6f6f6f70] | len=8
OpcodeLengths.java> OPLEN 172b0 slot=1835 SUB | SUB RAX,qword ptr [RAX + -0x6f6f6f70] | len=8
OpcodeLengths.java> OPLEN 172c0 slot=1836 SUB | SUB AL,0x80 | len=4
OpcodeLengths.java> OPLEN 172d0 slot=1837 SUB | SUB RAX,-0x6f6f6f80 | len=7
OpcodeLengths.java> OPLEN 172e0 slot=1838 NONE
OpcodeLengths.java> OPLEN 172f0 slot=1839 NONE
OpcodeLengths.java> OPLEN 17300 slot=1840 XOR | XOR byte ptr [RAX + -0x6f6f6f70],AL | len=8
OpcodeLengths.java> OPLEN 17310 slot=1841 XOR | XOR qword ptr [RAX + -0x6f6f6f70],RAX | len=8
OpcodeLengths.java> OPLEN 17320 slot=1842 XOR | XOR AL,byte ptr [RAX + -0x6f6f6f70] | len=8
OpcodeLengths.java> OPLEN 17330 slot=1843 XOR | XOR RAX,qword ptr [RAX + -0x6f6f6f70] | len=8
OpcodeLengths.java> OPLEN 17340 slot=1844 XOR | XOR AL,0x80 | len=4
OpcodeLengths.java> OPLEN 17350 slot=1845 XOR | XOR RAX,-0x6f6f6f80 | len=7
OpcodeLengths.java> OPLEN 17360 slot=1846 NONE
OpcodeLengths.java> OPLEN 17370 slot=1847 NONE
OpcodeLengths.java> OPLEN 17380 slot=1848 CMP | CMP byte ptr [RAX + -0x6f6f6f70],AL | len=8
OpcodeLengths.java> OPLEN 17390 slot=1849 CMP | CMP qword ptr [RAX + -0x6f6f6f70],RAX | len=8
OpcodeLengths.java> OPLEN 173a0 slot=1850 CMP | CMP AL,byte ptr [RAX + -0x6f6f6f70] | len=8
OpcodeLengths.java> OPLEN 173b0 slot=1851 CMP | CMP RAX,qword ptr [RAX + -0x6f6f6f70] | len=8
OpcodeLengths.java> OPLEN 173c0 slot=1852 CMP | CMP AL,0x80 | len=4
OpcodeLengths.java> OPLEN 173d0 slot=1853 CMP | CMP RAX,-0x6f6f6f80 | len=7
OpcodeLengths.java> OPLEN 173e0 slot=1854 NONE
OpcodeLengths.java> OPLEN 173f0 slot=1855 NONE
OpcodeLengths.java> OPLEN 17400 slot=1856 NONE
OpcodeLengths.java> OPLEN 17410 slot=1857 NONE
OpcodeLengths.java> OPLEN 17420 slot=1858 NONE
OpcodeLengths.java> OPLEN 17430 slot=1859 NONE
OpcodeLengths.java> OPLEN 17440 slot=1860 NONE
OpcodeLengths.java> OPLEN 17450 slot=1861 NONE
OpcodeLengths.java> OPLEN 17460 slot=1862 NONE
OpcodeLengths.java> OPLEN 17470 slot=1863 NONE
OpcodeLengths.java> OPLEN 17480 slot=1864 NONE
OpcodeLengths.java> OPLEN 17490 slot=1865 NONE
OpcodeLengths.java> OPLEN 174a0 slot=1866 NONE
OpcodeLengths.java> OPLEN 174b0 slot=1867 NONE
OpcodeLengths.java> OPLEN 174c0 slot=1868 NONE
OpcodeLengths.java> OPLEN 174d0 slot=1869 NONE
OpcodeLengths.java> OPLEN 174e0 slot=1870 NONE
OpcodeLengths.java> OPLEN 174f0 slot=1871 NONE
OpcodeLengths.java> OPLEN 17500 slot=1872 PUSH | PUSH RAX | len=3
OpcodeLengths.java> OPLEN 17510 slot=1873 PUSH | PUSH RCX | len=3
OpcodeLengths.java> OPLEN 17520 slot=1874 PUSH | PUSH RDX | len=3
OpcodeLengths.java> OPLEN 17530 slot=1875 PUSH | PUSH RBX | len=3
OpcodeLengths.java> OPLEN 17540 slot=1876 PUSH | PUSH RSP | len=3
OpcodeLengths.java> OPLEN 17550 slot=1877 PUSH | PUSH RBP | len=3
OpcodeLengths.java> OPLEN 17560 slot=1878 PUSH | PUSH RSI | len=3
OpcodeLengths.java> OPLEN 17570 slot=1879 PUSH | PUSH RDI | len=3
OpcodeLengths.java> OPLEN 17580 slot=1880 POP | POP RAX | len=3
OpcodeLengths.java> OPLEN 17590 slot=1881 POP | POP RCX | len=3
OpcodeLengths.java> OPLEN 175a0 slot=1882 POP | POP RDX | len=3
OpcodeLengths.java> OPLEN 175b0 slot=1883 POP | POP RBX | len=3
OpcodeLengths.java> OPLEN 175c0 slot=1884 POP | POP RSP | len=3
OpcodeLengths.java> OPLEN 175d0 slot=1885 POP | POP RBP | len=3
OpcodeLengths.java> OPLEN 175e0 slot=1886 POP | POP RSI | len=3
OpcodeLengths.java> OPLEN 175f0 slot=1887 POP | POP RDI | len=3
OpcodeLengths.java> OPLEN 17600 slot=1888 NONE
OpcodeLengths.java> OPLEN 17610 slot=1889 NONE
OpcodeLengths.java> OPLEN 17620 slot=1890 NONE
OpcodeLengths.java> OPLEN 17630 slot=1891 MOVSXD | MOVSXD RAX,dword ptr [RAX + -0x6f6f6f70] | len=8
OpcodeLengths.java> OPLEN 17640 slot=1892 NONE
OpcodeLengths.java> OPLEN 17650 slot=1893 NONE
OpcodeLengths.java> OPLEN 17660 slot=1894 NONE
OpcodeLengths.java> OPLEN 17670 slot=1895 NONE
OpcodeLengths.java> OPLEN 17680 slot=1896 PUSH | PUSH -0x6f6f6f80 | len=7
OpcodeLengths.java> OPLEN 17690 slot=1897 IMUL | IMUL RAX,qword ptr [RAX + -0x6f6f6f70],-0x6f6f6f70 | len=12
OpcodeLengths.java> OPLEN 176a0 slot=1898 PUSH | PUSH -0x80 | len=4
OpcodeLengths.java> OPLEN 176b0 slot=1899 IMUL | IMUL RAX,qword ptr [RAX + -0x6f6f6f70],-0x70 | len=9
OpcodeLengths.java> OPLEN 176c0 slot=1900 INSB | INSB RDI,DX | len=3
OpcodeLengths.java> OPLEN 176d0 slot=1901 INSD | INSD RDI,DX | len=3
OpcodeLengths.java> OPLEN 176e0 slot=1902 OUTSB | OUTSB DX,RSI | len=3
OpcodeLengths.java> OPLEN 176f0 slot=1903 OUTSD | OUTSD DX,RSI | len=3
OpcodeLengths.java> OPLEN 17700 slot=1904 JO | JO 0x00017684 | len=4
OpcodeLengths.java> OPLEN 17710 slot=1905 JNO | JNO 0x00017694 | len=4
OpcodeLengths.java> OPLEN 17720 slot=1906 JC | JC 0x000176a4 | len=4
OpcodeLengths.java> OPLEN 17730 slot=1907 JNC | JNC 0x000176b4 | len=4
OpcodeLengths.java> OPLEN 17740 slot=1908 JZ | JZ 0x000176c4 | len=4
OpcodeLengths.java> OPLEN 17750 slot=1909 JNZ | JNZ 0x000176d4 | len=4
OpcodeLengths.java> OPLEN 17760 slot=1910 JBE | JBE 0x000176e4 | len=4
OpcodeLengths.java> OPLEN 17770 slot=1911 JA | JA 0x000176f4 | len=4
OpcodeLengths.java> OPLEN 17780 slot=1912 JS | JS 0x00017704 | len=4
OpcodeLengths.java> OPLEN 17790 slot=1913 JNS | JNS 0x00017714 | len=4
OpcodeLengths.java> OPLEN 177a0 slot=1914 JP | JP 0x00017724 | len=4
OpcodeLengths.java> OPLEN 177b0 slot=1915 JNP | JNP 0x00017734 | len=4
OpcodeLengths.java> OPLEN 177c0 slot=1916 JL | JL 0x00017744 | len=4
OpcodeLengths.java> OPLEN 177d0 slot=1917 JGE | JGE 0x00017754 | len=4
OpcodeLengths.java> OPLEN 177e0 slot=1918 JLE | JLE 0x00017764 | len=4
OpcodeLengths.java> OPLEN 177f0 slot=1919 JG | JG 0x00017774 | len=4
OpcodeLengths.java> OPLEN 17800 slot=1920 ADD | ADD byte ptr [RAX + -0x6f6f6f70],0x90 | len=9
OpcodeLengths.java> OPLEN 17810 slot=1921 ADD | ADD qword ptr [RAX + -0x6f6f6f70],-0x6f6f6f70 | len=12
OpcodeLengths.java> OPLEN 17820 slot=1922 NONE
OpcodeLengths.java> OPLEN 17830 slot=1923 ADD | ADD qword ptr [RAX + -0x6f6f6f70],-0x70 | len=9
OpcodeLengths.java> OPLEN 17840 slot=1924 TEST | TEST byte ptr [RAX + -0x6f6f6f70],AL | len=8
OpcodeLengths.java> OPLEN 17850 slot=1925 TEST | TEST qword ptr [RAX + -0x6f6f6f70],RAX | len=8
OpcodeLengths.java> OPLEN 17860 slot=1926 XCHG | XCHG byte ptr [RAX + -0x6f6f6f70],AL | len=8
OpcodeLengths.java> OPLEN 17870 slot=1927 XCHG | XCHG qword ptr [RAX + -0x6f6f6f70],RAX | len=8
OpcodeLengths.java> OPLEN 17880 slot=1928 MOV | MOV byte ptr [RAX + -0x6f6f6f70],AL | len=8
OpcodeLengths.java> OPLEN 17890 slot=1929 MOV | MOV qword ptr [RAX + -0x6f6f6f70],RAX | len=8
OpcodeLengths.java> OPLEN 178a0 slot=1930 MOV | MOV AL,byte ptr [RAX + -0x6f6f6f70] | len=8
OpcodeLengths.java> OPLEN 178b0 slot=1931 MOV | MOV RAX,qword ptr [RAX + -0x6f6f6f70] | len=8
OpcodeLengths.java> OPLEN 178c0 slot=1932 MOV | MOV word ptr [RAX + -0x6f6f6f70],ES | len=8
OpcodeLengths.java> OPLEN 178d0 slot=1933 LEA | LEA RAX,[RAX + -0x6f6f6f70] | len=8
OpcodeLengths.java> OPLEN 178e0 slot=1934 MOV | MOV ES,word ptr [RAX + -0x6f6f6f70] | len=8
OpcodeLengths.java> OPLEN 178f0 slot=1935 POP | POP qword ptr [RAX + -0x6f6f6f70] | len=8
OpcodeLengths.java> OPLEN 17900 slot=1936 NOP | NOP | len=3
OpcodeLengths.java> OPLEN 17910 slot=1937 XCHG | XCHG RAX,RCX | len=3
OpcodeLengths.java> OPLEN 17920 slot=1938 XCHG | XCHG RAX,RDX | len=3
OpcodeLengths.java> OPLEN 17930 slot=1939 XCHG | XCHG RAX,RBX | len=3
OpcodeLengths.java> OPLEN 17940 slot=1940 XCHG | XCHG RAX,RSP | len=3
OpcodeLengths.java> OPLEN 17950 slot=1941 XCHG | XCHG RAX,RBP | len=3
OpcodeLengths.java> OPLEN 17960 slot=1942 XCHG | XCHG RAX,RSI | len=3
OpcodeLengths.java> OPLEN 17970 slot=1943 XCHG | XCHG RAX,RDI | len=3
OpcodeLengths.java> OPLEN 17980 slot=1944 CDQE | CDQE | len=3
OpcodeLengths.java> OPLEN 17990 slot=1945 CQO | CQO | len=3
OpcodeLengths.java> OPLEN 179a0 slot=1946 NONE
OpcodeLengths.java> OPLEN 179b0 slot=1947 WAIT | WAIT | len=3
OpcodeLengths.java> OPLEN 179c0 slot=1948 PUSHFQ | PUSHFQ | len=3
OpcodeLengths.java> OPLEN 179d0 slot=1949 POPFQ | POPFQ | len=3
OpcodeLengths.java> OPLEN 179e0 slot=1950 SAHF | SAHF | len=3
OpcodeLengths.java> OPLEN 179f0 slot=1951 LAHF | LAHF | len=3
OpcodeLengths.java> OPLEN 17a00 slot=1952 MOV | MOV AL,[0x9090909090909080] | len=11
OpcodeLengths.java> OPLEN 17a10 slot=1953 MOV | MOV RAX,[0x9090909090909080] | len=11
OpcodeLengths.java> OPLEN 17a20 slot=1954 MOV | MOV [0x9090909090909080],AL | len=11
OpcodeLengths.java> OPLEN 17a30 slot=1955 MOV | MOV [0x9090909090909080],RAX | len=11
OpcodeLengths.java> OPLEN 17a40 slot=1956 MOVSB | MOVSB RDI,RSI | len=3
OpcodeLengths.java> OPLEN 17a50 slot=1957 MOVSQ | MOVSQ RDI,RSI | len=3
OpcodeLengths.java> OPLEN 17a60 slot=1958 CMPSB | CMPSB RDI,RSI | len=3
OpcodeLengths.java> OPLEN 17a70 slot=1959 CMPSD | CMPSD RDI,RSI | len=3
OpcodeLengths.java> OPLEN 17a80 slot=1960 TEST | TEST AL,0x80 | len=4
OpcodeLengths.java> OPLEN 17a90 slot=1961 TEST | TEST RAX,-0x6f6f6f80 | len=7
OpcodeLengths.java> OPLEN 17aa0 slot=1962 STOSB | STOSB RDI | len=3
OpcodeLengths.java> OPLEN 17ab0 slot=1963 STOSQ | STOSQ RDI | len=3
OpcodeLengths.java> OPLEN 17ac0 slot=1964 LODSB | LODSB RSI | len=3
OpcodeLengths.java> OPLEN 17ad0 slot=1965 LODSQ | LODSQ RSI | len=3
OpcodeLengths.java> OPLEN 17ae0 slot=1966 SCASB | SCASB RDI | len=3
OpcodeLengths.java> OPLEN 17af0 slot=1967 SCASQ | SCASQ RDI | len=3
OpcodeLengths.java> OPLEN 17b00 slot=1968 MOV | MOV AL,0x80 | len=4
OpcodeLengths.java> OPLEN 17b10 slot=1969 MOV | MOV CL,0x80 | len=4
OpcodeLengths.java> OPLEN 17b20 slot=1970 MOV | MOV DL,0x80 | len=4
OpcodeLengths.java> OPLEN 17b30 slot=1971 MOV | MOV BL,0x80 | len=4
OpcodeLengths.java> OPLEN 17b40 slot=1972 MOV | MOV SPL,0x80 | len=4
OpcodeLengths.java> OPLEN 17b50 slot=1973 MOV | MOV BPL,0x80 | len=4
OpcodeLengths.java> OPLEN 17b60 slot=1974 MOV | MOV SIL,0x80 | len=4
OpcodeLengths.java> OPLEN 17b70 slot=1975 MOV | MOV DIL,0x80 | len=4
OpcodeLengths.java> OPLEN 17b80 slot=1976 MOV | MOV RAX,-0x6f6f6f6f6f6f6f80 | len=11
OpcodeLengths.java> OPLEN 17b90 slot=1977 MOV | MOV RCX,-0x6f6f6f6f6f6f6f80 | len=11
OpcodeLengths.java> OPLEN 17ba0 slot=1978 MOV | MOV RDX,-0x6f6f6f6f6f6f6f80 | len=11
OpcodeLengths.java> OPLEN 17bb0 slot=1979 MOV | MOV RBX,-0x6f6f6f6f6f6f6f80 | len=11
OpcodeLengths.java> OPLEN 17bc0 slot=1980 MOV | MOV RSP,-0x6f6f6f6f6f6f6f80 | len=11
OpcodeLengths.java> OPLEN 17bd0 slot=1981 MOV | MOV RBP,-0x6f6f6f6f6f6f6f80 | len=11
OpcodeLengths.java> OPLEN 17be0 slot=1982 MOV | MOV RSI,-0x6f6f6f6f6f6f6f80 | len=11
OpcodeLengths.java> OPLEN 17bf0 slot=1983 MOV | MOV RDI,-0x6f6f6f6f6f6f6f80 | len=11
OpcodeLengths.java> OPLEN 17c00 slot=1984 ROL | ROL byte ptr [RAX + -0x6f6f6f70],0x90 | len=9
OpcodeLengths.java> OPLEN 17c10 slot=1985 ROL | ROL qword ptr [RAX + -0x6f6f6f70],0x90 | len=9
OpcodeLengths.java> OPLEN 17c20 slot=1986 RET | RET 0x9080 | len=5
OpcodeLengths.java> OPLEN 17c30 slot=1987 RET | RET | len=3
OpcodeLengths.java> OPLEN 17c40 slot=1988 NONE
OpcodeLengths.java> OPLEN 17c50 slot=1989 NONE
OpcodeLengths.java> OPLEN 17c60 slot=1990 MOV | MOV byte ptr [RAX + -0x6f6f6f70],0x90 | len=9
OpcodeLengths.java> OPLEN 17c70 slot=1991 MOV | MOV qword ptr [RAX + -0x6f6f6f70],-0x6f6f6f70 | len=12
OpcodeLengths.java> OPLEN 17c80 slot=1992 ENTER | ENTER 0x9080,0x10 | len=6
OpcodeLengths.java> OPLEN 17c90 slot=1993 LEAVE | LEAVE | len=3
OpcodeLengths.java> OPLEN 17ca0 slot=1994 RETF | RETF 0x9080 | len=5
OpcodeLengths.java> OPLEN 17cb0 slot=1995 RETF | RETF | len=3
OpcodeLengths.java> OPLEN 17cc0 slot=1996 INT3 | INT3 | len=3
OpcodeLengths.java> OPLEN 17cd0 slot=1997 INT | INT 0x80 | len=4
OpcodeLengths.java> OPLEN 17ce0 slot=1998 NONE
OpcodeLengths.java> OPLEN 17cf0 slot=1999 IRETQ | IRETQ | len=3
OpcodeLengths.java> OPLEN 17d00 slot=2000 ROL | ROL byte ptr [RAX + -0x6f6f6f70],0x1 | len=8
OpcodeLengths.java> OPLEN 17d10 slot=2001 ROL | ROL qword ptr [RAX + -0x6f6f6f70],0x1 | len=8
OpcodeLengths.java> OPLEN 17d20 slot=2002 ROL | ROL byte ptr [RAX + -0x6f6f6f70],CL | len=8
OpcodeLengths.java> OPLEN 17d30 slot=2003 ROL | ROL qword ptr [RAX + -0x6f6f6f70],CL | len=8
OpcodeLengths.java> OPLEN 17d40 slot=2004 NONE
OpcodeLengths.java> OPLEN 17d50 slot=2005 NONE
OpcodeLengths.java> OPLEN 17d60 slot=2006 NONE
OpcodeLengths.java> OPLEN 17d70 slot=2007 XLAT | XLAT RBX | len=3
OpcodeLengths.java> OPLEN 17d80 slot=2008 FADD | FADD float ptr [RAX + -0x6f6f6f70] | len=8
OpcodeLengths.java> OPLEN 17d90 slot=2009 FLD | FLD float ptr [RAX + -0x6f6f6f70] | len=8
OpcodeLengths.java> OPLEN 17da0 slot=2010 FIADD | FIADD dword ptr [RAX + -0x6f6f6f70] | len=8
OpcodeLengths.java> OPLEN 17db0 slot=2011 FILD | FILD dword ptr [RAX + -0x6f6f6f70] | len=8
OpcodeLengths.java> OPLEN 17dc0 slot=2012 FADD | FADD double ptr [RAX + -0x6f6f6f70] | len=8
OpcodeLengths.java> OPLEN 17dd0 slot=2013 FLD | FLD double ptr [RAX + -0x6f6f6f70] | len=8
OpcodeLengths.java> OPLEN 17de0 slot=2014 FIADD | FIADD word ptr [RAX + -0x6f6f6f70] | len=8
OpcodeLengths.java> OPLEN 17df0 slot=2015 FILD | FILD word ptr [RAX + -0x6f6f6f70] | len=8
OpcodeLengths.java> OPLEN 17e00 slot=2016 LOOPNZ | LOOPNZ 0x00017d84 | len=4
OpcodeLengths.java> OPLEN 17e10 slot=2017 LOOPZ | LOOPZ 0x00017d94 | len=4
OpcodeLengths.java> OPLEN 17e20 slot=2018 LOOP | LOOP 0x00017da4 | len=4
OpcodeLengths.java> OPLEN 17e30 slot=2019 JRCXZ | JRCXZ 0x00017db4 | len=4
OpcodeLengths.java> OPLEN 17e40 slot=2020 IN | IN AL,0x80 | len=4
OpcodeLengths.java> OPLEN 17e50 slot=2021 IN | IN RAX,0x80 | len=4
OpcodeLengths.java> OPLEN 17e60 slot=2022 OUT | OUT 0x80,AL | len=4
OpcodeLengths.java> OPLEN 17e70 slot=2023 OUT | OUT 0x80,EAX | len=4
OpcodeLengths.java> OPLEN 17e80 slot=2024 CALL | CALL 0xffffffff90920f07 | len=7
OpcodeLengths.java> OPLEN 17e90 slot=2025 JMP | JMP 0xffffffff90920f17 | len=7
OpcodeLengths.java> OPLEN 17ea0 slot=2026 NONE
OpcodeLengths.java> OPLEN 17eb0 slot=2027 JMP | JMP 0x00017e34 | len=4
OpcodeLengths.java> OPLEN 17ec0 slot=2028 IN | IN AL,DX | len=3
OpcodeLengths.java> OPLEN 17ed0 slot=2029 IN | IN RAX,DX | len=3
OpcodeLengths.java> OPLEN 17ee0 slot=2030 OUT | OUT DX,AL | len=3
OpcodeLengths.java> OPLEN 17ef0 slot=2031 OUT | OUT DX,EAX | len=3
OpcodeLengths.java> OPLEN 17f00 slot=2032 NONE
OpcodeLengths.java> OPLEN 17f10 slot=2033 INT1 | INT1 | len=3
OpcodeLengths.java> OPLEN 17f20 slot=2034 NONE
OpcodeLengths.java> OPLEN 17f30 slot=2035 NONE
OpcodeLengths.java> OPLEN 17f40 slot=2036 HLT | HLT | len=3
OpcodeLengths.java> OPLEN 17f50 slot=2037 CMC | CMC | len=3
OpcodeLengths.java> OPLEN 17f60 slot=2038 TEST | TEST byte ptr [RAX + -0x6f6f6f70],0x90 | len=9
OpcodeLengths.java> OPLEN 17f70 slot=2039 TEST | TEST qword ptr [RAX + -0x6f6f6f70],-0x6f6f6f70 | len=12
OpcodeLengths.java> OPLEN 17f80 slot=2040 CLC | CLC | len=3
OpcodeLengths.java> OPLEN 17f90 slot=2041 STC | STC | len=3
OpcodeLengths.java> OPLEN 17fa0 slot=2042 CLI | CLI | len=3
OpcodeLengths.java> OPLEN 17fb0 slot=2043 STI | STI | len=3
OpcodeLengths.java> OPLEN 17fc0 slot=2044 CLD | CLD | len=3
OpcodeLengths.java> OPLEN 17fd0 slot=2045 STD | STD | len=3
OpcodeLengths.java> OPLEN 17fe0 slot=2046 INC | INC byte ptr [RAX + -0x6f6f6f70] | len=8
OpcodeLengths.java> OPLEN 17ff0 slot=2047 INC | INC qword ptr [RAX + -0x6f6f6f70] | len=8
OpcodeLengths.java> OPLEN 18000 slot=2048 ADD | ADD byte ptr [RAX],CL | len=2
OpcodeLengths.java> OPLEN 18010 slot=2049 ADD | ADD dword ptr [RAX],ECX | len=2
OpcodeLengths.java> OPLEN 18020 slot=2050 ADD | ADD CL,byte ptr [RAX] | len=2
OpcodeLengths.java> OPLEN 18030 slot=2051 ADD | ADD ECX,dword ptr [RAX] | len=2
OpcodeLengths.java> OPLEN 18040 slot=2052 ADD | ADD AL,0x8 | len=2
OpcodeLengths.java> OPLEN 18050 slot=2053 ADD | ADD EAX,0x90909008 | len=5
OpcodeLengths.java> OPLEN 18060 slot=2054 NONE
OpcodeLengths.java> OPLEN 18070 slot=2055 NONE
OpcodeLengths.java> OPLEN 18080 slot=2056 OR | OR byte ptr [RAX],CL | len=2
OpcodeLengths.java> OPLEN 18090 slot=2057 OR | OR dword ptr [RAX],ECX | len=2
OpcodeLengths.java> OPLEN 180a0 slot=2058 OR | OR CL,byte ptr [RAX] | len=2
OpcodeLengths.java> OPLEN 180b0 slot=2059 OR | OR ECX,dword ptr [RAX] | len=2
OpcodeLengths.java> OPLEN 180c0 slot=2060 OR | OR AL,0x8 | len=2
OpcodeLengths.java> OPLEN 180d0 slot=2061 OR | OR EAX,0x90909008 | len=5
OpcodeLengths.java> OPLEN 180e0 slot=2062 NONE
OpcodeLengths.java> OPLEN 180f0 slot=2063 INVD | INVD | len=2
OpcodeLengths.java> OPLEN 18100 slot=2064 ADC | ADC byte ptr [RAX],CL | len=2
OpcodeLengths.java> OPLEN 18110 slot=2065 ADC | ADC dword ptr [RAX],ECX | len=2
OpcodeLengths.java> OPLEN 18120 slot=2066 ADC | ADC CL,byte ptr [RAX] | len=2
OpcodeLengths.java> OPLEN 18130 slot=2067 ADC | ADC ECX,dword ptr [RAX] | len=2
OpcodeLengths.java> OPLEN 18140 slot=2068 ADC | ADC AL,0x8 | len=2
OpcodeLengths.java> OPLEN 18150 slot=2069 ADC | ADC EAX,0x90909008 | len=5
OpcodeLengths.java> OPLEN 18160 slot=2070 NONE
OpcodeLengths.java> OPLEN 18170 slot=2071 NONE
OpcodeLengths.java> OPLEN 18180 slot=2072 SBB | SBB byte ptr [RAX],CL | len=2
OpcodeLengths.java> OPLEN 18190 slot=2073 SBB | SBB dword ptr [RAX],ECX | len=2
OpcodeLengths.java> OPLEN 181a0 slot=2074 SBB | SBB CL,byte ptr [RAX] | len=2
OpcodeLengths.java> OPLEN 181b0 slot=2075 SBB | SBB ECX,dword ptr [RAX] | len=2
OpcodeLengths.java> OPLEN 181c0 slot=2076 SBB | SBB AL,0x8 | len=2
OpcodeLengths.java> OPLEN 181d0 slot=2077 SBB | SBB EAX,0x90909008 | len=5
OpcodeLengths.java> OPLEN 181e0 slot=2078 NONE
OpcodeLengths.java> OPLEN 181f0 slot=2079 NONE
OpcodeLengths.java> OPLEN 18200 slot=2080 AND | AND byte ptr [RAX],CL | len=2
OpcodeLengths.java> OPLEN 18210 slot=2081 AND | AND dword ptr [RAX],ECX | len=2
OpcodeLengths.java> OPLEN 18220 slot=2082 AND | AND CL,byte ptr [RAX] | len=2
OpcodeLengths.java> OPLEN 18230 slot=2083 AND | AND ECX,dword ptr [RAX] | len=2
OpcodeLengths.java> OPLEN 18240 slot=2084 AND | AND AL,0x8 | len=2
OpcodeLengths.java> OPLEN 18250 slot=2085 AND | AND EAX,0x90909008 | len=5
OpcodeLengths.java> OPLEN 18260 slot=2086 OR | OR byte ptr ES:[RAX + -0x6f6f6f70],DL | len=7
OpcodeLengths.java> OPLEN 18270 slot=2087 NONE
OpcodeLengths.java> OPLEN 18280 slot=2088 SUB | SUB byte ptr [RAX],CL | len=2
OpcodeLengths.java> OPLEN 18290 slot=2089 SUB | SUB dword ptr [RAX],ECX | len=2
OpcodeLengths.java> OPLEN 182a0 slot=2090 SUB | SUB CL,byte ptr [RAX] | len=2
OpcodeLengths.java> OPLEN 182b0 slot=2091 SUB | SUB ECX,dword ptr [RAX] | len=2
OpcodeLengths.java> OPLEN 182c0 slot=2092 SUB | SUB AL,0x8 | len=2
OpcodeLengths.java> OPLEN 182d0 slot=2093 SUB | SUB EAX,0x90909008 | len=5
OpcodeLengths.java> OPLEN 182e0 slot=2094 OR | OR byte ptr CS:[RAX + -0x6f6f6f70],DL | len=7
OpcodeLengths.java> OPLEN 182f0 slot=2095 NONE
OpcodeLengths.java> OPLEN 18300 slot=2096 XOR | XOR byte ptr [RAX],CL | len=2
OpcodeLengths.java> OPLEN 18310 slot=2097 XOR | XOR dword ptr [RAX],ECX | len=2
OpcodeLengths.java> OPLEN 18320 slot=2098 XOR | XOR CL,byte ptr [RAX] | len=2
OpcodeLengths.java> OPLEN 18330 slot=2099 XOR | XOR ECX,dword ptr [RAX] | len=2
OpcodeLengths.java> OPLEN 18340 slot=2100 XOR | XOR AL,0x8 | len=2
OpcodeLengths.java> OPLEN 18350 slot=2101 XOR | XOR EAX,0x90909008 | len=5
OpcodeLengths.java> OPLEN 18360 slot=2102 OR | OR byte ptr SS:[RAX + -0x6f6f6f70],DL | len=7
OpcodeLengths.java> OPLEN 18370 slot=2103 NONE
OpcodeLengths.java> OPLEN 18380 slot=2104 CMP | CMP byte ptr [RAX],CL | len=2
OpcodeLengths.java> OPLEN 18390 slot=2105 CMP | CMP dword ptr [RAX],ECX | len=2
OpcodeLengths.java> OPLEN 183a0 slot=2106 CMP | CMP CL,byte ptr [RAX] | len=2
OpcodeLengths.java> OPLEN 183b0 slot=2107 CMP | CMP ECX,dword ptr [RAX] | len=2
OpcodeLengths.java> OPLEN 183c0 slot=2108 CMP | CMP AL,0x8 | len=2
OpcodeLengths.java> OPLEN 183d0 slot=2109 CMP | CMP EAX,0x90909008 | len=5
OpcodeLengths.java> OPLEN 183e0 slot=2110 OR | OR byte ptr DS:[RAX + -0x6f6f6f70],DL | len=7
OpcodeLengths.java> OPLEN 183f0 slot=2111 NONE
OpcodeLengths.java> OPLEN 18400 slot=2112 OR | OR byte ptr [RAX + -0x6f6f6f70],DL | len=7
OpcodeLengths.java> OPLEN 18410 slot=2113 OR | OR byte ptr [R8 + -0x6f6f6f70],DL | len=7
OpcodeLengths.java> OPLEN 18420 slot=2114 OR | OR byte ptr [RAX + -0x6f6f6f70],DL | len=7
OpcodeLengths.java> OPLEN 18430 slot=2115 OR | OR byte ptr [R8 + -0x6f6f6f70],DL | len=7
OpcodeLengths.java> OPLEN 18440 slot=2116 OR | OR byte ptr [RAX + -0x6f6f6f70],R10B | len=7
OpcodeLengths.java> OPLEN 18450 slot=2117 OR | OR byte ptr [R8 + -0x6f6f6f70],R10B | len=7
OpcodeLengths.java> OPLEN 18460 slot=2118 OR | OR byte ptr [RAX + -0x6f6f6f70],R10B | len=7
OpcodeLengths.java> OPLEN 18470 slot=2119 OR | OR byte ptr [R8 + -0x6f6f6f70],R10B | len=7
OpcodeLengths.java> OPLEN 18480 slot=2120 OR | OR byte ptr [RAX + -0x6f6f6f70],DL | len=7
OpcodeLengths.java> OPLEN 18490 slot=2121 OR | OR byte ptr [R8 + -0x6f6f6f70],DL | len=7
OpcodeLengths.java> OPLEN 184a0 slot=2122 OR | OR byte ptr [RAX + -0x6f6f6f70],DL | len=7
OpcodeLengths.java> OPLEN 184b0 slot=2123 OR | OR byte ptr [R8 + -0x6f6f6f70],DL | len=7
OpcodeLengths.java> OPLEN 184c0 slot=2124 OR | OR byte ptr [RAX + -0x6f6f6f70],R10B | len=7
OpcodeLengths.java> OPLEN 184d0 slot=2125 OR | OR byte ptr [R8 + -0x6f6f6f70],R10B | len=7
OpcodeLengths.java> OPLEN 184e0 slot=2126 OR | OR byte ptr [RAX + -0x6f6f6f70],R10B | len=7
OpcodeLengths.java> OPLEN 184f0 slot=2127 OR | OR byte ptr [R8 + -0x6f6f6f70],R10B | len=7
OpcodeLengths.java> OPLEN 18500 slot=2128 PUSH | PUSH RAX | len=1
OpcodeLengths.java> OPLEN 18510 slot=2129 PUSH | PUSH RCX | len=1
OpcodeLengths.java> OPLEN 18520 slot=2130 PUSH | PUSH RDX | len=1
OpcodeLengths.java> OPLEN 18530 slot=2131 PUSH | PUSH RBX | len=1
OpcodeLengths.java> OPLEN 18540 slot=2132 PUSH | PUSH RSP | len=1
OpcodeLengths.java> OPLEN 18550 slot=2133 PUSH | PUSH RBP | len=1
OpcodeLengths.java> OPLEN 18560 slot=2134 PUSH | PUSH RSI | len=1
OpcodeLengths.java> OPLEN 18570 slot=2135 PUSH | PUSH RDI | len=1
OpcodeLengths.java> OPLEN 18580 slot=2136 POP | POP RAX | len=1
OpcodeLengths.java> OPLEN 18590 slot=2137 POP | POP RCX | len=1
OpcodeLengths.java> OPLEN 185a0 slot=2138 POP | POP RDX | len=1
OpcodeLengths.java> OPLEN 185b0 slot=2139 POP | POP RBX | len=1
OpcodeLengths.java> OPLEN 185c0 slot=2140 POP | POP RSP | len=1
OpcodeLengths.java> OPLEN 185d0 slot=2141 POP | POP RBP | len=1
OpcodeLengths.java> OPLEN 185e0 slot=2142 POP | POP RSI | len=1
OpcodeLengths.java> OPLEN 185f0 slot=2143 POP | POP RDI | len=1
OpcodeLengths.java> OPLEN 18600 slot=2144 NONE
OpcodeLengths.java> OPLEN 18610 slot=2145 NONE
OpcodeLengths.java> OPLEN 18620 slot=2146 NONE
OpcodeLengths.java> OPLEN 18630 slot=2147 MOVSXD | MOVSXD ECX,dword ptr [RAX] | len=2
OpcodeLengths.java> OPLEN 18640 slot=2148 OR | OR byte ptr FS:[RAX + -0x6f6f6f70],DL | len=7
OpcodeLengths.java> OPLEN 18650 slot=2149 OR | OR byte ptr GS:[RAX + -0x6f6f6f70],DL | len=7
OpcodeLengths.java> OPLEN 18660 slot=2150 OR | OR byte ptr [RAX + -0x6f6f6f70],DL | len=7
OpcodeLengths.java> OPLEN 18670 slot=2151 OR | OR byte ptr [EAX + 0x90909090],DL | len=7
OpcodeLengths.java> OPLEN 18680 slot=2152 PUSH | PUSH -0x6f6f6ff8 | len=5
OpcodeLengths.java> OPLEN 18690 slot=2153 IMUL | IMUL ECX,dword ptr [RAX],-0x6f6f6f70 | len=6
OpcodeLengths.java> OPLEN 186a0 slot=2154 PUSH | PUSH 0x8 | len=2
OpcodeLengths.java> OPLEN 186b0 slot=2155 IMUL | IMUL ECX,dword ptr [RAX],-0x70 | len=3
OpcodeLengths.java> OPLEN 186c0 slot=2156 INSB | INSB RDI,DX | len=1
OpcodeLengths.java> OPLEN 186d0 slot=2157 INSD | INSD RDI,DX | len=1
OpcodeLengths.java> OPLEN 186e0 slot=2158 OUTSB | OUTSB DX,RSI | len=1
OpcodeLengths.java> OPLEN 186f0 slot=2159 OUTSD | OUTSD DX,RSI | len=1
OpcodeLengths.java> OPLEN 18700 slot=2160 JO | JO 0x0001870a | len=2
OpcodeLengths.java> OPLEN 18710 slot=2161 JNO | JNO 0x0001871a | len=2
OpcodeLengths.java> OPLEN 18720 slot=2162 JC | JC 0x0001872a | len=2
OpcodeLengths.java> OPLEN 18730 slot=2163 JNC | JNC 0x0001873a | len=2
OpcodeLengths.java> OPLEN 18740 slot=2164 JZ | JZ 0x0001874a | len=2
OpcodeLengths.java> OPLEN 18750 slot=2165 JNZ | JNZ 0x0001875a | len=2
OpcodeLengths.java> OPLEN 18760 slot=2166 JBE | JBE 0x0001876a | len=2
OpcodeLengths.java> OPLEN 18770 slot=2167 JA | JA 0x0001877a | len=2
OpcodeLengths.java> OPLEN 18780 slot=2168 JS | JS 0x0001878a | len=2
OpcodeLengths.java> OPLEN 18790 slot=2169 JNS | JNS 0x0001879a | len=2
OpcodeLengths.java> OPLEN 187a0 slot=2170 JP | JP 0x000187aa | len=2
OpcodeLengths.java> OPLEN 187b0 slot=2171 JNP | JNP 0x000187ba | len=2
OpcodeLengths.java> OPLEN 187c0 slot=2172 JL | JL 0x000187ca | len=2
OpcodeLengths.java> OPLEN 187d0 slot=2173 JGE | JGE 0x000187da | len=2
OpcodeLengths.java> OPLEN 187e0 slot=2174 JLE | JLE 0x000187ea | len=2
OpcodeLengths.java> OPLEN 187f0 slot=2175 JG | JG 0x000187fa | len=2
OpcodeLengths.java> OPLEN 18800 slot=2176 OR | OR byte ptr [RAX],0x90 | len=3
OpcodeLengths.java> OPLEN 18810 slot=2177 OR | OR dword ptr [RAX],0x90909090 | len=6
OpcodeLengths.java> OPLEN 18820 slot=2178 NONE
OpcodeLengths.java> OPLEN 18830 slot=2179 OR | OR dword ptr [RAX],0xffffff90 | len=3
OpcodeLengths.java> OPLEN 18840 slot=2180 TEST | TEST byte ptr [RAX],CL | len=2
OpcodeLengths.java> OPLEN 18850 slot=2181 TEST | TEST dword ptr [RAX],ECX | len=2
OpcodeLengths.java> OPLEN 18860 slot=2182 XCHG | XCHG byte ptr [RAX],CL | len=2
OpcodeLengths.java> OPLEN 18870 slot=2183 XCHG | XCHG dword ptr [RAX],ECX | len=2
OpcodeLengths.java> OPLEN 18880 slot=2184 MOV | MOV byte ptr [RAX],CL | len=2
OpcodeLengths.java> OPLEN 18890 slot=2185 MOV | MOV dword ptr [RAX],ECX | len=2
OpcodeLengths.java> OPLEN 188a0 slot=2186 MOV | MOV CL,byte ptr [RAX] | len=2
OpcodeLengths.java> OPLEN 188b0 slot=2187 MOV | MOV ECX,dword ptr [RAX] | len=2
OpcodeLengths.java> OPLEN 188c0 slot=2188 MOV | MOV word ptr [RAX],CS | len=2
OpcodeLengths.java> OPLEN 188d0 slot=2189 LEA | LEA ECX,[RAX] | len=2
OpcodeLengths.java> OPLEN 188e0 slot=2190 MOV | MOV CS,word ptr [RAX] | len=2
OpcodeLengths.java> OPLEN 188f0 slot=2191 NONE
OpcodeLengths.java> OPLEN 18900 slot=2192 NOP | NOP | len=1
OpcodeLengths.java> OPLEN 18910 slot=2193 XCHG | XCHG EAX,ECX | len=1
OpcodeLengths.java> OPLEN 18920 slot=2194 XCHG | XCHG EAX,EDX | len=1
OpcodeLengths.java> OPLEN 18930 slot=2195 XCHG | XCHG EAX,EBX | len=1
OpcodeLengths.java> OPLEN 18940 slot=2196 XCHG | XCHG EAX,ESP | len=1
OpcodeLengths.java> OPLEN 18950 slot=2197 XCHG | XCHG EAX,EBP | len=1
OpcodeLengths.java> OPLEN 18960 slot=2198 XCHG | XCHG EAX,ESI | len=1
OpcodeLengths.java> OPLEN 18970 slot=2199 XCHG | XCHG EAX,EDI | len=1
OpcodeLengths.java> OPLEN 18980 slot=2200 CWDE | CWDE | len=1
OpcodeLengths.java> OPLEN 18990 slot=2201 CDQ | CDQ | len=1
OpcodeLengths.java> OPLEN 189a0 slot=2202 NONE
OpcodeLengths.java> OPLEN 189b0 slot=2203 WAIT | WAIT | len=1
OpcodeLengths.java> OPLEN 189c0 slot=2204 PUSHFQ | PUSHFQ | len=1
OpcodeLengths.java> OPLEN 189d0 slot=2205 POPFQ | POPFQ | len=1
OpcodeLengths.java> OPLEN 189e0 slot=2206 SAHF | SAHF | len=1
OpcodeLengths.java> OPLEN 189f0 slot=2207 LAHF | LAHF | len=1
OpcodeLengths.java> OPLEN 18a00 slot=2208 MOV | MOV AL,[0x9090909090909008] | len=9
OpcodeLengths.java> OPLEN 18a10 slot=2209 MOV | MOV EAX,[0x9090909090909008] | len=9
OpcodeLengths.java> OPLEN 18a20 slot=2210 MOV | MOV [0x9090909090909008],AL | len=9
OpcodeLengths.java> OPLEN 18a30 slot=2211 MOV | MOV [0x9090909090909008],EAX | len=9
OpcodeLengths.java> OPLEN 18a40 slot=2212 MOVSB | MOVSB RDI,RSI | len=1
OpcodeLengths.java> OPLEN 18a50 slot=2213 MOVSD | MOVSD RDI,RSI | len=1
OpcodeLengths.java> OPLEN 18a60 slot=2214 CMPSB | CMPSB RDI,RSI | len=1
OpcodeLengths.java> OPLEN 18a70 slot=2215 CMPSD | CMPSD RDI,RSI | len=1
OpcodeLengths.java> OPLEN 18a80 slot=2216 TEST | TEST AL,0x8 | len=2
OpcodeLengths.java> OPLEN 18a90 slot=2217 TEST | TEST EAX,0x90909008 | len=5
OpcodeLengths.java> OPLEN 18aa0 slot=2218 STOSB | STOSB RDI | len=1
OpcodeLengths.java> OPLEN 18ab0 slot=2219 STOSD | STOSD RDI | len=1
OpcodeLengths.java> OPLEN 18ac0 slot=2220 LODSB | LODSB RSI | len=1
OpcodeLengths.java> OPLEN 18ad0 slot=2221 LODSD | LODSD RSI | len=1
OpcodeLengths.java> OPLEN 18ae0 slot=2222 SCASB | SCASB RDI | len=1
OpcodeLengths.java> OPLEN 18af0 slot=2223 SCASD | SCASD RDI | len=1
OpcodeLengths.java> OPLEN 18b00 slot=2224 MOV | MOV AL,0x8 | len=2
OpcodeLengths.java> OPLEN 18b10 slot=2225 MOV | MOV CL,0x8 | len=2
OpcodeLengths.java> OPLEN 18b20 slot=2226 MOV | MOV DL,0x8 | len=2
OpcodeLengths.java> OPLEN 18b30 slot=2227 MOV | MOV BL,0x8 | len=2
OpcodeLengths.java> OPLEN 18b40 slot=2228 MOV | MOV AH,0x8 | len=2
OpcodeLengths.java> OPLEN 18b50 slot=2229 MOV | MOV CH,0x8 | len=2
OpcodeLengths.java> OPLEN 18b60 slot=2230 MOV | MOV DH,0x8 | len=2
OpcodeLengths.java> OPLEN 18b70 slot=2231 MOV | MOV BH,0x8 | len=2
OpcodeLengths.java> OPLEN 18b80 slot=2232 MOV | MOV EAX,0x90909008 | len=5
OpcodeLengths.java> OPLEN 18b90 slot=2233 MOV | MOV ECX,0x90909008 | len=5
OpcodeLengths.java> OPLEN 18ba0 slot=2234 MOV | MOV EDX,0x90909008 | len=5
OpcodeLengths.java> OPLEN 18bb0 slot=2235 MOV | MOV EBX,0x90909008 | len=5
OpcodeLengths.java> OPLEN 18bc0 slot=2236 MOV | MOV ESP,0x90909008 | len=5
OpcodeLengths.java> OPLEN 18bd0 slot=2237 MOV | MOV EBP,0x90909008 | len=5
OpcodeLengths.java> OPLEN 18be0 slot=2238 MOV | MOV ESI,0x90909008 | len=5
OpcodeLengths.java> OPLEN 18bf0 slot=2239 MOV | MOV EDI,0x90909008 | len=5
OpcodeLengths.java> OPLEN 18c00 slot=2240 ROR | ROR byte ptr [RAX],0x90 | len=3
OpcodeLengths.java> OPLEN 18c10 slot=2241 ROR | ROR dword ptr [RAX],0x90 | len=3
OpcodeLengths.java> OPLEN 18c20 slot=2242 RET | RET 0x9008 | len=3
OpcodeLengths.java> OPLEN 18c30 slot=2243 RET | RET | len=1
OpcodeLengths.java> OPLEN 18c40 slot=2244 NONE
OpcodeLengths.java> OPLEN 18c50 slot=2245 KMOVW | KMOVW K2,word ptr [RAX + -0x6f6f6f70] | len=8
OpcodeLengths.java> OPLEN 18c60 slot=2246 NONE
OpcodeLengths.java> OPLEN 18c70 slot=2247 NONE
OpcodeLengths.java> OPLEN 18c80 slot=2248 ENTER | ENTER 0x9008,0x10 | len=4
OpcodeLengths.java> OPLEN 18c90 slot=2249 LEAVE | LEAVE | len=1
OpcodeLengths.java> OPLEN 18ca0 slot=2250 RETF | RETF 0x9008 | len=3
OpcodeLengths.java> OPLEN 18cb0 slot=2251 RETF | RETF | len=1
OpcodeLengths.java> OPLEN 18cc0 slot=2252 INT3 | INT3 | len=1
OpcodeLengths.java> OPLEN 18cd0 slot=2253 INT | INT 0x8 | len=2
OpcodeLengths.java> OPLEN 18ce0 slot=2254 NONE
OpcodeLengths.java> OPLEN 18cf0 slot=2255 IRETD | IRETD | len=1
OpcodeLengths.java> OPLEN 18d00 slot=2256 ROR | ROR byte ptr [RAX],0x1 | len=2
OpcodeLengths.java> OPLEN 18d10 slot=2257 ROR | ROR dword ptr [RAX],0x1 | len=2
OpcodeLengths.java> OPLEN 18d20 slot=2258 ROR | ROR byte ptr [RAX],CL | len=2
OpcodeLengths.java> OPLEN 18d30 slot=2259 ROR | ROR dword ptr [RAX],CL | len=2
OpcodeLengths.java> OPLEN 18d40 slot=2260 NONE
OpcodeLengths.java> OPLEN 18d50 slot=2261 NONE
OpcodeLengths.java> OPLEN 18d60 slot=2262 NONE
OpcodeLengths.java> OPLEN 18d70 slot=2263 XLAT | XLAT RBX | len=1
OpcodeLengths.java> OPLEN 18d80 slot=2264 FMUL | FMUL float ptr [RAX] | len=2
OpcodeLengths.java> OPLEN 18d90 slot=2265 NONE
OpcodeLengths.java> OPLEN 18da0 slot=2266 FIMUL | FIMUL dword ptr [RAX] | len=2
OpcodeLengths.java> OPLEN 18db0 slot=2267 FISTTP | FISTTP dword ptr [RAX] | len=2
OpcodeLengths.java> OPLEN 18dc0 slot=2268 FMUL | FMUL double ptr [RAX] | len=2
OpcodeLengths.java> OPLEN 18dd0 slot=2269 FISTTP | FISTTP qword ptr [RAX] | len=2
OpcodeLengths.java> OPLEN 18de0 slot=2270 FIMUL | FIMUL word ptr [RAX] | len=2
OpcodeLengths.java> OPLEN 18df0 slot=2271 FISTTP | FISTTP word ptr [RAX] | len=2
OpcodeLengths.java> OPLEN 18e00 slot=2272 LOOPNZ | LOOPNZ 0x00018e0a | len=2
OpcodeLengths.java> OPLEN 18e10 slot=2273 LOOPZ | LOOPZ 0x00018e1a | len=2
OpcodeLengths.java> OPLEN 18e20 slot=2274 LOOP | LOOP 0x00018e2a | len=2
OpcodeLengths.java> OPLEN 18e30 slot=2275 JRCXZ | JRCXZ 0x00018e3a | len=2
OpcodeLengths.java> OPLEN 18e40 slot=2276 IN | IN AL,0x8 | len=2
OpcodeLengths.java> OPLEN 18e50 slot=2277 IN | IN EAX,0x8 | len=2
OpcodeLengths.java> OPLEN 18e60 slot=2278 OUT | OUT 0x8,AL | len=2
OpcodeLengths.java> OPLEN 18e70 slot=2279 OUT | OUT 0x8,EAX | len=2
OpcodeLengths.java> OPLEN 18e80 slot=2280 CALL | CALL 0xffffffff90921e8d | len=5
OpcodeLengths.java> OPLEN 18e90 slot=2281 JMP | JMP 0xffffffff90921e9d | len=5
OpcodeLengths.java> OPLEN 18ea0 slot=2282 JMPF | JMPF 0x9090:0x90909008 | len=7
OpcodeLengths.java> OPLEN 18eb0 slot=2283 JMP | JMP 0x00018eba | len=2
OpcodeLengths.java> OPLEN 18ec0 slot=2284 IN | IN AL,DX | len=1
OpcodeLengths.java> OPLEN 18ed0 slot=2285 IN | IN EAX,DX | len=1
OpcodeLengths.java> OPLEN 18ee0 slot=2286 OUT | OUT DX,AL | len=1
OpcodeLengths.java> OPLEN 18ef0 slot=2287 OUT | OUT DX,EAX | len=1
OpcodeLengths.java> OPLEN 18f00 slot=2288 OR.LOCK | OR.LOCK byte ptr [RAX + -0x6f6f6f70],DL | len=7
OpcodeLengths.java> OPLEN 18f10 slot=2289 INT1 | INT1 | len=1
OpcodeLengths.java> OPLEN 18f20 slot=2290 OR | OR byte ptr [RAX + -0x6f6f6f70],DL | len=7
OpcodeLengths.java> OPLEN 18f30 slot=2291 OR | OR byte ptr [RAX + -0x6f6f6f70],DL | len=7
OpcodeLengths.java> OPLEN 18f40 slot=2292 HLT | HLT | len=1
OpcodeLengths.java> OPLEN 18f50 slot=2293 CMC | CMC | len=1
OpcodeLengths.java> OPLEN 18f60 slot=2294 TEST | TEST byte ptr [RAX],0x90 | len=3
OpcodeLengths.java> OPLEN 18f70 slot=2295 TEST | TEST dword ptr [RAX],0x90909090 | len=6
OpcodeLengths.java> OPLEN 18f80 slot=2296 CLC | CLC | len=1
OpcodeLengths.java> OPLEN 18f90 slot=2297 STC | STC | len=1
OpcodeLengths.java> OPLEN 18fa0 slot=2298 CLI | CLI | len=1
OpcodeLengths.java> OPLEN 18fb0 slot=2299 STI | STI | len=1
OpcodeLengths.java> OPLEN 18fc0 slot=2300 CLD | CLD | len=1
OpcodeLengths.java> OPLEN 18fd0 slot=2301 STD | STD | len=1
OpcodeLengths.java> OPLEN 18fe0 slot=2302 DEC | DEC byte ptr [RAX] | len=2
OpcodeLengths.java> OPLEN 18ff0 slot=2303 DEC | DEC dword ptr [RAX] | len=2
OpcodeLengths.java> OPLEN 19000 slot=2304 ADD | ADD byte ptr [RAX],DL | len=2
OpcodeLengths.java> OPLEN 19010 slot=2305 ADD | ADD dword ptr [RAX],EDX | len=2
OpcodeLengths.java> OPLEN 19020 slot=2306 ADD | ADD DL,byte ptr [RAX] | len=2
OpcodeLengths.java> OPLEN 19030 slot=2307 ADD | ADD EDX,dword ptr [RAX] | len=2
OpcodeLengths.java> OPLEN 19040 slot=2308 ADD | ADD AL,0x10 | len=2
OpcodeLengths.java> OPLEN 19050 slot=2309 ADD | ADD EAX,0x90909010 | len=5
OpcodeLengths.java> OPLEN 19060 slot=2310 NONE
OpcodeLengths.java> OPLEN 19070 slot=2311 NONE
OpcodeLengths.java> OPLEN 19080 slot=2312 OR | OR byte ptr [RAX],DL | len=2
OpcodeLengths.java> OPLEN 19090 slot=2313 OR | OR dword ptr [RAX],EDX | len=2
OpcodeLengths.java> OPLEN 190a0 slot=2314 OR | OR DL,byte ptr [RAX] | len=2
OpcodeLengths.java> OPLEN 190b0 slot=2315 OR | OR EDX,dword ptr [RAX] | len=2
OpcodeLengths.java> OPLEN 190c0 slot=2316 OR | OR AL,0x10 | len=2
OpcodeLengths.java> OPLEN 190d0 slot=2317 OR | OR EAX,0x90909010 | len=5
OpcodeLengths.java> OPLEN 190e0 slot=2318 NONE
OpcodeLengths.java> OPLEN 190f0 slot=2319 MOVUPS | MOVUPS XMM2,xmmword ptr [RAX + -0x6f6f6f70] | len=7
OpcodeLengths.java> OPLEN 19100 slot=2320 ADC | ADC byte ptr [RAX],DL | len=2
OpcodeLengths.java> OPLEN 19110 slot=2321 ADC | ADC dword ptr [RAX],EDX | len=2
OpcodeLengths.java> OPLEN 19120 slot=2322 ADC | ADC DL,byte ptr [RAX] | len=2
OpcodeLengths.java> OPLEN 19130 slot=2323 ADC | ADC EDX,dword ptr [RAX] | len=2
OpcodeLengths.java> OPLEN 19140 slot=2324 ADC | ADC AL,0x10 | len=2
OpcodeLengths.java> OPLEN 19150 slot=2325 ADC | ADC EAX,0x90909010 | len=5
OpcodeLengths.java> OPLEN 19160 slot=2326 NONE
OpcodeLengths.java> OPLEN 19170 slot=2327 NONE
OpcodeLengths.java> OPLEN 19180 slot=2328 SBB | SBB byte ptr [RAX],DL | len=2
OpcodeLengths.java> OPLEN 19190 slot=2329 SBB | SBB dword ptr [RAX],EDX | len=2
OpcodeLengths.java> OPLEN 191a0 slot=2330 SBB | SBB DL,byte ptr [RAX] | len=2
OpcodeLengths.java> OPLEN 191b0 slot=2331 SBB | SBB EDX,dword ptr [RAX] | len=2
OpcodeLengths.java> OPLEN 191c0 slot=2332 SBB | SBB AL,0x10 | len=2
OpcodeLengths.java> OPLEN 191d0 slot=2333 SBB | SBB EAX,0x90909010 | len=5
OpcodeLengths.java> OPLEN 191e0 slot=2334 NONE
OpcodeLengths.java> OPLEN 191f0 slot=2335 NONE
OpcodeLengths.java> OPLEN 19200 slot=2336 AND | AND byte ptr [RAX],DL | len=2
OpcodeLengths.java> OPLEN 19210 slot=2337 AND | AND dword ptr [RAX],EDX | len=2
OpcodeLengths.java> OPLEN 19220 slot=2338 AND | AND DL,byte ptr [RAX] | len=2
OpcodeLengths.java> OPLEN 19230 slot=2339 AND | AND EDX,dword ptr [RAX] | len=2
OpcodeLengths.java> OPLEN 19240 slot=2340 AND | AND AL,0x10 | len=2
OpcodeLengths.java> OPLEN 19250 slot=2341 AND | AND EAX,0x90909010 | len=5
OpcodeLengths.java> OPLEN 19260 slot=2342 ADC | ADC byte ptr ES:[RAX + -0x6f6f6f70],DL | len=7
OpcodeLengths.java> OPLEN 19270 slot=2343 NONE
OpcodeLengths.java> OPLEN 19280 slot=2344 SUB | SUB byte ptr [RAX],DL | len=2
OpcodeLengths.java> OPLEN 19290 slot=2345 SUB | SUB dword ptr [RAX],EDX | len=2
OpcodeLengths.java> OPLEN 192a0 slot=2346 SUB | SUB DL,byte ptr [RAX] | len=2
OpcodeLengths.java> OPLEN 192b0 slot=2347 SUB | SUB EDX,dword ptr [RAX] | len=2
OpcodeLengths.java> OPLEN 192c0 slot=2348 SUB | SUB AL,0x10 | len=2
OpcodeLengths.java> OPLEN 192d0 slot=2349 SUB | SUB EAX,0x90909010 | len=5
OpcodeLengths.java> OPLEN 192e0 slot=2350 ADC | ADC byte ptr CS:[RAX + -0x6f6f6f70],DL | len=7
OpcodeLengths.java> OPLEN 192f0 slot=2351 NONE
OpcodeLengths.java> OPLEN 19300 slot=2352 XOR | XOR byte ptr [RAX],DL | len=2
OpcodeLengths.java> OPLEN 19310 slot=2353 XOR | XOR dword ptr [RAX],EDX | len=2
OpcodeLengths.java> OPLEN 19320 slot=2354 XOR | XOR DL,byte ptr [RAX] | len=2
OpcodeLengths.java> OPLEN 19330 slot=2355 XOR | XOR EDX,dword ptr [RAX] | len=2
OpcodeLengths.java> OPLEN 19340 slot=2356 XOR | XOR AL,0x10 | len=2
OpcodeLengths.java> OPLEN 19350 slot=2357 XOR | XOR EAX,0x90909010 | len=5
OpcodeLengths.java> OPLEN 19360 slot=2358 ADC | ADC byte ptr SS:[RAX + -0x6f6f6f70],DL | len=7
OpcodeLengths.java> OPLEN 19370 slot=2359 NONE
OpcodeLengths.java> OPLEN 19380 slot=2360 CMP | CMP byte ptr [RAX],DL | len=2
OpcodeLengths.java> OPLEN 19390 slot=2361 CMP | CMP dword ptr [RAX],EDX | len=2
OpcodeLengths.java> OPLEN 193a0 slot=2362 CMP | CMP DL,byte ptr [RAX] | len=2
OpcodeLengths.java> OPLEN 193b0 slot=2363 CMP | CMP EDX,dword ptr [RAX] | len=2
OpcodeLengths.java> OPLEN 193c0 slot=2364 CMP | CMP AL,0x10 | len=2
OpcodeLengths.java> OPLEN 193d0 slot=2365 CMP | CMP EAX,0x90909010 | len=5
OpcodeLengths.java> OPLEN 193e0 slot=2366 ADC | ADC byte ptr DS:[RAX + -0x6f6f6f70],DL | len=7
OpcodeLengths.java> OPLEN 193f0 slot=2367 NONE
OpcodeLengths.java> OPLEN 19400 slot=2368 ADC | ADC byte ptr [RAX + -0x6f6f6f70],DL | len=7
OpcodeLengths.java> OPLEN 19410 slot=2369 ADC | ADC byte ptr [R8 + -0x6f6f6f70],DL | len=7
OpcodeLengths.java> OPLEN 19420 slot=2370 ADC | ADC byte ptr [RAX + -0x6f6f6f70],DL | len=7
OpcodeLengths.java> OPLEN 19430 slot=2371 ADC | ADC byte ptr [R8 + -0x6f6f6f70],DL | len=7
OpcodeLengths.java> OPLEN 19440 slot=2372 ADC | ADC byte ptr [RAX + -0x6f6f6f70],R10B | len=7
OpcodeLengths.java> OPLEN 19450 slot=2373 ADC | ADC byte ptr [R8 + -0x6f6f6f70],R10B | len=7
OpcodeLengths.java> OPLEN 19460 slot=2374 ADC | ADC byte ptr [RAX + -0x6f6f6f70],R10B | len=7
OpcodeLengths.java> OPLEN 19470 slot=2375 ADC | ADC byte ptr [R8 + -0x6f6f6f70],R10B | len=7
OpcodeLengths.java> OPLEN 19480 slot=2376 ADC | ADC byte ptr [RAX + -0x6f6f6f70],DL | len=7
OpcodeLengths.java> OPLEN 19490 slot=2377 ADC | ADC byte ptr [R8 + -0x6f6f6f70],DL | len=7
OpcodeLengths.java> OPLEN 194a0 slot=2378 ADC | ADC byte ptr [RAX + -0x6f6f6f70],DL | len=7
OpcodeLengths.java> OPLEN 194b0 slot=2379 ADC | ADC byte ptr [R8 + -0x6f6f6f70],DL | len=7
OpcodeLengths.java> OPLEN 194c0 slot=2380 ADC | ADC byte ptr [RAX + -0x6f6f6f70],R10B | len=7
OpcodeLengths.java> OPLEN 194d0 slot=2381 ADC | ADC byte ptr [R8 + -0x6f6f6f70],R10B | len=7
OpcodeLengths.java> OPLEN 194e0 slot=2382 ADC | ADC byte ptr [RAX + -0x6f6f6f70],R10B | len=7
OpcodeLengths.java> OPLEN 194f0 slot=2383 ADC | ADC byte ptr [R8 + -0x6f6f6f70],R10B | len=7
OpcodeLengths.java> OPLEN 19500 slot=2384 PUSH | PUSH RAX | len=1
OpcodeLengths.java> OPLEN 19510 slot=2385 PUSH | PUSH RCX | len=1
OpcodeLengths.java> OPLEN 19520 slot=2386 PUSH | PUSH RDX | len=1
OpcodeLengths.java> OPLEN 19530 slot=2387 PUSH | PUSH RBX | len=1
OpcodeLengths.java> OPLEN 19540 slot=2388 PUSH | PUSH RSP | len=1
OpcodeLengths.java> OPLEN 19550 slot=2389 PUSH | PUSH RBP | len=1
OpcodeLengths.java> OPLEN 19560 slot=2390 PUSH | PUSH RSI | len=1
OpcodeLengths.java> OPLEN 19570 slot=2391 PUSH | PUSH RDI | len=1
OpcodeLengths.java> OPLEN 19580 slot=2392 POP | POP RAX | len=1
OpcodeLengths.java> OPLEN 19590 slot=2393 POP | POP RCX | len=1
OpcodeLengths.java> OPLEN 195a0 slot=2394 POP | POP RDX | len=1
OpcodeLengths.java> OPLEN 195b0 slot=2395 POP | POP RBX | len=1
OpcodeLengths.java> OPLEN 195c0 slot=2396 POP | POP RSP | len=1
OpcodeLengths.java> OPLEN 195d0 slot=2397 POP | POP RBP | len=1
OpcodeLengths.java> OPLEN 195e0 slot=2398 POP | POP RSI | len=1
OpcodeLengths.java> OPLEN 195f0 slot=2399 POP | POP RDI | len=1
OpcodeLengths.java> OPLEN 19600 slot=2400 NONE
OpcodeLengths.java> OPLEN 19610 slot=2401 NONE
OpcodeLengths.java> OPLEN 19620 slot=2402 NONE
OpcodeLengths.java> OPLEN 19630 slot=2403 MOVSXD | MOVSXD EDX,dword ptr [RAX] | len=2
OpcodeLengths.java> OPLEN 19640 slot=2404 ADC | ADC byte ptr FS:[RAX + -0x6f6f6f70],DL | len=7
OpcodeLengths.java> OPLEN 19650 slot=2405 ADC | ADC byte ptr GS:[RAX + -0x6f6f6f70],DL | len=7
OpcodeLengths.java> OPLEN 19660 slot=2406 ADC | ADC byte ptr [RAX + -0x6f6f6f70],DL | len=7
OpcodeLengths.java> OPLEN 19670 slot=2407 ADC | ADC byte ptr [EAX + 0x90909090],DL | len=7
OpcodeLengths.java> OPLEN 19680 slot=2408 PUSH | PUSH -0x6f6f6ff0 | len=5
OpcodeLengths.java> OPLEN 19690 slot=2409 IMUL | IMUL EDX,dword ptr [RAX],-0x6f6f6f70 | len=6
OpcodeLengths.java> OPLEN 196a0 slot=2410 PUSH | PUSH 0x10 | len=2
OpcodeLengths.java> OPLEN 196b0 slot=2411 IMUL | IMUL EDX,dword ptr [RAX],-0x70 | len=3
OpcodeLengths.java> OPLEN 196c0 slot=2412 INSB | INSB RDI,DX | len=1
OpcodeLengths.java> OPLEN 196d0 slot=2413 INSD | INSD RDI,DX | len=1
OpcodeLengths.java> OPLEN 196e0 slot=2414 OUTSB | OUTSB DX,RSI | len=1
OpcodeLengths.java> OPLEN 196f0 slot=2415 OUTSD | OUTSD DX,RSI | len=1
OpcodeLengths.java> OPLEN 19700 slot=2416 JO | JO 0x00019712 | len=2
OpcodeLengths.java> OPLEN 19710 slot=2417 JNO | JNO 0x00019722 | len=2
OpcodeLengths.java> OPLEN 19720 slot=2418 JC | JC 0x00019732 | len=2
OpcodeLengths.java> OPLEN 19730 slot=2419 JNC | JNC 0x00019742 | len=2
OpcodeLengths.java> OPLEN 19740 slot=2420 JZ | JZ 0x00019752 | len=2
OpcodeLengths.java> OPLEN 19750 slot=2421 JNZ | JNZ 0x00019762 | len=2
OpcodeLengths.java> OPLEN 19760 slot=2422 JBE | JBE 0x00019772 | len=2
OpcodeLengths.java> OPLEN 19770 slot=2423 JA | JA 0x00019782 | len=2
OpcodeLengths.java> OPLEN 19780 slot=2424 JS | JS 0x00019792 | len=2
OpcodeLengths.java> OPLEN 19790 slot=2425 JNS | JNS 0x000197a2 | len=2
OpcodeLengths.java> OPLEN 197a0 slot=2426 JP | JP 0x000197b2 | len=2
OpcodeLengths.java> OPLEN 197b0 slot=2427 JNP | JNP 0x000197c2 | len=2
OpcodeLengths.java> OPLEN 197c0 slot=2428 JL | JL 0x000197d2 | len=2
OpcodeLengths.java> OPLEN 197d0 slot=2429 JGE | JGE 0x000197e2 | len=2
OpcodeLengths.java> OPLEN 197e0 slot=2430 JLE | JLE 0x000197f2 | len=2
OpcodeLengths.java> OPLEN 197f0 slot=2431 JG | JG 0x00019802 | len=2
OpcodeLengths.java> OPLEN 19800 slot=2432 ADC | ADC byte ptr [RAX],0x90 | len=3
OpcodeLengths.java> OPLEN 19810 slot=2433 ADC | ADC dword ptr [RAX],0x90909090 | len=6
OpcodeLengths.java> OPLEN 19820 slot=2434 NONE
OpcodeLengths.java> OPLEN 19830 slot=2435 ADC | ADC dword ptr [RAX],-0x70 | len=3
OpcodeLengths.java> OPLEN 19840 slot=2436 TEST | TEST byte ptr [RAX],DL | len=2
OpcodeLengths.java> OPLEN 19850 slot=2437 TEST | TEST dword ptr [RAX],EDX | len=2
OpcodeLengths.java> OPLEN 19860 slot=2438 XCHG | XCHG byte ptr [RAX],DL | len=2
OpcodeLengths.java> OPLEN 19870 slot=2439 XCHG | XCHG dword ptr [RAX],EDX | len=2
OpcodeLengths.java> OPLEN 19880 slot=2440 MOV | MOV byte ptr [RAX],DL | len=2
OpcodeLengths.java> OPLEN 19890 slot=2441 MOV | MOV dword ptr [RAX],EDX | len=2
OpcodeLengths.java> OPLEN 198a0 slot=2442 MOV | MOV DL,byte ptr [RAX] | len=2
OpcodeLengths.java> OPLEN 198b0 slot=2443 MOV | MOV EDX,dword ptr [RAX] | len=2
OpcodeLengths.java> OPLEN 198c0 slot=2444 MOV | MOV word ptr [RAX],SS | len=2
OpcodeLengths.java> OPLEN 198d0 slot=2445 LEA | LEA EDX,[RAX] | len=2
OpcodeLengths.java> OPLEN 198e0 slot=2446 MOV | MOV SS,word ptr [RAX] | len=2
OpcodeLengths.java> OPLEN 198f0 slot=2447 NONE
OpcodeLengths.java> OPLEN 19900 slot=2448 NOP | NOP | len=1
OpcodeLengths.java> OPLEN 19910 slot=2449 XCHG | XCHG EAX,ECX | len=1
OpcodeLengths.java> OPLEN 19920 slot=2450 XCHG | XCHG EAX,EDX | len=1
OpcodeLengths.java> OPLEN 19930 slot=2451 XCHG | XCHG EAX,EBX | len=1
OpcodeLengths.java> OPLEN 19940 slot=2452 XCHG | XCHG EAX,ESP | len=1
OpcodeLengths.java> OPLEN 19950 slot=2453 XCHG | XCHG EAX,EBP | len=1
OpcodeLengths.java> OPLEN 19960 slot=2454 XCHG | XCHG EAX,ESI | len=1
OpcodeLengths.java> OPLEN 19970 slot=2455 XCHG | XCHG EAX,EDI | len=1
OpcodeLengths.java> OPLEN 19980 slot=2456 CWDE | CWDE | len=1
OpcodeLengths.java> OPLEN 19990 slot=2457 CDQ | CDQ | len=1
OpcodeLengths.java> OPLEN 199a0 slot=2458 NONE
OpcodeLengths.java> OPLEN 199b0 slot=2459 WAIT | WAIT | len=1
OpcodeLengths.java> OPLEN 199c0 slot=2460 PUSHFQ | PUSHFQ | len=1
OpcodeLengths.java> OPLEN 199d0 slot=2461 POPFQ | POPFQ | len=1
OpcodeLengths.java> OPLEN 199e0 slot=2462 SAHF | SAHF | len=1
OpcodeLengths.java> OPLEN 199f0 slot=2463 LAHF | LAHF | len=1
OpcodeLengths.java> OPLEN 19a00 slot=2464 MOV | MOV AL,[0x9090909090909010] | len=9
OpcodeLengths.java> OPLEN 19a10 slot=2465 MOV | MOV EAX,[0x9090909090909010] | len=9
OpcodeLengths.java> OPLEN 19a20 slot=2466 MOV | MOV [0x9090909090909010],AL | len=9
OpcodeLengths.java> OPLEN 19a30 slot=2467 MOV | MOV [0x9090909090909010],EAX | len=9
OpcodeLengths.java> OPLEN 19a40 slot=2468 MOVSB | MOVSB RDI,RSI | len=1
OpcodeLengths.java> OPLEN 19a50 slot=2469 MOVSD | MOVSD RDI,RSI | len=1
OpcodeLengths.java> OPLEN 19a60 slot=2470 CMPSB | CMPSB RDI,RSI | len=1
OpcodeLengths.java> OPLEN 19a70 slot=2471 CMPSD | CMPSD RDI,RSI | len=1
OpcodeLengths.java> OPLEN 19a80 slot=2472 TEST | TEST AL,0x10 | len=2
OpcodeLengths.java> OPLEN 19a90 slot=2473 TEST | TEST EAX,0x90909010 | len=5
OpcodeLengths.java> OPLEN 19aa0 slot=2474 STOSB | STOSB RDI | len=1
OpcodeLengths.java> OPLEN 19ab0 slot=2475 STOSD | STOSD RDI | len=1
OpcodeLengths.java> OPLEN 19ac0 slot=2476 LODSB | LODSB RSI | len=1
OpcodeLengths.java> OPLEN 19ad0 slot=2477 LODSD | LODSD RSI | len=1
OpcodeLengths.java> OPLEN 19ae0 slot=2478 SCASB | SCASB RDI | len=1
OpcodeLengths.java> OPLEN 19af0 slot=2479 SCASD | SCASD RDI | len=1
OpcodeLengths.java> OPLEN 19b00 slot=2480 MOV | MOV AL,0x10 | len=2
OpcodeLengths.java> OPLEN 19b10 slot=2481 MOV | MOV CL,0x10 | len=2
OpcodeLengths.java> OPLEN 19b20 slot=2482 MOV | MOV DL,0x10 | len=2
OpcodeLengths.java> OPLEN 19b30 slot=2483 MOV | MOV BL,0x10 | len=2
OpcodeLengths.java> OPLEN 19b40 slot=2484 MOV | MOV AH,0x10 | len=2
OpcodeLengths.java> OPLEN 19b50 slot=2485 MOV | MOV CH,0x10 | len=2
OpcodeLengths.java> OPLEN 19b60 slot=2486 MOV | MOV DH,0x10 | len=2
OpcodeLengths.java> OPLEN 19b70 slot=2487 MOV | MOV BH,0x10 | len=2
OpcodeLengths.java> OPLEN 19b80 slot=2488 MOV | MOV EAX,0x90909010 | len=5
OpcodeLengths.java> OPLEN 19b90 slot=2489 MOV | MOV ECX,0x90909010 | len=5
OpcodeLengths.java> OPLEN 19ba0 slot=2490 MOV | MOV EDX,0x90909010 | len=5
OpcodeLengths.java> OPLEN 19bb0 slot=2491 MOV | MOV EBX,0x90909010 | len=5
OpcodeLengths.java> OPLEN 19bc0 slot=2492 MOV | MOV ESP,0x90909010 | len=5
OpcodeLengths.java> OPLEN 19bd0 slot=2493 MOV | MOV EBP,0x90909010 | len=5
OpcodeLengths.java> OPLEN 19be0 slot=2494 MOV | MOV ESI,0x90909010 | len=5
OpcodeLengths.java> OPLEN 19bf0 slot=2495 MOV | MOV EDI,0x90909010 | len=5
OpcodeLengths.java> OPLEN 19c00 slot=2496 RCL | RCL byte ptr [RAX],0x90 | len=3
OpcodeLengths.java> OPLEN 19c10 slot=2497 RCL | RCL dword ptr [RAX],0x90 | len=3
OpcodeLengths.java> OPLEN 19c20 slot=2498 RET | RET 0x9010 | len=3
OpcodeLengths.java> OPLEN 19c30 slot=2499 RET | RET | len=1
OpcodeLengths.java> OPLEN 19c40 slot=2500 NONE
OpcodeLengths.java> OPLEN 19c50 slot=2501 KMOVW | KMOVW K2,word ptr [RAX + -0x6f6f6f70] | len=8
OpcodeLengths.java> OPLEN 19c60 slot=2502 NONE
OpcodeLengths.java> OPLEN 19c70 slot=2503 NONE
OpcodeLengths.java> OPLEN 19c80 slot=2504 ENTER | ENTER 0x9010,0x10 | len=4
OpcodeLengths.java> OPLEN 19c90 slot=2505 LEAVE | LEAVE | len=1
OpcodeLengths.java> OPLEN 19ca0 slot=2506 RETF | RETF 0x9010 | len=3
OpcodeLengths.java> OPLEN 19cb0 slot=2507 RETF | RETF | len=1
OpcodeLengths.java> OPLEN 19cc0 slot=2508 INT3 | INT3 | len=1
OpcodeLengths.java> OPLEN 19cd0 slot=2509 INT | INT 0x10 | len=2
OpcodeLengths.java> OPLEN 19ce0 slot=2510 NONE
OpcodeLengths.java> OPLEN 19cf0 slot=2511 IRETD | IRETD | len=1
OpcodeLengths.java> OPLEN 19d00 slot=2512 RCL | RCL byte ptr [RAX],0x1 | len=2
OpcodeLengths.java> OPLEN 19d10 slot=2513 RCL | RCL dword ptr [RAX],0x1 | len=2
OpcodeLengths.java> OPLEN 19d20 slot=2514 RCL | RCL byte ptr [RAX],CL | len=2
OpcodeLengths.java> OPLEN 19d30 slot=2515 RCL | RCL dword ptr [RAX],CL | len=2
OpcodeLengths.java> OPLEN 19d40 slot=2516 NONE
OpcodeLengths.java> OPLEN 19d50 slot=2517 NONE
OpcodeLengths.java> OPLEN 19d60 slot=2518 NONE
OpcodeLengths.java> OPLEN 19d70 slot=2519 XLAT | XLAT RBX | len=1
OpcodeLengths.java> OPLEN 19d80 slot=2520 FCOM | FCOM float ptr [RAX] | len=2
OpcodeLengths.java> OPLEN 19d90 slot=2521 FST | FST float ptr [RAX] | len=2
OpcodeLengths.java> OPLEN 19da0 slot=2522 FICOM | FICOM dword ptr [RAX] | len=2
OpcodeLengths.java> OPLEN 19db0 slot=2523 FIST | FIST dword ptr [RAX] | len=2
OpcodeLengths.java> OPLEN 19dc0 slot=2524 FCOM | FCOM double ptr [RAX] | len=2
OpcodeLengths.java> OPLEN 19dd0 slot=2525 FST | FST double ptr [RAX] | len=2
OpcodeLengths.java> OPLEN 19de0 slot=2526 FICOM | FICOM word ptr [RAX] | len=2
OpcodeLengths.java> OPLEN 19df0 slot=2527 FIST | FIST word ptr [RAX] | len=2
OpcodeLengths.java> OPLEN 19e00 slot=2528 LOOPNZ | LOOPNZ 0x00019e12 | len=2
OpcodeLengths.java> OPLEN 19e10 slot=2529 LOOPZ | LOOPZ 0x00019e22 | len=2
OpcodeLengths.java> OPLEN 19e20 slot=2530 LOOP | LOOP 0x00019e32 | len=2
OpcodeLengths.java> OPLEN 19e30 slot=2531 JRCXZ | JRCXZ 0x00019e42 | len=2
OpcodeLengths.java> OPLEN 19e40 slot=2532 IN | IN AL,0x10 | len=2
OpcodeLengths.java> OPLEN 19e50 slot=2533 IN | IN EAX,0x10 | len=2
OpcodeLengths.java> OPLEN 19e60 slot=2534 OUT | OUT 0x10,AL | len=2
OpcodeLengths.java> OPLEN 19e70 slot=2535 OUT | OUT 0x10,EAX | len=2
OpcodeLengths.java> OPLEN 19e80 slot=2536 CALL | CALL 0xffffffff90922e95 | len=5
OpcodeLengths.java> OPLEN 19e90 slot=2537 JMP | JMP 0xffffffff90922ea5 | len=5
OpcodeLengths.java> OPLEN 19ea0 slot=2538 JMPF | JMPF 0x9090:0x90909010 | len=7
OpcodeLengths.java> OPLEN 19eb0 slot=2539 JMP | JMP 0x00019ec2 | len=2
OpcodeLengths.java> OPLEN 19ec0 slot=2540 IN | IN AL,DX | len=1
OpcodeLengths.java> OPLEN 19ed0 slot=2541 IN | IN EAX,DX | len=1
OpcodeLengths.java> OPLEN 19ee0 slot=2542 OUT | OUT DX,AL | len=1
OpcodeLengths.java> OPLEN 19ef0 slot=2543 OUT | OUT DX,EAX | len=1
OpcodeLengths.java> OPLEN 19f00 slot=2544 ADC.LOCK | ADC.LOCK byte ptr [RAX + -0x6f6f6f70],DL | len=7
OpcodeLengths.java> OPLEN 19f10 slot=2545 INT1 | INT1 | len=1
OpcodeLengths.java> OPLEN 19f20 slot=2546 ADC | ADC byte ptr [RAX + -0x6f6f6f70],DL | len=7
OpcodeLengths.java> OPLEN 19f30 slot=2547 ADC | ADC byte ptr [RAX + -0x6f6f6f70],DL | len=7
OpcodeLengths.java> OPLEN 19f40 slot=2548 HLT | HLT | len=1
OpcodeLengths.java> OPLEN 19f50 slot=2549 CMC | CMC | len=1
OpcodeLengths.java> OPLEN 19f60 slot=2550 NOT | NOT byte ptr [RAX] | len=2
OpcodeLengths.java> OPLEN 19f70 slot=2551 NOT | NOT dword ptr [RAX] | len=2
OpcodeLengths.java> OPLEN 19f80 slot=2552 CLC | CLC | len=1
OpcodeLengths.java> OPLEN 19f90 slot=2553 STC | STC | len=1
OpcodeLengths.java> OPLEN 19fa0 slot=2554 CLI | CLI | len=1
OpcodeLengths.java> OPLEN 19fb0 slot=2555 STI | STI | len=1
OpcodeLengths.java> OPLEN 19fc0 slot=2556 CLD | CLD | len=1
OpcodeLengths.java> OPLEN 19fd0 slot=2557 STD | STD | len=1
OpcodeLengths.java> OPLEN 19fe0 slot=2558 INC | INC byte ptr [RAX] | len=2
OpcodeLengths.java> OPLEN 19ff0 slot=2559 CALL | CALL qword ptr [RAX] | len=2
OpcodeLengths.java> OPLEN 1a000 slot=2560 ADD | ADD byte ptr [RAX],BL | len=2
OpcodeLengths.java> OPLEN 1a010 slot=2561 ADD | ADD dword ptr [RAX],EBX | len=2
OpcodeLengths.java> OPLEN 1a020 slot=2562 ADD | ADD BL,byte ptr [RAX] | len=2
OpcodeLengths.java> OPLEN 1a030 slot=2563 ADD | ADD EBX,dword ptr [RAX] | len=2
OpcodeLengths.java> OPLEN 1a040 slot=2564 ADD | ADD AL,0x18 | len=2
OpcodeLengths.java> OPLEN 1a050 slot=2565 ADD | ADD EAX,0x90909018 | len=5
OpcodeLengths.java> OPLEN 1a060 slot=2566 NONE
OpcodeLengths.java> OPLEN 1a070 slot=2567 NONE
OpcodeLengths.java> OPLEN 1a080 slot=2568 OR | OR byte ptr [RAX],BL | len=2
OpcodeLengths.java> OPLEN 1a090 slot=2569 OR | OR dword ptr [RAX],EBX | len=2
OpcodeLengths.java> OPLEN 1a0a0 slot=2570 OR | OR BL,byte ptr [RAX] | len=2
OpcodeLengths.java> OPLEN 1a0b0 slot=2571 OR | OR EBX,dword ptr [RAX] | len=2
OpcodeLengths.java> OPLEN 1a0c0 slot=2572 OR | OR AL,0x18 | len=2
OpcodeLengths.java> OPLEN 1a0d0 slot=2573 OR | OR EAX,0x90909018 | len=5
OpcodeLengths.java> OPLEN 1a0e0 slot=2574 NONE
OpcodeLengths.java> OPLEN 1a0f0 slot=2575 NOP | NOP dword ptr [RAX + -0x6f6f6f70] | len=7
OpcodeLengths.java> OPLEN 1a100 slot=2576 ADC | ADC byte ptr [RAX],BL | len=2
OpcodeLengths.java> OPLEN 1a110 slot=2577 ADC | ADC dword ptr [RAX],EBX | len=2
OpcodeLengths.java> OPLEN 1a120 slot=2578 ADC | ADC BL,byte ptr [RAX] | len=2
OpcodeLengths.java> OPLEN 1a130 slot=2579 ADC | ADC EBX,dword ptr [RAX] | len=2
OpcodeLengths.java> OPLEN 1a140 slot=2580 ADC | ADC AL,0x18 | len=2
OpcodeLengths.java> OPLEN 1a150 slot=2581 ADC | ADC EAX,0x90909018 | len=5
OpcodeLengths.java> OPLEN 1a160 slot=2582 NONE
OpcodeLengths.java> OPLEN 1a170 slot=2583 NONE
OpcodeLengths.java> OPLEN 1a180 slot=2584 SBB | SBB byte ptr [RAX],BL | len=2
OpcodeLengths.java> OPLEN 1a190 slot=2585 SBB | SBB dword ptr [RAX],EBX | len=2
OpcodeLengths.java> OPLEN 1a1a0 slot=2586 SBB | SBB BL,byte ptr [RAX] | len=2
OpcodeLengths.java> OPLEN 1a1b0 slot=2587 SBB | SBB EBX,dword ptr [RAX] | len=2
OpcodeLengths.java> OPLEN 1a1c0 slot=2588 SBB | SBB AL,0x18 | len=2
OpcodeLengths.java> OPLEN 1a1d0 slot=2589 SBB | SBB EAX,0x90909018 | len=5
OpcodeLengths.java> OPLEN 1a1e0 slot=2590 NONE
OpcodeLengths.java> OPLEN 1a1f0 slot=2591 NONE
OpcodeLengths.java> OPLEN 1a200 slot=2592 AND | AND byte ptr [RAX],BL | len=2
OpcodeLengths.java> OPLEN 1a210 slot=2593 AND | AND dword ptr [RAX],EBX | len=2
OpcodeLengths.java> OPLEN 1a220 slot=2594 AND | AND BL,byte ptr [RAX] | len=2
OpcodeLengths.java> OPLEN 1a230 slot=2595 AND | AND EBX,dword ptr [RAX] | len=2
OpcodeLengths.java> OPLEN 1a240 slot=2596 AND | AND AL,0x18 | len=2
OpcodeLengths.java> OPLEN 1a250 slot=2597 AND | AND EAX,0x90909018 | len=5
OpcodeLengths.java> OPLEN 1a260 slot=2598 SBB | SBB byte ptr ES:[RAX + -0x6f6f6f70],DL | len=7
OpcodeLengths.java> OPLEN 1a270 slot=2599 NONE
OpcodeLengths.java> OPLEN 1a280 slot=2600 SUB | SUB byte ptr [RAX],BL | len=2
OpcodeLengths.java> OPLEN 1a290 slot=2601 SUB | SUB dword ptr [RAX],EBX | len=2
OpcodeLengths.java> OPLEN 1a2a0 slot=2602 SUB | SUB BL,byte ptr [RAX] | len=2
OpcodeLengths.java> OPLEN 1a2b0 slot=2603 SUB | SUB EBX,dword ptr [RAX] | len=2
OpcodeLengths.java> OPLEN 1a2c0 slot=2604 SUB | SUB AL,0x18 | len=2
OpcodeLengths.java> OPLEN 1a2d0 slot=2605 SUB | SUB EAX,0x90909018 | len=5
OpcodeLengths.java> OPLEN 1a2e0 slot=2606 SBB | SBB byte ptr CS:[RAX + -0x6f6f6f70],DL | len=7
OpcodeLengths.java> OPLEN 1a2f0 slot=2607 NONE
OpcodeLengths.java> OPLEN 1a300 slot=2608 XOR | XOR byte ptr [RAX],BL | len=2
OpcodeLengths.java> OPLEN 1a310 slot=2609 XOR | XOR dword ptr [RAX],EBX | len=2
OpcodeLengths.java> OPLEN 1a320 slot=2610 XOR | XOR BL,byte ptr [RAX] | len=2
OpcodeLengths.java> OPLEN 1a330 slot=2611 XOR | XOR EBX,dword ptr [RAX] | len=2
OpcodeLengths.java> OPLEN 1a340 slot=2612 XOR | XOR AL,0x18 | len=2
OpcodeLengths.java> OPLEN 1a350 slot=2613 XOR | XOR EAX,0x90909018 | len=5
OpcodeLengths.java> OPLEN 1a360 slot=2614 SBB | SBB byte ptr SS:[RAX + -0x6f6f6f70],DL | len=7
OpcodeLengths.java> OPLEN 1a370 slot=2615 NONE
OpcodeLengths.java> OPLEN 1a380 slot=2616 CMP | CMP byte ptr [RAX],BL | len=2
OpcodeLengths.java> OPLEN 1a390 slot=2617 CMP | CMP dword ptr [RAX],EBX | len=2
OpcodeLengths.java> OPLEN 1a3a0 slot=2618 CMP | CMP BL,byte ptr [RAX] | len=2
OpcodeLengths.java> OPLEN 1a3b0 slot=2619 CMP | CMP EBX,dword ptr [RAX] | len=2
OpcodeLengths.java> OPLEN 1a3c0 slot=2620 CMP | CMP AL,0x18 | len=2
OpcodeLengths.java> OPLEN 1a3d0 slot=2621 CMP | CMP EAX,0x90909018 | len=5
OpcodeLengths.java> OPLEN 1a3e0 slot=2622 SBB | SBB byte ptr DS:[RAX + -0x6f6f6f70],DL | len=7
OpcodeLengths.java> OPLEN 1a3f0 slot=2623 NONE
OpcodeLengths.java> OPLEN 1a400 slot=2624 SBB | SBB byte ptr [RAX + -0x6f6f6f70],DL | len=7
OpcodeLengths.java> OPLEN 1a410 slot=2625 SBB | SBB byte ptr [R8 + -0x6f6f6f70],DL | len=7
OpcodeLengths.java> OPLEN 1a420 slot=2626 SBB | SBB byte ptr [RAX + -0x6f6f6f70],DL | len=7
OpcodeLengths.java> OPLEN 1a430 slot=2627 SBB | SBB byte ptr [R8 + -0x6f6f6f70],DL | len=7
OpcodeLengths.java> OPLEN 1a440 slot=2628 SBB | SBB byte ptr [RAX + -0x6f6f6f70],R10B | len=7
OpcodeLengths.java> OPLEN 1a450 slot=2629 SBB | SBB byte ptr [R8 + -0x6f6f6f70],R10B | len=7
OpcodeLengths.java> OPLEN 1a460 slot=2630 SBB | SBB byte ptr [RAX + -0x6f6f6f70],R10B | len=7
OpcodeLengths.java> OPLEN 1a470 slot=2631 SBB | SBB byte ptr [R8 + -0x6f6f6f70],R10B | len=7
OpcodeLengths.java> OPLEN 1a480 slot=2632 SBB | SBB byte ptr [RAX + -0x6f6f6f70],DL | len=7
OpcodeLengths.java> OPLEN 1a490 slot=2633 SBB | SBB byte ptr [R8 + -0x6f6f6f70],DL | len=7
OpcodeLengths.java> OPLEN 1a4a0 slot=2634 SBB | SBB byte ptr [RAX + -0x6f6f6f70],DL | len=7
OpcodeLengths.java> OPLEN 1a4b0 slot=2635 SBB | SBB byte ptr [R8 + -0x6f6f6f70],DL | len=7
OpcodeLengths.java> OPLEN 1a4c0 slot=2636 SBB | SBB byte ptr [RAX + -0x6f6f6f70],R10B | len=7
OpcodeLengths.java> OPLEN 1a4d0 slot=2637 SBB | SBB byte ptr [R8 + -0x6f6f6f70],R10B | len=7
OpcodeLengths.java> OPLEN 1a4e0 slot=2638 SBB | SBB byte ptr [RAX + -0x6f6f6f70],R10B | len=7
OpcodeLengths.java> OPLEN 1a4f0 slot=2639 SBB | SBB byte ptr [R8 + -0x6f6f6f70],R10B | len=7
OpcodeLengths.java> OPLEN 1a500 slot=2640 PUSH | PUSH RAX | len=1
OpcodeLengths.java> OPLEN 1a510 slot=2641 PUSH | PUSH RCX | len=1
OpcodeLengths.java> OPLEN 1a520 slot=2642 PUSH | PUSH RDX | len=1
OpcodeLengths.java> OPLEN 1a530 slot=2643 PUSH | PUSH RBX | len=1
OpcodeLengths.java> OPLEN 1a540 slot=2644 PUSH | PUSH RSP | len=1
OpcodeLengths.java> OPLEN 1a550 slot=2645 PUSH | PUSH RBP | len=1
OpcodeLengths.java> OPLEN 1a560 slot=2646 PUSH | PUSH RSI | len=1
OpcodeLengths.java> OPLEN 1a570 slot=2647 PUSH | PUSH RDI | len=1
OpcodeLengths.java> OPLEN 1a580 slot=2648 POP | POP RAX | len=1
OpcodeLengths.java> OPLEN 1a590 slot=2649 POP | POP RCX | len=1
OpcodeLengths.java> OPLEN 1a5a0 slot=2650 POP | POP RDX | len=1
OpcodeLengths.java> OPLEN 1a5b0 slot=2651 POP | POP RBX | len=1
OpcodeLengths.java> OPLEN 1a5c0 slot=2652 POP | POP RSP | len=1
OpcodeLengths.java> OPLEN 1a5d0 slot=2653 POP | POP RBP | len=1
OpcodeLengths.java> OPLEN 1a5e0 slot=2654 POP | POP RSI | len=1
OpcodeLengths.java> OPLEN 1a5f0 slot=2655 POP | POP RDI | len=1
OpcodeLengths.java> OPLEN 1a600 slot=2656 NONE
OpcodeLengths.java> OPLEN 1a610 slot=2657 NONE
OpcodeLengths.java> OPLEN 1a620 slot=2658 NONE
OpcodeLengths.java> OPLEN 1a630 slot=2659 MOVSXD | MOVSXD EBX,dword ptr [RAX] | len=2
OpcodeLengths.java> OPLEN 1a640 slot=2660 SBB | SBB byte ptr FS:[RAX + -0x6f6f6f70],DL | len=7
OpcodeLengths.java> OPLEN 1a650 slot=2661 SBB | SBB byte ptr GS:[RAX + -0x6f6f6f70],DL | len=7
OpcodeLengths.java> OPLEN 1a660 slot=2662 SBB | SBB byte ptr [RAX + -0x6f6f6f70],DL | len=7
OpcodeLengths.java> OPLEN 1a670 slot=2663 SBB | SBB byte ptr [EAX + 0x90909090],DL | len=7
OpcodeLengths.java> OPLEN 1a680 slot=2664 PUSH | PUSH -0x6f6f6fe8 | len=5
OpcodeLengths.java> OPLEN 1a690 slot=2665 IMUL | IMUL EBX,dword ptr [RAX],-0x6f6f6f70 | len=6
OpcodeLengths.java> OPLEN 1a6a0 slot=2666 PUSH | PUSH 0x18 | len=2
OpcodeLengths.java> OPLEN 1a6b0 slot=2667 IMUL | IMUL EBX,dword ptr [RAX],-0x70 | len=3
OpcodeLengths.java> OPLEN 1a6c0 slot=2668 INSB | INSB RDI,DX | len=1
OpcodeLengths.java> OPLEN 1a6d0 slot=2669 INSD | INSD RDI,DX | len=1
OpcodeLengths.java> OPLEN 1a6e0 slot=2670 OUTSB | OUTSB DX,RSI | len=1
OpcodeLengths.java> OPLEN 1a6f0 slot=2671 OUTSD | OUTSD DX,RSI | len=1
OpcodeLengths.java> OPLEN 1a700 slot=2672 JO | JO 0x0001a71a | len=2
OpcodeLengths.java> OPLEN 1a710 slot=2673 JNO | JNO 0x0001a72a | len=2
OpcodeLengths.java> OPLEN 1a720 slot=2674 JC | JC 0x0001a73a | len=2
OpcodeLengths.java> OPLEN 1a730 slot=2675 JNC | JNC 0x0001a74a | len=2
OpcodeLengths.java> OPLEN 1a740 slot=2676 JZ | JZ 0x0001a75a | len=2
OpcodeLengths.java> OPLEN 1a750 slot=2677 JNZ | JNZ 0x0001a76a | len=2
OpcodeLengths.java> OPLEN 1a760 slot=2678 JBE | JBE 0x0001a77a | len=2
OpcodeLengths.java> OPLEN 1a770 slot=2679 JA | JA 0x0001a78a | len=2
OpcodeLengths.java> OPLEN 1a780 slot=2680 JS | JS 0x0001a79a | len=2
OpcodeLengths.java> OPLEN 1a790 slot=2681 JNS | JNS 0x0001a7aa | len=2
OpcodeLengths.java> OPLEN 1a7a0 slot=2682 JP | JP 0x0001a7ba | len=2
OpcodeLengths.java> OPLEN 1a7b0 slot=2683 JNP | JNP 0x0001a7ca | len=2
OpcodeLengths.java> OPLEN 1a7c0 slot=2684 JL | JL 0x0001a7da | len=2
OpcodeLengths.java> OPLEN 1a7d0 slot=2685 JGE | JGE 0x0001a7ea | len=2
OpcodeLengths.java> OPLEN 1a7e0 slot=2686 JLE | JLE 0x0001a7fa | len=2
OpcodeLengths.java> OPLEN 1a7f0 slot=2687 JG | JG 0x0001a80a | len=2
OpcodeLengths.java> OPLEN 1a800 slot=2688 SBB | SBB byte ptr [RAX],0x90 | len=3
OpcodeLengths.java> OPLEN 1a810 slot=2689 SBB | SBB dword ptr [RAX],0x90909090 | len=6
OpcodeLengths.java> OPLEN 1a820 slot=2690 NONE
OpcodeLengths.java> OPLEN 1a830 slot=2691 SBB | SBB dword ptr [RAX],-0x70 | len=3
OpcodeLengths.java> OPLEN 1a840 slot=2692 TEST | TEST byte ptr [RAX],BL | len=2
OpcodeLengths.java> OPLEN 1a850 slot=2693 TEST | TEST dword ptr [RAX],EBX | len=2
OpcodeLengths.java> OPLEN 1a860 slot=2694 XCHG | XCHG byte ptr [RAX],BL | len=2
OpcodeLengths.java> OPLEN 1a870 slot=2695 XCHG | XCHG dword ptr [RAX],EBX | len=2
OpcodeLengths.java> OPLEN 1a880 slot=2696 MOV | MOV byte ptr [RAX],BL | len=2
OpcodeLengths.java> OPLEN 1a890 slot=2697 MOV | MOV dword ptr [RAX],EBX | len=2
OpcodeLengths.java> OPLEN 1a8a0 slot=2698 MOV | MOV BL,byte ptr [RAX] | len=2
OpcodeLengths.java> OPLEN 1a8b0 slot=2699 MOV | MOV EBX,dword ptr [RAX] | len=2
OpcodeLengths.java> OPLEN 1a8c0 slot=2700 MOV | MOV word ptr [RAX],DS | len=2
OpcodeLengths.java> OPLEN 1a8d0 slot=2701 LEA | LEA EBX,[RAX] | len=2
OpcodeLengths.java> OPLEN 1a8e0 slot=2702 MOV | MOV DS,word ptr [RAX] | len=2
OpcodeLengths.java> OPLEN 1a8f0 slot=2703 NONE
OpcodeLengths.java> OPLEN 1a900 slot=2704 NOP | NOP | len=1
OpcodeLengths.java> OPLEN 1a910 slot=2705 XCHG | XCHG EAX,ECX | len=1
OpcodeLengths.java> OPLEN 1a920 slot=2706 XCHG | XCHG EAX,EDX | len=1
OpcodeLengths.java> OPLEN 1a930 slot=2707 XCHG | XCHG EAX,EBX | len=1
OpcodeLengths.java> OPLEN 1a940 slot=2708 XCHG | XCHG EAX,ESP | len=1
OpcodeLengths.java> OPLEN 1a950 slot=2709 XCHG | XCHG EAX,EBP | len=1
OpcodeLengths.java> OPLEN 1a960 slot=2710 XCHG | XCHG EAX,ESI | len=1
OpcodeLengths.java> OPLEN 1a970 slot=2711 XCHG | XCHG EAX,EDI | len=1
OpcodeLengths.java> OPLEN 1a980 slot=2712 CWDE | CWDE | len=1
OpcodeLengths.java> OPLEN 1a990 slot=2713 CDQ | CDQ | len=1
OpcodeLengths.java> OPLEN 1a9a0 slot=2714 NONE
OpcodeLengths.java> OPLEN 1a9b0 slot=2715 WAIT | WAIT | len=1
OpcodeLengths.java> OPLEN 1a9c0 slot=2716 PUSHFQ | PUSHFQ | len=1
OpcodeLengths.java> OPLEN 1a9d0 slot=2717 POPFQ | POPFQ | len=1
OpcodeLengths.java> OPLEN 1a9e0 slot=2718 SAHF | SAHF | len=1
OpcodeLengths.java> OPLEN 1a9f0 slot=2719 LAHF | LAHF | len=1
OpcodeLengths.java> OPLEN 1aa00 slot=2720 MOV | MOV AL,[0x9090909090909018] | len=9
OpcodeLengths.java> OPLEN 1aa10 slot=2721 MOV | MOV EAX,[0x9090909090909018] | len=9
OpcodeLengths.java> OPLEN 1aa20 slot=2722 MOV | MOV [0x9090909090909018],AL | len=9
OpcodeLengths.java> OPLEN 1aa30 slot=2723 MOV | MOV [0x9090909090909018],EAX | len=9
OpcodeLengths.java> OPLEN 1aa40 slot=2724 MOVSB | MOVSB RDI,RSI | len=1
OpcodeLengths.java> OPLEN 1aa50 slot=2725 MOVSD | MOVSD RDI,RSI | len=1
OpcodeLengths.java> OPLEN 1aa60 slot=2726 CMPSB | CMPSB RDI,RSI | len=1
OpcodeLengths.java> OPLEN 1aa70 slot=2727 CMPSD | CMPSD RDI,RSI | len=1
OpcodeLengths.java> OPLEN 1aa80 slot=2728 TEST | TEST AL,0x18 | len=2
OpcodeLengths.java> OPLEN 1aa90 slot=2729 TEST | TEST EAX,0x90909018 | len=5
OpcodeLengths.java> OPLEN 1aaa0 slot=2730 STOSB | STOSB RDI | len=1
OpcodeLengths.java> OPLEN 1aab0 slot=2731 STOSD | STOSD RDI | len=1
OpcodeLengths.java> OPLEN 1aac0 slot=2732 LODSB | LODSB RSI | len=1
OpcodeLengths.java> OPLEN 1aad0 slot=2733 LODSD | LODSD RSI | len=1
OpcodeLengths.java> OPLEN 1aae0 slot=2734 SCASB | SCASB RDI | len=1
OpcodeLengths.java> OPLEN 1aaf0 slot=2735 SCASD | SCASD RDI | len=1
OpcodeLengths.java> OPLEN 1ab00 slot=2736 MOV | MOV AL,0x18 | len=2
OpcodeLengths.java> OPLEN 1ab10 slot=2737 MOV | MOV CL,0x18 | len=2
OpcodeLengths.java> OPLEN 1ab20 slot=2738 MOV | MOV DL,0x18 | len=2
OpcodeLengths.java> OPLEN 1ab30 slot=2739 MOV | MOV BL,0x18 | len=2
OpcodeLengths.java> OPLEN 1ab40 slot=2740 MOV | MOV AH,0x18 | len=2
OpcodeLengths.java> OPLEN 1ab50 slot=2741 MOV | MOV CH,0x18 | len=2
OpcodeLengths.java> OPLEN 1ab60 slot=2742 MOV | MOV DH,0x18 | len=2
OpcodeLengths.java> OPLEN 1ab70 slot=2743 MOV | MOV BH,0x18 | len=2
OpcodeLengths.java> OPLEN 1ab80 slot=2744 MOV | MOV EAX,0x90909018 | len=5
OpcodeLengths.java> OPLEN 1ab90 slot=2745 MOV | MOV ECX,0x90909018 | len=5
OpcodeLengths.java> OPLEN 1aba0 slot=2746 MOV | MOV EDX,0x90909018 | len=5
OpcodeLengths.java> OPLEN 1abb0 slot=2747 MOV | MOV EBX,0x90909018 | len=5
OpcodeLengths.java> OPLEN 1abc0 slot=2748 MOV | MOV ESP,0x90909018 | len=5
OpcodeLengths.java> OPLEN 1abd0 slot=2749 MOV | MOV EBP,0x90909018 | len=5
OpcodeLengths.java> OPLEN 1abe0 slot=2750 MOV | MOV ESI,0x90909018 | len=5
OpcodeLengths.java> OPLEN 1abf0 slot=2751 MOV | MOV EDI,0x90909018 | len=5
OpcodeLengths.java> OPLEN 1ac00 slot=2752 RCR | RCR byte ptr [RAX],0x90 | len=3
OpcodeLengths.java> OPLEN 1ac10 slot=2753 RCR | RCR dword ptr [RAX],0x90 | len=3
OpcodeLengths.java> OPLEN 1ac20 slot=2754 RET | RET 0x9018 | len=3
OpcodeLengths.java> OPLEN 1ac30 slot=2755 RET | RET | len=1
OpcodeLengths.java> OPLEN 1ac40 slot=2756 NONE
OpcodeLengths.java> OPLEN 1ac50 slot=2757 KMOVW | KMOVW K2,word ptr [RAX + -0x6f6f6f70] | len=8
OpcodeLengths.java> OPLEN 1ac60 slot=2758 NONE
OpcodeLengths.java> OPLEN 1ac70 slot=2759 NONE
OpcodeLengths.java> OPLEN 1ac80 slot=2760 ENTER | ENTER 0x9018,0x10 | len=4
OpcodeLengths.java> OPLEN 1ac90 slot=2761 LEAVE | LEAVE | len=1
OpcodeLengths.java> OPLEN 1aca0 slot=2762 RETF | RETF 0x9018 | len=3
OpcodeLengths.java> OPLEN 1acb0 slot=2763 RETF | RETF | len=1
OpcodeLengths.java> OPLEN 1acc0 slot=2764 INT3 | INT3 | len=1
OpcodeLengths.java> OPLEN 1acd0 slot=2765 INT | INT 0x18 | len=2
OpcodeLengths.java> OPLEN 1ace0 slot=2766 NONE
OpcodeLengths.java> OPLEN 1acf0 slot=2767 IRETD | IRETD | len=1
OpcodeLengths.java> OPLEN 1ad00 slot=2768 RCR | RCR byte ptr [RAX],0x1 | len=2
OpcodeLengths.java> OPLEN 1ad10 slot=2769 RCR | RCR dword ptr [RAX],0x1 | len=2
OpcodeLengths.java> OPLEN 1ad20 slot=2770 RCR | RCR byte ptr [RAX],CL | len=2
OpcodeLengths.java> OPLEN 1ad30 slot=2771 RCR | RCR dword ptr [RAX],CL | len=2
OpcodeLengths.java> OPLEN 1ad40 slot=2772 NONE
OpcodeLengths.java> OPLEN 1ad50 slot=2773 NONE
OpcodeLengths.java> OPLEN 1ad60 slot=2774 NONE
OpcodeLengths.java> OPLEN 1ad70 slot=2775 XLAT | XLAT RBX | len=1
OpcodeLengths.java> OPLEN 1ad80 slot=2776 FCOMP | FCOMP float ptr [RAX] | len=2
OpcodeLengths.java> OPLEN 1ad90 slot=2777 FSTP | FSTP float ptr [RAX] | len=2
OpcodeLengths.java> OPLEN 1ada0 slot=2778 FICOMP | FICOMP dword ptr [RAX] | len=2
OpcodeLengths.java> OPLEN 1adb0 slot=2779 FISTP | FISTP dword ptr [RAX] | len=2
OpcodeLengths.java> OPLEN 1adc0 slot=2780 FCOMP | FCOMP double ptr [RAX] | len=2
OpcodeLengths.java> OPLEN 1add0 slot=2781 FSTP | FSTP double ptr [RAX] | len=2
OpcodeLengths.java> OPLEN 1ade0 slot=2782 FICOMP | FICOMP word ptr [RAX] | len=2
OpcodeLengths.java> OPLEN 1adf0 slot=2783 FISTP | FISTP word ptr [RAX] | len=2
OpcodeLengths.java> OPLEN 1ae00 slot=2784 LOOPNZ | LOOPNZ 0x0001ae1a | len=2
OpcodeLengths.java> OPLEN 1ae10 slot=2785 LOOPZ | LOOPZ 0x0001ae2a | len=2
OpcodeLengths.java> OPLEN 1ae20 slot=2786 LOOP | LOOP 0x0001ae3a | len=2
OpcodeLengths.java> OPLEN 1ae30 slot=2787 JRCXZ | JRCXZ 0x0001ae4a | len=2
OpcodeLengths.java> OPLEN 1ae40 slot=2788 IN | IN AL,0x18 | len=2
OpcodeLengths.java> OPLEN 1ae50 slot=2789 IN | IN EAX,0x18 | len=2
OpcodeLengths.java> OPLEN 1ae60 slot=2790 OUT | OUT 0x18,AL | len=2
OpcodeLengths.java> OPLEN 1ae70 slot=2791 OUT | OUT 0x18,EAX | len=2
OpcodeLengths.java> OPLEN 1ae80 slot=2792 CALL | CALL 0xffffffff90923e9d | len=5
OpcodeLengths.java> OPLEN 1ae90 slot=2793 JMP | JMP 0xffffffff90923ead | len=5
OpcodeLengths.java> OPLEN 1aea0 slot=2794 JMPF | JMPF 0x9090:0x90909018 | len=7
OpcodeLengths.java> OPLEN 1aeb0 slot=2795 JMP | JMP 0x0001aeca | len=2
OpcodeLengths.java> OPLEN 1aec0 slot=2796 IN | IN AL,DX | len=1
OpcodeLengths.java> OPLEN 1aed0 slot=2797 IN | IN EAX,DX | len=1
OpcodeLengths.java> OPLEN 1aee0 slot=2798 OUT | OUT DX,AL | len=1
OpcodeLengths.java> OPLEN 1aef0 slot=2799 OUT | OUT DX,EAX | len=1
OpcodeLengths.java> OPLEN 1af00 slot=2800 SBB.LOCK | SBB.LOCK byte ptr [RAX + -0x6f6f6f70],DL | len=7
OpcodeLengths.java> OPLEN 1af10 slot=2801 INT1 | INT1 | len=1
OpcodeLengths.java> OPLEN 1af20 slot=2802 SBB | SBB byte ptr [RAX + -0x6f6f6f70],DL | len=7
OpcodeLengths.java> OPLEN 1af30 slot=2803 SBB | SBB byte ptr [RAX + -0x6f6f6f70],DL | len=7
OpcodeLengths.java> OPLEN 1af40 slot=2804 HLT | HLT | len=1
OpcodeLengths.java> OPLEN 1af50 slot=2805 CMC | CMC | len=1
OpcodeLengths.java> OPLEN 1af60 slot=2806 NEG | NEG byte ptr [RAX] | len=2
OpcodeLengths.java> OPLEN 1af70 slot=2807 NEG | NEG dword ptr [RAX] | len=2
OpcodeLengths.java> OPLEN 1af80 slot=2808 CLC | CLC | len=1
OpcodeLengths.java> OPLEN 1af90 slot=2809 STC | STC | len=1
OpcodeLengths.java> OPLEN 1afa0 slot=2810 CLI | CLI | len=1
OpcodeLengths.java> OPLEN 1afb0 slot=2811 STI | STI | len=1
OpcodeLengths.java> OPLEN 1afc0 slot=2812 CLD | CLD | len=1
OpcodeLengths.java> OPLEN 1afd0 slot=2813 STD | STD | len=1
OpcodeLengths.java> OPLEN 1afe0 slot=2814 INC | INC byte ptr [RAX] | len=2
OpcodeLengths.java> OPLEN 1aff0 slot=2815 CALLF | CALLF [RAX] | len=2
OpcodeLengths.java> OPLEN 1b000 slot=2816 ADD | ADD byte ptr [RAX],AH | len=2
OpcodeLengths.java> OPLEN 1b010 slot=2817 ADD | ADD dword ptr [RAX],ESP | len=2
OpcodeLengths.java> OPLEN 1b020 slot=2818 ADD | ADD AH,byte ptr [RAX] | len=2
OpcodeLengths.java> OPLEN 1b030 slot=2819 ADD | ADD ESP,dword ptr [RAX] | len=2
OpcodeLengths.java> OPLEN 1b040 slot=2820 ADD | ADD AL,0x20 | len=2
OpcodeLengths.java> OPLEN 1b050 slot=2821 ADD | ADD EAX,0x90909020 | len=5
OpcodeLengths.java> OPLEN 1b060 slot=2822 NONE
OpcodeLengths.java> OPLEN 1b070 slot=2823 NONE
OpcodeLengths.java> OPLEN 1b080 slot=2824 OR | OR byte ptr [RAX],AH | len=2
OpcodeLengths.java> OPLEN 1b090 slot=2825 OR | OR dword ptr [RAX],ESP | len=2
OpcodeLengths.java> OPLEN 1b0a0 slot=2826 OR | OR AH,byte ptr [RAX] | len=2
OpcodeLengths.java> OPLEN 1b0b0 slot=2827 OR | OR ESP,dword ptr [RAX] | len=2
OpcodeLengths.java> OPLEN 1b0c0 slot=2828 OR | OR AL,0x20 | len=2
OpcodeLengths.java> OPLEN 1b0d0 slot=2829 OR | OR EAX,0x90909020 | len=5
OpcodeLengths.java> OPLEN 1b0e0 slot=2830 NONE
OpcodeLengths.java> OPLEN 1b0f0 slot=2831 MOV | MOV RAX,CR2 | len=3
OpcodeLengths.java> OPLEN 1b100 slot=2832 ADC | ADC byte ptr [RAX],AH | len=2
OpcodeLengths.java> OPLEN 1b110 slot=2833 ADC | ADC dword ptr [RAX],ESP | len=2
OpcodeLengths.java> OPLEN 1b120 slot=2834 ADC | ADC AH,byte ptr [RAX] | len=2
OpcodeLengths.java> OPLEN 1b130 slot=2835 ADC | ADC ESP,dword ptr [RAX] | len=2
OpcodeLengths.java> OPLEN 1b140 slot=2836 ADC | ADC AL,0x20 | len=2
OpcodeLengths.java> OPLEN 1b150 slot=2837 ADC | ADC EAX,0x90909020 | len=5
OpcodeLengths.java> OPLEN 1b160 slot=2838 NONE
OpcodeLengths.java> OPLEN 1b170 slot=2839 NONE
OpcodeLengths.java> OPLEN 1b180 slot=2840 SBB | SBB byte ptr [RAX],AH | len=2
OpcodeLengths.java> OPLEN 1b190 slot=2841 SBB | SBB dword ptr [RAX],ESP | len=2
OpcodeLengths.java> OPLEN 1b1a0 slot=2842 SBB | SBB AH,byte ptr [RAX] | len=2
OpcodeLengths.java> OPLEN 1b1b0 slot=2843 SBB | SBB ESP,dword ptr [RAX] | len=2
OpcodeLengths.java> OPLEN 1b1c0 slot=2844 SBB | SBB AL,0x20 | len=2
OpcodeLengths.java> OPLEN 1b1d0 slot=2845 SBB | SBB EAX,0x90909020 | len=5
OpcodeLengths.java> OPLEN 1b1e0 slot=2846 NONE
OpcodeLengths.java> OPLEN 1b1f0 slot=2847 NONE
OpcodeLengths.java> OPLEN 1b200 slot=2848 AND | AND byte ptr [RAX],AH | len=2
OpcodeLengths.java> OPLEN 1b210 slot=2849 AND | AND dword ptr [RAX],ESP | len=2
OpcodeLengths.java> OPLEN 1b220 slot=2850 AND | AND AH,byte ptr [RAX] | len=2
OpcodeLengths.java> OPLEN 1b230 slot=2851 AND | AND ESP,dword ptr [RAX] | len=2
OpcodeLengths.java> OPLEN 1b240 slot=2852 AND | AND AL,0x20 | len=2
OpcodeLengths.java> OPLEN 1b250 slot=2853 AND | AND EAX,0x90909020 | len=5
OpcodeLengths.java> OPLEN 1b260 slot=2854 AND | AND byte ptr ES:[RAX + -0x6f6f6f70],DL | len=7
OpcodeLengths.java> OPLEN 1b270 slot=2855 NONE
OpcodeLengths.java> OPLEN 1b280 slot=2856 SUB | SUB byte ptr [RAX],AH | len=2
OpcodeLengths.java> OPLEN 1b290 slot=2857 SUB | SUB dword ptr [RAX],ESP | len=2
OpcodeLengths.java> OPLEN 1b2a0 slot=2858 SUB | SUB AH,byte ptr [RAX] | len=2
OpcodeLengths.java> OPLEN 1b2b0 slot=2859 SUB | SUB ESP,dword ptr [RAX] | len=2
OpcodeLengths.java> OPLEN 1b2c0 slot=2860 SUB | SUB AL,0x20 | len=2
OpcodeLengths.java> OPLEN 1b2d0 slot=2861 SUB | SUB EAX,0x90909020 | len=5
OpcodeLengths.java> OPLEN 1b2e0 slot=2862 AND | AND byte ptr CS:[RAX + -0x6f6f6f70],DL | len=7
OpcodeLengths.java> OPLEN 1b2f0 slot=2863 NONE
OpcodeLengths.java> OPLEN 1b300 slot=2864 XOR | XOR byte ptr [RAX],AH | len=2
OpcodeLengths.java> OPLEN 1b310 slot=2865 XOR | XOR dword ptr [RAX],ESP | len=2
OpcodeLengths.java> OPLEN 1b320 slot=2866 XOR | XOR AH,byte ptr [RAX] | len=2
OpcodeLengths.java> OPLEN 1b330 slot=2867 XOR | XOR ESP,dword ptr [RAX] | len=2
OpcodeLengths.java> OPLEN 1b340 slot=2868 XOR | XOR AL,0x20 | len=2
OpcodeLengths.java> OPLEN 1b350 slot=2869 XOR | XOR EAX,0x90909020 | len=5
OpcodeLengths.java> OPLEN 1b360 slot=2870 AND | AND byte ptr SS:[RAX + -0x6f6f6f70],DL | len=7
OpcodeLengths.java> OPLEN 1b370 slot=2871 NONE
OpcodeLengths.java> OPLEN 1b380 slot=2872 CMP | CMP byte ptr [RAX],AH | len=2
OpcodeLengths.java> OPLEN 1b390 slot=2873 CMP | CMP dword ptr [RAX],ESP | len=2
OpcodeLengths.java> OPLEN 1b3a0 slot=2874 CMP | CMP AH,byte ptr [RAX] | len=2
OpcodeLengths.java> OPLEN 1b3b0 slot=2875 CMP | CMP ESP,dword ptr [RAX] | len=2
OpcodeLengths.java> OPLEN 1b3c0 slot=2876 CMP | CMP AL,0x20 | len=2
OpcodeLengths.java> OPLEN 1b3d0 slot=2877 CMP | CMP EAX,0x90909020 | len=5
OpcodeLengths.java> OPLEN 1b3e0 slot=2878 AND | AND byte ptr DS:[RAX + -0x6f6f6f70],DL | len=7
OpcodeLengths.java> OPLEN 1b3f0 slot=2879 NONE
OpcodeLengths.java> OPLEN 1b400 slot=2880 AND | AND byte ptr [RAX + -0x6f6f6f70],DL | len=7
OpcodeLengths.java> OPLEN 1b410 slot=2881 AND | AND byte ptr [R8 + -0x6f6f6f70],DL | len=7
OpcodeLengths.java> OPLEN 1b420 slot=2882 AND | AND byte ptr [RAX + -0x6f6f6f70],DL | len=7
OpcodeLengths.java> OPLEN 1b430 slot=2883 AND | AND byte ptr [R8 + -0x6f6f6f70],DL | len=7
OpcodeLengths.java> OPLEN 1b440 slot=2884 AND | AND byte ptr [RAX + -0x6f6f6f70],R10B | len=7
OpcodeLengths.java> OPLEN 1b450 slot=2885 AND | AND byte ptr [R8 + -0x6f6f6f70],R10B | len=7
OpcodeLengths.java> OPLEN 1b460 slot=2886 AND | AND byte ptr [RAX + -0x6f6f6f70],R10B | len=7
OpcodeLengths.java> OPLEN 1b470 slot=2887 AND | AND byte ptr [R8 + -0x6f6f6f70],R10B | len=7
OpcodeLengths.java> OPLEN 1b480 slot=2888 AND | AND byte ptr [RAX + -0x6f6f6f70],DL | len=7
OpcodeLengths.java> OPLEN 1b490 slot=2889 AND | AND byte ptr [R8 + -0x6f6f6f70],DL | len=7
OpcodeLengths.java> OPLEN 1b4a0 slot=2890 AND | AND byte ptr [RAX + -0x6f6f6f70],DL | len=7
OpcodeLengths.java> OPLEN 1b4b0 slot=2891 AND | AND byte ptr [R8 + -0x6f6f6f70],DL | len=7
OpcodeLengths.java> OPLEN 1b4c0 slot=2892 AND | AND byte ptr [RAX + -0x6f6f6f70],R10B | len=7
OpcodeLengths.java> OPLEN 1b4d0 slot=2893 AND | AND byte ptr [R8 + -0x6f6f6f70],R10B | len=7
OpcodeLengths.java> OPLEN 1b4e0 slot=2894 AND | AND byte ptr [RAX + -0x6f6f6f70],R10B | len=7
OpcodeLengths.java> OPLEN 1b4f0 slot=2895 AND | AND byte ptr [R8 + -0x6f6f6f70],R10B | len=7
OpcodeLengths.java> OPLEN 1b500 slot=2896 PUSH | PUSH RAX | len=1
OpcodeLengths.java> OPLEN 1b510 slot=2897 PUSH | PUSH RCX | len=1
OpcodeLengths.java> OPLEN 1b520 slot=2898 PUSH | PUSH RDX | len=1
OpcodeLengths.java> OPLEN 1b530 slot=2899 PUSH | PUSH RBX | len=1
OpcodeLengths.java> OPLEN 1b540 slot=2900 PUSH | PUSH RSP | len=1
OpcodeLengths.java> OPLEN 1b550 slot=2901 PUSH | PUSH RBP | len=1
OpcodeLengths.java> OPLEN 1b560 slot=2902 PUSH | PUSH RSI | len=1
OpcodeLengths.java> OPLEN 1b570 slot=2903 PUSH | PUSH RDI | len=1
OpcodeLengths.java> OPLEN 1b580 slot=2904 POP | POP RAX | len=1
OpcodeLengths.java> OPLEN 1b590 slot=2905 POP | POP RCX | len=1
OpcodeLengths.java> OPLEN 1b5a0 slot=2906 POP | POP RDX | len=1
OpcodeLengths.java> OPLEN 1b5b0 slot=2907 POP | POP RBX | len=1
OpcodeLengths.java> OPLEN 1b5c0 slot=2908 POP | POP RSP | len=1
OpcodeLengths.java> OPLEN 1b5d0 slot=2909 POP | POP RBP | len=1
OpcodeLengths.java> OPLEN 1b5e0 slot=2910 POP | POP RSI | len=1
OpcodeLengths.java> OPLEN 1b5f0 slot=2911 POP | POP RDI | len=1
OpcodeLengths.java> OPLEN 1b600 slot=2912 NONE
OpcodeLengths.java> OPLEN 1b610 slot=2913 NONE
OpcodeLengths.java> OPLEN 1b620 slot=2914 NONE
OpcodeLengths.java> OPLEN 1b630 slot=2915 MOVSXD | MOVSXD ESP,dword ptr [RAX] | len=2
OpcodeLengths.java> OPLEN 1b640 slot=2916 AND | AND byte ptr FS:[RAX + -0x6f6f6f70],DL | len=7
OpcodeLengths.java> OPLEN 1b650 slot=2917 AND | AND byte ptr GS:[RAX + -0x6f6f6f70],DL | len=7
OpcodeLengths.java> OPLEN 1b660 slot=2918 AND | AND byte ptr [RAX + -0x6f6f6f70],DL | len=7
OpcodeLengths.java> OPLEN 1b670 slot=2919 AND | AND byte ptr [EAX + 0x90909090],DL | len=7
OpcodeLengths.java> OPLEN 1b680 slot=2920 PUSH | PUSH -0x6f6f6fe0 | len=5
OpcodeLengths.java> OPLEN 1b690 slot=2921 IMUL | IMUL ESP,dword ptr [RAX],-0x6f6f6f70 | len=6
OpcodeLengths.java> OPLEN 1b6a0 slot=2922 PUSH | PUSH 0x20 | len=2
OpcodeLengths.java> OPLEN 1b6b0 slot=2923 IMUL | IMUL ESP,dword ptr [RAX],-0x70 | len=3
OpcodeLengths.java> OPLEN 1b6c0 slot=2924 INSB | INSB RDI,DX | len=1
OpcodeLengths.java> OPLEN 1b6d0 slot=2925 INSD | INSD RDI,DX | len=1
OpcodeLengths.java> OPLEN 1b6e0 slot=2926 OUTSB | OUTSB DX,RSI | len=1
OpcodeLengths.java> OPLEN 1b6f0 slot=2927 OUTSD | OUTSD DX,RSI | len=1
OpcodeLengths.java> OPLEN 1b700 slot=2928 JO | JO 0x0001b722 | len=2
OpcodeLengths.java> OPLEN 1b710 slot=2929 JNO | JNO 0x0001b732 | len=2
OpcodeLengths.java> OPLEN 1b720 slot=2930 JC | JC 0x0001b742 | len=2
OpcodeLengths.java> OPLEN 1b730 slot=2931 JNC | JNC 0x0001b752 | len=2
OpcodeLengths.java> OPLEN 1b740 slot=2932 JZ | JZ 0x0001b762 | len=2
OpcodeLengths.java> OPLEN 1b750 slot=2933 JNZ | JNZ 0x0001b772 | len=2
OpcodeLengths.java> OPLEN 1b760 slot=2934 JBE | JBE 0x0001b782 | len=2
OpcodeLengths.java> OPLEN 1b770 slot=2935 JA | JA 0x0001b792 | len=2
OpcodeLengths.java> OPLEN 1b780 slot=2936 JS | JS 0x0001b7a2 | len=2
OpcodeLengths.java> OPLEN 1b790 slot=2937 JNS | JNS 0x0001b7b2 | len=2
OpcodeLengths.java> OPLEN 1b7a0 slot=2938 JP | JP 0x0001b7c2 | len=2
OpcodeLengths.java> OPLEN 1b7b0 slot=2939 JNP | JNP 0x0001b7d2 | len=2
OpcodeLengths.java> OPLEN 1b7c0 slot=2940 JL | JL 0x0001b7e2 | len=2
OpcodeLengths.java> OPLEN 1b7d0 slot=2941 JGE | JGE 0x0001b7f2 | len=2
OpcodeLengths.java> OPLEN 1b7e0 slot=2942 JLE | JLE 0x0001b802 | len=2
OpcodeLengths.java> OPLEN 1b7f0 slot=2943 JG | JG 0x0001b812 | len=2
OpcodeLengths.java> OPLEN 1b800 slot=2944 AND | AND byte ptr [RAX],0x90 | len=3
OpcodeLengths.java> OPLEN 1b810 slot=2945 AND | AND dword ptr [RAX],0x90909090 | len=6
OpcodeLengths.java> OPLEN 1b820 slot=2946 NONE
OpcodeLengths.java> OPLEN 1b830 slot=2947 AND | AND dword ptr [RAX],0xffffff90 | len=3
OpcodeLengths.java> OPLEN 1b840 slot=2948 TEST | TEST byte ptr [RAX],AH | len=2
OpcodeLengths.java> OPLEN 1b850 slot=2949 TEST | TEST dword ptr [RAX],ESP | len=2
OpcodeLengths.java> OPLEN 1b860 slot=2950 XCHG | XCHG byte ptr [RAX],AH | len=2
OpcodeLengths.java> OPLEN 1b870 slot=2951 XCHG | XCHG dword ptr [RAX],ESP | len=2
OpcodeLengths.java> OPLEN 1b880 slot=2952 MOV | MOV byte ptr [RAX],AH | len=2
OpcodeLengths.java> OPLEN 1b890 slot=2953 MOV | MOV dword ptr [RAX],ESP | len=2
OpcodeLengths.java> OPLEN 1b8a0 slot=2954 MOV | MOV AH,byte ptr [RAX] | len=2
OpcodeLengths.java> OPLEN 1b8b0 slot=2955 MOV | MOV ESP,dword ptr [RAX] | len=2
OpcodeLengths.java> OPLEN 1b8c0 slot=2956 MOV | MOV word ptr [RAX],FS | len=2
OpcodeLengths.java> OPLEN 1b8d0 slot=2957 LEA | LEA ESP,[RAX] | len=2
OpcodeLengths.java> OPLEN 1b8e0 slot=2958 MOV | MOV FS,word ptr [RAX] | len=2
OpcodeLengths.java> OPLEN 1b8f0 slot=2959 NONE
OpcodeLengths.java> OPLEN 1b900 slot=2960 NOP | NOP | len=1
OpcodeLengths.java> OPLEN 1b910 slot=2961 XCHG | XCHG EAX,ECX | len=1
OpcodeLengths.java> OPLEN 1b920 slot=2962 XCHG | XCHG EAX,EDX | len=1
OpcodeLengths.java> OPLEN 1b930 slot=2963 XCHG | XCHG EAX,EBX | len=1
OpcodeLengths.java> OPLEN 1b940 slot=2964 XCHG | XCHG EAX,ESP | len=1
OpcodeLengths.java> OPLEN 1b950 slot=2965 XCHG | XCHG EAX,EBP | len=1
OpcodeLengths.java> OPLEN 1b960 slot=2966 XCHG | XCHG EAX,ESI | len=1
OpcodeLengths.java> OPLEN 1b970 slot=2967 XCHG | XCHG EAX,EDI | len=1
OpcodeLengths.java> OPLEN 1b980 slot=2968 CWDE | CWDE | len=1
OpcodeLengths.java> OPLEN 1b990 slot=2969 CDQ | CDQ | len=1
OpcodeLengths.java> OPLEN 1b9a0 slot=2970 NONE
OpcodeLengths.java> OPLEN 1b9b0 slot=2971 WAIT | WAIT | len=1
OpcodeLengths.java> OPLEN 1b9c0 slot=2972 PUSHFQ | PUSHFQ | len=1
OpcodeLengths.java> OPLEN 1b9d0 slot=2973 POPFQ | POPFQ | len=1
OpcodeLengths.java> OPLEN 1b9e0 slot=2974 SAHF | SAHF | len=1
OpcodeLengths.java> OPLEN 1b9f0 slot=2975 LAHF | LAHF | len=1
OpcodeLengths.java> OPLEN 1ba00 slot=2976 MOV | MOV AL,[0x9090909090909020] | len=9
OpcodeLengths.java> OPLEN 1ba10 slot=2977 MOV | MOV EAX,[0x9090909090909020] | len=9
OpcodeLengths.java> OPLEN 1ba20 slot=2978 MOV | MOV [0x9090909090909020],AL | len=9
OpcodeLengths.java> OPLEN 1ba30 slot=2979 MOV | MOV [0x9090909090909020],EAX | len=9
OpcodeLengths.java> OPLEN 1ba40 slot=2980 MOVSB | MOVSB RDI,RSI | len=1
OpcodeLengths.java> OPLEN 1ba50 slot=2981 MOVSD | MOVSD RDI,RSI | len=1
OpcodeLengths.java> OPLEN 1ba60 slot=2982 CMPSB | CMPSB RDI,RSI | len=1
OpcodeLengths.java> OPLEN 1ba70 slot=2983 CMPSD | CMPSD RDI,RSI | len=1
OpcodeLengths.java> OPLEN 1ba80 slot=2984 TEST | TEST AL,0x20 | len=2
OpcodeLengths.java> OPLEN 1ba90 slot=2985 TEST | TEST EAX,0x90909020 | len=5
OpcodeLengths.java> OPLEN 1baa0 slot=2986 STOSB | STOSB RDI | len=1
OpcodeLengths.java> OPLEN 1bab0 slot=2987 STOSD | STOSD RDI | len=1
OpcodeLengths.java> OPLEN 1bac0 slot=2988 LODSB | LODSB RSI | len=1
OpcodeLengths.java> OPLEN 1bad0 slot=2989 LODSD | LODSD RSI | len=1
OpcodeLengths.java> OPLEN 1bae0 slot=2990 SCASB | SCASB RDI | len=1
OpcodeLengths.java> OPLEN 1baf0 slot=2991 SCASD | SCASD RDI | len=1
OpcodeLengths.java> OPLEN 1bb00 slot=2992 MOV | MOV AL,0x20 | len=2
OpcodeLengths.java> OPLEN 1bb10 slot=2993 MOV | MOV CL,0x20 | len=2
OpcodeLengths.java> OPLEN 1bb20 slot=2994 MOV | MOV DL,0x20 | len=2
OpcodeLengths.java> OPLEN 1bb30 slot=2995 MOV | MOV BL,0x20 | len=2
OpcodeLengths.java> OPLEN 1bb40 slot=2996 MOV | MOV AH,0x20 | len=2
OpcodeLengths.java> OPLEN 1bb50 slot=2997 MOV | MOV CH,0x20 | len=2
OpcodeLengths.java> OPLEN 1bb60 slot=2998 MOV | MOV DH,0x20 | len=2
OpcodeLengths.java> OPLEN 1bb70 slot=2999 MOV | MOV BH,0x20 | len=2
OpcodeLengths.java> OPLEN 1bb80 slot=3000 MOV | MOV EAX,0x90909020 | len=5
OpcodeLengths.java> OPLEN 1bb90 slot=3001 MOV | MOV ECX,0x90909020 | len=5
OpcodeLengths.java> OPLEN 1bba0 slot=3002 MOV | MOV EDX,0x90909020 | len=5
OpcodeLengths.java> OPLEN 1bbb0 slot=3003 MOV | MOV EBX,0x90909020 | len=5
OpcodeLengths.java> OPLEN 1bbc0 slot=3004 MOV | MOV ESP,0x90909020 | len=5
OpcodeLengths.java> OPLEN 1bbd0 slot=3005 MOV | MOV EBP,0x90909020 | len=5
OpcodeLengths.java> OPLEN 1bbe0 slot=3006 MOV | MOV ESI,0x90909020 | len=5
OpcodeLengths.java> OPLEN 1bbf0 slot=3007 MOV | MOV EDI,0x90909020 | len=5
OpcodeLengths.java> OPLEN 1bc00 slot=3008 SHL | SHL byte ptr [RAX],0x90 | len=3
OpcodeLengths.java> OPLEN 1bc10 slot=3009 SHL | SHL dword ptr [RAX],0x90 | len=3
OpcodeLengths.java> OPLEN 1bc20 slot=3010 RET | RET 0x9020 | len=3
OpcodeLengths.java> OPLEN 1bc30 slot=3011 RET | RET | len=1
OpcodeLengths.java> OPLEN 1bc40 slot=3012 NONE
OpcodeLengths.java> OPLEN 1bc50 slot=3013 KMOVW | KMOVW K2,word ptr [RAX + -0x6f6f6f70] | len=8
OpcodeLengths.java> OPLEN 1bc60 slot=3014 NONE
OpcodeLengths.java> OPLEN 1bc70 slot=3015 NONE
OpcodeLengths.java> OPLEN 1bc80 slot=3016 ENTER | ENTER 0x9020,0x10 | len=4
OpcodeLengths.java> OPLEN 1bc90 slot=3017 LEAVE | LEAVE | len=1
OpcodeLengths.java> OPLEN 1bca0 slot=3018 RETF | RETF 0x9020 | len=3
OpcodeLengths.java> OPLEN 1bcb0 slot=3019 RETF | RETF | len=1
OpcodeLengths.java> OPLEN 1bcc0 slot=3020 INT3 | INT3 | len=1
OpcodeLengths.java> OPLEN 1bcd0 slot=3021 INT | INT 0x20 | len=2
OpcodeLengths.java> OPLEN 1bce0 slot=3022 NONE
OpcodeLengths.java> OPLEN 1bcf0 slot=3023 IRETD | IRETD | len=1
OpcodeLengths.java> OPLEN 1bd00 slot=3024 SHL | SHL byte ptr [RAX],0x1 | len=2
OpcodeLengths.java> OPLEN 1bd10 slot=3025 SHL | SHL dword ptr [RAX],0x1 | len=2
OpcodeLengths.java> OPLEN 1bd20 slot=3026 SHL | SHL byte ptr [RAX],CL | len=2
OpcodeLengths.java> OPLEN 1bd30 slot=3027 SHL | SHL dword ptr [RAX],CL | len=2
OpcodeLengths.java> OPLEN 1bd40 slot=3028 NONE
OpcodeLengths.java> OPLEN 1bd50 slot=3029 NONE
OpcodeLengths.java> OPLEN 1bd60 slot=3030 NONE
OpcodeLengths.java> OPLEN 1bd70 slot=3031 XLAT | XLAT RBX | len=1
OpcodeLengths.java> OPLEN 1bd80 slot=3032 FSUB | FSUB float ptr [RAX] | len=2
OpcodeLengths.java> OPLEN 1bd90 slot=3033 FLDENV | FLDENV [RAX] | len=2
OpcodeLengths.java> OPLEN 1bda0 slot=3034 FISUB | FISUB dword ptr [RAX] | len=2
OpcodeLengths.java> OPLEN 1bdb0 slot=3035 NONE
OpcodeLengths.java> OPLEN 1bdc0 slot=3036 FSUB | FSUB double ptr [RAX] | len=2
OpcodeLengths.java> OPLEN 1bdd0 slot=3037 FRSTOR | FRSTOR [RAX] | len=2
OpcodeLengths.java> OPLEN 1bde0 slot=3038 FISUB | FISUB word ptr [RAX] | len=2
OpcodeLengths.java> OPLEN 1bdf0 slot=3039 FBLD | FBLD tword ptr [RAX] | len=2
OpcodeLengths.java> OPLEN 1be00 slot=3040 LOOPNZ | LOOPNZ 0x0001be22 | len=2
OpcodeLengths.java> OPLEN 1be10 slot=3041 LOOPZ | LOOPZ 0x0001be32 | len=2
OpcodeLengths.java> OPLEN 1be20 slot=3042 LOOP | LOOP 0x0001be42 | len=2
OpcodeLengths.java> OPLEN 1be30 slot=3043 JRCXZ | JRCXZ 0x0001be52 | len=2
OpcodeLengths.java> OPLEN 1be40 slot=3044 IN | IN AL,0x20 | len=2
OpcodeLengths.java> OPLEN 1be50 slot=3045 IN | IN EAX,0x20 | len=2
OpcodeLengths.java> OPLEN 1be60 slot=3046 OUT | OUT 0x20,AL | len=2
OpcodeLengths.java> OPLEN 1be70 slot=3047 OUT | OUT 0x20,EAX | len=2
OpcodeLengths.java> OPLEN 1be80 slot=3048 CALL | CALL 0xffffffff90924ea5 | len=5
OpcodeLengths.java> OPLEN 1be90 slot=3049 JMP | JMP 0xffffffff90924eb5 | len=5
OpcodeLengths.java> OPLEN 1bea0 slot=3050 JMPF | JMPF 0x9090:0x90909020 | len=7
OpcodeLengths.java> OPLEN 1beb0 slot=3051 JMP | JMP 0x0001bed2 | len=2
OpcodeLengths.java> OPLEN 1bec0 slot=3052 IN | IN AL,DX | len=1
OpcodeLengths.java> OPLEN 1bed0 slot=3053 IN | IN EAX,DX | len=1
OpcodeLengths.java> OPLEN 1bee0 slot=3054 OUT | OUT DX,AL | len=1
OpcodeLengths.java> OPLEN 1bef0 slot=3055 OUT | OUT DX,EAX | len=1
OpcodeLengths.java> OPLEN 1bf00 slot=3056 AND.LOCK | AND.LOCK byte ptr [RAX + -0x6f6f6f70],DL | len=7
OpcodeLengths.java> OPLEN 1bf10 slot=3057 INT1 | INT1 | len=1
OpcodeLengths.java> OPLEN 1bf20 slot=3058 AND | AND byte ptr [RAX + -0x6f6f6f70],DL | len=7
OpcodeLengths.java> OPLEN 1bf30 slot=3059 AND | AND byte ptr [RAX + -0x6f6f6f70],DL | len=7
OpcodeLengths.java> OPLEN 1bf40 slot=3060 HLT | HLT | len=1
OpcodeLengths.java> OPLEN 1bf50 slot=3061 CMC | CMC | len=1
OpcodeLengths.java> OPLEN 1bf60 slot=3062 MUL | MUL byte ptr [RAX] | len=2
OpcodeLengths.java> OPLEN 1bf70 slot=3063 MUL | MUL dword ptr [RAX] | len=2
OpcodeLengths.java> OPLEN 1bf80 slot=3064 CLC | CLC | len=1
OpcodeLengths.java> OPLEN 1bf90 slot=3065 STC | STC | len=1
OpcodeLengths.java> OPLEN 1bfa0 slot=3066 CLI | CLI | len=1
OpcodeLengths.java> OPLEN 1bfb0 slot=3067 STI | STI | len=1
OpcodeLengths.java> OPLEN 1bfc0 slot=3068 CLD | CLD | len=1
OpcodeLengths.java> OPLEN 1bfd0 slot=3069 STD | STD | len=1
OpcodeLengths.java> OPLEN 1bfe0 slot=3070 INC | INC byte ptr [RAX] | len=2
OpcodeLengths.java> OPLEN 1bff0 slot=3071 JMP | JMP qword ptr [RAX] | len=2
OpcodeLengths.java> OPLEN 1c000 slot=3072 ADD | ADD byte ptr [RAX],CH | len=2
OpcodeLengths.java> OPLEN 1c010 slot=3073 ADD | ADD dword ptr [RAX],EBP | len=2
OpcodeLengths.java> OPLEN 1c020 slot=3074 ADD | ADD CH,byte ptr [RAX] | len=2
OpcodeLengths.java> OPLEN 1c030 slot=3075 ADD | ADD EBP,dword ptr [RAX] | len=2
OpcodeLengths.java> OPLEN 1c040 slot=3076 ADD | ADD AL,0x28 | len=2
OpcodeLengths.java> OPLEN 1c050 slot=3077 ADD | ADD EAX,0x90909028 | len=5
OpcodeLengths.java> OPLEN 1c060 slot=3078 NONE
OpcodeLengths.java> OPLEN 1c070 slot=3079 NONE
OpcodeLengths.java> OPLEN 1c080 slot=3080 OR | OR byte ptr [RAX],CH | len=2
OpcodeLengths.java> OPLEN 1c090 slot=3081 OR | OR dword ptr [RAX],EBP | len=2
OpcodeLengths.java> OPLEN 1c0a0 slot=3082 OR | OR CH,byte ptr [RAX] | len=2
OpcodeLengths.java> OPLEN 1c0b0 slot=3083 OR | OR EBP,dword ptr [RAX] | len=2
OpcodeLengths.java> OPLEN 1c0c0 slot=3084 OR | OR AL,0x28 | len=2
OpcodeLengths.java> OPLEN 1c0d0 slot=3085 OR | OR EAX,0x90909028 | len=5
OpcodeLengths.java> OPLEN 1c0e0 slot=3086 NONE
OpcodeLengths.java> OPLEN 1c0f0 slot=3087 MOVAPS | MOVAPS XMM2,xmmword ptr [RAX + -0x6f6f6f70] | len=7
OpcodeLengths.java> OPLEN 1c100 slot=3088 ADC | ADC byte ptr [RAX],CH | len=2
OpcodeLengths.java> OPLEN 1c110 slot=3089 ADC | ADC dword ptr [RAX],EBP | len=2
OpcodeLengths.java> OPLEN 1c120 slot=3090 ADC | ADC CH,byte ptr [RAX] | len=2
OpcodeLengths.java> OPLEN 1c130 slot=3091 ADC | ADC EBP,dword ptr [RAX] | len=2
OpcodeLengths.java> OPLEN 1c140 slot=3092 ADC | ADC AL,0x28 | len=2
OpcodeLengths.java> OPLEN 1c150 slot=3093 ADC | ADC EAX,0x90909028 | len=5
OpcodeLengths.java> OPLEN 1c160 slot=3094 NONE
OpcodeLengths.java> OPLEN 1c170 slot=3095 NONE
OpcodeLengths.java> OPLEN 1c180 slot=3096 SBB | SBB byte ptr [RAX],CH | len=2
OpcodeLengths.java> OPLEN 1c190 slot=3097 SBB | SBB dword ptr [RAX],EBP | len=2
OpcodeLengths.java> OPLEN 1c1a0 slot=3098 SBB | SBB CH,byte ptr [RAX] | len=2
OpcodeLengths.java> OPLEN 1c1b0 slot=3099 SBB | SBB EBP,dword ptr [RAX] | len=2
OpcodeLengths.java> OPLEN 1c1c0 slot=3100 SBB | SBB AL,0x28 | len=2
OpcodeLengths.java> OPLEN 1c1d0 slot=3101 SBB | SBB EAX,0x90909028 | len=5
OpcodeLengths.java> OPLEN 1c1e0 slot=3102 NONE
OpcodeLengths.java> OPLEN 1c1f0 slot=3103 NONE
OpcodeLengths.java> OPLEN 1c200 slot=3104 AND | AND byte ptr [RAX],CH | len=2
OpcodeLengths.java> OPLEN 1c210 slot=3105 AND | AND dword ptr [RAX],EBP | len=2
OpcodeLengths.java> OPLEN 1c220 slot=3106 AND | AND CH,byte ptr [RAX] | len=2
OpcodeLengths.java> OPLEN 1c230 slot=3107 AND | AND EBP,dword ptr [RAX] | len=2
OpcodeLengths.java> OPLEN 1c240 slot=3108 AND | AND AL,0x28 | len=2
OpcodeLengths.java> OPLEN 1c250 slot=3109 AND | AND EAX,0x90909028 | len=5
OpcodeLengths.java> OPLEN 1c260 slot=3110 SUB | SUB byte ptr ES:[RAX + -0x6f6f6f70],DL | len=7
OpcodeLengths.java> OPLEN 1c270 slot=3111 NONE
OpcodeLengths.java> OPLEN 1c280 slot=3112 SUB | SUB byte ptr [RAX],CH | len=2
OpcodeLengths.java> OPLEN 1c290 slot=3113 SUB | SUB dword ptr [RAX],EBP | len=2
OpcodeLengths.java> OPLEN 1c2a0 slot=3114 SUB | SUB CH,byte ptr [RAX] | len=2
OpcodeLengths.java> OPLEN 1c2b0 slot=3115 SUB | SUB EBP,dword ptr [RAX] | len=2
OpcodeLengths.java> OPLEN 1c2c0 slot=3116 SUB | SUB AL,0x28 | len=2
OpcodeLengths.java> OPLEN 1c2d0 slot=3117 SUB | SUB EAX,0x90909028 | len=5
OpcodeLengths.java> OPLEN 1c2e0 slot=3118 SUB | SUB byte ptr CS:[RAX + -0x6f6f6f70],DL | len=7
OpcodeLengths.java> OPLEN 1c2f0 slot=3119 NONE
OpcodeLengths.java> OPLEN 1c300 slot=3120 XOR | XOR byte ptr [RAX],CH | len=2
OpcodeLengths.java> OPLEN 1c310 slot=3121 XOR | XOR dword ptr [RAX],EBP | len=2
OpcodeLengths.java> OPLEN 1c320 slot=3122 XOR | XOR CH,byte ptr [RAX] | len=2
OpcodeLengths.java> OPLEN 1c330 slot=3123 XOR | XOR EBP,dword ptr [RAX] | len=2
OpcodeLengths.java> OPLEN 1c340 slot=3124 XOR | XOR AL,0x28 | len=2
OpcodeLengths.java> OPLEN 1c350 slot=3125 XOR | XOR EAX,0x90909028 | len=5
OpcodeLengths.java> OPLEN 1c360 slot=3126 SUB | SUB byte ptr SS:[RAX + -0x6f6f6f70],DL | len=7
OpcodeLengths.java> OPLEN 1c370 slot=3127 NONE
OpcodeLengths.java> OPLEN 1c380 slot=3128 CMP | CMP byte ptr [RAX],CH | len=2
OpcodeLengths.java> OPLEN 1c390 slot=3129 CMP | CMP dword ptr [RAX],EBP | len=2
OpcodeLengths.java> OPLEN 1c3a0 slot=3130 CMP | CMP CH,byte ptr [RAX] | len=2
OpcodeLengths.java> OPLEN 1c3b0 slot=3131 CMP | CMP EBP,dword ptr [RAX] | len=2
OpcodeLengths.java> OPLEN 1c3c0 slot=3132 CMP | CMP AL,0x28 | len=2
OpcodeLengths.java> OPLEN 1c3d0 slot=3133 CMP | CMP EAX,0x90909028 | len=5
OpcodeLengths.java> OPLEN 1c3e0 slot=3134 SUB | SUB byte ptr DS:[RAX + -0x6f6f6f70],DL | len=7
OpcodeLengths.java> OPLEN 1c3f0 slot=3135 NONE
OpcodeLengths.java> OPLEN 1c400 slot=3136 SUB | SUB byte ptr [RAX + -0x6f6f6f70],DL | len=7
OpcodeLengths.java> OPLEN 1c410 slot=3137 SUB | SUB byte ptr [R8 + -0x6f6f6f70],DL | len=7
OpcodeLengths.java> OPLEN 1c420 slot=3138 SUB | SUB byte ptr [RAX + -0x6f6f6f70],DL | len=7
OpcodeLengths.java> OPLEN 1c430 slot=3139 SUB | SUB byte ptr [R8 + -0x6f6f6f70],DL | len=7
OpcodeLengths.java> OPLEN 1c440 slot=3140 SUB | SUB byte ptr [RAX + -0x6f6f6f70],R10B | len=7
OpcodeLengths.java> OPLEN 1c450 slot=3141 SUB | SUB byte ptr [R8 + -0x6f6f6f70],R10B | len=7
OpcodeLengths.java> OPLEN 1c460 slot=3142 SUB | SUB byte ptr [RAX + -0x6f6f6f70],R10B | len=7
OpcodeLengths.java> OPLEN 1c470 slot=3143 SUB | SUB byte ptr [R8 + -0x6f6f6f70],R10B | len=7
OpcodeLengths.java> OPLEN 1c480 slot=3144 SUB | SUB byte ptr [RAX + -0x6f6f6f70],DL | len=7
OpcodeLengths.java> OPLEN 1c490 slot=3145 SUB | SUB byte ptr [R8 + -0x6f6f6f70],DL | len=7
OpcodeLengths.java> OPLEN 1c4a0 slot=3146 SUB | SUB byte ptr [RAX + -0x6f6f6f70],DL | len=7
OpcodeLengths.java> OPLEN 1c4b0 slot=3147 SUB | SUB byte ptr [R8 + -0x6f6f6f70],DL | len=7
OpcodeLengths.java> OPLEN 1c4c0 slot=3148 SUB | SUB byte ptr [RAX + -0x6f6f6f70],R10B | len=7
OpcodeLengths.java> OPLEN 1c4d0 slot=3149 SUB | SUB byte ptr [R8 + -0x6f6f6f70],R10B | len=7
OpcodeLengths.java> OPLEN 1c4e0 slot=3150 SUB | SUB byte ptr [RAX + -0x6f6f6f70],R10B | len=7
OpcodeLengths.java> OPLEN 1c4f0 slot=3151 SUB | SUB byte ptr [R8 + -0x6f6f6f70],R10B | len=7
OpcodeLengths.java> OPLEN 1c500 slot=3152 PUSH | PUSH RAX | len=1
OpcodeLengths.java> OPLEN 1c510 slot=3153 PUSH | PUSH RCX | len=1
OpcodeLengths.java> OPLEN 1c520 slot=3154 PUSH | PUSH RDX | len=1
OpcodeLengths.java> OPLEN 1c530 slot=3155 PUSH | PUSH RBX | len=1
OpcodeLengths.java> OPLEN 1c540 slot=3156 PUSH | PUSH RSP | len=1
OpcodeLengths.java> OPLEN 1c550 slot=3157 PUSH | PUSH RBP | len=1
OpcodeLengths.java> OPLEN 1c560 slot=3158 PUSH | PUSH RSI | len=1
OpcodeLengths.java> OPLEN 1c570 slot=3159 PUSH | PUSH RDI | len=1
OpcodeLengths.java> OPLEN 1c580 slot=3160 POP | POP RAX | len=1
OpcodeLengths.java> OPLEN 1c590 slot=3161 POP | POP RCX | len=1
OpcodeLengths.java> OPLEN 1c5a0 slot=3162 POP | POP RDX | len=1
OpcodeLengths.java> OPLEN 1c5b0 slot=3163 POP | POP RBX | len=1
OpcodeLengths.java> OPLEN 1c5c0 slot=3164 POP | POP RSP | len=1
OpcodeLengths.java> OPLEN 1c5d0 slot=3165 POP | POP RBP | len=1
OpcodeLengths.java> OPLEN 1c5e0 slot=3166 POP | POP RSI | len=1
OpcodeLengths.java> OPLEN 1c5f0 slot=3167 POP | POP RDI | len=1
OpcodeLengths.java> OPLEN 1c600 slot=3168 NONE
OpcodeLengths.java> OPLEN 1c610 slot=3169 NONE
OpcodeLengths.java> OPLEN 1c620 slot=3170 NONE
OpcodeLengths.java> OPLEN 1c630 slot=3171 MOVSXD | MOVSXD EBP,dword ptr [RAX] | len=2
OpcodeLengths.java> OPLEN 1c640 slot=3172 SUB | SUB byte ptr FS:[RAX + -0x6f6f6f70],DL | len=7
OpcodeLengths.java> OPLEN 1c650 slot=3173 SUB | SUB byte ptr GS:[RAX + -0x6f6f6f70],DL | len=7
OpcodeLengths.java> OPLEN 1c660 slot=3174 SUB | SUB byte ptr [RAX + -0x6f6f6f70],DL | len=7
OpcodeLengths.java> OPLEN 1c670 slot=3175 SUB | SUB byte ptr [EAX + 0x90909090],DL | len=7
OpcodeLengths.java> OPLEN 1c680 slot=3176 PUSH | PUSH -0x6f6f6fd8 | len=5
OpcodeLengths.java> OPLEN 1c690 slot=3177 IMUL | IMUL EBP,dword ptr [RAX],-0x6f6f6f70 | len=6
OpcodeLengths.java> OPLEN 1c6a0 slot=3178 PUSH | PUSH 0x28 | len=2
OpcodeLengths.java> OPLEN 1c6b0 slot=3179 IMUL | IMUL EBP,dword ptr [RAX],-0x70 | len=3
OpcodeLengths.java> OPLEN 1c6c0 slot=3180 INSB | INSB RDI,DX | len=1
OpcodeLengths.java> OPLEN 1c6d0 slot=3181 INSD | INSD RDI,DX | len=1
OpcodeLengths.java> OPLEN 1c6e0 slot=3182 OUTSB | OUTSB DX,RSI | len=1
OpcodeLengths.java> OPLEN 1c6f0 slot=3183 OUTSD | OUTSD DX,RSI | len=1
OpcodeLengths.java> OPLEN 1c700 slot=3184 JO | JO 0x0001c72a | len=2
OpcodeLengths.java> OPLEN 1c710 slot=3185 JNO | JNO 0x0001c73a | len=2
OpcodeLengths.java> OPLEN 1c720 slot=3186 JC | JC 0x0001c74a | len=2
OpcodeLengths.java> OPLEN 1c730 slot=3187 JNC | JNC 0x0001c75a | len=2
OpcodeLengths.java> OPLEN 1c740 slot=3188 JZ | JZ 0x0001c76a | len=2
OpcodeLengths.java> OPLEN 1c750 slot=3189 JNZ | JNZ 0x0001c77a | len=2
OpcodeLengths.java> OPLEN 1c760 slot=3190 JBE | JBE 0x0001c78a | len=2
OpcodeLengths.java> OPLEN 1c770 slot=3191 JA | JA 0x0001c79a | len=2
OpcodeLengths.java> OPLEN 1c780 slot=3192 JS | JS 0x0001c7aa | len=2
OpcodeLengths.java> OPLEN 1c790 slot=3193 JNS | JNS 0x0001c7ba | len=2
OpcodeLengths.java> OPLEN 1c7a0 slot=3194 JP | JP 0x0001c7ca | len=2
OpcodeLengths.java> OPLEN 1c7b0 slot=3195 JNP | JNP 0x0001c7da | len=2
OpcodeLengths.java> OPLEN 1c7c0 slot=3196 JL | JL 0x0001c7ea | len=2
OpcodeLengths.java> OPLEN 1c7d0 slot=3197 JGE | JGE 0x0001c7fa | len=2
OpcodeLengths.java> OPLEN 1c7e0 slot=3198 JLE | JLE 0x0001c80a | len=2
OpcodeLengths.java> OPLEN 1c7f0 slot=3199 JG | JG 0x0001c81a | len=2
OpcodeLengths.java> OPLEN 1c800 slot=3200 SUB | SUB byte ptr [RAX],0x90 | len=3
OpcodeLengths.java> OPLEN 1c810 slot=3201 SUB | SUB dword ptr [RAX],0x90909090 | len=6
OpcodeLengths.java> OPLEN 1c820 slot=3202 NONE
OpcodeLengths.java> OPLEN 1c830 slot=3203 SUB | SUB dword ptr [RAX],-0x70 | len=3
OpcodeLengths.java> OPLEN 1c840 slot=3204 TEST | TEST byte ptr [RAX],CH | len=2
OpcodeLengths.java> OPLEN 1c850 slot=3205 TEST | TEST dword ptr [RAX],EBP | len=2
OpcodeLengths.java> OPLEN 1c860 slot=3206 XCHG | XCHG byte ptr [RAX],CH | len=2
OpcodeLengths.java> OPLEN 1c870 slot=3207 XCHG | XCHG dword ptr [RAX],EBP | len=2
OpcodeLengths.java> OPLEN 1c880 slot=3208 MOV | MOV byte ptr [RAX],CH | len=2
OpcodeLengths.java> OPLEN 1c890 slot=3209 MOV | MOV dword ptr [RAX],EBP | len=2
OpcodeLengths.java> OPLEN 1c8a0 slot=3210 MOV | MOV CH,byte ptr [RAX] | len=2
OpcodeLengths.java> OPLEN 1c8b0 slot=3211 MOV | MOV EBP,dword ptr [RAX] | len=2
OpcodeLengths.java> OPLEN 1c8c0 slot=3212 MOV | MOV word ptr [RAX],GS | len=2
OpcodeLengths.java> OPLEN 1c8d0 slot=3213 LEA | LEA EBP,[RAX] | len=2
OpcodeLengths.java> OPLEN 1c8e0 slot=3214 MOV | MOV GS,word ptr [RAX] | len=2
OpcodeLengths.java> OPLEN 1c8f0 slot=3215 NONE
OpcodeLengths.java> OPLEN 1c900 slot=3216 NOP | NOP | len=1
OpcodeLengths.java> OPLEN 1c910 slot=3217 XCHG | XCHG EAX,ECX | len=1
OpcodeLengths.java> OPLEN 1c920 slot=3218 XCHG | XCHG EAX,EDX | len=1
OpcodeLengths.java> OPLEN 1c930 slot=3219 XCHG | XCHG EAX,EBX | len=1
OpcodeLengths.java> OPLEN 1c940 slot=3220 XCHG | XCHG EAX,ESP | len=1
OpcodeLengths.java> OPLEN 1c950 slot=3221 XCHG | XCHG EAX,EBP | len=1
OpcodeLengths.java> OPLEN 1c960 slot=3222 XCHG | XCHG EAX,ESI | len=1
OpcodeLengths.java> OPLEN 1c970 slot=3223 XCHG | XCHG EAX,EDI | len=1
OpcodeLengths.java> OPLEN 1c980 slot=3224 CWDE | CWDE | len=1
OpcodeLengths.java> OPLEN 1c990 slot=3225 CDQ | CDQ | len=1
OpcodeLengths.java> OPLEN 1c9a0 slot=3226 NONE
OpcodeLengths.java> OPLEN 1c9b0 slot=3227 WAIT | WAIT | len=1
OpcodeLengths.java> OPLEN 1c9c0 slot=3228 PUSHFQ | PUSHFQ | len=1
OpcodeLengths.java> OPLEN 1c9d0 slot=3229 POPFQ | POPFQ | len=1
OpcodeLengths.java> OPLEN 1c9e0 slot=3230 SAHF | SAHF | len=1
OpcodeLengths.java> OPLEN 1c9f0 slot=3231 LAHF | LAHF | len=1
OpcodeLengths.java> OPLEN 1ca00 slot=3232 MOV | MOV AL,[0x9090909090909028] | len=9
OpcodeLengths.java> OPLEN 1ca10 slot=3233 MOV | MOV EAX,[0x9090909090909028] | len=9
OpcodeLengths.java> OPLEN 1ca20 slot=3234 MOV | MOV [0x9090909090909028],AL | len=9
OpcodeLengths.java> OPLEN 1ca30 slot=3235 MOV | MOV [0x9090909090909028],EAX | len=9
OpcodeLengths.java> OPLEN 1ca40 slot=3236 MOVSB | MOVSB RDI,RSI | len=1
OpcodeLengths.java> OPLEN 1ca50 slot=3237 MOVSD | MOVSD RDI,RSI | len=1
OpcodeLengths.java> OPLEN 1ca60 slot=3238 CMPSB | CMPSB RDI,RSI | len=1
OpcodeLengths.java> OPLEN 1ca70 slot=3239 CMPSD | CMPSD RDI,RSI | len=1
OpcodeLengths.java> OPLEN 1ca80 slot=3240 TEST | TEST AL,0x28 | len=2
OpcodeLengths.java> OPLEN 1ca90 slot=3241 TEST | TEST EAX,0x90909028 | len=5
OpcodeLengths.java> OPLEN 1caa0 slot=3242 STOSB | STOSB RDI | len=1
OpcodeLengths.java> OPLEN 1cab0 slot=3243 STOSD | STOSD RDI | len=1
OpcodeLengths.java> OPLEN 1cac0 slot=3244 LODSB | LODSB RSI | len=1
OpcodeLengths.java> OPLEN 1cad0 slot=3245 LODSD | LODSD RSI | len=1
OpcodeLengths.java> OPLEN 1cae0 slot=3246 SCASB | SCASB RDI | len=1
OpcodeLengths.java> OPLEN 1caf0 slot=3247 SCASD | SCASD RDI | len=1
OpcodeLengths.java> OPLEN 1cb00 slot=3248 MOV | MOV AL,0x28 | len=2
OpcodeLengths.java> OPLEN 1cb10 slot=3249 MOV | MOV CL,0x28 | len=2
OpcodeLengths.java> OPLEN 1cb20 slot=3250 MOV | MOV DL,0x28 | len=2
OpcodeLengths.java> OPLEN 1cb30 slot=3251 MOV | MOV BL,0x28 | len=2
OpcodeLengths.java> OPLEN 1cb40 slot=3252 MOV | MOV AH,0x28 | len=2
OpcodeLengths.java> OPLEN 1cb50 slot=3253 MOV | MOV CH,0x28 | len=2
OpcodeLengths.java> OPLEN 1cb60 slot=3254 MOV | MOV DH,0x28 | len=2
OpcodeLengths.java> OPLEN 1cb70 slot=3255 MOV | MOV BH,0x28 | len=2
OpcodeLengths.java> OPLEN 1cb80 slot=3256 MOV | MOV EAX,0x90909028 | len=5
OpcodeLengths.java> OPLEN 1cb90 slot=3257 MOV | MOV ECX,0x90909028 | len=5
OpcodeLengths.java> OPLEN 1cba0 slot=3258 MOV | MOV EDX,0x90909028 | len=5
OpcodeLengths.java> OPLEN 1cbb0 slot=3259 MOV | MOV EBX,0x90909028 | len=5
OpcodeLengths.java> OPLEN 1cbc0 slot=3260 MOV | MOV ESP,0x90909028 | len=5
OpcodeLengths.java> OPLEN 1cbd0 slot=3261 MOV | MOV EBP,0x90909028 | len=5
OpcodeLengths.java> OPLEN 1cbe0 slot=3262 MOV | MOV ESI,0x90909028 | len=5
OpcodeLengths.java> OPLEN 1cbf0 slot=3263 MOV | MOV EDI,0x90909028 | len=5
OpcodeLengths.java> OPLEN 1cc00 slot=3264 SHR | SHR byte ptr [RAX],0x90 | len=3
OpcodeLengths.java> OPLEN 1cc10 slot=3265 SHR | SHR dword ptr [RAX],0x90 | len=3
OpcodeLengths.java> OPLEN 1cc20 slot=3266 RET | RET 0x9028 | len=3
OpcodeLengths.java> OPLEN 1cc30 slot=3267 RET | RET | len=1
OpcodeLengths.java> OPLEN 1cc40 slot=3268 NONE
OpcodeLengths.java> OPLEN 1cc50 slot=3269 KMOVW | KMOVW K2,word ptr [RAX + -0x6f6f6f70] | len=8
OpcodeLengths.java> OPLEN 1cc60 slot=3270 NONE
OpcodeLengths.java> OPLEN 1cc70 slot=3271 NONE
OpcodeLengths.java> OPLEN 1cc80 slot=3272 ENTER | ENTER 0x9028,0x10 | len=4
OpcodeLengths.java> OPLEN 1cc90 slot=3273 LEAVE | LEAVE | len=1
OpcodeLengths.java> OPLEN 1cca0 slot=3274 RETF | RETF 0x9028 | len=3
OpcodeLengths.java> OPLEN 1ccb0 slot=3275 RETF | RETF | len=1
OpcodeLengths.java> OPLEN 1ccc0 slot=3276 INT3 | INT3 | len=1
OpcodeLengths.java> OPLEN 1ccd0 slot=3277 INT | INT 0x28 | len=2
OpcodeLengths.java> OPLEN 1cce0 slot=3278 NONE
OpcodeLengths.java> OPLEN 1ccf0 slot=3279 IRETD | IRETD | len=1
OpcodeLengths.java> OPLEN 1cd00 slot=3280 SHR | SHR byte ptr [RAX],0x1 | len=2
OpcodeLengths.java> OPLEN 1cd10 slot=3281 SHR | SHR dword ptr [RAX],0x1 | len=2
OpcodeLengths.java> OPLEN 1cd20 slot=3282 SHR | SHR byte ptr [RAX],CL | len=2
OpcodeLengths.java> OPLEN 1cd30 slot=3283 SHR | SHR dword ptr [RAX],CL | len=2
OpcodeLengths.java> OPLEN 1cd40 slot=3284 NONE
OpcodeLengths.java> OPLEN 1cd50 slot=3285 NONE
OpcodeLengths.java> OPLEN 1cd60 slot=3286 NONE
OpcodeLengths.java> OPLEN 1cd70 slot=3287 XLAT | XLAT RBX | len=1
OpcodeLengths.java> OPLEN 1cd80 slot=3288 FSUBR | FSUBR float ptr [RAX] | len=2
OpcodeLengths.java> OPLEN 1cd90 slot=3289 FLDCW | FLDCW word ptr [RAX] | len=2
OpcodeLengths.java> OPLEN 1cda0 slot=3290 FISUBR | FISUBR dword ptr [RAX] | len=2
OpcodeLengths.java> OPLEN 1cdb0 slot=3291 FLD | FLD extended double ptr [RAX] | len=2
OpcodeLengths.java> OPLEN 1cdc0 slot=3292 FSUBR | FSUBR double ptr [RAX] | len=2
OpcodeLengths.java> OPLEN 1cdd0 slot=3293 NONE
OpcodeLengths.java> OPLEN 1cde0 slot=3294 FISUBR | FISUBR word ptr [RAX] | len=2
OpcodeLengths.java> OPLEN 1cdf0 slot=3295 FILD | FILD qword ptr [RAX] | len=2
OpcodeLengths.java> OPLEN 1ce00 slot=3296 LOOPNZ | LOOPNZ 0x0001ce2a | len=2
OpcodeLengths.java> OPLEN 1ce10 slot=3297 LOOPZ | LOOPZ 0x0001ce3a | len=2
OpcodeLengths.java> OPLEN 1ce20 slot=3298 LOOP | LOOP 0x0001ce4a | len=2
OpcodeLengths.java> OPLEN 1ce30 slot=3299 JRCXZ | JRCXZ 0x0001ce5a | len=2
OpcodeLengths.java> OPLEN 1ce40 slot=3300 IN | IN AL,0x28 | len=2
OpcodeLengths.java> OPLEN 1ce50 slot=3301 IN | IN EAX,0x28 | len=2
OpcodeLengths.java> OPLEN 1ce60 slot=3302 OUT | OUT 0x28,AL | len=2
OpcodeLengths.java> OPLEN 1ce70 slot=3303 OUT | OUT 0x28,EAX | len=2
OpcodeLengths.java> OPLEN 1ce80 slot=3304 CALL | CALL 0xffffffff90925ead | len=5
OpcodeLengths.java> OPLEN 1ce90 slot=3305 JMP | JMP 0xffffffff90925ebd | len=5
OpcodeLengths.java> OPLEN 1cea0 slot=3306 JMPF | JMPF 0x9090:0x90909028 | len=7
OpcodeLengths.java> OPLEN 1ceb0 slot=3307 JMP | JMP 0x0001ceda | len=2
OpcodeLengths.java> OPLEN 1cec0 slot=3308 IN | IN AL,DX | len=1
OpcodeLengths.java> OPLEN 1ced0 slot=3309 IN | IN EAX,DX | len=1
OpcodeLengths.java> OPLEN 1cee0 slot=3310 OUT | OUT DX,AL | len=1
OpcodeLengths.java> OPLEN 1cef0 slot=3311 OUT | OUT DX,EAX | len=1
OpcodeLengths.java> OPLEN 1cf00 slot=3312 SUB.LOCK | SUB.LOCK byte ptr [RAX + -0x6f6f6f70],DL | len=7
OpcodeLengths.java> OPLEN 1cf10 slot=3313 INT1 | INT1 | len=1
OpcodeLengths.java> OPLEN 1cf20 slot=3314 SUB | SUB byte ptr [RAX + -0x6f6f6f70],DL | len=7
OpcodeLengths.java> OPLEN 1cf30 slot=3315 SUB | SUB byte ptr [RAX + -0x6f6f6f70],DL | len=7
OpcodeLengths.java> OPLEN 1cf40 slot=3316 HLT | HLT | len=1
OpcodeLengths.java> OPLEN 1cf50 slot=3317 CMC | CMC | len=1
OpcodeLengths.java> OPLEN 1cf60 slot=3318 IMUL | IMUL byte ptr [RAX] | len=2
OpcodeLengths.java> OPLEN 1cf70 slot=3319 IMUL | IMUL dword ptr [RAX] | len=2
OpcodeLengths.java> OPLEN 1cf80 slot=3320 CLC | CLC | len=1
OpcodeLengths.java> OPLEN 1cf90 slot=3321 STC | STC | len=1
OpcodeLengths.java> OPLEN 1cfa0 slot=3322 CLI | CLI | len=1
OpcodeLengths.java> OPLEN 1cfb0 slot=3323 STI | STI | len=1
OpcodeLengths.java> OPLEN 1cfc0 slot=3324 CLD | CLD | len=1
OpcodeLengths.java> OPLEN 1cfd0 slot=3325 STD | STD | len=1
OpcodeLengths.java> OPLEN 1cfe0 slot=3326 INC | INC byte ptr [RAX] | len=2
OpcodeLengths.java> OPLEN 1cff0 slot=3327 JMPF | JMPF [RAX] | len=2
OpcodeLengths.java> OPLEN 1d000 slot=3328 ADD | ADD byte ptr [RAX],DH | len=2
OpcodeLengths.java> OPLEN 1d010 slot=3329 ADD | ADD dword ptr [RAX],ESI | len=2
OpcodeLengths.java> OPLEN 1d020 slot=3330 ADD | ADD DH,byte ptr [RAX] | len=2
OpcodeLengths.java> OPLEN 1d030 slot=3331 ADD | ADD ESI,dword ptr [RAX] | len=2
OpcodeLengths.java> OPLEN 1d040 slot=3332 ADD | ADD AL,0x30 | len=2
OpcodeLengths.java> OPLEN 1d050 slot=3333 ADD | ADD EAX,0x90909030 | len=5
OpcodeLengths.java> OPLEN 1d060 slot=3334 NONE
OpcodeLengths.java> OPLEN 1d070 slot=3335 NONE
OpcodeLengths.java> OPLEN 1d080 slot=3336 OR | OR byte ptr [RAX],DH | len=2
OpcodeLengths.java> OPLEN 1d090 slot=3337 OR | OR dword ptr [RAX],ESI | len=2
OpcodeLengths.java> OPLEN 1d0a0 slot=3338 OR | OR DH,byte ptr [RAX] | len=2
OpcodeLengths.java> OPLEN 1d0b0 slot=3339 OR | OR ESI,dword ptr [RAX] | len=2
OpcodeLengths.java> OPLEN 1d0c0 slot=3340 OR | OR AL,0x30 | len=2
OpcodeLengths.java> OPLEN 1d0d0 slot=3341 OR | OR EAX,0x90909030 | len=5
OpcodeLengths.java> OPLEN 1d0e0 slot=3342 NONE
OpcodeLengths.java> OPLEN 1d0f0 slot=3343 WRMSR | WRMSR | len=2
OpcodeLengths.java> OPLEN 1d100 slot=3344 ADC | ADC byte ptr [RAX],DH | len=2
OpcodeLengths.java> OPLEN 1d110 slot=3345 ADC | ADC dword ptr [RAX],ESI | len=2
OpcodeLengths.java> OPLEN 1d120 slot=3346 ADC | ADC DH,byte ptr [RAX] | len=2
OpcodeLengths.java> OPLEN 1d130 slot=3347 ADC | ADC ESI,dword ptr [RAX] | len=2
OpcodeLengths.java> OPLEN 1d140 slot=3348 ADC | ADC AL,0x30 | len=2
OpcodeLengths.java> OPLEN 1d150 slot=3349 ADC | ADC EAX,0x90909030 | len=5
OpcodeLengths.java> OPLEN 1d160 slot=3350 NONE
OpcodeLengths.java> OPLEN 1d170 slot=3351 NONE
OpcodeLengths.java> OPLEN 1d180 slot=3352 SBB | SBB byte ptr [RAX],DH | len=2
OpcodeLengths.java> OPLEN 1d190 slot=3353 SBB | SBB dword ptr [RAX],ESI | len=2
OpcodeLengths.java> OPLEN 1d1a0 slot=3354 SBB | SBB DH,byte ptr [RAX] | len=2
OpcodeLengths.java> OPLEN 1d1b0 slot=3355 SBB | SBB ESI,dword ptr [RAX] | len=2
OpcodeLengths.java> OPLEN 1d1c0 slot=3356 SBB | SBB AL,0x30 | len=2
OpcodeLengths.java> OPLEN 1d1d0 slot=3357 SBB | SBB EAX,0x90909030 | len=5
OpcodeLengths.java> OPLEN 1d1e0 slot=3358 NONE
OpcodeLengths.java> OPLEN 1d1f0 slot=3359 NONE
OpcodeLengths.java> OPLEN 1d200 slot=3360 AND | AND byte ptr [RAX],DH | len=2
OpcodeLengths.java> OPLEN 1d210 slot=3361 AND | AND dword ptr [RAX],ESI | len=2
OpcodeLengths.java> OPLEN 1d220 slot=3362 AND | AND DH,byte ptr [RAX] | len=2
OpcodeLengths.java> OPLEN 1d230 slot=3363 AND | AND ESI,dword ptr [RAX] | len=2
OpcodeLengths.java> OPLEN 1d240 slot=3364 AND | AND AL,0x30 | len=2
OpcodeLengths.java> OPLEN 1d250 slot=3365 AND | AND EAX,0x90909030 | len=5
OpcodeLengths.java> OPLEN 1d260 slot=3366 XOR | XOR byte ptr ES:[RAX + -0x6f6f6f70],DL | len=7
OpcodeLengths.java> OPLEN 1d270 slot=3367 NONE
OpcodeLengths.java> OPLEN 1d280 slot=3368 SUB | SUB byte ptr [RAX],DH | len=2
OpcodeLengths.java> OPLEN 1d290 slot=3369 SUB | SUB dword ptr [RAX],ESI | len=2
OpcodeLengths.java> OPLEN 1d2a0 slot=3370 SUB | SUB DH,byte ptr [RAX] | len=2
OpcodeLengths.java> OPLEN 1d2b0 slot=3371 SUB | SUB ESI,dword ptr [RAX] | len=2
OpcodeLengths.java> OPLEN 1d2c0 slot=3372 SUB | SUB AL,0x30 | len=2
OpcodeLengths.java> OPLEN 1d2d0 slot=3373 SUB | SUB EAX,0x90909030 | len=5
OpcodeLengths.java> OPLEN 1d2e0 slot=3374 XOR | XOR byte ptr CS:[RAX + -0x6f6f6f70],DL | len=7
OpcodeLengths.java> OPLEN 1d2f0 slot=3375 NONE
OpcodeLengths.java> OPLEN 1d300 slot=3376 XOR | XOR byte ptr [RAX],DH | len=2
OpcodeLengths.java> OPLEN 1d310 slot=3377 XOR | XOR dword ptr [RAX],ESI | len=2
OpcodeLengths.java> OPLEN 1d320 slot=3378 XOR | XOR DH,byte ptr [RAX] | len=2
OpcodeLengths.java> OPLEN 1d330 slot=3379 XOR | XOR ESI,dword ptr [RAX] | len=2
OpcodeLengths.java> OPLEN 1d340 slot=3380 XOR | XOR AL,0x30 | len=2
OpcodeLengths.java> OPLEN 1d350 slot=3381 XOR | XOR EAX,0x90909030 | len=5
OpcodeLengths.java> OPLEN 1d360 slot=3382 XOR | XOR byte ptr SS:[RAX + -0x6f6f6f70],DL | len=7
OpcodeLengths.java> OPLEN 1d370 slot=3383 NONE
OpcodeLengths.java> OPLEN 1d380 slot=3384 CMP | CMP byte ptr [RAX],DH | len=2
OpcodeLengths.java> OPLEN 1d390 slot=3385 CMP | CMP dword ptr [RAX],ESI | len=2
OpcodeLengths.java> OPLEN 1d3a0 slot=3386 CMP | CMP DH,byte ptr [RAX] | len=2
OpcodeLengths.java> OPLEN 1d3b0 slot=3387 CMP | CMP ESI,dword ptr [RAX] | len=2
OpcodeLengths.java> OPLEN 1d3c0 slot=3388 CMP | CMP AL,0x30 | len=2
OpcodeLengths.java> OPLEN 1d3d0 slot=3389 CMP | CMP EAX,0x90909030 | len=5
OpcodeLengths.java> OPLEN 1d3e0 slot=3390 XOR | XOR byte ptr DS:[RAX + -0x6f6f6f70],DL | len=7
OpcodeLengths.java> OPLEN 1d3f0 slot=3391 NONE
OpcodeLengths.java> OPLEN 1d400 slot=3392 XOR | XOR byte ptr [RAX + -0x6f6f6f70],DL | len=7
OpcodeLengths.java> OPLEN 1d410 slot=3393 XOR | XOR byte ptr [R8 + -0x6f6f6f70],DL | len=7
OpcodeLengths.java> OPLEN 1d420 slot=3394 XOR | XOR byte ptr [RAX + -0x6f6f6f70],DL | len=7
OpcodeLengths.java> OPLEN 1d430 slot=3395 XOR | XOR byte ptr [R8 + -0x6f6f6f70],DL | len=7
OpcodeLengths.java> OPLEN 1d440 slot=3396 XOR | XOR byte ptr [RAX + -0x6f6f6f70],R10B | len=7
OpcodeLengths.java> OPLEN 1d450 slot=3397 XOR | XOR byte ptr [R8 + -0x6f6f6f70],R10B | len=7
OpcodeLengths.java> OPLEN 1d460 slot=3398 XOR | XOR byte ptr [RAX + -0x6f6f6f70],R10B | len=7
OpcodeLengths.java> OPLEN 1d470 slot=3399 XOR | XOR byte ptr [R8 + -0x6f6f6f70],R10B | len=7
OpcodeLengths.java> OPLEN 1d480 slot=3400 XOR | XOR byte ptr [RAX + -0x6f6f6f70],DL | len=7
OpcodeLengths.java> OPLEN 1d490 slot=3401 XOR | XOR byte ptr [R8 + -0x6f6f6f70],DL | len=7
OpcodeLengths.java> OPLEN 1d4a0 slot=3402 XOR | XOR byte ptr [RAX + -0x6f6f6f70],DL | len=7
OpcodeLengths.java> OPLEN 1d4b0 slot=3403 XOR | XOR byte ptr [R8 + -0x6f6f6f70],DL | len=7
OpcodeLengths.java> OPLEN 1d4c0 slot=3404 XOR | XOR byte ptr [RAX + -0x6f6f6f70],R10B | len=7
OpcodeLengths.java> OPLEN 1d4d0 slot=3405 XOR | XOR byte ptr [R8 + -0x6f6f6f70],R10B | len=7
OpcodeLengths.java> OPLEN 1d4e0 slot=3406 XOR | XOR byte ptr [RAX + -0x6f6f6f70],R10B | len=7
OpcodeLengths.java> OPLEN 1d4f0 slot=3407 XOR | XOR byte ptr [R8 + -0x6f6f6f70],R10B | len=7
OpcodeLengths.java> OPLEN 1d500 slot=3408 PUSH | PUSH RAX | len=1
OpcodeLengths.java> OPLEN 1d510 slot=3409 PUSH | PUSH RCX | len=1
OpcodeLengths.java> OPLEN 1d520 slot=3410 PUSH | PUSH RDX | len=1
OpcodeLengths.java> OPLEN 1d530 slot=3411 PUSH | PUSH RBX | len=1
OpcodeLengths.java> OPLEN 1d540 slot=3412 PUSH | PUSH RSP | len=1
OpcodeLengths.java> OPLEN 1d550 slot=3413 PUSH | PUSH RBP | len=1
OpcodeLengths.java> OPLEN 1d560 slot=3414 PUSH | PUSH RSI | len=1
OpcodeLengths.java> OPLEN 1d570 slot=3415 PUSH | PUSH RDI | len=1
OpcodeLengths.java> OPLEN 1d580 slot=3416 POP | POP RAX | len=1
OpcodeLengths.java> OPLEN 1d590 slot=3417 POP | POP RCX | len=1
OpcodeLengths.java> OPLEN 1d5a0 slot=3418 POP | POP RDX | len=1
OpcodeLengths.java> OPLEN 1d5b0 slot=3419 POP | POP RBX | len=1
OpcodeLengths.java> OPLEN 1d5c0 slot=3420 POP | POP RSP | len=1
OpcodeLengths.java> OPLEN 1d5d0 slot=3421 POP | POP RBP | len=1
OpcodeLengths.java> OPLEN 1d5e0 slot=3422 POP | POP RSI | len=1
OpcodeLengths.java> OPLEN 1d5f0 slot=3423 POP | POP RDI | len=1
OpcodeLengths.java> OPLEN 1d600 slot=3424 NONE
OpcodeLengths.java> OPLEN 1d610 slot=3425 NONE
OpcodeLengths.java> OPLEN 1d620 slot=3426 NONE
OpcodeLengths.java> OPLEN 1d630 slot=3427 MOVSXD | MOVSXD ESI,dword ptr [RAX] | len=2
OpcodeLengths.java> OPLEN 1d640 slot=3428 XOR | XOR byte ptr FS:[RAX + -0x6f6f6f70],DL | len=7
OpcodeLengths.java> OPLEN 1d650 slot=3429 XOR | XOR byte ptr GS:[RAX + -0x6f6f6f70],DL | len=7
OpcodeLengths.java> OPLEN 1d660 slot=3430 XOR | XOR byte ptr [RAX + -0x6f6f6f70],DL | len=7
OpcodeLengths.java> OPLEN 1d670 slot=3431 XOR | XOR byte ptr [EAX + 0x90909090],DL | len=7
OpcodeLengths.java> OPLEN 1d680 slot=3432 PUSH | PUSH -0x6f6f6fd0 | len=5
OpcodeLengths.java> OPLEN 1d690 slot=3433 IMUL | IMUL ESI,dword ptr [RAX],-0x6f6f6f70 | len=6
OpcodeLengths.java> OPLEN 1d6a0 slot=3434 PUSH | PUSH 0x30 | len=2
OpcodeLengths.java> OPLEN 1d6b0 slot=3435 IMUL | IMUL ESI,dword ptr [RAX],-0x70 | len=3
OpcodeLengths.java> OPLEN 1d6c0 slot=3436 INSB | INSB RDI,DX | len=1
OpcodeLengths.java> OPLEN 1d6d0 slot=3437 INSD | INSD RDI,DX | len=1
OpcodeLengths.java> OPLEN 1d6e0 slot=3438 OUTSB | OUTSB DX,RSI | len=1
OpcodeLengths.java> OPLEN 1d6f0 slot=3439 OUTSD | OUTSD DX,RSI | len=1
OpcodeLengths.java> OPLEN 1d700 slot=3440 JO | JO 0x0001d732 | len=2
OpcodeLengths.java> OPLEN 1d710 slot=3441 JNO | JNO 0x0001d742 | len=2
OpcodeLengths.java> OPLEN 1d720 slot=3442 JC | JC 0x0001d752 | len=2
OpcodeLengths.java> OPLEN 1d730 slot=3443 JNC | JNC 0x0001d762 | len=2
OpcodeLengths.java> OPLEN 1d740 slot=3444 JZ | JZ 0x0001d772 | len=2
OpcodeLengths.java> OPLEN 1d750 slot=3445 JNZ | JNZ 0x0001d782 | len=2
OpcodeLengths.java> OPLEN 1d760 slot=3446 JBE | JBE 0x0001d792 | len=2
OpcodeLengths.java> OPLEN 1d770 slot=3447 JA | JA 0x0001d7a2 | len=2
OpcodeLengths.java> OPLEN 1d780 slot=3448 JS | JS 0x0001d7b2 | len=2
OpcodeLengths.java> OPLEN 1d790 slot=3449 JNS | JNS 0x0001d7c2 | len=2
OpcodeLengths.java> OPLEN 1d7a0 slot=3450 JP | JP 0x0001d7d2 | len=2
OpcodeLengths.java> OPLEN 1d7b0 slot=3451 JNP | JNP 0x0001d7e2 | len=2
OpcodeLengths.java> OPLEN 1d7c0 slot=3452 JL | JL 0x0001d7f2 | len=2
OpcodeLengths.java> OPLEN 1d7d0 slot=3453 JGE | JGE 0x0001d802 | len=2
OpcodeLengths.java> OPLEN 1d7e0 slot=3454 JLE | JLE 0x0001d812 | len=2
OpcodeLengths.java> OPLEN 1d7f0 slot=3455 JG | JG 0x0001d822 | len=2
OpcodeLengths.java> OPLEN 1d800 slot=3456 XOR | XOR byte ptr [RAX],0x90 | len=3
OpcodeLengths.java> OPLEN 1d810 slot=3457 XOR | XOR dword ptr [RAX],0x90909090 | len=6
OpcodeLengths.java> OPLEN 1d820 slot=3458 NONE
OpcodeLengths.java> OPLEN 1d830 slot=3459 XOR | XOR dword ptr [RAX],0xffffff90 | len=3
OpcodeLengths.java> OPLEN 1d840 slot=3460 TEST | TEST byte ptr [RAX],DH | len=2
OpcodeLengths.java> OPLEN 1d850 slot=3461 TEST | TEST dword ptr [RAX],ESI | len=2
OpcodeLengths.java> OPLEN 1d860 slot=3462 XCHG | XCHG byte ptr [RAX],DH | len=2
OpcodeLengths.java> OPLEN 1d870 slot=3463 XCHG | XCHG dword ptr [RAX],ESI | len=2
OpcodeLengths.java> OPLEN 1d880 slot=3464 MOV | MOV byte ptr [RAX],DH | len=2
OpcodeLengths.java> OPLEN 1d890 slot=3465 MOV | MOV dword ptr [RAX],ESI | len=2
OpcodeLengths.java> OPLEN 1d8a0 slot=3466 MOV | MOV DH,byte ptr [RAX] | len=2
OpcodeLengths.java> OPLEN 1d8b0 slot=3467 MOV | MOV ESI,dword ptr [RAX] | len=2
OpcodeLengths.java> OPLEN 1d8c0 slot=3468 NONE
OpcodeLengths.java> OPLEN 1d8d0 slot=3469 LEA | LEA ESI,[RAX] | len=2
OpcodeLengths.java> OPLEN 1d8e0 slot=3470 NONE
OpcodeLengths.java> OPLEN 1d8f0 slot=3471 NONE
OpcodeLengths.java> OPLEN 1d900 slot=3472 NOP | NOP | len=1
OpcodeLengths.java> OPLEN 1d910 slot=3473 XCHG | XCHG EAX,ECX | len=1
OpcodeLengths.java> OPLEN 1d920 slot=3474 XCHG | XCHG EAX,EDX | len=1
OpcodeLengths.java> OPLEN 1d930 slot=3475 XCHG | XCHG EAX,EBX | len=1
OpcodeLengths.java> OPLEN 1d940 slot=3476 XCHG | XCHG EAX,ESP | len=1
OpcodeLengths.java> OPLEN 1d950 slot=3477 XCHG | XCHG EAX,EBP | len=1
OpcodeLengths.java> OPLEN 1d960 slot=3478 XCHG | XCHG EAX,ESI | len=1
OpcodeLengths.java> OPLEN 1d970 slot=3479 XCHG | XCHG EAX,EDI | len=1
OpcodeLengths.java> OPLEN 1d980 slot=3480 CWDE | CWDE | len=1
OpcodeLengths.java> OPLEN 1d990 slot=3481 CDQ | CDQ | len=1
OpcodeLengths.java> OPLEN 1d9a0 slot=3482 NONE
OpcodeLengths.java> OPLEN 1d9b0 slot=3483 WAIT | WAIT | len=1
OpcodeLengths.java> OPLEN 1d9c0 slot=3484 PUSHFQ | PUSHFQ | len=1
OpcodeLengths.java> OPLEN 1d9d0 slot=3485 POPFQ | POPFQ | len=1
OpcodeLengths.java> OPLEN 1d9e0 slot=3486 SAHF | SAHF | len=1
OpcodeLengths.java> OPLEN 1d9f0 slot=3487 LAHF | LAHF | len=1
OpcodeLengths.java> OPLEN 1da00 slot=3488 MOV | MOV AL,[0x9090909090909030] | len=9
OpcodeLengths.java> OPLEN 1da10 slot=3489 MOV | MOV EAX,[0x9090909090909030] | len=9
OpcodeLengths.java> OPLEN 1da20 slot=3490 MOV | MOV [0x9090909090909030],AL | len=9
OpcodeLengths.java> OPLEN 1da30 slot=3491 MOV | MOV [0x9090909090909030],EAX | len=9
OpcodeLengths.java> OPLEN 1da40 slot=3492 MOVSB | MOVSB RDI,RSI | len=1
OpcodeLengths.java> OPLEN 1da50 slot=3493 MOVSD | MOVSD RDI,RSI | len=1
OpcodeLengths.java> OPLEN 1da60 slot=3494 CMPSB | CMPSB RDI,RSI | len=1
OpcodeLengths.java> OPLEN 1da70 slot=3495 CMPSD | CMPSD RDI,RSI | len=1
OpcodeLengths.java> OPLEN 1da80 slot=3496 TEST | TEST AL,0x30 | len=2
OpcodeLengths.java> OPLEN 1da90 slot=3497 TEST | TEST EAX,0x90909030 | len=5
OpcodeLengths.java> OPLEN 1daa0 slot=3498 STOSB | STOSB RDI | len=1
OpcodeLengths.java> OPLEN 1dab0 slot=3499 STOSD | STOSD RDI | len=1
OpcodeLengths.java> OPLEN 1dac0 slot=3500 LODSB | LODSB RSI | len=1
OpcodeLengths.java> OPLEN 1dad0 slot=3501 LODSD | LODSD RSI | len=1
OpcodeLengths.java> OPLEN 1dae0 slot=3502 SCASB | SCASB RDI | len=1
OpcodeLengths.java> OPLEN 1daf0 slot=3503 SCASD | SCASD RDI | len=1
OpcodeLengths.java> OPLEN 1db00 slot=3504 MOV | MOV AL,0x30 | len=2
OpcodeLengths.java> OPLEN 1db10 slot=3505 MOV | MOV CL,0x30 | len=2
OpcodeLengths.java> OPLEN 1db20 slot=3506 MOV | MOV DL,0x30 | len=2
OpcodeLengths.java> OPLEN 1db30 slot=3507 MOV | MOV BL,0x30 | len=2
OpcodeLengths.java> OPLEN 1db40 slot=3508 MOV | MOV AH,0x30 | len=2
OpcodeLengths.java> OPLEN 1db50 slot=3509 MOV | MOV CH,0x30 | len=2
OpcodeLengths.java> OPLEN 1db60 slot=3510 MOV | MOV DH,0x30 | len=2
OpcodeLengths.java> OPLEN 1db70 slot=3511 MOV | MOV BH,0x30 | len=2
OpcodeLengths.java> OPLEN 1db80 slot=3512 MOV | MOV EAX,0x90909030 | len=5
OpcodeLengths.java> OPLEN 1db90 slot=3513 MOV | MOV ECX,0x90909030 | len=5
OpcodeLengths.java> OPLEN 1dba0 slot=3514 MOV | MOV EDX,0x90909030 | len=5
OpcodeLengths.java> OPLEN 1dbb0 slot=3515 MOV | MOV EBX,0x90909030 | len=5
OpcodeLengths.java> OPLEN 1dbc0 slot=3516 MOV | MOV ESP,0x90909030 | len=5
OpcodeLengths.java> OPLEN 1dbd0 slot=3517 MOV | MOV EBP,0x90909030 | len=5
OpcodeLengths.java> OPLEN 1dbe0 slot=3518 MOV | MOV ESI,0x90909030 | len=5
OpcodeLengths.java> OPLEN 1dbf0 slot=3519 MOV | MOV EDI,0x90909030 | len=5
OpcodeLengths.java> OPLEN 1dc00 slot=3520 SHL | SHL byte ptr [RAX],0x90 | len=3
OpcodeLengths.java> OPLEN 1dc10 slot=3521 SHL | SHL dword ptr [RAX],0x90 | len=3
OpcodeLengths.java> OPLEN 1dc20 slot=3522 RET | RET 0x9030 | len=3
OpcodeLengths.java> OPLEN 1dc30 slot=3523 RET | RET | len=1
OpcodeLengths.java> OPLEN 1dc40 slot=3524 NONE
OpcodeLengths.java> OPLEN 1dc50 slot=3525 KMOVW | KMOVW K2,word ptr [RAX + -0x6f6f6f70] | len=8
OpcodeLengths.java> OPLEN 1dc60 slot=3526 NONE
OpcodeLengths.java> OPLEN 1dc70 slot=3527 NONE
OpcodeLengths.java> OPLEN 1dc80 slot=3528 ENTER | ENTER 0x9030,0x10 | len=4
OpcodeLengths.java> OPLEN 1dc90 slot=3529 LEAVE | LEAVE | len=1
OpcodeLengths.java> OPLEN 1dca0 slot=3530 RETF | RETF 0x9030 | len=3
OpcodeLengths.java> OPLEN 1dcb0 slot=3531 RETF | RETF | len=1
OpcodeLengths.java> OPLEN 1dcc0 slot=3532 INT3 | INT3 | len=1
OpcodeLengths.java> OPLEN 1dcd0 slot=3533 INT | INT 0x30 | len=2
OpcodeLengths.java> OPLEN 1dce0 slot=3534 NONE
OpcodeLengths.java> OPLEN 1dcf0 slot=3535 IRETD | IRETD | len=1
OpcodeLengths.java> OPLEN 1dd00 slot=3536 SHL | SHL byte ptr [RAX],0x1 | len=2
OpcodeLengths.java> OPLEN 1dd10 slot=3537 SHL | SHL dword ptr [RAX],0x1 | len=2
OpcodeLengths.java> OPLEN 1dd20 slot=3538 SHL | SHL byte ptr [RAX],CL | len=2
OpcodeLengths.java> OPLEN 1dd30 slot=3539 SHL | SHL dword ptr [RAX],CL | len=2
OpcodeLengths.java> OPLEN 1dd40 slot=3540 NONE
OpcodeLengths.java> OPLEN 1dd50 slot=3541 NONE
OpcodeLengths.java> OPLEN 1dd60 slot=3542 NONE
OpcodeLengths.java> OPLEN 1dd70 slot=3543 XLAT | XLAT RBX | len=1
OpcodeLengths.java> OPLEN 1dd80 slot=3544 FDIV | FDIV float ptr [RAX] | len=2
OpcodeLengths.java> OPLEN 1dd90 slot=3545 FNSTENV | FNSTENV [RAX] | len=2
OpcodeLengths.java> OPLEN 1dda0 slot=3546 FIDIV | FIDIV dword ptr [RAX] | len=2
OpcodeLengths.java> OPLEN 1ddb0 slot=3547 NONE
OpcodeLengths.java> OPLEN 1ddc0 slot=3548 FDIV | FDIV double ptr [RAX] | len=2
OpcodeLengths.java> OPLEN 1ddd0 slot=3549 FNSAVE | FNSAVE [RAX] | len=2
OpcodeLengths.java> OPLEN 1dde0 slot=3550 FIDIV | FIDIV word ptr [RAX] | len=2
OpcodeLengths.java> OPLEN 1ddf0 slot=3551 FBSTP | FBSTP tword ptr [RAX] | len=2
OpcodeLengths.java> OPLEN 1de00 slot=3552 LOOPNZ | LOOPNZ 0x0001de32 | len=2
OpcodeLengths.java> OPLEN 1de10 slot=3553 LOOPZ | LOOPZ 0x0001de42 | len=2
OpcodeLengths.java> OPLEN 1de20 slot=3554 LOOP | LOOP 0x0001de52 | len=2
OpcodeLengths.java> OPLEN 1de30 slot=3555 JRCXZ | JRCXZ 0x0001de62 | len=2
OpcodeLengths.java> OPLEN 1de40 slot=3556 IN | IN AL,0x30 | len=2
OpcodeLengths.java> OPLEN 1de50 slot=3557 IN | IN EAX,0x30 | len=2
OpcodeLengths.java> OPLEN 1de60 slot=3558 OUT | OUT 0x30,AL | len=2
OpcodeLengths.java> OPLEN 1de70 slot=3559 OUT | OUT 0x30,EAX | len=2
OpcodeLengths.java> OPLEN 1de80 slot=3560 CALL | CALL 0xffffffff90926eb5 | len=5
OpcodeLengths.java> OPLEN 1de90 slot=3561 JMP | JMP 0xffffffff90926ec5 | len=5
OpcodeLengths.java> OPLEN 1dea0 slot=3562 JMPF | JMPF 0x9090:0x90909030 | len=7
OpcodeLengths.java> OPLEN 1deb0 slot=3563 JMP | JMP 0x0001dee2 | len=2
OpcodeLengths.java> OPLEN 1dec0 slot=3564 IN | IN AL,DX | len=1
OpcodeLengths.java> OPLEN 1ded0 slot=3565 IN | IN EAX,DX | len=1
OpcodeLengths.java> OPLEN 1dee0 slot=3566 OUT | OUT DX,AL | len=1
OpcodeLengths.java> OPLEN 1def0 slot=3567 OUT | OUT DX,EAX | len=1
OpcodeLengths.java> OPLEN 1df00 slot=3568 XOR.LOCK | XOR.LOCK byte ptr [RAX + -0x6f6f6f70],DL | len=7
OpcodeLengths.java> OPLEN 1df10 slot=3569 INT1 | INT1 | len=1
OpcodeLengths.java> OPLEN 1df20 slot=3570 XOR | XOR byte ptr [RAX + -0x6f6f6f70],DL | len=7
OpcodeLengths.java> OPLEN 1df30 slot=3571 XOR | XOR byte ptr [RAX + -0x6f6f6f70],DL | len=7
OpcodeLengths.java> OPLEN 1df40 slot=3572 HLT | HLT | len=1
OpcodeLengths.java> OPLEN 1df50 slot=3573 CMC | CMC | len=1
OpcodeLengths.java> OPLEN 1df60 slot=3574 DIV | DIV byte ptr [RAX] | len=2
OpcodeLengths.java> OPLEN 1df70 slot=3575 DIV | DIV dword ptr [RAX] | len=2
OpcodeLengths.java> OPLEN 1df80 slot=3576 CLC | CLC | len=1
OpcodeLengths.java> OPLEN 1df90 slot=3577 STC | STC | len=1
OpcodeLengths.java> OPLEN 1dfa0 slot=3578 CLI | CLI | len=1
OpcodeLengths.java> OPLEN 1dfb0 slot=3579 STI | STI | len=1
OpcodeLengths.java> OPLEN 1dfc0 slot=3580 CLD | CLD | len=1
OpcodeLengths.java> OPLEN 1dfd0 slot=3581 STD | STD | len=1
OpcodeLengths.java> OPLEN 1dfe0 slot=3582 INC | INC byte ptr [RAX] | len=2
OpcodeLengths.java> OPLEN 1dff0 slot=3583 PUSH | PUSH qword ptr [RAX] | len=2
OpcodeLengths.java> OPLEN 1e000 slot=3584 ADD | ADD byte ptr [RAX],BH | len=2
OpcodeLengths.java> OPLEN 1e010 slot=3585 ADD | ADD dword ptr [RAX],EDI | len=2
OpcodeLengths.java> OPLEN 1e020 slot=3586 ADD | ADD BH,byte ptr [RAX] | len=2
OpcodeLengths.java> OPLEN 1e030 slot=3587 ADD | ADD EDI,dword ptr [RAX] | len=2
OpcodeLengths.java> OPLEN 1e040 slot=3588 ADD | ADD AL,0x38 | len=2
OpcodeLengths.java> OPLEN 1e050 slot=3589 ADD | ADD EAX,0x90909038 | len=5
OpcodeLengths.java> OPLEN 1e060 slot=3590 NONE
OpcodeLengths.java> OPLEN 1e070 slot=3591 NONE
OpcodeLengths.java> OPLEN 1e080 slot=3592 OR | OR byte ptr [RAX],BH | len=2
OpcodeLengths.java> OPLEN 1e090 slot=3593 OR | OR dword ptr [RAX],EDI | len=2
OpcodeLengths.java> OPLEN 1e0a0 slot=3594 OR | OR BH,byte ptr [RAX] | len=2
OpcodeLengths.java> OPLEN 1e0b0 slot=3595 OR | OR EDI,dword ptr [RAX] | len=2
OpcodeLengths.java> OPLEN 1e0c0 slot=3596 OR | OR AL,0x38 | len=2
OpcodeLengths.java> OPLEN 1e0d0 slot=3597 OR | OR EAX,0x90909038 | len=5
OpcodeLengths.java> OPLEN 1e0e0 slot=3598 NONE
OpcodeLengths.java> OPLEN 1e0f0 slot=3599 NONE
OpcodeLengths.java> OPLEN 1e100 slot=3600 ADC | ADC byte ptr [RAX],BH | len=2
OpcodeLengths.java> OPLEN 1e110 slot=3601 ADC | ADC dword ptr [RAX],EDI | len=2
OpcodeLengths.java> OPLEN 1e120 slot=3602 ADC | ADC BH,byte ptr [RAX] | len=2
OpcodeLengths.java> OPLEN 1e130 slot=3603 ADC | ADC EDI,dword ptr [RAX] | len=2
OpcodeLengths.java> OPLEN 1e140 slot=3604 ADC | ADC AL,0x38 | len=2
OpcodeLengths.java> OPLEN 1e150 slot=3605 ADC | ADC EAX,0x90909038 | len=5
OpcodeLengths.java> OPLEN 1e160 slot=3606 NONE
OpcodeLengths.java> OPLEN 1e170 slot=3607 NONE
OpcodeLengths.java> OPLEN 1e180 slot=3608 SBB | SBB byte ptr [RAX],BH | len=2
OpcodeLengths.java> OPLEN 1e190 slot=3609 SBB | SBB dword ptr [RAX],EDI | len=2
OpcodeLengths.java> OPLEN 1e1a0 slot=3610 SBB | SBB BH,byte ptr [RAX] | len=2
OpcodeLengths.java> OPLEN 1e1b0 slot=3611 SBB | SBB EDI,dword ptr [RAX] | len=2
OpcodeLengths.java> OPLEN 1e1c0 slot=3612 SBB | SBB AL,0x38 | len=2
OpcodeLengths.java> OPLEN 1e1d0 slot=3613 SBB | SBB EAX,0x90909038 | len=5
OpcodeLengths.java> OPLEN 1e1e0 slot=3614 NONE
OpcodeLengths.java> OPLEN 1e1f0 slot=3615 NONE
OpcodeLengths.java> OPLEN 1e200 slot=3616 AND | AND byte ptr [RAX],BH | len=2
OpcodeLengths.java> OPLEN 1e210 slot=3617 AND | AND dword ptr [RAX],EDI | len=2
OpcodeLengths.java> OPLEN 1e220 slot=3618 AND | AND BH,byte ptr [RAX] | len=2
OpcodeLengths.java> OPLEN 1e230 slot=3619 AND | AND EDI,dword ptr [RAX] | len=2
OpcodeLengths.java> OPLEN 1e240 slot=3620 AND | AND AL,0x38 | len=2
OpcodeLengths.java> OPLEN 1e250 slot=3621 AND | AND EAX,0x90909038 | len=5
OpcodeLengths.java> OPLEN 1e260 slot=3622 CMP | CMP byte ptr ES:[RAX + -0x6f6f6f70],DL | len=7
OpcodeLengths.java> OPLEN 1e270 slot=3623 NONE
OpcodeLengths.java> OPLEN 1e280 slot=3624 SUB | SUB byte ptr [RAX],BH | len=2
OpcodeLengths.java> OPLEN 1e290 slot=3625 SUB | SUB dword ptr [RAX],EDI | len=2
OpcodeLengths.java> OPLEN 1e2a0 slot=3626 SUB | SUB BH,byte ptr [RAX] | len=2
OpcodeLengths.java> OPLEN 1e2b0 slot=3627 SUB | SUB EDI,dword ptr [RAX] | len=2
OpcodeLengths.java> OPLEN 1e2c0 slot=3628 SUB | SUB AL,0x38 | len=2
OpcodeLengths.java> OPLEN 1e2d0 slot=3629 SUB | SUB EAX,0x90909038 | len=5
OpcodeLengths.java> OPLEN 1e2e0 slot=3630 CMP | CMP byte ptr CS:[RAX + -0x6f6f6f70],DL | len=7
OpcodeLengths.java> OPLEN 1e2f0 slot=3631 NONE
OpcodeLengths.java> OPLEN 1e300 slot=3632 XOR | XOR byte ptr [RAX],BH | len=2
OpcodeLengths.java> OPLEN 1e310 slot=3633 XOR | XOR dword ptr [RAX],EDI | len=2
OpcodeLengths.java> OPLEN 1e320 slot=3634 XOR | XOR BH,byte ptr [RAX] | len=2
OpcodeLengths.java> OPLEN 1e330 slot=3635 XOR | XOR EDI,dword ptr [RAX] | len=2
OpcodeLengths.java> OPLEN 1e340 slot=3636 XOR | XOR AL,0x38 | len=2
OpcodeLengths.java> OPLEN 1e350 slot=3637 XOR | XOR EAX,0x90909038 | len=5
OpcodeLengths.java> OPLEN 1e360 slot=3638 CMP | CMP byte ptr SS:[RAX + -0x6f6f6f70],DL | len=7
OpcodeLengths.java> OPLEN 1e370 slot=3639 NONE
OpcodeLengths.java> OPLEN 1e380 slot=3640 CMP | CMP byte ptr [RAX],BH | len=2
OpcodeLengths.java> OPLEN 1e390 slot=3641 CMP | CMP dword ptr [RAX],EDI | len=2
OpcodeLengths.java> OPLEN 1e3a0 slot=3642 CMP | CMP BH,byte ptr [RAX] | len=2
OpcodeLengths.java> OPLEN 1e3b0 slot=3643 CMP | CMP EDI,dword ptr [RAX] | len=2
OpcodeLengths.java> OPLEN 1e3c0 slot=3644 CMP | CMP AL,0x38 | len=2
OpcodeLengths.java> OPLEN 1e3d0 slot=3645 CMP | CMP EAX,0x90909038 | len=5
OpcodeLengths.java> OPLEN 1e3e0 slot=3646 CMP | CMP byte ptr DS:[RAX + -0x6f6f6f70],DL | len=7
OpcodeLengths.java> OPLEN 1e3f0 slot=3647 NONE
OpcodeLengths.java> OPLEN 1e400 slot=3648 CMP | CMP byte ptr [RAX + -0x6f6f6f70],DL | len=7
OpcodeLengths.java> OPLEN 1e410 slot=3649 CMP | CMP byte ptr [R8 + -0x6f6f6f70],DL | len=7
OpcodeLengths.java> OPLEN 1e420 slot=3650 CMP | CMP byte ptr [RAX + -0x6f6f6f70],DL | len=7
OpcodeLengths.java> OPLEN 1e430 slot=3651 CMP | CMP byte ptr [R8 + -0x6f6f6f70],DL | len=7
OpcodeLengths.java> OPLEN 1e440 slot=3652 CMP | CMP byte ptr [RAX + -0x6f6f6f70],R10B | len=7
OpcodeLengths.java> OPLEN 1e450 slot=3653 CMP | CMP byte ptr [R8 + -0x6f6f6f70],R10B | len=7
OpcodeLengths.java> OPLEN 1e460 slot=3654 CMP | CMP byte ptr [RAX + -0x6f6f6f70],R10B | len=7
OpcodeLengths.java> OPLEN 1e470 slot=3655 CMP | CMP byte ptr [R8 + -0x6f6f6f70],R10B | len=7
OpcodeLengths.java> OPLEN 1e480 slot=3656 CMP | CMP byte ptr [RAX + -0x6f6f6f70],DL | len=7
OpcodeLengths.java> OPLEN 1e490 slot=3657 CMP | CMP byte ptr [R8 + -0x6f6f6f70],DL | len=7
OpcodeLengths.java> OPLEN 1e4a0 slot=3658 CMP | CMP byte ptr [RAX + -0x6f6f6f70],DL | len=7
OpcodeLengths.java> OPLEN 1e4b0 slot=3659 CMP | CMP byte ptr [R8 + -0x6f6f6f70],DL | len=7
OpcodeLengths.java> OPLEN 1e4c0 slot=3660 CMP | CMP byte ptr [RAX + -0x6f6f6f70],R10B | len=7
OpcodeLengths.java> OPLEN 1e4d0 slot=3661 CMP | CMP byte ptr [R8 + -0x6f6f6f70],R10B | len=7
OpcodeLengths.java> OPLEN 1e4e0 slot=3662 CMP | CMP byte ptr [RAX + -0x6f6f6f70],R10B | len=7
OpcodeLengths.java> OPLEN 1e4f0 slot=3663 CMP | CMP byte ptr [R8 + -0x6f6f6f70],R10B | len=7
OpcodeLengths.java> OPLEN 1e500 slot=3664 PUSH | PUSH RAX | len=1
OpcodeLengths.java> OPLEN 1e510 slot=3665 PUSH | PUSH RCX | len=1
OpcodeLengths.java> OPLEN 1e520 slot=3666 PUSH | PUSH RDX | len=1
OpcodeLengths.java> OPLEN 1e530 slot=3667 PUSH | PUSH RBX | len=1
OpcodeLengths.java> OPLEN 1e540 slot=3668 PUSH | PUSH RSP | len=1
OpcodeLengths.java> OPLEN 1e550 slot=3669 PUSH | PUSH RBP | len=1
OpcodeLengths.java> OPLEN 1e560 slot=3670 PUSH | PUSH RSI | len=1
OpcodeLengths.java> OPLEN 1e570 slot=3671 PUSH | PUSH RDI | len=1
OpcodeLengths.java> OPLEN 1e580 slot=3672 POP | POP RAX | len=1
OpcodeLengths.java> OPLEN 1e590 slot=3673 POP | POP RCX | len=1
OpcodeLengths.java> OPLEN 1e5a0 slot=3674 POP | POP RDX | len=1
OpcodeLengths.java> OPLEN 1e5b0 slot=3675 POP | POP RBX | len=1
OpcodeLengths.java> OPLEN 1e5c0 slot=3676 POP | POP RSP | len=1
OpcodeLengths.java> OPLEN 1e5d0 slot=3677 POP | POP RBP | len=1
OpcodeLengths.java> OPLEN 1e5e0 slot=3678 POP | POP RSI | len=1
OpcodeLengths.java> OPLEN 1e5f0 slot=3679 POP | POP RDI | len=1
OpcodeLengths.java> OPLEN 1e600 slot=3680 NONE
OpcodeLengths.java> OPLEN 1e610 slot=3681 NONE
OpcodeLengths.java> OPLEN 1e620 slot=3682 NONE
OpcodeLengths.java> OPLEN 1e630 slot=3683 MOVSXD | MOVSXD EDI,dword ptr [RAX] | len=2
OpcodeLengths.java> OPLEN 1e640 slot=3684 CMP | CMP byte ptr FS:[RAX + -0x6f6f6f70],DL | len=7
OpcodeLengths.java> OPLEN 1e650 slot=3685 CMP | CMP byte ptr GS:[RAX + -0x6f6f6f70],DL | len=7
OpcodeLengths.java> OPLEN 1e660 slot=3686 CMP | CMP byte ptr [RAX + -0x6f6f6f70],DL | len=7
OpcodeLengths.java> OPLEN 1e670 slot=3687 CMP | CMP byte ptr [EAX + 0x90909090],DL | len=7
OpcodeLengths.java> OPLEN 1e680 slot=3688 PUSH | PUSH -0x6f6f6fc8 | len=5
OpcodeLengths.java> OPLEN 1e690 slot=3689 IMUL | IMUL EDI,dword ptr [RAX],-0x6f6f6f70 | len=6
OpcodeLengths.java> OPLEN 1e6a0 slot=3690 PUSH | PUSH 0x38 | len=2
OpcodeLengths.java> OPLEN 1e6b0 slot=3691 IMUL | IMUL EDI,dword ptr [RAX],-0x70 | len=3
OpcodeLengths.java> OPLEN 1e6c0 slot=3692 INSB | INSB RDI,DX | len=1
OpcodeLengths.java> OPLEN 1e6d0 slot=3693 INSD | INSD RDI,DX | len=1
OpcodeLengths.java> OPLEN 1e6e0 slot=3694 OUTSB | OUTSB DX,RSI | len=1
OpcodeLengths.java> OPLEN 1e6f0 slot=3695 OUTSD | OUTSD DX,RSI | len=1
OpcodeLengths.java> OPLEN 1e700 slot=3696 JO | JO 0x0001e73a | len=2
OpcodeLengths.java> OPLEN 1e710 slot=3697 JNO | JNO 0x0001e74a | len=2
OpcodeLengths.java> OPLEN 1e720 slot=3698 JC | JC 0x0001e75a | len=2
OpcodeLengths.java> OPLEN 1e730 slot=3699 JNC | JNC 0x0001e76a | len=2
OpcodeLengths.java> OPLEN 1e740 slot=3700 JZ | JZ 0x0001e77a | len=2
OpcodeLengths.java> OPLEN 1e750 slot=3701 JNZ | JNZ 0x0001e78a | len=2
OpcodeLengths.java> OPLEN 1e760 slot=3702 JBE | JBE 0x0001e79a | len=2
OpcodeLengths.java> OPLEN 1e770 slot=3703 JA | JA 0x0001e7aa | len=2
OpcodeLengths.java> OPLEN 1e780 slot=3704 JS | JS 0x0001e7ba | len=2
OpcodeLengths.java> OPLEN 1e790 slot=3705 JNS | JNS 0x0001e7ca | len=2
OpcodeLengths.java> OPLEN 1e7a0 slot=3706 JP | JP 0x0001e7da | len=2
OpcodeLengths.java> OPLEN 1e7b0 slot=3707 JNP | JNP 0x0001e7ea | len=2
OpcodeLengths.java> OPLEN 1e7c0 slot=3708 JL | JL 0x0001e7fa | len=2
OpcodeLengths.java> OPLEN 1e7d0 slot=3709 JGE | JGE 0x0001e80a | len=2
OpcodeLengths.java> OPLEN 1e7e0 slot=3710 JLE | JLE 0x0001e81a | len=2
OpcodeLengths.java> OPLEN 1e7f0 slot=3711 JG | JG 0x0001e82a | len=2
OpcodeLengths.java> OPLEN 1e800 slot=3712 CMP | CMP byte ptr [RAX],0x90 | len=3
OpcodeLengths.java> OPLEN 1e810 slot=3713 CMP | CMP dword ptr [RAX],0x90909090 | len=6
OpcodeLengths.java> OPLEN 1e820 slot=3714 NONE
OpcodeLengths.java> OPLEN 1e830 slot=3715 CMP | CMP dword ptr [RAX],-0x70 | len=3
OpcodeLengths.java> OPLEN 1e840 slot=3716 TEST | TEST byte ptr [RAX],BH | len=2
OpcodeLengths.java> OPLEN 1e850 slot=3717 TEST | TEST dword ptr [RAX],EDI | len=2
OpcodeLengths.java> OPLEN 1e860 slot=3718 XCHG | XCHG byte ptr [RAX],BH | len=2
OpcodeLengths.java> OPLEN 1e870 slot=3719 XCHG | XCHG dword ptr [RAX],EDI | len=2
OpcodeLengths.java> OPLEN 1e880 slot=3720 MOV | MOV byte ptr [RAX],BH | len=2
OpcodeLengths.java> OPLEN 1e890 slot=3721 MOV | MOV dword ptr [RAX],EDI | len=2
OpcodeLengths.java> OPLEN 1e8a0 slot=3722 MOV | MOV BH,byte ptr [RAX] | len=2
OpcodeLengths.java> OPLEN 1e8b0 slot=3723 MOV | MOV EDI,dword ptr [RAX] | len=2
OpcodeLengths.java> OPLEN 1e8c0 slot=3724 NONE
OpcodeLengths.java> OPLEN 1e8d0 slot=3725 LEA | LEA EDI,[RAX] | len=2
OpcodeLengths.java> OPLEN 1e8e0 slot=3726 NONE
OpcodeLengths.java> OPLEN 1e8f0 slot=3727 NONE
OpcodeLengths.java> OPLEN 1e900 slot=3728 NOP | NOP | len=1
OpcodeLengths.java> OPLEN 1e910 slot=3729 XCHG | XCHG EAX,ECX | len=1
OpcodeLengths.java> OPLEN 1e920 slot=3730 XCHG | XCHG EAX,EDX | len=1
OpcodeLengths.java> OPLEN 1e930 slot=3731 XCHG | XCHG EAX,EBX | len=1
OpcodeLengths.java> OPLEN 1e940 slot=3732 XCHG | XCHG EAX,ESP | len=1
OpcodeLengths.java> OPLEN 1e950 slot=3733 XCHG | XCHG EAX,EBP | len=1
OpcodeLengths.java> OPLEN 1e960 slot=3734 XCHG | XCHG EAX,ESI | len=1
OpcodeLengths.java> OPLEN 1e970 slot=3735 XCHG | XCHG EAX,EDI | len=1
OpcodeLengths.java> OPLEN 1e980 slot=3736 CWDE | CWDE | len=1
OpcodeLengths.java> OPLEN 1e990 slot=3737 CDQ | CDQ | len=1
OpcodeLengths.java> OPLEN 1e9a0 slot=3738 NONE
OpcodeLengths.java> OPLEN 1e9b0 slot=3739 WAIT | WAIT | len=1
OpcodeLengths.java> OPLEN 1e9c0 slot=3740 PUSHFQ | PUSHFQ | len=1
OpcodeLengths.java> OPLEN 1e9d0 slot=3741 POPFQ | POPFQ | len=1
OpcodeLengths.java> OPLEN 1e9e0 slot=3742 SAHF | SAHF | len=1
OpcodeLengths.java> OPLEN 1e9f0 slot=3743 LAHF | LAHF | len=1
OpcodeLengths.java> OPLEN 1ea00 slot=3744 MOV | MOV AL,[0x9090909090909038] | len=9
OpcodeLengths.java> OPLEN 1ea10 slot=3745 MOV | MOV EAX,[0x9090909090909038] | len=9
OpcodeLengths.java> OPLEN 1ea20 slot=3746 MOV | MOV [0x9090909090909038],AL | len=9
OpcodeLengths.java> OPLEN 1ea30 slot=3747 MOV | MOV [0x9090909090909038],EAX | len=9
OpcodeLengths.java> OPLEN 1ea40 slot=3748 MOVSB | MOVSB RDI,RSI | len=1
OpcodeLengths.java> OPLEN 1ea50 slot=3749 MOVSD | MOVSD RDI,RSI | len=1
OpcodeLengths.java> OPLEN 1ea60 slot=3750 CMPSB | CMPSB RDI,RSI | len=1
OpcodeLengths.java> OPLEN 1ea70 slot=3751 CMPSD | CMPSD RDI,RSI | len=1
OpcodeLengths.java> OPLEN 1ea80 slot=3752 TEST | TEST AL,0x38 | len=2
OpcodeLengths.java> OPLEN 1ea90 slot=3753 TEST | TEST EAX,0x90909038 | len=5
OpcodeLengths.java> OPLEN 1eaa0 slot=3754 STOSB | STOSB RDI | len=1
OpcodeLengths.java> OPLEN 1eab0 slot=3755 STOSD | STOSD RDI | len=1
OpcodeLengths.java> OPLEN 1eac0 slot=3756 LODSB | LODSB RSI | len=1
OpcodeLengths.java> OPLEN 1ead0 slot=3757 LODSD | LODSD RSI | len=1
OpcodeLengths.java> OPLEN 1eae0 slot=3758 SCASB | SCASB RDI | len=1
OpcodeLengths.java> OPLEN 1eaf0 slot=3759 SCASD | SCASD RDI | len=1
OpcodeLengths.java> OPLEN 1eb00 slot=3760 MOV | MOV AL,0x38 | len=2
OpcodeLengths.java> OPLEN 1eb10 slot=3761 MOV | MOV CL,0x38 | len=2
OpcodeLengths.java> OPLEN 1eb20 slot=3762 MOV | MOV DL,0x38 | len=2
OpcodeLengths.java> OPLEN 1eb30 slot=3763 MOV | MOV BL,0x38 | len=2
OpcodeLengths.java> OPLEN 1eb40 slot=3764 MOV | MOV AH,0x38 | len=2
OpcodeLengths.java> OPLEN 1eb50 slot=3765 MOV | MOV CH,0x38 | len=2
OpcodeLengths.java> OPLEN 1eb60 slot=3766 MOV | MOV DH,0x38 | len=2
OpcodeLengths.java> OPLEN 1eb70 slot=3767 MOV | MOV BH,0x38 | len=2
OpcodeLengths.java> OPLEN 1eb80 slot=3768 MOV | MOV EAX,0x90909038 | len=5
OpcodeLengths.java> OPLEN 1eb90 slot=3769 MOV | MOV ECX,0x90909038 | len=5
OpcodeLengths.java> OPLEN 1eba0 slot=3770 MOV | MOV EDX,0x90909038 | len=5
OpcodeLengths.java> OPLEN 1ebb0 slot=3771 MOV | MOV EBX,0x90909038 | len=5
OpcodeLengths.java> OPLEN 1ebc0 slot=3772 MOV | MOV ESP,0x90909038 | len=5
OpcodeLengths.java> OPLEN 1ebd0 slot=3773 MOV | MOV EBP,0x90909038 | len=5
OpcodeLengths.java> OPLEN 1ebe0 slot=3774 MOV | MOV ESI,0x90909038 | len=5
OpcodeLengths.java> OPLEN 1ebf0 slot=3775 MOV | MOV EDI,0x90909038 | len=5
OpcodeLengths.java> OPLEN 1ec00 slot=3776 SAR | SAR byte ptr [RAX],0x90 | len=3
OpcodeLengths.java> OPLEN 1ec10 slot=3777 SAR | SAR dword ptr [RAX],0x90 | len=3
OpcodeLengths.java> OPLEN 1ec20 slot=3778 RET | RET 0x9038 | len=3
OpcodeLengths.java> OPLEN 1ec30 slot=3779 RET | RET | len=1
OpcodeLengths.java> OPLEN 1ec40 slot=3780 NONE
OpcodeLengths.java> OPLEN 1ec50 slot=3781 KMOVW | KMOVW K2,word ptr [RAX + -0x6f6f6f70] | len=8
OpcodeLengths.java> OPLEN 1ec60 slot=3782 NONE
OpcodeLengths.java> OPLEN 1ec70 slot=3783 NONE
OpcodeLengths.java> OPLEN 1ec80 slot=3784 ENTER | ENTER 0x9038,0x10 | len=4
OpcodeLengths.java> OPLEN 1ec90 slot=3785 LEAVE | LEAVE | len=1
OpcodeLengths.java> OPLEN 1eca0 slot=3786 RETF | RETF 0x9038 | len=3
OpcodeLengths.java> OPLEN 1ecb0 slot=3787 RETF | RETF | len=1
OpcodeLengths.java> OPLEN 1ecc0 slot=3788 INT3 | INT3 | len=1
OpcodeLengths.java> OPLEN 1ecd0 slot=3789 INT | INT 0x38 | len=2
OpcodeLengths.java> OPLEN 1ece0 slot=3790 NONE
OpcodeLengths.java> OPLEN 1ecf0 slot=3791 IRETD | IRETD | len=1
OpcodeLengths.java> OPLEN 1ed00 slot=3792 SAR | SAR byte ptr [RAX],0x1 | len=2
OpcodeLengths.java> OPLEN 1ed10 slot=3793 SAR | SAR dword ptr [RAX],0x1 | len=2
OpcodeLengths.java> OPLEN 1ed20 slot=3794 SAR | SAR byte ptr [RAX],CL | len=2
OpcodeLengths.java> OPLEN 1ed30 slot=3795 SAR | SAR dword ptr [RAX],CL | len=2
OpcodeLengths.java> OPLEN 1ed40 slot=3796 NONE
OpcodeLengths.java> OPLEN 1ed50 slot=3797 NONE
OpcodeLengths.java> OPLEN 1ed60 slot=3798 NONE
OpcodeLengths.java> OPLEN 1ed70 slot=3799 XLAT | XLAT RBX | len=1
OpcodeLengths.java> OPLEN 1ed80 slot=3800 FDIVR | FDIVR float ptr [RAX] | len=2
OpcodeLengths.java> OPLEN 1ed90 slot=3801 FNSTCW | FNSTCW word ptr [RAX] | len=2
OpcodeLengths.java> OPLEN 1eda0 slot=3802 FIDIVR | FIDIVR dword ptr [RAX] | len=2
OpcodeLengths.java> OPLEN 1edb0 slot=3803 FSTP | FSTP extended double ptr [RAX] | len=2
OpcodeLengths.java> OPLEN 1edc0 slot=3804 FDIVR | FDIVR double ptr [RAX] | len=2
OpcodeLengths.java> OPLEN 1edd0 slot=3805 FNSTSW | FNSTSW word ptr [RAX] | len=2
OpcodeLengths.java> OPLEN 1ede0 slot=3806 FIDIVR | FIDIVR word ptr [RAX] | len=2
OpcodeLengths.java> OPLEN 1edf0 slot=3807 FISTP | FISTP qword ptr [RAX] | len=2
OpcodeLengths.java> OPLEN 1ee00 slot=3808 LOOPNZ | LOOPNZ 0x0001ee3a | len=2
OpcodeLengths.java> OPLEN 1ee10 slot=3809 LOOPZ | LOOPZ 0x0001ee4a | len=2
OpcodeLengths.java> OPLEN 1ee20 slot=3810 LOOP | LOOP 0x0001ee5a | len=2
OpcodeLengths.java> OPLEN 1ee30 slot=3811 JRCXZ | JRCXZ 0x0001ee6a | len=2
OpcodeLengths.java> OPLEN 1ee40 slot=3812 IN | IN AL,0x38 | len=2
OpcodeLengths.java> OPLEN 1ee50 slot=3813 IN | IN EAX,0x38 | len=2
OpcodeLengths.java> OPLEN 1ee60 slot=3814 OUT | OUT 0x38,AL | len=2
OpcodeLengths.java> OPLEN 1ee70 slot=3815 OUT | OUT 0x38,EAX | len=2
OpcodeLengths.java> OPLEN 1ee80 slot=3816 CALL | CALL 0xffffffff90927ebd | len=5
OpcodeLengths.java> OPLEN 1ee90 slot=3817 JMP | JMP 0xffffffff90927ecd | len=5
OpcodeLengths.java> OPLEN 1eea0 slot=3818 JMPF | JMPF 0x9090:0x90909038 | len=7
OpcodeLengths.java> OPLEN 1eeb0 slot=3819 JMP | JMP 0x0001eeea | len=2
OpcodeLengths.java> OPLEN 1eec0 slot=3820 IN | IN AL,DX | len=1
OpcodeLengths.java> OPLEN 1eed0 slot=3821 IN | IN EAX,DX | len=1
OpcodeLengths.java> OPLEN 1eee0 slot=3822 OUT | OUT DX,AL | len=1
OpcodeLengths.java> OPLEN 1eef0 slot=3823 OUT | OUT DX,EAX | len=1
OpcodeLengths.java> OPLEN 1ef00 slot=3824 NONE
OpcodeLengths.java> OPLEN 1ef10 slot=3825 INT1 | INT1 | len=1
OpcodeLengths.java> OPLEN 1ef20 slot=3826 CMP | CMP byte ptr [RAX + -0x6f6f6f70],DL | len=7
OpcodeLengths.java> OPLEN 1ef30 slot=3827 CMP | CMP byte ptr [RAX + -0x6f6f6f70],DL | len=7
OpcodeLengths.java> OPLEN 1ef40 slot=3828 HLT | HLT | len=1
OpcodeLengths.java> OPLEN 1ef50 slot=3829 CMC | CMC | len=1
OpcodeLengths.java> OPLEN 1ef60 slot=3830 IDIV | IDIV byte ptr [RAX] | len=2
OpcodeLengths.java> OPLEN 1ef70 slot=3831 IDIV | IDIV dword ptr [RAX] | len=2
OpcodeLengths.java> OPLEN 1ef80 slot=3832 CLC | CLC | len=1
OpcodeLengths.java> OPLEN 1ef90 slot=3833 STC | STC | len=1
OpcodeLengths.java> OPLEN 1efa0 slot=3834 CLI | CLI | len=1
OpcodeLengths.java> OPLEN 1efb0 slot=3835 STI | STI | len=1
OpcodeLengths.java> OPLEN 1efc0 slot=3836 CLD | CLD | len=1
OpcodeLengths.java> OPLEN 1efd0 slot=3837 STD | STD | len=1
OpcodeLengths.java> OPLEN 1efe0 slot=3838 INC | INC byte ptr [RAX] | len=2
OpcodeLengths.java> OPLEN 1eff0 slot=3839 INC | INC dword ptr [RAX] | len=2
# EXIT 2026-09-19 19:41 PDT
