# no-flow oracle over the 0F map, 2026-09-19: probe blob tests/data/x64_reds/probe0f_2026-09-19.bin sha256 a0e3fbcb92ab497e94426dfd48fd73316a861a881a4243239b6b30367dd38b93 (NOP-padded, third attempt), 3072 slots of 16 bytes, slot = pfx*768 + modrm_form*256 + opcode with pfx in {none,66,F2,F3} and modrm in {00,80,C0}, imported raw at base 0x10000 with BinaryLoader, -noanalysis, OpcodeLengths.java (DisassembleCommand followFlow=false). ORACLE: Ghidra 12.1.2 PUBLIC, snap revision 47.
# PREDICTED before the run: every objdump-valid row of x64-two-byte-opcode-survey-2026-09-19.log has a Ghidra instruction of the same length, EXCEPT the vendor-divergent 66 0F 8x rows (Ghidra's model is what this run reads; unknown whether 5 or 7); every objdump-invalid row is NONE, with any Ghidra instruction on one of the 23 all-probe-invalid opcodes recorded as a finding (an oracle-vs-screen disagreement), not folded in. Fixture RSM at 40106b (second run below): RSM len=2.
# ---- run 1: blob ----
# INSTRUMENT NOTE before run 1 (third attempt): the second attempt (DisassembleCommand restricted to the slot range) still returned 436 objdump-valid rows NONE, all on odd-numbered slots: an even slot's odd leftover 0x00 padding byte straddled the boundary into the next slot's first byte. Padding is now 0x90 NOP (always one byte, never a prefix), so no slot can end mid-instruction; the probe bytes through the ModRM are unchanged and immediates/displacements read 0x90 instead of 0x00, which changes no length. Restriction kept. The prediction above stands unchanged for this attempt.
OpcodeLengths.java> OPLEN lang=x86:LE:64:default ghidra=12.1.2 start=10000 count=3072 slot=16
OpcodeLengths.java> OPLEN 10000 slot=0 SLDT | SLDT dword ptr [RAX] | len=3
OpcodeLengths.java> OPLEN 10010 slot=1 SGDT | SGDT qword ptr [RAX] | len=3
OpcodeLengths.java> OPLEN 10020 slot=2 LAR | LAR EAX,dword ptr [RAX] | len=3
OpcodeLengths.java> OPLEN 10030 slot=3 LSL | LSL EAX,dword ptr [RAX] | len=3
OpcodeLengths.java> OPLEN 10040 slot=4 NONE
OpcodeLengths.java> OPLEN 10050 slot=5 SYSCALL | SYSCALL | len=2
OpcodeLengths.java> OPLEN 10060 slot=6 CLTS | CLTS | len=2
OpcodeLengths.java> OPLEN 10070 slot=7 SYSRET | SYSRET | len=2
OpcodeLengths.java> OPLEN 10080 slot=8 INVD | INVD | len=2
OpcodeLengths.java> OPLEN 10090 slot=9 WBINVD | WBINVD | len=2
OpcodeLengths.java> OPLEN 100a0 slot=10 NONE
OpcodeLengths.java> OPLEN 100b0 slot=11 UD2 | UD2 | len=2
OpcodeLengths.java> OPLEN 100c0 slot=12 NONE
OpcodeLengths.java> OPLEN 100d0 slot=13 PREFETCH | PREFETCH byte ptr [RAX] | len=3
OpcodeLengths.java> OPLEN 100e0 slot=14 FEMMS | FEMMS | len=2
OpcodeLengths.java> OPLEN 100f0 slot=15 PFCMPGE | PFCMPGE MM0,qword ptr [RAX] | len=4
OpcodeLengths.java> OPLEN 10100 slot=16 MOVUPS | MOVUPS XMM0,xmmword ptr [RAX] | len=3
OpcodeLengths.java> OPLEN 10110 slot=17 MOVUPS | MOVUPS xmmword ptr [RAX],XMM0 | len=3
OpcodeLengths.java> OPLEN 10120 slot=18 MOVLPS | MOVLPS XMM0,qword ptr [RAX] | len=3
OpcodeLengths.java> OPLEN 10130 slot=19 MOVLPS | MOVLPS qword ptr [RAX],XMM0 | len=3
OpcodeLengths.java> OPLEN 10140 slot=20 UNPCKLPS | UNPCKLPS XMM0,xmmword ptr [RAX] | len=3
OpcodeLengths.java> OPLEN 10150 slot=21 UNPCKHPS | UNPCKHPS XMM0,xmmword ptr [RAX] | len=3
OpcodeLengths.java> OPLEN 10160 slot=22 MOVHPS | MOVHPS XMM0,qword ptr [RAX] | len=3
OpcodeLengths.java> OPLEN 10170 slot=23 MOVHPS | MOVHPS qword ptr [RAX],XMM0 | len=3
OpcodeLengths.java> OPLEN 10180 slot=24 NOP | NOP dword ptr [RAX] | len=3
OpcodeLengths.java> OPLEN 10190 slot=25 NOP | NOP dword ptr [RAX] | len=3
OpcodeLengths.java> OPLEN 101a0 slot=26 NOP | NOP dword ptr [RAX] | len=3
OpcodeLengths.java> OPLEN 101b0 slot=27 NOP | NOP dword ptr [RAX] | len=3
OpcodeLengths.java> OPLEN 101c0 slot=28 NOP | NOP dword ptr [RAX] | len=3
OpcodeLengths.java> OPLEN 101d0 slot=29 NOP | NOP dword ptr [RAX] | len=3
OpcodeLengths.java> OPLEN 101e0 slot=30 NOP | NOP dword ptr [RAX] | len=3
OpcodeLengths.java> OPLEN 101f0 slot=31 NOP | NOP dword ptr [RAX] | len=3
OpcodeLengths.java> OPLEN 10200 slot=32 MOV | MOV RAX,CR0 | len=3
OpcodeLengths.java> OPLEN 10210 slot=33 MOV | MOV RAX,DR0 | len=3
OpcodeLengths.java> OPLEN 10220 slot=34 MOV | MOV CR0,RAX | len=3
OpcodeLengths.java> OPLEN 10230 slot=35 NONE
OpcodeLengths.java> OPLEN 10240 slot=36 NONE
OpcodeLengths.java> OPLEN 10250 slot=37 NONE
OpcodeLengths.java> OPLEN 10260 slot=38 NONE
OpcodeLengths.java> OPLEN 10270 slot=39 NONE
OpcodeLengths.java> OPLEN 10280 slot=40 MOVAPS | MOVAPS XMM0,xmmword ptr [RAX] | len=3
OpcodeLengths.java> OPLEN 10290 slot=41 MOVAPS | MOVAPS xmmword ptr [RAX],XMM0 | len=3
OpcodeLengths.java> OPLEN 102a0 slot=42 CVTPI2PS | CVTPI2PS XMM0,qword ptr [RAX] | len=3
OpcodeLengths.java> OPLEN 102b0 slot=43 MOVNTPS | MOVNTPS xmmword ptr [RAX],XMM0 | len=3
OpcodeLengths.java> OPLEN 102c0 slot=44 CVTTPS2PI | CVTTPS2PI MM0,qword ptr [RAX] | len=3
OpcodeLengths.java> OPLEN 102d0 slot=45 CVTPS2PI | CVTPS2PI MM0,qword ptr [RAX] | len=3
OpcodeLengths.java> OPLEN 102e0 slot=46 UCOMISS | UCOMISS XMM0,dword ptr [RAX] | len=3
OpcodeLengths.java> OPLEN 102f0 slot=47 COMISS | COMISS XMM0,dword ptr [RAX] | len=3
OpcodeLengths.java> OPLEN 10300 slot=48 WRMSR | WRMSR | len=2
OpcodeLengths.java> OPLEN 10310 slot=49 RDTSC | RDTSC | len=2
OpcodeLengths.java> OPLEN 10320 slot=50 RDMSR | RDMSR | len=2
OpcodeLengths.java> OPLEN 10330 slot=51 RDPMC | RDPMC | len=2
OpcodeLengths.java> OPLEN 10340 slot=52 SYSENTER | SYSENTER | len=2
OpcodeLengths.java> OPLEN 10350 slot=53 SYSEXIT | SYSEXIT | len=2
OpcodeLengths.java> OPLEN 10360 slot=54 NONE
OpcodeLengths.java> OPLEN 10370 slot=55 GETSEC | GETSEC | len=2
OpcodeLengths.java> OPLEN 10380 slot=56 PSHUFB | PSHUFB MM2,qword ptr [RAX + -0x6f6f6f70] | len=8
OpcodeLengths.java> OPLEN 10390 slot=57 NONE
OpcodeLengths.java> OPLEN 103a0 slot=58 NONE
OpcodeLengths.java> OPLEN 103b0 slot=59 NONE
OpcodeLengths.java> OPLEN 103c0 slot=60 NONE
OpcodeLengths.java> OPLEN 103d0 slot=61 NONE
OpcodeLengths.java> OPLEN 103e0 slot=62 NONE
OpcodeLengths.java> OPLEN 103f0 slot=63 NONE
OpcodeLengths.java> OPLEN 10400 slot=64 CMOVO | CMOVO EAX,dword ptr [RAX] | len=3
OpcodeLengths.java> OPLEN 10410 slot=65 CMOVNO | CMOVNO EAX,dword ptr [RAX] | len=3
OpcodeLengths.java> OPLEN 10420 slot=66 CMOVC | CMOVC EAX,dword ptr [RAX] | len=3
OpcodeLengths.java> OPLEN 10430 slot=67 CMOVNC | CMOVNC EAX,dword ptr [RAX] | len=3
OpcodeLengths.java> OPLEN 10440 slot=68 CMOVZ | CMOVZ EAX,dword ptr [RAX] | len=3
OpcodeLengths.java> OPLEN 10450 slot=69 CMOVNZ | CMOVNZ EAX,dword ptr [RAX] | len=3
OpcodeLengths.java> OPLEN 10460 slot=70 CMOVBE | CMOVBE EAX,dword ptr [RAX] | len=3
OpcodeLengths.java> OPLEN 10470 slot=71 CMOVA | CMOVA EAX,dword ptr [RAX] | len=3
OpcodeLengths.java> OPLEN 10480 slot=72 CMOVS | CMOVS EAX,dword ptr [RAX] | len=3
OpcodeLengths.java> OPLEN 10490 slot=73 CMOVNS | CMOVNS EAX,dword ptr [RAX] | len=3
OpcodeLengths.java> OPLEN 104a0 slot=74 CMOVP | CMOVP EAX,dword ptr [RAX] | len=3
OpcodeLengths.java> OPLEN 104b0 slot=75 CMOVNP | CMOVNP EAX,dword ptr [RAX] | len=3
OpcodeLengths.java> OPLEN 104c0 slot=76 CMOVL | CMOVL EAX,dword ptr [RAX] | len=3
OpcodeLengths.java> OPLEN 104d0 slot=77 CMOVGE | CMOVGE EAX,dword ptr [RAX] | len=3
OpcodeLengths.java> OPLEN 104e0 slot=78 CMOVLE | CMOVLE EAX,dword ptr [RAX] | len=3
OpcodeLengths.java> OPLEN 104f0 slot=79 CMOVG | CMOVG EAX,dword ptr [RAX] | len=3
OpcodeLengths.java> OPLEN 10500 slot=80 MOVMSKPS | MOVMSKPS EAX,XMM0 | len=3
OpcodeLengths.java> OPLEN 10510 slot=81 SQRTPS | SQRTPS XMM0,xmmword ptr [RAX] | len=3
OpcodeLengths.java> OPLEN 10520 slot=82 RSQRTPS | RSQRTPS XMM0,xmmword ptr [RAX] | len=3
OpcodeLengths.java> OPLEN 10530 slot=83 RCPPS | RCPPS XMM0,xmmword ptr [RAX] | len=3
OpcodeLengths.java> OPLEN 10540 slot=84 ANDPS | ANDPS XMM0,xmmword ptr [RAX] | len=3
OpcodeLengths.java> OPLEN 10550 slot=85 ANDNPS | ANDNPS XMM0,xmmword ptr [RAX] | len=3
OpcodeLengths.java> OPLEN 10560 slot=86 ORPS | ORPS XMM0,xmmword ptr [RAX] | len=3
OpcodeLengths.java> OPLEN 10570 slot=87 XORPS | XORPS XMM0,xmmword ptr [RAX] | len=3
OpcodeLengths.java> OPLEN 10580 slot=88 ADDPS | ADDPS XMM0,xmmword ptr [RAX] | len=3
OpcodeLengths.java> OPLEN 10590 slot=89 MULPS | MULPS XMM0,xmmword ptr [RAX] | len=3
OpcodeLengths.java> OPLEN 105a0 slot=90 CVTPS2PD | CVTPS2PD XMM0,qword ptr [RAX] | len=3
OpcodeLengths.java> OPLEN 105b0 slot=91 CVTDQ2PS | CVTDQ2PS XMM0,xmmword ptr [RAX] | len=3
OpcodeLengths.java> OPLEN 105c0 slot=92 SUBPS | SUBPS XMM0,xmmword ptr [RAX] | len=3
OpcodeLengths.java> OPLEN 105d0 slot=93 MINPS | MINPS XMM0,xmmword ptr [RAX] | len=3
OpcodeLengths.java> OPLEN 105e0 slot=94 DIVPS | DIVPS XMM0,xmmword ptr [RAX] | len=3
OpcodeLengths.java> OPLEN 105f0 slot=95 MAXPS | MAXPS XMM0,xmmword ptr [RAX] | len=3
OpcodeLengths.java> OPLEN 10600 slot=96 PUNPCKLBW | PUNPCKLBW MM0,dword ptr [RAX] | len=3
OpcodeLengths.java> OPLEN 10610 slot=97 PUNPCKLWD | PUNPCKLWD MM0,dword ptr [RAX] | len=3
OpcodeLengths.java> OPLEN 10620 slot=98 PUNPCKLDQ | PUNPCKLDQ MM0,dword ptr [RAX] | len=3
OpcodeLengths.java> OPLEN 10630 slot=99 PACKSSWB | PACKSSWB MM0,qword ptr [RAX] | len=3
OpcodeLengths.java> OPLEN 10640 slot=100 PCMPGTB | PCMPGTB MM0,qword ptr [RAX] | len=3
OpcodeLengths.java> OPLEN 10650 slot=101 PCMPGTW | PCMPGTW MM0,qword ptr [RAX] | len=3
OpcodeLengths.java> OPLEN 10660 slot=102 PCMPGTD | PCMPGTD MM0,qword ptr [RAX] | len=3
OpcodeLengths.java> OPLEN 10670 slot=103 PACKUSWB | PACKUSWB MM0,qword ptr [RAX] | len=3
OpcodeLengths.java> OPLEN 10680 slot=104 PUNPCKHBW | PUNPCKHBW MM0,qword ptr [RAX] | len=3
OpcodeLengths.java> OPLEN 10690 slot=105 PUNPCKHWD | PUNPCKHWD MM0,qword ptr [RAX] | len=3
OpcodeLengths.java> OPLEN 106a0 slot=106 PUNPCKHDQ | PUNPCKHDQ MM0,qword ptr [RAX] | len=3
OpcodeLengths.java> OPLEN 106b0 slot=107 PACKSSDW | PACKSSDW MM0,qword ptr [RAX] | len=3
OpcodeLengths.java> OPLEN 106c0 slot=108 NONE
OpcodeLengths.java> OPLEN 106d0 slot=109 NONE
OpcodeLengths.java> OPLEN 106e0 slot=110 MOVD | MOVD MM0,dword ptr [RAX] | len=3
OpcodeLengths.java> OPLEN 106f0 slot=111 MOVQ | MOVQ MM0,qword ptr [RAX] | len=3
OpcodeLengths.java> OPLEN 10700 slot=112 PSHUFW | PSHUFW MM0,qword ptr [RAX],0x90 | len=4
OpcodeLengths.java> OPLEN 10710 slot=113 NONE
OpcodeLengths.java> OPLEN 10720 slot=114 NONE
OpcodeLengths.java> OPLEN 10730 slot=115 NONE
OpcodeLengths.java> OPLEN 10740 slot=116 PCMPEQB | PCMPEQB MM0,qword ptr [RAX] | len=3
OpcodeLengths.java> OPLEN 10750 slot=117 PCMPEQW | PCMPEQW MM0,qword ptr [RAX] | len=3
OpcodeLengths.java> OPLEN 10760 slot=118 PCMPEQD | PCMPEQD MM0,qword ptr [RAX] | len=3
OpcodeLengths.java> OPLEN 10770 slot=119 EMMS | EMMS | len=2
OpcodeLengths.java> OPLEN 10780 slot=120 NONE
OpcodeLengths.java> OPLEN 10790 slot=121 NONE
OpcodeLengths.java> OPLEN 107a0 slot=122 NONE
OpcodeLengths.java> OPLEN 107b0 slot=123 NONE
OpcodeLengths.java> OPLEN 107c0 slot=124 NONE
OpcodeLengths.java> OPLEN 107d0 slot=125 NONE
OpcodeLengths.java> OPLEN 107e0 slot=126 MOVD | MOVD dword ptr [RAX],MM0 | len=3
OpcodeLengths.java> OPLEN 107f0 slot=127 MOVQ | MOVQ qword ptr [RAX],MM0 | len=3
OpcodeLengths.java> OPLEN 10800 slot=128 JO | JO 0xffffffff90919806 | len=6
OpcodeLengths.java> OPLEN 10810 slot=129 JNO | JNO 0xffffffff90919816 | len=6
OpcodeLengths.java> OPLEN 10820 slot=130 JC | JC 0xffffffff90919826 | len=6
OpcodeLengths.java> OPLEN 10830 slot=131 JNC | JNC 0xffffffff90919836 | len=6
OpcodeLengths.java> OPLEN 10840 slot=132 JZ | JZ 0xffffffff90919846 | len=6
OpcodeLengths.java> OPLEN 10850 slot=133 JNZ | JNZ 0xffffffff90919856 | len=6
OpcodeLengths.java> OPLEN 10860 slot=134 JBE | JBE 0xffffffff90919866 | len=6
OpcodeLengths.java> OPLEN 10870 slot=135 JA | JA 0xffffffff90919876 | len=6
OpcodeLengths.java> OPLEN 10880 slot=136 JS | JS 0xffffffff90919886 | len=6
OpcodeLengths.java> OPLEN 10890 slot=137 JNS | JNS 0xffffffff90919896 | len=6
OpcodeLengths.java> OPLEN 108a0 slot=138 JP | JP 0xffffffff909198a6 | len=6
OpcodeLengths.java> OPLEN 108b0 slot=139 JNP | JNP 0xffffffff909198b6 | len=6
OpcodeLengths.java> OPLEN 108c0 slot=140 JL | JL 0xffffffff909198c6 | len=6
OpcodeLengths.java> OPLEN 108d0 slot=141 JGE | JGE 0xffffffff909198d6 | len=6
OpcodeLengths.java> OPLEN 108e0 slot=142 JLE | JLE 0xffffffff909198e6 | len=6
OpcodeLengths.java> OPLEN 108f0 slot=143 JG | JG 0xffffffff909198f6 | len=6
OpcodeLengths.java> OPLEN 10900 slot=144 SETO | SETO byte ptr [RAX] | len=3
OpcodeLengths.java> OPLEN 10910 slot=145 SETNO | SETNO byte ptr [RAX] | len=3
OpcodeLengths.java> OPLEN 10920 slot=146 SETC | SETC byte ptr [RAX] | len=3
OpcodeLengths.java> OPLEN 10930 slot=147 SETNC | SETNC byte ptr [RAX] | len=3
OpcodeLengths.java> OPLEN 10940 slot=148 SETZ | SETZ byte ptr [RAX] | len=3
OpcodeLengths.java> OPLEN 10950 slot=149 SETNZ | SETNZ byte ptr [RAX] | len=3
OpcodeLengths.java> OPLEN 10960 slot=150 SETBE | SETBE byte ptr [RAX] | len=3
OpcodeLengths.java> OPLEN 10970 slot=151 SETA | SETA byte ptr [RAX] | len=3
OpcodeLengths.java> OPLEN 10980 slot=152 SETS | SETS byte ptr [RAX] | len=3
OpcodeLengths.java> OPLEN 10990 slot=153 SETNS | SETNS byte ptr [RAX] | len=3
OpcodeLengths.java> OPLEN 109a0 slot=154 SETP | SETP byte ptr [RAX] | len=3
OpcodeLengths.java> OPLEN 109b0 slot=155 SETNP | SETNP byte ptr [RAX] | len=3
OpcodeLengths.java> OPLEN 109c0 slot=156 SETL | SETL byte ptr [RAX] | len=3
OpcodeLengths.java> OPLEN 109d0 slot=157 SETGE | SETGE byte ptr [RAX] | len=3
OpcodeLengths.java> OPLEN 109e0 slot=158 SETLE | SETLE byte ptr [RAX] | len=3
OpcodeLengths.java> OPLEN 109f0 slot=159 SETG | SETG byte ptr [RAX] | len=3
OpcodeLengths.java> OPLEN 10a00 slot=160 PUSH | PUSH FS | len=2
OpcodeLengths.java> OPLEN 10a10 slot=161 POP | POP FS | len=2
OpcodeLengths.java> OPLEN 10a20 slot=162 CPUID | CPUID | len=2
OpcodeLengths.java> OPLEN 10a30 slot=163 BT | BT [RAX],EAX | len=3
OpcodeLengths.java> OPLEN 10a40 slot=164 SHLD | SHLD dword ptr [RAX],EAX,0x90 | len=4
OpcodeLengths.java> OPLEN 10a50 slot=165 SHLD | SHLD dword ptr [RAX],EAX,CL | len=3
OpcodeLengths.java> OPLEN 10a60 slot=166 NONE
OpcodeLengths.java> OPLEN 10a70 slot=167 NONE
OpcodeLengths.java> OPLEN 10a80 slot=168 PUSH | PUSH GS | len=2
OpcodeLengths.java> OPLEN 10a90 slot=169 POP | POP GS | len=2
OpcodeLengths.java> OPLEN 10aa0 slot=170 RSM | RSM | len=2
OpcodeLengths.java> OPLEN 10ab0 slot=171 BTS | BTS [RAX],EAX | len=3
OpcodeLengths.java> OPLEN 10ac0 slot=172 SHRD | SHRD dword ptr [RAX],EAX,0x90 | len=4
OpcodeLengths.java> OPLEN 10ad0 slot=173 SHRD | SHRD dword ptr [RAX],EAX,CL | len=3
OpcodeLengths.java> OPLEN 10ae0 slot=174 FXSAVE | FXSAVE [RAX] | len=3
OpcodeLengths.java> OPLEN 10af0 slot=175 IMUL | IMUL EAX,dword ptr [RAX] | len=3
OpcodeLengths.java> OPLEN 10b00 slot=176 CMPXCHG | CMPXCHG byte ptr [RAX],AL | len=3
OpcodeLengths.java> OPLEN 10b10 slot=177 CMPXCHG | CMPXCHG dword ptr [RAX],EAX | len=3
OpcodeLengths.java> OPLEN 10b20 slot=178 LSS | LSS EAX,[RAX] | len=3
OpcodeLengths.java> OPLEN 10b30 slot=179 BTR | BTR [RAX],EAX | len=3
OpcodeLengths.java> OPLEN 10b40 slot=180 LFS | LFS EAX,[RAX] | len=3
OpcodeLengths.java> OPLEN 10b50 slot=181 LGS | LGS EAX,[RAX] | len=3
OpcodeLengths.java> OPLEN 10b60 slot=182 MOVZX | MOVZX EAX,byte ptr [RAX] | len=3
OpcodeLengths.java> OPLEN 10b70 slot=183 MOVZX | MOVZX EAX,word ptr [RAX] | len=3
OpcodeLengths.java> OPLEN 10b80 slot=184 NONE
OpcodeLengths.java> OPLEN 10b90 slot=185 UD1 | UD1 EAX,dword ptr [RAX] | len=3
OpcodeLengths.java> OPLEN 10ba0 slot=186 NONE
OpcodeLengths.java> OPLEN 10bb0 slot=187 BTC | BTC [RAX],EAX | len=3
OpcodeLengths.java> OPLEN 10bc0 slot=188 BSF | BSF EAX,dword ptr [RAX] | len=3
OpcodeLengths.java> OPLEN 10bd0 slot=189 BSR | BSR EAX,dword ptr [RAX] | len=3
OpcodeLengths.java> OPLEN 10be0 slot=190 MOVSX | MOVSX EAX,byte ptr [RAX] | len=3
OpcodeLengths.java> OPLEN 10bf0 slot=191 MOVSX | MOVSX EAX,word ptr [RAX] | len=3
OpcodeLengths.java> OPLEN 10c00 slot=192 XADD | XADD byte ptr [RAX],AL | len=3
OpcodeLengths.java> OPLEN 10c10 slot=193 XADD | XADD dword ptr [RAX],EAX | len=3
OpcodeLengths.java> OPLEN 10c20 slot=194 CMPPS | CMPPS XMM0,xmmword ptr [RAX], 0x90 | len=4
OpcodeLengths.java> OPLEN 10c30 slot=195 MOVNTI | MOVNTI [RAX],EAX | len=3
OpcodeLengths.java> OPLEN 10c40 slot=196 PINSRW | PINSRW MM0,word ptr [RAX],0x90 | len=4
OpcodeLengths.java> OPLEN 10c50 slot=197 PEXTRW | PEXTRW EAX,MM0,0x90 | len=4
OpcodeLengths.java> OPLEN 10c60 slot=198 SHUFPS | SHUFPS XMM0,xmmword ptr [RAX],0x90 | len=4
OpcodeLengths.java> OPLEN 10c70 slot=199 NONE
OpcodeLengths.java> OPLEN 10c80 slot=200 BSWAP | BSWAP EAX | len=2
OpcodeLengths.java> OPLEN 10c90 slot=201 BSWAP | BSWAP ECX | len=2
OpcodeLengths.java> OPLEN 10ca0 slot=202 BSWAP | BSWAP EDX | len=2
OpcodeLengths.java> OPLEN 10cb0 slot=203 BSWAP | BSWAP EBX | len=2
OpcodeLengths.java> OPLEN 10cc0 slot=204 BSWAP | BSWAP ESP | len=2
OpcodeLengths.java> OPLEN 10cd0 slot=205 BSWAP | BSWAP EBP | len=2
OpcodeLengths.java> OPLEN 10ce0 slot=206 BSWAP | BSWAP ESI | len=2
OpcodeLengths.java> OPLEN 10cf0 slot=207 BSWAP | BSWAP EDI | len=2
OpcodeLengths.java> OPLEN 10d00 slot=208 NONE
OpcodeLengths.java> OPLEN 10d10 slot=209 PSRLW | PSRLW MM0,qword ptr [RAX] | len=3
OpcodeLengths.java> OPLEN 10d20 slot=210 PSRLD | PSRLD MM0,qword ptr [RAX] | len=3
OpcodeLengths.java> OPLEN 10d30 slot=211 PSRLQ | PSRLQ MM0,qword ptr [RAX] | len=3
OpcodeLengths.java> OPLEN 10d40 slot=212 PADDQ | PADDQ MM0,qword ptr [RAX] | len=3
OpcodeLengths.java> OPLEN 10d50 slot=213 PMULLW | PMULLW MM0,qword ptr [RAX] | len=3
OpcodeLengths.java> OPLEN 10d60 slot=214 NONE
OpcodeLengths.java> OPLEN 10d70 slot=215 NONE
OpcodeLengths.java> OPLEN 10d80 slot=216 PSUBUSB | PSUBUSB MM0,qword ptr [RAX] | len=3
OpcodeLengths.java> OPLEN 10d90 slot=217 PSUBUSW | PSUBUSW MM0,qword ptr [RAX] | len=3
OpcodeLengths.java> OPLEN 10da0 slot=218 PMINUB | PMINUB MM0,qword ptr [RAX] | len=3
OpcodeLengths.java> OPLEN 10db0 slot=219 PAND | PAND MM0,qword ptr [RAX] | len=3
OpcodeLengths.java> OPLEN 10dc0 slot=220 PADDUSB | PADDUSB MM0,qword ptr [RAX] | len=3
OpcodeLengths.java> OPLEN 10dd0 slot=221 PADDUSW | PADDUSW MM0,qword ptr [RAX] | len=3
OpcodeLengths.java> OPLEN 10de0 slot=222 PMAXUB | PMAXUB MM0,qword ptr [RAX] | len=3
OpcodeLengths.java> OPLEN 10df0 slot=223 PANDN | PANDN MM0,qword ptr [RAX] | len=3
OpcodeLengths.java> OPLEN 10e00 slot=224 PAVGB | PAVGB MM0,qword ptr [RAX] | len=3
OpcodeLengths.java> OPLEN 10e10 slot=225 PSRAW | PSRAW MM0,qword ptr [RAX] | len=3
OpcodeLengths.java> OPLEN 10e20 slot=226 PSRAD | PSRAD MM0,qword ptr [RAX] | len=3
OpcodeLengths.java> OPLEN 10e30 slot=227 PAVGW | PAVGW MM0,qword ptr [RAX] | len=3
OpcodeLengths.java> OPLEN 10e40 slot=228 PMULHUW | PMULHUW MM0,qword ptr [RAX] | len=3
OpcodeLengths.java> OPLEN 10e50 slot=229 PMULHW | PMULHW MM0,qword ptr [RAX] | len=3
OpcodeLengths.java> OPLEN 10e60 slot=230 NONE
OpcodeLengths.java> OPLEN 10e70 slot=231 MOVNTQ | MOVNTQ qword ptr [RAX],MM0 | len=3
OpcodeLengths.java> OPLEN 10e80 slot=232 PSUBSB | PSUBSB MM0,qword ptr [RAX] | len=3
OpcodeLengths.java> OPLEN 10e90 slot=233 PSUBSW | PSUBSW MM0,qword ptr [RAX] | len=3
OpcodeLengths.java> OPLEN 10ea0 slot=234 PMINSW | PMINSW MM0,qword ptr [RAX] | len=3
OpcodeLengths.java> OPLEN 10eb0 slot=235 POR | POR MM0,qword ptr [RAX] | len=3
OpcodeLengths.java> OPLEN 10ec0 slot=236 PADDSB | PADDSB MM0,qword ptr [RAX] | len=3
OpcodeLengths.java> OPLEN 10ed0 slot=237 PADDSW | PADDSW MM0,qword ptr [RAX] | len=3
OpcodeLengths.java> OPLEN 10ee0 slot=238 PMAXSW | PMAXSW MM0,qword ptr [RAX] | len=3
OpcodeLengths.java> OPLEN 10ef0 slot=239 PXOR | PXOR MM0,qword ptr [RAX] | len=3
OpcodeLengths.java> OPLEN 10f00 slot=240 NONE
OpcodeLengths.java> OPLEN 10f10 slot=241 PSLLW | PSLLW MM0,qword ptr [RAX] | len=3
OpcodeLengths.java> OPLEN 10f20 slot=242 PSLLD | PSLLD MM0,qword ptr [RAX] | len=3
OpcodeLengths.java> OPLEN 10f30 slot=243 PSLLQ | PSLLQ MM0,qword ptr [RAX] | len=3
OpcodeLengths.java> OPLEN 10f40 slot=244 PMULUDQ | PMULUDQ MM0,qword ptr [RAX] | len=3
OpcodeLengths.java> OPLEN 10f50 slot=245 PMADDWD | PMADDWD MM0,qword ptr [RAX] | len=3
OpcodeLengths.java> OPLEN 10f60 slot=246 PSADBW | PSADBW MM0,qword ptr [RAX] | len=3
OpcodeLengths.java> OPLEN 10f70 slot=247 NONE
OpcodeLengths.java> OPLEN 10f80 slot=248 PSUBB | PSUBB MM0,qword ptr [RAX] | len=3
OpcodeLengths.java> OPLEN 10f90 slot=249 PSUBW | PSUBW MM0,qword ptr [RAX] | len=3
OpcodeLengths.java> OPLEN 10fa0 slot=250 PSUBD | PSUBD MM0,qword ptr [RAX] | len=3
OpcodeLengths.java> OPLEN 10fb0 slot=251 PSUBQ | PSUBQ MM0,qword ptr [RAX] | len=3
OpcodeLengths.java> OPLEN 10fc0 slot=252 PADDB | PADDB MM0,qword ptr [RAX] | len=3
OpcodeLengths.java> OPLEN 10fd0 slot=253 PADDW | PADDW MM0,qword ptr [RAX] | len=3
OpcodeLengths.java> OPLEN 10fe0 slot=254 PADDD | PADDD MM0,qword ptr [RAX] | len=3
OpcodeLengths.java> OPLEN 10ff0 slot=255 UD0 | UD0 EAX,dword ptr [RAX] | len=3
OpcodeLengths.java> OPLEN 11000 slot=256 SLDT | SLDT dword ptr [RAX + -0x6f6f6f70] | len=7
OpcodeLengths.java> OPLEN 11010 slot=257 SGDT | SGDT qword ptr [RAX + -0x6f6f6f70] | len=7
OpcodeLengths.java> OPLEN 11020 slot=258 LAR | LAR EAX,dword ptr [RAX + -0x6f6f6f70] | len=7
OpcodeLengths.java> OPLEN 11030 slot=259 LSL | LSL EAX,dword ptr [RAX + -0x6f6f6f70] | len=7
OpcodeLengths.java> OPLEN 11040 slot=260 NONE
OpcodeLengths.java> OPLEN 11050 slot=261 SYSCALL | SYSCALL | len=2
OpcodeLengths.java> OPLEN 11060 slot=262 CLTS | CLTS | len=2
OpcodeLengths.java> OPLEN 11070 slot=263 SYSRET | SYSRET | len=2
OpcodeLengths.java> OPLEN 11080 slot=264 INVD | INVD | len=2
OpcodeLengths.java> OPLEN 11090 slot=265 WBINVD | WBINVD | len=2
OpcodeLengths.java> OPLEN 110a0 slot=266 NONE
OpcodeLengths.java> OPLEN 110b0 slot=267 UD2 | UD2 | len=2
OpcodeLengths.java> OPLEN 110c0 slot=268 NONE
OpcodeLengths.java> OPLEN 110d0 slot=269 PREFETCH | PREFETCH byte ptr [RAX + -0x6f6f6f70] | len=7
OpcodeLengths.java> OPLEN 110e0 slot=270 FEMMS | FEMMS | len=2
OpcodeLengths.java> OPLEN 110f0 slot=271 PFCMPGE | PFCMPGE MM0,qword ptr [RAX + -0x6f6f6f70] | len=8
OpcodeLengths.java> OPLEN 11100 slot=272 MOVUPS | MOVUPS XMM0,xmmword ptr [RAX + -0x6f6f6f70] | len=7
OpcodeLengths.java> OPLEN 11110 slot=273 MOVUPS | MOVUPS xmmword ptr [RAX + -0x6f6f6f70],XMM0 | len=7
OpcodeLengths.java> OPLEN 11120 slot=274 MOVLPS | MOVLPS XMM0,qword ptr [RAX + -0x6f6f6f70] | len=7
OpcodeLengths.java> OPLEN 11130 slot=275 MOVLPS | MOVLPS qword ptr [RAX + -0x6f6f6f70],XMM0 | len=7
OpcodeLengths.java> OPLEN 11140 slot=276 UNPCKLPS | UNPCKLPS XMM0,xmmword ptr [RAX + -0x6f6f6f70] | len=7
OpcodeLengths.java> OPLEN 11150 slot=277 UNPCKHPS | UNPCKHPS XMM0,xmmword ptr [RAX + -0x6f6f6f70] | len=7
OpcodeLengths.java> OPLEN 11160 slot=278 MOVHPS | MOVHPS XMM0,qword ptr [RAX + -0x6f6f6f70] | len=7
OpcodeLengths.java> OPLEN 11170 slot=279 MOVHPS | MOVHPS qword ptr [RAX + -0x6f6f6f70],XMM0 | len=7
OpcodeLengths.java> OPLEN 11180 slot=280 NOP | NOP dword ptr [RAX + -0x6f6f6f70] | len=7
OpcodeLengths.java> OPLEN 11190 slot=281 NOP | NOP dword ptr [RAX + -0x6f6f6f70] | len=7
OpcodeLengths.java> OPLEN 111a0 slot=282 NOP | NOP dword ptr [RAX + -0x6f6f6f70] | len=7
OpcodeLengths.java> OPLEN 111b0 slot=283 NOP | NOP dword ptr [RAX + -0x6f6f6f70] | len=7
OpcodeLengths.java> OPLEN 111c0 slot=284 NOP | NOP dword ptr [RAX + -0x6f6f6f70] | len=7
OpcodeLengths.java> OPLEN 111d0 slot=285 NOP | NOP dword ptr [RAX + -0x6f6f6f70] | len=7
OpcodeLengths.java> OPLEN 111e0 slot=286 NOP | NOP dword ptr [RAX + -0x6f6f6f70] | len=7
OpcodeLengths.java> OPLEN 111f0 slot=287 NOP | NOP dword ptr [RAX + -0x6f6f6f70] | len=7
OpcodeLengths.java> OPLEN 11200 slot=288 MOV | MOV RAX,CR0 | len=3
OpcodeLengths.java> OPLEN 11210 slot=289 MOV | MOV RAX,DR0 | len=3
OpcodeLengths.java> OPLEN 11220 slot=290 MOV | MOV CR0,RAX | len=3
OpcodeLengths.java> OPLEN 11230 slot=291 NONE
OpcodeLengths.java> OPLEN 11240 slot=292 NONE
OpcodeLengths.java> OPLEN 11250 slot=293 NONE
OpcodeLengths.java> OPLEN 11260 slot=294 NONE
OpcodeLengths.java> OPLEN 11270 slot=295 NONE
OpcodeLengths.java> OPLEN 11280 slot=296 MOVAPS | MOVAPS XMM0,xmmword ptr [RAX + -0x6f6f6f70] | len=7
OpcodeLengths.java> OPLEN 11290 slot=297 MOVAPS | MOVAPS xmmword ptr [RAX + -0x6f6f6f70],XMM0 | len=7
OpcodeLengths.java> OPLEN 112a0 slot=298 CVTPI2PS | CVTPI2PS XMM0,qword ptr [RAX + -0x6f6f6f70] | len=7
OpcodeLengths.java> OPLEN 112b0 slot=299 MOVNTPS | MOVNTPS xmmword ptr [RAX + -0x6f6f6f70],XMM0 | len=7
OpcodeLengths.java> OPLEN 112c0 slot=300 CVTTPS2PI | CVTTPS2PI MM0,qword ptr [RAX + -0x6f6f6f70] | len=7
OpcodeLengths.java> OPLEN 112d0 slot=301 CVTPS2PI | CVTPS2PI MM0,qword ptr [RAX + -0x6f6f6f70] | len=7
OpcodeLengths.java> OPLEN 112e0 slot=302 UCOMISS | UCOMISS XMM0,dword ptr [RAX + -0x6f6f6f70] | len=7
OpcodeLengths.java> OPLEN 112f0 slot=303 COMISS | COMISS XMM0,dword ptr [RAX + -0x6f6f6f70] | len=7
OpcodeLengths.java> OPLEN 11300 slot=304 WRMSR | WRMSR | len=2
OpcodeLengths.java> OPLEN 11310 slot=305 RDTSC | RDTSC | len=2
OpcodeLengths.java> OPLEN 11320 slot=306 RDMSR | RDMSR | len=2
OpcodeLengths.java> OPLEN 11330 slot=307 RDPMC | RDPMC | len=2
OpcodeLengths.java> OPLEN 11340 slot=308 SYSENTER | SYSENTER | len=2
OpcodeLengths.java> OPLEN 11350 slot=309 SYSEXIT | SYSEXIT | len=2
OpcodeLengths.java> OPLEN 11360 slot=310 NONE
OpcodeLengths.java> OPLEN 11370 slot=311 GETSEC | GETSEC | len=2
OpcodeLengths.java> OPLEN 11380 slot=312 NONE
OpcodeLengths.java> OPLEN 11390 slot=313 NONE
OpcodeLengths.java> OPLEN 113a0 slot=314 NONE
OpcodeLengths.java> OPLEN 113b0 slot=315 NONE
OpcodeLengths.java> OPLEN 113c0 slot=316 NONE
OpcodeLengths.java> OPLEN 113d0 slot=317 NONE
OpcodeLengths.java> OPLEN 113e0 slot=318 NONE
OpcodeLengths.java> OPLEN 113f0 slot=319 NONE
OpcodeLengths.java> OPLEN 11400 slot=320 CMOVO | CMOVO EAX,dword ptr [RAX + -0x6f6f6f70] | len=7
OpcodeLengths.java> OPLEN 11410 slot=321 CMOVNO | CMOVNO EAX,dword ptr [RAX + -0x6f6f6f70] | len=7
OpcodeLengths.java> OPLEN 11420 slot=322 CMOVC | CMOVC EAX,dword ptr [RAX + -0x6f6f6f70] | len=7
OpcodeLengths.java> OPLEN 11430 slot=323 CMOVNC | CMOVNC EAX,dword ptr [RAX + -0x6f6f6f70] | len=7
OpcodeLengths.java> OPLEN 11440 slot=324 CMOVZ | CMOVZ EAX,dword ptr [RAX + -0x6f6f6f70] | len=7
OpcodeLengths.java> OPLEN 11450 slot=325 CMOVNZ | CMOVNZ EAX,dword ptr [RAX + -0x6f6f6f70] | len=7
OpcodeLengths.java> OPLEN 11460 slot=326 CMOVBE | CMOVBE EAX,dword ptr [RAX + -0x6f6f6f70] | len=7
OpcodeLengths.java> OPLEN 11470 slot=327 CMOVA | CMOVA EAX,dword ptr [RAX + -0x6f6f6f70] | len=7
OpcodeLengths.java> OPLEN 11480 slot=328 CMOVS | CMOVS EAX,dword ptr [RAX + -0x6f6f6f70] | len=7
OpcodeLengths.java> OPLEN 11490 slot=329 CMOVNS | CMOVNS EAX,dword ptr [RAX + -0x6f6f6f70] | len=7
OpcodeLengths.java> OPLEN 114a0 slot=330 CMOVP | CMOVP EAX,dword ptr [RAX + -0x6f6f6f70] | len=7
OpcodeLengths.java> OPLEN 114b0 slot=331 CMOVNP | CMOVNP EAX,dword ptr [RAX + -0x6f6f6f70] | len=7
OpcodeLengths.java> OPLEN 114c0 slot=332 CMOVL | CMOVL EAX,dword ptr [RAX + -0x6f6f6f70] | len=7
OpcodeLengths.java> OPLEN 114d0 slot=333 CMOVGE | CMOVGE EAX,dword ptr [RAX + -0x6f6f6f70] | len=7
OpcodeLengths.java> OPLEN 114e0 slot=334 CMOVLE | CMOVLE EAX,dword ptr [RAX + -0x6f6f6f70] | len=7
OpcodeLengths.java> OPLEN 114f0 slot=335 CMOVG | CMOVG EAX,dword ptr [RAX + -0x6f6f6f70] | len=7
OpcodeLengths.java> OPLEN 11500 slot=336 MOVMSKPS | MOVMSKPS EAX,XMM0 | len=3
OpcodeLengths.java> OPLEN 11510 slot=337 SQRTPS | SQRTPS XMM0,xmmword ptr [RAX + -0x6f6f6f70] | len=7
OpcodeLengths.java> OPLEN 11520 slot=338 RSQRTPS | RSQRTPS XMM0,xmmword ptr [RAX + -0x6f6f6f70] | len=7
OpcodeLengths.java> OPLEN 11530 slot=339 RCPPS | RCPPS XMM0,xmmword ptr [RAX + -0x6f6f6f70] | len=7
OpcodeLengths.java> OPLEN 11540 slot=340 ANDPS | ANDPS XMM0,xmmword ptr [RAX + -0x6f6f6f70] | len=7
OpcodeLengths.java> OPLEN 11550 slot=341 ANDNPS | ANDNPS XMM0,xmmword ptr [RAX + -0x6f6f6f70] | len=7
OpcodeLengths.java> OPLEN 11560 slot=342 ORPS | ORPS XMM0,xmmword ptr [RAX + -0x6f6f6f70] | len=7
OpcodeLengths.java> OPLEN 11570 slot=343 XORPS | XORPS XMM0,xmmword ptr [RAX + -0x6f6f6f70] | len=7
OpcodeLengths.java> OPLEN 11580 slot=344 ADDPS | ADDPS XMM0,xmmword ptr [RAX + -0x6f6f6f70] | len=7
OpcodeLengths.java> OPLEN 11590 slot=345 MULPS | MULPS XMM0,xmmword ptr [RAX + -0x6f6f6f70] | len=7
OpcodeLengths.java> OPLEN 115a0 slot=346 CVTPS2PD | CVTPS2PD XMM0,qword ptr [RAX + -0x6f6f6f70] | len=7
OpcodeLengths.java> OPLEN 115b0 slot=347 CVTDQ2PS | CVTDQ2PS XMM0,xmmword ptr [RAX + -0x6f6f6f70] | len=7
OpcodeLengths.java> OPLEN 115c0 slot=348 SUBPS | SUBPS XMM0,xmmword ptr [RAX + -0x6f6f6f70] | len=7
OpcodeLengths.java> OPLEN 115d0 slot=349 MINPS | MINPS XMM0,xmmword ptr [RAX + -0x6f6f6f70] | len=7
OpcodeLengths.java> OPLEN 115e0 slot=350 DIVPS | DIVPS XMM0,xmmword ptr [RAX + -0x6f6f6f70] | len=7
OpcodeLengths.java> OPLEN 115f0 slot=351 MAXPS | MAXPS XMM0,xmmword ptr [RAX + -0x6f6f6f70] | len=7
OpcodeLengths.java> OPLEN 11600 slot=352 PUNPCKLBW | PUNPCKLBW MM0,dword ptr [RAX + -0x6f6f6f70] | len=7
OpcodeLengths.java> OPLEN 11610 slot=353 PUNPCKLWD | PUNPCKLWD MM0,dword ptr [RAX + -0x6f6f6f70] | len=7
OpcodeLengths.java> OPLEN 11620 slot=354 PUNPCKLDQ | PUNPCKLDQ MM0,dword ptr [RAX + -0x6f6f6f70] | len=7
OpcodeLengths.java> OPLEN 11630 slot=355 PACKSSWB | PACKSSWB MM0,qword ptr [RAX + -0x6f6f6f70] | len=7
OpcodeLengths.java> OPLEN 11640 slot=356 PCMPGTB | PCMPGTB MM0,qword ptr [RAX + -0x6f6f6f70] | len=7
OpcodeLengths.java> OPLEN 11650 slot=357 PCMPGTW | PCMPGTW MM0,qword ptr [RAX + -0x6f6f6f70] | len=7
OpcodeLengths.java> OPLEN 11660 slot=358 PCMPGTD | PCMPGTD MM0,qword ptr [RAX + -0x6f6f6f70] | len=7
OpcodeLengths.java> OPLEN 11670 slot=359 PACKUSWB | PACKUSWB MM0,qword ptr [RAX + -0x6f6f6f70] | len=7
OpcodeLengths.java> OPLEN 11680 slot=360 PUNPCKHBW | PUNPCKHBW MM0,qword ptr [RAX + -0x6f6f6f70] | len=7
OpcodeLengths.java> OPLEN 11690 slot=361 PUNPCKHWD | PUNPCKHWD MM0,qword ptr [RAX + -0x6f6f6f70] | len=7
OpcodeLengths.java> OPLEN 116a0 slot=362 PUNPCKHDQ | PUNPCKHDQ MM0,qword ptr [RAX + -0x6f6f6f70] | len=7
OpcodeLengths.java> OPLEN 116b0 slot=363 PACKSSDW | PACKSSDW MM0,qword ptr [RAX + -0x6f6f6f70] | len=7
OpcodeLengths.java> OPLEN 116c0 slot=364 NONE
OpcodeLengths.java> OPLEN 116d0 slot=365 NONE
OpcodeLengths.java> OPLEN 116e0 slot=366 MOVD | MOVD MM0,dword ptr [RAX + -0x6f6f6f70] | len=7
OpcodeLengths.java> OPLEN 116f0 slot=367 MOVQ | MOVQ MM0,qword ptr [RAX + -0x6f6f6f70] | len=7
OpcodeLengths.java> OPLEN 11700 slot=368 PSHUFW | PSHUFW MM0,qword ptr [RAX + -0x6f6f6f70],0x90 | len=8
OpcodeLengths.java> OPLEN 11710 slot=369 NONE
OpcodeLengths.java> OPLEN 11720 slot=370 NONE
OpcodeLengths.java> OPLEN 11730 slot=371 NONE
OpcodeLengths.java> OPLEN 11740 slot=372 PCMPEQB | PCMPEQB MM0,qword ptr [RAX + -0x6f6f6f70] | len=7
OpcodeLengths.java> OPLEN 11750 slot=373 PCMPEQW | PCMPEQW MM0,qword ptr [RAX + -0x6f6f6f70] | len=7
OpcodeLengths.java> OPLEN 11760 slot=374 PCMPEQD | PCMPEQD MM0,qword ptr [RAX + -0x6f6f6f70] | len=7
OpcodeLengths.java> OPLEN 11770 slot=375 EMMS | EMMS | len=2
OpcodeLengths.java> OPLEN 11780 slot=376 NONE
OpcodeLengths.java> OPLEN 11790 slot=377 NONE
OpcodeLengths.java> OPLEN 117a0 slot=378 NONE
OpcodeLengths.java> OPLEN 117b0 slot=379 NONE
OpcodeLengths.java> OPLEN 117c0 slot=380 NONE
OpcodeLengths.java> OPLEN 117d0 slot=381 NONE
OpcodeLengths.java> OPLEN 117e0 slot=382 MOVD | MOVD dword ptr [RAX + -0x6f6f6f70],MM0 | len=7
OpcodeLengths.java> OPLEN 117f0 slot=383 MOVQ | MOVQ qword ptr [RAX + -0x6f6f6f70],MM0 | len=7
OpcodeLengths.java> OPLEN 11800 slot=384 JO | JO 0xffffffff9091a886 | len=6
OpcodeLengths.java> OPLEN 11810 slot=385 JNO | JNO 0xffffffff9091a896 | len=6
OpcodeLengths.java> OPLEN 11820 slot=386 JC | JC 0xffffffff9091a8a6 | len=6
OpcodeLengths.java> OPLEN 11830 slot=387 JNC | JNC 0xffffffff9091a8b6 | len=6
OpcodeLengths.java> OPLEN 11840 slot=388 JZ | JZ 0xffffffff9091a8c6 | len=6
OpcodeLengths.java> OPLEN 11850 slot=389 JNZ | JNZ 0xffffffff9091a8d6 | len=6
OpcodeLengths.java> OPLEN 11860 slot=390 JBE | JBE 0xffffffff9091a8e6 | len=6
OpcodeLengths.java> OPLEN 11870 slot=391 JA | JA 0xffffffff9091a8f6 | len=6
OpcodeLengths.java> OPLEN 11880 slot=392 JS | JS 0xffffffff9091a906 | len=6
OpcodeLengths.java> OPLEN 11890 slot=393 JNS | JNS 0xffffffff9091a916 | len=6
OpcodeLengths.java> OPLEN 118a0 slot=394 JP | JP 0xffffffff9091a926 | len=6
OpcodeLengths.java> OPLEN 118b0 slot=395 JNP | JNP 0xffffffff9091a936 | len=6
OpcodeLengths.java> OPLEN 118c0 slot=396 JL | JL 0xffffffff9091a946 | len=6
OpcodeLengths.java> OPLEN 118d0 slot=397 JGE | JGE 0xffffffff9091a956 | len=6
OpcodeLengths.java> OPLEN 118e0 slot=398 JLE | JLE 0xffffffff9091a966 | len=6
OpcodeLengths.java> OPLEN 118f0 slot=399 JG | JG 0xffffffff9091a976 | len=6
OpcodeLengths.java> OPLEN 11900 slot=400 SETO | SETO byte ptr [RAX + -0x6f6f6f70] | len=7
OpcodeLengths.java> OPLEN 11910 slot=401 SETNO | SETNO byte ptr [RAX + -0x6f6f6f70] | len=7
OpcodeLengths.java> OPLEN 11920 slot=402 SETC | SETC byte ptr [RAX + -0x6f6f6f70] | len=7
OpcodeLengths.java> OPLEN 11930 slot=403 SETNC | SETNC byte ptr [RAX + -0x6f6f6f70] | len=7
OpcodeLengths.java> OPLEN 11940 slot=404 SETZ | SETZ byte ptr [RAX + -0x6f6f6f70] | len=7
OpcodeLengths.java> OPLEN 11950 slot=405 SETNZ | SETNZ byte ptr [RAX + -0x6f6f6f70] | len=7
OpcodeLengths.java> OPLEN 11960 slot=406 SETBE | SETBE byte ptr [RAX + -0x6f6f6f70] | len=7
OpcodeLengths.java> OPLEN 11970 slot=407 SETA | SETA byte ptr [RAX + -0x6f6f6f70] | len=7
OpcodeLengths.java> OPLEN 11980 slot=408 SETS | SETS byte ptr [RAX + -0x6f6f6f70] | len=7
OpcodeLengths.java> OPLEN 11990 slot=409 SETNS | SETNS byte ptr [RAX + -0x6f6f6f70] | len=7
OpcodeLengths.java> OPLEN 119a0 slot=410 SETP | SETP byte ptr [RAX + -0x6f6f6f70] | len=7
OpcodeLengths.java> OPLEN 119b0 slot=411 SETNP | SETNP byte ptr [RAX + -0x6f6f6f70] | len=7
OpcodeLengths.java> OPLEN 119c0 slot=412 SETL | SETL byte ptr [RAX + -0x6f6f6f70] | len=7
OpcodeLengths.java> OPLEN 119d0 slot=413 SETGE | SETGE byte ptr [RAX + -0x6f6f6f70] | len=7
OpcodeLengths.java> OPLEN 119e0 slot=414 SETLE | SETLE byte ptr [RAX + -0x6f6f6f70] | len=7
OpcodeLengths.java> OPLEN 119f0 slot=415 SETG | SETG byte ptr [RAX + -0x6f6f6f70] | len=7
OpcodeLengths.java> OPLEN 11a00 slot=416 PUSH | PUSH FS | len=2
OpcodeLengths.java> OPLEN 11a10 slot=417 POP | POP FS | len=2
OpcodeLengths.java> OPLEN 11a20 slot=418 CPUID | CPUID | len=2
OpcodeLengths.java> OPLEN 11a30 slot=419 BT | BT [RAX + -0x6f6f6f70],EAX | len=7
OpcodeLengths.java> OPLEN 11a40 slot=420 SHLD | SHLD dword ptr [RAX + -0x6f6f6f70],EAX,0x90 | len=8
OpcodeLengths.java> OPLEN 11a50 slot=421 SHLD | SHLD dword ptr [RAX + -0x6f6f6f70],EAX,CL | len=7
OpcodeLengths.java> OPLEN 11a60 slot=422 NONE
OpcodeLengths.java> OPLEN 11a70 slot=423 NONE
OpcodeLengths.java> OPLEN 11a80 slot=424 PUSH | PUSH GS | len=2
OpcodeLengths.java> OPLEN 11a90 slot=425 POP | POP GS | len=2
OpcodeLengths.java> OPLEN 11aa0 slot=426 RSM | RSM | len=2
OpcodeLengths.java> OPLEN 11ab0 slot=427 BTS | BTS [RAX + -0x6f6f6f70],EAX | len=7
OpcodeLengths.java> OPLEN 11ac0 slot=428 SHRD | SHRD dword ptr [RAX + -0x6f6f6f70],EAX,0x90 | len=8
OpcodeLengths.java> OPLEN 11ad0 slot=429 SHRD | SHRD dword ptr [RAX + -0x6f6f6f70],EAX,CL | len=7
OpcodeLengths.java> OPLEN 11ae0 slot=430 FXSAVE | FXSAVE [RAX + -0x6f6f6f70] | len=7
OpcodeLengths.java> OPLEN 11af0 slot=431 IMUL | IMUL EAX,dword ptr [RAX + -0x6f6f6f70] | len=7
OpcodeLengths.java> OPLEN 11b00 slot=432 CMPXCHG | CMPXCHG byte ptr [RAX + -0x6f6f6f70],AL | len=7
OpcodeLengths.java> OPLEN 11b10 slot=433 CMPXCHG | CMPXCHG dword ptr [RAX + -0x6f6f6f70],EAX | len=7
OpcodeLengths.java> OPLEN 11b20 slot=434 LSS | LSS EAX,[RAX + -0x6f6f6f70] | len=7
OpcodeLengths.java> OPLEN 11b30 slot=435 BTR | BTR [RAX + -0x6f6f6f70],EAX | len=7
OpcodeLengths.java> OPLEN 11b40 slot=436 LFS | LFS EAX,[RAX + -0x6f6f6f70] | len=7
OpcodeLengths.java> OPLEN 11b50 slot=437 LGS | LGS EAX,[RAX + -0x6f6f6f70] | len=7
OpcodeLengths.java> OPLEN 11b60 slot=438 MOVZX | MOVZX EAX,byte ptr [RAX + -0x6f6f6f70] | len=7
OpcodeLengths.java> OPLEN 11b70 slot=439 MOVZX | MOVZX EAX,word ptr [RAX + -0x6f6f6f70] | len=7
OpcodeLengths.java> OPLEN 11b80 slot=440 NONE
OpcodeLengths.java> OPLEN 11b90 slot=441 UD1 | UD1 EAX,dword ptr [RAX + -0x6f6f6f70] | len=7
OpcodeLengths.java> OPLEN 11ba0 slot=442 NONE
OpcodeLengths.java> OPLEN 11bb0 slot=443 BTC | BTC [RAX + -0x6f6f6f70],EAX | len=7
OpcodeLengths.java> OPLEN 11bc0 slot=444 BSF | BSF EAX,dword ptr [RAX + -0x6f6f6f70] | len=7
OpcodeLengths.java> OPLEN 11bd0 slot=445 BSR | BSR EAX,dword ptr [RAX + -0x6f6f6f70] | len=7
OpcodeLengths.java> OPLEN 11be0 slot=446 MOVSX | MOVSX EAX,byte ptr [RAX + -0x6f6f6f70] | len=7
OpcodeLengths.java> OPLEN 11bf0 slot=447 MOVSX | MOVSX EAX,word ptr [RAX + -0x6f6f6f70] | len=7
OpcodeLengths.java> OPLEN 11c00 slot=448 XADD | XADD byte ptr [RAX + -0x6f6f6f70],AL | len=7
OpcodeLengths.java> OPLEN 11c10 slot=449 XADD | XADD dword ptr [RAX + -0x6f6f6f70],EAX | len=7
OpcodeLengths.java> OPLEN 11c20 slot=450 CMPPS | CMPPS XMM0,xmmword ptr [RAX + -0x6f6f6f70], 0x90 | len=8
OpcodeLengths.java> OPLEN 11c30 slot=451 MOVNTI | MOVNTI [RAX + -0x6f6f6f70],EAX | len=7
OpcodeLengths.java> OPLEN 11c40 slot=452 PINSRW | PINSRW MM0,word ptr [RAX + -0x6f6f6f70],0x90 | len=8
OpcodeLengths.java> OPLEN 11c50 slot=453 PEXTRW | PEXTRW EAX,MM0,0x90 | len=4
OpcodeLengths.java> OPLEN 11c60 slot=454 SHUFPS | SHUFPS XMM0,xmmword ptr [RAX + -0x6f6f6f70],0x90 | len=8
OpcodeLengths.java> OPLEN 11c70 slot=455 NONE
OpcodeLengths.java> OPLEN 11c80 slot=456 BSWAP | BSWAP EAX | len=2
OpcodeLengths.java> OPLEN 11c90 slot=457 BSWAP | BSWAP ECX | len=2
OpcodeLengths.java> OPLEN 11ca0 slot=458 BSWAP | BSWAP EDX | len=2
OpcodeLengths.java> OPLEN 11cb0 slot=459 BSWAP | BSWAP EBX | len=2
OpcodeLengths.java> OPLEN 11cc0 slot=460 BSWAP | BSWAP ESP | len=2
OpcodeLengths.java> OPLEN 11cd0 slot=461 BSWAP | BSWAP EBP | len=2
OpcodeLengths.java> OPLEN 11ce0 slot=462 BSWAP | BSWAP ESI | len=2
OpcodeLengths.java> OPLEN 11cf0 slot=463 BSWAP | BSWAP EDI | len=2
OpcodeLengths.java> OPLEN 11d00 slot=464 NONE
OpcodeLengths.java> OPLEN 11d10 slot=465 PSRLW | PSRLW MM0,qword ptr [RAX + -0x6f6f6f70] | len=7
OpcodeLengths.java> OPLEN 11d20 slot=466 PSRLD | PSRLD MM0,qword ptr [RAX + -0x6f6f6f70] | len=7
OpcodeLengths.java> OPLEN 11d30 slot=467 PSRLQ | PSRLQ MM0,qword ptr [RAX + -0x6f6f6f70] | len=7
OpcodeLengths.java> OPLEN 11d40 slot=468 PADDQ | PADDQ MM0,qword ptr [RAX + -0x6f6f6f70] | len=7
OpcodeLengths.java> OPLEN 11d50 slot=469 PMULLW | PMULLW MM0,qword ptr [RAX + -0x6f6f6f70] | len=7
OpcodeLengths.java> OPLEN 11d60 slot=470 NONE
OpcodeLengths.java> OPLEN 11d70 slot=471 NONE
OpcodeLengths.java> OPLEN 11d80 slot=472 PSUBUSB | PSUBUSB MM0,qword ptr [RAX + -0x6f6f6f70] | len=7
OpcodeLengths.java> OPLEN 11d90 slot=473 PSUBUSW | PSUBUSW MM0,qword ptr [RAX + -0x6f6f6f70] | len=7
OpcodeLengths.java> OPLEN 11da0 slot=474 PMINUB | PMINUB MM0,qword ptr [RAX + -0x6f6f6f70] | len=7
OpcodeLengths.java> OPLEN 11db0 slot=475 PAND | PAND MM0,qword ptr [RAX + -0x6f6f6f70] | len=7
OpcodeLengths.java> OPLEN 11dc0 slot=476 PADDUSB | PADDUSB MM0,qword ptr [RAX + -0x6f6f6f70] | len=7
OpcodeLengths.java> OPLEN 11dd0 slot=477 PADDUSW | PADDUSW MM0,qword ptr [RAX + -0x6f6f6f70] | len=7
OpcodeLengths.java> OPLEN 11de0 slot=478 PMAXUB | PMAXUB MM0,qword ptr [RAX + -0x6f6f6f70] | len=7
OpcodeLengths.java> OPLEN 11df0 slot=479 PANDN | PANDN MM0,qword ptr [RAX + -0x6f6f6f70] | len=7
OpcodeLengths.java> OPLEN 11e00 slot=480 PAVGB | PAVGB MM0,qword ptr [RAX + -0x6f6f6f70] | len=7
OpcodeLengths.java> OPLEN 11e10 slot=481 PSRAW | PSRAW MM0,qword ptr [RAX + -0x6f6f6f70] | len=7
OpcodeLengths.java> OPLEN 11e20 slot=482 PSRAD | PSRAD MM0,qword ptr [RAX + -0x6f6f6f70] | len=7
OpcodeLengths.java> OPLEN 11e30 slot=483 PAVGW | PAVGW MM0,qword ptr [RAX + -0x6f6f6f70] | len=7
OpcodeLengths.java> OPLEN 11e40 slot=484 PMULHUW | PMULHUW MM0,qword ptr [RAX + -0x6f6f6f70] | len=7
OpcodeLengths.java> OPLEN 11e50 slot=485 PMULHW | PMULHW MM0,qword ptr [RAX + -0x6f6f6f70] | len=7
OpcodeLengths.java> OPLEN 11e60 slot=486 NONE
OpcodeLengths.java> OPLEN 11e70 slot=487 MOVNTQ | MOVNTQ qword ptr [RAX + -0x6f6f6f70],MM0 | len=7
OpcodeLengths.java> OPLEN 11e80 slot=488 PSUBSB | PSUBSB MM0,qword ptr [RAX + -0x6f6f6f70] | len=7
OpcodeLengths.java> OPLEN 11e90 slot=489 PSUBSW | PSUBSW MM0,qword ptr [RAX + -0x6f6f6f70] | len=7
OpcodeLengths.java> OPLEN 11ea0 slot=490 PMINSW | PMINSW MM0,qword ptr [RAX + -0x6f6f6f70] | len=7
OpcodeLengths.java> OPLEN 11eb0 slot=491 POR | POR MM0,qword ptr [RAX + -0x6f6f6f70] | len=7
OpcodeLengths.java> OPLEN 11ec0 slot=492 PADDSB | PADDSB MM0,qword ptr [RAX + -0x6f6f6f70] | len=7
OpcodeLengths.java> OPLEN 11ed0 slot=493 PADDSW | PADDSW MM0,qword ptr [RAX + -0x6f6f6f70] | len=7
OpcodeLengths.java> OPLEN 11ee0 slot=494 PMAXSW | PMAXSW MM0,qword ptr [RAX + -0x6f6f6f70] | len=7
OpcodeLengths.java> OPLEN 11ef0 slot=495 PXOR | PXOR MM0,qword ptr [RAX + -0x6f6f6f70] | len=7
OpcodeLengths.java> OPLEN 11f00 slot=496 NONE
OpcodeLengths.java> OPLEN 11f10 slot=497 PSLLW | PSLLW MM0,qword ptr [RAX + -0x6f6f6f70] | len=7
OpcodeLengths.java> OPLEN 11f20 slot=498 PSLLD | PSLLD MM0,qword ptr [RAX + -0x6f6f6f70] | len=7
OpcodeLengths.java> OPLEN 11f30 slot=499 PSLLQ | PSLLQ MM0,qword ptr [RAX + -0x6f6f6f70] | len=7
OpcodeLengths.java> OPLEN 11f40 slot=500 PMULUDQ | PMULUDQ MM0,qword ptr [RAX + -0x6f6f6f70] | len=7
OpcodeLengths.java> OPLEN 11f50 slot=501 PMADDWD | PMADDWD MM0,qword ptr [RAX + -0x6f6f6f70] | len=7
OpcodeLengths.java> OPLEN 11f60 slot=502 PSADBW | PSADBW MM0,qword ptr [RAX + -0x6f6f6f70] | len=7
OpcodeLengths.java> OPLEN 11f70 slot=503 NONE
OpcodeLengths.java> OPLEN 11f80 slot=504 PSUBB | PSUBB MM0,qword ptr [RAX + -0x6f6f6f70] | len=7
OpcodeLengths.java> OPLEN 11f90 slot=505 PSUBW | PSUBW MM0,qword ptr [RAX + -0x6f6f6f70] | len=7
OpcodeLengths.java> OPLEN 11fa0 slot=506 PSUBD | PSUBD MM0,qword ptr [RAX + -0x6f6f6f70] | len=7
OpcodeLengths.java> OPLEN 11fb0 slot=507 PSUBQ | PSUBQ MM0,qword ptr [RAX + -0x6f6f6f70] | len=7
OpcodeLengths.java> OPLEN 11fc0 slot=508 PADDB | PADDB MM0,qword ptr [RAX + -0x6f6f6f70] | len=7
OpcodeLengths.java> OPLEN 11fd0 slot=509 PADDW | PADDW MM0,qword ptr [RAX + -0x6f6f6f70] | len=7
OpcodeLengths.java> OPLEN 11fe0 slot=510 PADDD | PADDD MM0,qword ptr [RAX + -0x6f6f6f70] | len=7
OpcodeLengths.java> OPLEN 11ff0 slot=511 UD0 | UD0 EAX,dword ptr [RAX + -0x6f6f6f70] | len=7
OpcodeLengths.java> OPLEN 12000 slot=512 SLDT | SLDT EAX | len=3
OpcodeLengths.java> OPLEN 12010 slot=513 NONE
OpcodeLengths.java> OPLEN 12020 slot=514 LAR | LAR EAX,EAX | len=3
OpcodeLengths.java> OPLEN 12030 slot=515 LSL | LSL EAX,EAX | len=3
OpcodeLengths.java> OPLEN 12040 slot=516 NONE
OpcodeLengths.java> OPLEN 12050 slot=517 SYSCALL | SYSCALL | len=2
OpcodeLengths.java> OPLEN 12060 slot=518 CLTS | CLTS | len=2
OpcodeLengths.java> OPLEN 12070 slot=519 SYSRET | SYSRET | len=2
OpcodeLengths.java> OPLEN 12080 slot=520 INVD | INVD | len=2
OpcodeLengths.java> OPLEN 12090 slot=521 WBINVD | WBINVD | len=2
OpcodeLengths.java> OPLEN 120a0 slot=522 NONE
OpcodeLengths.java> OPLEN 120b0 slot=523 UD2 | UD2 | len=2
OpcodeLengths.java> OPLEN 120c0 slot=524 NONE
OpcodeLengths.java> OPLEN 120d0 slot=525 NONE
OpcodeLengths.java> OPLEN 120e0 slot=526 FEMMS | FEMMS | len=2
OpcodeLengths.java> OPLEN 120f0 slot=527 PFCMPGE | PFCMPGE MM0,MM0 | len=4
OpcodeLengths.java> OPLEN 12100 slot=528 MOVUPS | MOVUPS XMM0,XMM0 | len=3
OpcodeLengths.java> OPLEN 12110 slot=529 MOVUPS | MOVUPS XMM0,XMM0 | len=3
OpcodeLengths.java> OPLEN 12120 slot=530 MOVHLPS | MOVHLPS XMM0,XMM0 | len=3
OpcodeLengths.java> OPLEN 12130 slot=531 NONE
OpcodeLengths.java> OPLEN 12140 slot=532 UNPCKLPS | UNPCKLPS XMM0,XMM0 | len=3
OpcodeLengths.java> OPLEN 12150 slot=533 UNPCKHPS | UNPCKHPS XMM0,XMM0 | len=3
OpcodeLengths.java> OPLEN 12160 slot=534 MOVLHPS | MOVLHPS XMM0,XMM0 | len=3
OpcodeLengths.java> OPLEN 12170 slot=535 NONE
OpcodeLengths.java> OPLEN 12180 slot=536 NOP | NOP EAX | len=3
OpcodeLengths.java> OPLEN 12190 slot=537 NOP | NOP EAX | len=3
OpcodeLengths.java> OPLEN 121a0 slot=538 NOP | NOP EAX | len=3
OpcodeLengths.java> OPLEN 121b0 slot=539 NOP | NOP EAX | len=3
OpcodeLengths.java> OPLEN 121c0 slot=540 NOP | NOP EAX | len=3
OpcodeLengths.java> OPLEN 121d0 slot=541 NOP | NOP EAX | len=3
OpcodeLengths.java> OPLEN 121e0 slot=542 NOP | NOP EAX | len=3
OpcodeLengths.java> OPLEN 121f0 slot=543 NOP | NOP EAX | len=3
OpcodeLengths.java> OPLEN 12200 slot=544 MOV | MOV RAX,CR0 | len=3
OpcodeLengths.java> OPLEN 12210 slot=545 MOV | MOV RAX,DR0 | len=3
OpcodeLengths.java> OPLEN 12220 slot=546 MOV | MOV CR0,RAX | len=3
OpcodeLengths.java> OPLEN 12230 slot=547 MOV | MOV DR0,RAX | len=3
OpcodeLengths.java> OPLEN 12240 slot=548 NONE
OpcodeLengths.java> OPLEN 12250 slot=549 NONE
OpcodeLengths.java> OPLEN 12260 slot=550 NONE
OpcodeLengths.java> OPLEN 12270 slot=551 NONE
OpcodeLengths.java> OPLEN 12280 slot=552 MOVAPS | MOVAPS XMM0,XMM0 | len=3
OpcodeLengths.java> OPLEN 12290 slot=553 MOVAPS | MOVAPS XMM0,XMM0 | len=3
OpcodeLengths.java> OPLEN 122a0 slot=554 CVTPI2PS | CVTPI2PS XMM0,MM0 | len=3
OpcodeLengths.java> OPLEN 122b0 slot=555 NONE
OpcodeLengths.java> OPLEN 122c0 slot=556 CVTTPS2PI | CVTTPS2PI MM0,XMM0 | len=3
OpcodeLengths.java> OPLEN 122d0 slot=557 CVTPS2PI | CVTPS2PI MM0,XMM0 | len=3
OpcodeLengths.java> OPLEN 122e0 slot=558 UCOMISS | UCOMISS XMM0,XMM0 | len=3
OpcodeLengths.java> OPLEN 122f0 slot=559 COMISS | COMISS XMM0,XMM0 | len=3
OpcodeLengths.java> OPLEN 12300 slot=560 WRMSR | WRMSR | len=2
OpcodeLengths.java> OPLEN 12310 slot=561 RDTSC | RDTSC | len=2
OpcodeLengths.java> OPLEN 12320 slot=562 RDMSR | RDMSR | len=2
OpcodeLengths.java> OPLEN 12330 slot=563 RDPMC | RDPMC | len=2
OpcodeLengths.java> OPLEN 12340 slot=564 SYSENTER | SYSENTER | len=2
OpcodeLengths.java> OPLEN 12350 slot=565 SYSEXIT | SYSEXIT | len=2
OpcodeLengths.java> OPLEN 12360 slot=566 NONE
OpcodeLengths.java> OPLEN 12370 slot=567 GETSEC | GETSEC | len=2
OpcodeLengths.java> OPLEN 12380 slot=568 NONE
OpcodeLengths.java> OPLEN 12390 slot=569 NONE
OpcodeLengths.java> OPLEN 123a0 slot=570 NONE
OpcodeLengths.java> OPLEN 123b0 slot=571 NONE
OpcodeLengths.java> OPLEN 123c0 slot=572 NONE
OpcodeLengths.java> OPLEN 123d0 slot=573 NONE
OpcodeLengths.java> OPLEN 123e0 slot=574 NONE
OpcodeLengths.java> OPLEN 123f0 slot=575 NONE
OpcodeLengths.java> OPLEN 12400 slot=576 CMOVO | CMOVO EAX,EAX | len=3
OpcodeLengths.java> OPLEN 12410 slot=577 CMOVNO | CMOVNO EAX,EAX | len=3
OpcodeLengths.java> OPLEN 12420 slot=578 CMOVC | CMOVC EAX,EAX | len=3
OpcodeLengths.java> OPLEN 12430 slot=579 CMOVNC | CMOVNC EAX,EAX | len=3
OpcodeLengths.java> OPLEN 12440 slot=580 CMOVZ | CMOVZ EAX,EAX | len=3
OpcodeLengths.java> OPLEN 12450 slot=581 CMOVNZ | CMOVNZ EAX,EAX | len=3
OpcodeLengths.java> OPLEN 12460 slot=582 CMOVBE | CMOVBE EAX,EAX | len=3
OpcodeLengths.java> OPLEN 12470 slot=583 CMOVA | CMOVA EAX,EAX | len=3
OpcodeLengths.java> OPLEN 12480 slot=584 CMOVS | CMOVS EAX,EAX | len=3
OpcodeLengths.java> OPLEN 12490 slot=585 CMOVNS | CMOVNS EAX,EAX | len=3
OpcodeLengths.java> OPLEN 124a0 slot=586 CMOVP | CMOVP EAX,EAX | len=3
OpcodeLengths.java> OPLEN 124b0 slot=587 CMOVNP | CMOVNP EAX,EAX | len=3
OpcodeLengths.java> OPLEN 124c0 slot=588 CMOVL | CMOVL EAX,EAX | len=3
OpcodeLengths.java> OPLEN 124d0 slot=589 CMOVGE | CMOVGE EAX,EAX | len=3
OpcodeLengths.java> OPLEN 124e0 slot=590 CMOVLE | CMOVLE EAX,EAX | len=3
OpcodeLengths.java> OPLEN 124f0 slot=591 CMOVG | CMOVG EAX,EAX | len=3
OpcodeLengths.java> OPLEN 12500 slot=592 MOVMSKPS | MOVMSKPS EAX,XMM0 | len=3
OpcodeLengths.java> OPLEN 12510 slot=593 SQRTPS | SQRTPS XMM0,XMM0 | len=3
OpcodeLengths.java> OPLEN 12520 slot=594 RSQRTPS | RSQRTPS XMM0,XMM0 | len=3
OpcodeLengths.java> OPLEN 12530 slot=595 RCPPS | RCPPS XMM0,XMM0 | len=3
OpcodeLengths.java> OPLEN 12540 slot=596 ANDPS | ANDPS XMM0,XMM0 | len=3
OpcodeLengths.java> OPLEN 12550 slot=597 ANDNPS | ANDNPS XMM0,XMM0 | len=3
OpcodeLengths.java> OPLEN 12560 slot=598 ORPS | ORPS XMM0,XMM0 | len=3
OpcodeLengths.java> OPLEN 12570 slot=599 XORPS | XORPS XMM0,XMM0 | len=3
OpcodeLengths.java> OPLEN 12580 slot=600 ADDPS | ADDPS XMM0,XMM0 | len=3
OpcodeLengths.java> OPLEN 12590 slot=601 MULPS | MULPS XMM0,XMM0 | len=3
OpcodeLengths.java> OPLEN 125a0 slot=602 CVTPS2PD | CVTPS2PD XMM0,XMM0 | len=3
OpcodeLengths.java> OPLEN 125b0 slot=603 CVTDQ2PS | CVTDQ2PS XMM0,XMM0 | len=3
OpcodeLengths.java> OPLEN 125c0 slot=604 SUBPS | SUBPS XMM0,XMM0 | len=3
OpcodeLengths.java> OPLEN 125d0 slot=605 MINPS | MINPS XMM0,XMM0 | len=3
OpcodeLengths.java> OPLEN 125e0 slot=606 DIVPS | DIVPS XMM0,XMM0 | len=3
OpcodeLengths.java> OPLEN 125f0 slot=607 MAXPS | MAXPS XMM0,XMM0 | len=3
OpcodeLengths.java> OPLEN 12600 slot=608 PUNPCKLBW | PUNPCKLBW MM0,MM0 | len=3
OpcodeLengths.java> OPLEN 12610 slot=609 PUNPCKLWD | PUNPCKLWD MM0,MM0 | len=3
OpcodeLengths.java> OPLEN 12620 slot=610 PUNPCKLDQ | PUNPCKLDQ MM0,MM0 | len=3
OpcodeLengths.java> OPLEN 12630 slot=611 PACKSSWB | PACKSSWB MM0,MM0 | len=3
OpcodeLengths.java> OPLEN 12640 slot=612 PCMPGTB | PCMPGTB MM0,MM0 | len=3
OpcodeLengths.java> OPLEN 12650 slot=613 PCMPGTW | PCMPGTW MM0,MM0 | len=3
OpcodeLengths.java> OPLEN 12660 slot=614 PCMPGTD | PCMPGTD MM0,MM0 | len=3
OpcodeLengths.java> OPLEN 12670 slot=615 PACKUSWB | PACKUSWB MM0,MM0 | len=3
OpcodeLengths.java> OPLEN 12680 slot=616 PUNPCKHBW | PUNPCKHBW MM0,MM0 | len=3
OpcodeLengths.java> OPLEN 12690 slot=617 PUNPCKHWD | PUNPCKHWD MM0,MM0 | len=3
OpcodeLengths.java> OPLEN 126a0 slot=618 PUNPCKHDQ | PUNPCKHDQ MM0,MM0 | len=3
OpcodeLengths.java> OPLEN 126b0 slot=619 PACKSSDW | PACKSSDW MM0,MM0 | len=3
OpcodeLengths.java> OPLEN 126c0 slot=620 NONE
OpcodeLengths.java> OPLEN 126d0 slot=621 NONE
OpcodeLengths.java> OPLEN 126e0 slot=622 MOVD | MOVD MM0,EAX | len=3
OpcodeLengths.java> OPLEN 126f0 slot=623 MOVQ | MOVQ MM0,MM0 | len=3
OpcodeLengths.java> OPLEN 12700 slot=624 PSHUFW | PSHUFW MM0,MM0,0x90 | len=4
OpcodeLengths.java> OPLEN 12710 slot=625 NONE
OpcodeLengths.java> OPLEN 12720 slot=626 NONE
OpcodeLengths.java> OPLEN 12730 slot=627 NONE
OpcodeLengths.java> OPLEN 12740 slot=628 PCMPEQB | PCMPEQB MM0,MM0 | len=3
OpcodeLengths.java> OPLEN 12750 slot=629 PCMPEQW | PCMPEQW MM0,MM0 | len=3
OpcodeLengths.java> OPLEN 12760 slot=630 PCMPEQD | PCMPEQD MM0,MM0 | len=3
OpcodeLengths.java> OPLEN 12770 slot=631 EMMS | EMMS | len=2
OpcodeLengths.java> OPLEN 12780 slot=632 NONE
OpcodeLengths.java> OPLEN 12790 slot=633 NONE
OpcodeLengths.java> OPLEN 127a0 slot=634 NONE
OpcodeLengths.java> OPLEN 127b0 slot=635 NONE
OpcodeLengths.java> OPLEN 127c0 slot=636 NONE
OpcodeLengths.java> OPLEN 127d0 slot=637 NONE
OpcodeLengths.java> OPLEN 127e0 slot=638 MOVD | MOVD EAX,MM0 | len=3
OpcodeLengths.java> OPLEN 127f0 slot=639 MOVQ | MOVQ MM0,MM0 | len=3
OpcodeLengths.java> OPLEN 12800 slot=640 JO | JO 0xffffffff9091b8c6 | len=6
OpcodeLengths.java> OPLEN 12810 slot=641 JNO | JNO 0xffffffff9091b8d6 | len=6
OpcodeLengths.java> OPLEN 12820 slot=642 JC | JC 0xffffffff9091b8e6 | len=6
OpcodeLengths.java> OPLEN 12830 slot=643 JNC | JNC 0xffffffff9091b8f6 | len=6
OpcodeLengths.java> OPLEN 12840 slot=644 JZ | JZ 0xffffffff9091b906 | len=6
OpcodeLengths.java> OPLEN 12850 slot=645 JNZ | JNZ 0xffffffff9091b916 | len=6
OpcodeLengths.java> OPLEN 12860 slot=646 JBE | JBE 0xffffffff9091b926 | len=6
OpcodeLengths.java> OPLEN 12870 slot=647 JA | JA 0xffffffff9091b936 | len=6
OpcodeLengths.java> OPLEN 12880 slot=648 JS | JS 0xffffffff9091b946 | len=6
OpcodeLengths.java> OPLEN 12890 slot=649 JNS | JNS 0xffffffff9091b956 | len=6
OpcodeLengths.java> OPLEN 128a0 slot=650 JP | JP 0xffffffff9091b966 | len=6
OpcodeLengths.java> OPLEN 128b0 slot=651 JNP | JNP 0xffffffff9091b976 | len=6
OpcodeLengths.java> OPLEN 128c0 slot=652 JL | JL 0xffffffff9091b986 | len=6
OpcodeLengths.java> OPLEN 128d0 slot=653 JGE | JGE 0xffffffff9091b996 | len=6
OpcodeLengths.java> OPLEN 128e0 slot=654 JLE | JLE 0xffffffff9091b9a6 | len=6
OpcodeLengths.java> OPLEN 128f0 slot=655 JG | JG 0xffffffff9091b9b6 | len=6
OpcodeLengths.java> OPLEN 12900 slot=656 SETO | SETO AL | len=3
OpcodeLengths.java> OPLEN 12910 slot=657 SETNO | SETNO AL | len=3
OpcodeLengths.java> OPLEN 12920 slot=658 SETC | SETC AL | len=3
OpcodeLengths.java> OPLEN 12930 slot=659 SETNC | SETNC AL | len=3
OpcodeLengths.java> OPLEN 12940 slot=660 SETZ | SETZ AL | len=3
OpcodeLengths.java> OPLEN 12950 slot=661 SETNZ | SETNZ AL | len=3
OpcodeLengths.java> OPLEN 12960 slot=662 SETBE | SETBE AL | len=3
OpcodeLengths.java> OPLEN 12970 slot=663 SETA | SETA AL | len=3
OpcodeLengths.java> OPLEN 12980 slot=664 SETS | SETS AL | len=3
OpcodeLengths.java> OPLEN 12990 slot=665 SETNS | SETNS AL | len=3
OpcodeLengths.java> OPLEN 129a0 slot=666 SETP | SETP AL | len=3
OpcodeLengths.java> OPLEN 129b0 slot=667 SETNP | SETNP AL | len=3
OpcodeLengths.java> OPLEN 129c0 slot=668 SETL | SETL AL | len=3
OpcodeLengths.java> OPLEN 129d0 slot=669 SETGE | SETGE AL | len=3
OpcodeLengths.java> OPLEN 129e0 slot=670 SETLE | SETLE AL | len=3
OpcodeLengths.java> OPLEN 129f0 slot=671 SETG | SETG AL | len=3
OpcodeLengths.java> OPLEN 12a00 slot=672 PUSH | PUSH FS | len=2
OpcodeLengths.java> OPLEN 12a10 slot=673 POP | POP FS | len=2
OpcodeLengths.java> OPLEN 12a20 slot=674 CPUID | CPUID | len=2
OpcodeLengths.java> OPLEN 12a30 slot=675 BT | BT EAX,EAX | len=3
OpcodeLengths.java> OPLEN 12a40 slot=676 SHLD | SHLD EAX,EAX,0x90 | len=4
OpcodeLengths.java> OPLEN 12a50 slot=677 SHLD | SHLD EAX,EAX,CL | len=3
OpcodeLengths.java> OPLEN 12a60 slot=678 NONE
OpcodeLengths.java> OPLEN 12a70 slot=679 XSTORE | XSTORE | len=3
OpcodeLengths.java> OPLEN 12a80 slot=680 PUSH | PUSH GS | len=2
OpcodeLengths.java> OPLEN 12a90 slot=681 POP | POP GS | len=2
OpcodeLengths.java> OPLEN 12aa0 slot=682 RSM | RSM | len=2
OpcodeLengths.java> OPLEN 12ab0 slot=683 BTS | BTS EAX,EAX | len=3
OpcodeLengths.java> OPLEN 12ac0 slot=684 SHRD | SHRD EAX,EAX,0x90 | len=4
OpcodeLengths.java> OPLEN 12ad0 slot=685 SHRD | SHRD EAX,EAX,CL | len=3
OpcodeLengths.java> OPLEN 12ae0 slot=686 NONE
OpcodeLengths.java> OPLEN 12af0 slot=687 IMUL | IMUL EAX,EAX | len=3
OpcodeLengths.java> OPLEN 12b00 slot=688 CMPXCHG | CMPXCHG AL,AL | len=3
OpcodeLengths.java> OPLEN 12b10 slot=689 CMPXCHG | CMPXCHG EAX,EAX | len=3
OpcodeLengths.java> OPLEN 12b20 slot=690 NONE
OpcodeLengths.java> OPLEN 12b30 slot=691 BTR | BTR EAX,EAX | len=3
OpcodeLengths.java> OPLEN 12b40 slot=692 NONE
OpcodeLengths.java> OPLEN 12b50 slot=693 NONE
OpcodeLengths.java> OPLEN 12b60 slot=694 MOVZX | MOVZX EAX,AL | len=3
OpcodeLengths.java> OPLEN 12b70 slot=695 MOVZX | MOVZX EAX,AX | len=3
OpcodeLengths.java> OPLEN 12b80 slot=696 NONE
OpcodeLengths.java> OPLEN 12b90 slot=697 UD1 | UD1 EAX,EAX | len=3
OpcodeLengths.java> OPLEN 12ba0 slot=698 NONE
OpcodeLengths.java> OPLEN 12bb0 slot=699 BTC | BTC EAX,EAX | len=3
OpcodeLengths.java> OPLEN 12bc0 slot=700 BSF | BSF EAX,EAX | len=3
OpcodeLengths.java> OPLEN 12bd0 slot=701 BSR | BSR EAX,EAX | len=3
OpcodeLengths.java> OPLEN 12be0 slot=702 MOVSX | MOVSX EAX,AL | len=3
OpcodeLengths.java> OPLEN 12bf0 slot=703 MOVSX | MOVSX EAX,AX | len=3
OpcodeLengths.java> OPLEN 12c00 slot=704 XADD | XADD AL,AL | len=3
OpcodeLengths.java> OPLEN 12c10 slot=705 XADD | XADD EAX,EAX | len=3
OpcodeLengths.java> OPLEN 12c20 slot=706 CMPPS | CMPPS XMM0,XMM0, 0x90 | len=4
OpcodeLengths.java> OPLEN 12c30 slot=707 NONE
OpcodeLengths.java> OPLEN 12c40 slot=708 PINSRW | PINSRW MM0,EAX,0x90 | len=4
OpcodeLengths.java> OPLEN 12c50 slot=709 PEXTRW | PEXTRW EAX,MM0,0x90 | len=4
OpcodeLengths.java> OPLEN 12c60 slot=710 SHUFPS | SHUFPS XMM0,XMM0,0x90 | len=4
OpcodeLengths.java> OPLEN 12c70 slot=711 NONE
OpcodeLengths.java> OPLEN 12c80 slot=712 BSWAP | BSWAP EAX | len=2
OpcodeLengths.java> OPLEN 12c90 slot=713 BSWAP | BSWAP ECX | len=2
OpcodeLengths.java> OPLEN 12ca0 slot=714 BSWAP | BSWAP EDX | len=2
OpcodeLengths.java> OPLEN 12cb0 slot=715 BSWAP | BSWAP EBX | len=2
OpcodeLengths.java> OPLEN 12cc0 slot=716 BSWAP | BSWAP ESP | len=2
OpcodeLengths.java> OPLEN 12cd0 slot=717 BSWAP | BSWAP EBP | len=2
OpcodeLengths.java> OPLEN 12ce0 slot=718 BSWAP | BSWAP ESI | len=2
OpcodeLengths.java> OPLEN 12cf0 slot=719 BSWAP | BSWAP EDI | len=2
OpcodeLengths.java> OPLEN 12d00 slot=720 NONE
OpcodeLengths.java> OPLEN 12d10 slot=721 PSRLW | PSRLW MM0,MM0 | len=3
OpcodeLengths.java> OPLEN 12d20 slot=722 PSRLD | PSRLD MM0,MM0 | len=3
OpcodeLengths.java> OPLEN 12d30 slot=723 PSRLQ | PSRLQ MM0,MM0 | len=3
OpcodeLengths.java> OPLEN 12d40 slot=724 PADDQ | PADDQ MM0,MM0 | len=3
OpcodeLengths.java> OPLEN 12d50 slot=725 PMULLW | PMULLW MM0,MM0 | len=3
OpcodeLengths.java> OPLEN 12d60 slot=726 NONE
OpcodeLengths.java> OPLEN 12d70 slot=727 PMOVMSKB | PMOVMSKB EAX,MM0 | len=3
OpcodeLengths.java> OPLEN 12d80 slot=728 PSUBUSB | PSUBUSB MM0,MM0 | len=3
OpcodeLengths.java> OPLEN 12d90 slot=729 PSUBUSW | PSUBUSW MM0,MM0 | len=3
OpcodeLengths.java> OPLEN 12da0 slot=730 PMINUB | PMINUB MM0,MM0 | len=3
OpcodeLengths.java> OPLEN 12db0 slot=731 PAND | PAND MM0,MM0 | len=3
OpcodeLengths.java> OPLEN 12dc0 slot=732 PADDUSB | PADDUSB MM0,MM0 | len=3
OpcodeLengths.java> OPLEN 12dd0 slot=733 PADDUSW | PADDUSW MM0,MM0 | len=3
OpcodeLengths.java> OPLEN 12de0 slot=734 PMAXUB | PMAXUB MM0,MM0 | len=3
OpcodeLengths.java> OPLEN 12df0 slot=735 PANDN | PANDN MM0,MM0 | len=3
OpcodeLengths.java> OPLEN 12e00 slot=736 PAVGB | PAVGB MM0,MM0 | len=3
OpcodeLengths.java> OPLEN 12e10 slot=737 PSRAW | PSRAW MM0,MM0 | len=3
OpcodeLengths.java> OPLEN 12e20 slot=738 PSRAD | PSRAD MM0,MM0 | len=3
OpcodeLengths.java> OPLEN 12e30 slot=739 PAVGW | PAVGW MM0,MM0 | len=3
OpcodeLengths.java> OPLEN 12e40 slot=740 PMULHUW | PMULHUW MM0,MM0 | len=3
OpcodeLengths.java> OPLEN 12e50 slot=741 PMULHW | PMULHW MM0,MM0 | len=3
OpcodeLengths.java> OPLEN 12e60 slot=742 NONE
OpcodeLengths.java> OPLEN 12e70 slot=743 NONE
OpcodeLengths.java> OPLEN 12e80 slot=744 PSUBSB | PSUBSB MM0,MM0 | len=3
OpcodeLengths.java> OPLEN 12e90 slot=745 PSUBSW | PSUBSW MM0,MM0 | len=3
OpcodeLengths.java> OPLEN 12ea0 slot=746 PMINSW | PMINSW MM0,MM0 | len=3
OpcodeLengths.java> OPLEN 12eb0 slot=747 POR | POR MM0,MM0 | len=3
OpcodeLengths.java> OPLEN 12ec0 slot=748 PADDSB | PADDSB MM0,MM0 | len=3
OpcodeLengths.java> OPLEN 12ed0 slot=749 PADDSW | PADDSW MM0,MM0 | len=3
OpcodeLengths.java> OPLEN 12ee0 slot=750 PMAXSW | PMAXSW MM0,MM0 | len=3
OpcodeLengths.java> OPLEN 12ef0 slot=751 PXOR | PXOR MM0,MM0 | len=3
OpcodeLengths.java> OPLEN 12f00 slot=752 NONE
OpcodeLengths.java> OPLEN 12f10 slot=753 PSLLW | PSLLW MM0,MM0 | len=3
OpcodeLengths.java> OPLEN 12f20 slot=754 PSLLD | PSLLD MM0,MM0 | len=3
OpcodeLengths.java> OPLEN 12f30 slot=755 PSLLQ | PSLLQ MM0,MM0 | len=3
OpcodeLengths.java> OPLEN 12f40 slot=756 PMULUDQ | PMULUDQ MM0,MM0 | len=3
OpcodeLengths.java> OPLEN 12f50 slot=757 PMADDWD | PMADDWD MM0,MM0 | len=3
OpcodeLengths.java> OPLEN 12f60 slot=758 PSADBW | PSADBW MM0,MM0 | len=3
OpcodeLengths.java> OPLEN 12f70 slot=759 MASKMOVQ | MASKMOVQ MM0,MM0 | len=3
OpcodeLengths.java> OPLEN 12f80 slot=760 PSUBB | PSUBB MM0,MM0 | len=3
OpcodeLengths.java> OPLEN 12f90 slot=761 PSUBW | PSUBW MM0,MM0 | len=3
OpcodeLengths.java> OPLEN 12fa0 slot=762 PSUBD | PSUBD MM0,MM0 | len=3
OpcodeLengths.java> OPLEN 12fb0 slot=763 PSUBQ | PSUBQ MM0,MM0 | len=3
OpcodeLengths.java> OPLEN 12fc0 slot=764 PADDB | PADDB MM0,MM0 | len=3
OpcodeLengths.java> OPLEN 12fd0 slot=765 PADDW | PADDW MM0,MM0 | len=3
OpcodeLengths.java> OPLEN 12fe0 slot=766 PADDD | PADDD MM0,MM0 | len=3
OpcodeLengths.java> OPLEN 12ff0 slot=767 UD0 | UD0 EAX,EAX | len=3
OpcodeLengths.java> OPLEN 13000 slot=768 SLDT | SLDT word ptr [RAX] | len=4
OpcodeLengths.java> OPLEN 13010 slot=769 SGDT | SGDT qword ptr [RAX] | len=4
OpcodeLengths.java> OPLEN 13020 slot=770 LAR | LAR AX,word ptr [RAX] | len=4
OpcodeLengths.java> OPLEN 13030 slot=771 LSL | LSL AX,word ptr [RAX] | len=4
OpcodeLengths.java> OPLEN 13040 slot=772 NONE
OpcodeLengths.java> OPLEN 13050 slot=773 SYSCALL | SYSCALL | len=3
OpcodeLengths.java> OPLEN 13060 slot=774 CLTS | CLTS | len=3
OpcodeLengths.java> OPLEN 13070 slot=775 SYSRET | SYSRET | len=3
OpcodeLengths.java> OPLEN 13080 slot=776 INVD | INVD | len=3
OpcodeLengths.java> OPLEN 13090 slot=777 WBINVD | WBINVD | len=3
OpcodeLengths.java> OPLEN 130a0 slot=778 NONE
OpcodeLengths.java> OPLEN 130b0 slot=779 UD2 | UD2 | len=3
OpcodeLengths.java> OPLEN 130c0 slot=780 NONE
OpcodeLengths.java> OPLEN 130d0 slot=781 PREFETCH | PREFETCH byte ptr [RAX] | len=4
OpcodeLengths.java> OPLEN 130e0 slot=782 FEMMS | FEMMS | len=3
OpcodeLengths.java> OPLEN 130f0 slot=783 NONE
OpcodeLengths.java> OPLEN 13100 slot=784 MOVUPD | MOVUPD XMM0,xmmword ptr [RAX] | len=4
OpcodeLengths.java> OPLEN 13110 slot=785 MOVUPD | MOVUPD xmmword ptr [RAX],XMM0 | len=4
OpcodeLengths.java> OPLEN 13120 slot=786 MOVLPD | MOVLPD XMM0,qword ptr [RAX] | len=4
OpcodeLengths.java> OPLEN 13130 slot=787 MOVLPD | MOVLPD qword ptr [RAX],XMM0 | len=4
OpcodeLengths.java> OPLEN 13140 slot=788 UNPCKLPD | UNPCKLPD XMM0,xmmword ptr [RAX] | len=4
OpcodeLengths.java> OPLEN 13150 slot=789 UNPCKHPD | UNPCKHPD XMM0,xmmword ptr [RAX] | len=4
OpcodeLengths.java> OPLEN 13160 slot=790 MOVHPD | MOVHPD XMM0,qword ptr [RAX] | len=4
OpcodeLengths.java> OPLEN 13170 slot=791 MOVHPD | MOVHPD qword ptr [RAX],XMM0 | len=4
OpcodeLengths.java> OPLEN 13180 slot=792 NOP | NOP word ptr [RAX] | len=4
OpcodeLengths.java> OPLEN 13190 slot=793 NOP | NOP word ptr [RAX] | len=4
OpcodeLengths.java> OPLEN 131a0 slot=794 NOP | NOP word ptr [RAX] | len=4
OpcodeLengths.java> OPLEN 131b0 slot=795 NOP | NOP word ptr [RAX] | len=4
OpcodeLengths.java> OPLEN 131c0 slot=796 NOP | NOP word ptr [RAX] | len=4
OpcodeLengths.java> OPLEN 131d0 slot=797 NOP | NOP word ptr [RAX] | len=4
OpcodeLengths.java> OPLEN 131e0 slot=798 NOP | NOP word ptr [RAX] | len=4
OpcodeLengths.java> OPLEN 131f0 slot=799 NOP | NOP word ptr [RAX] | len=4
OpcodeLengths.java> OPLEN 13200 slot=800 MOV | MOV RAX,CR0 | len=4
OpcodeLengths.java> OPLEN 13210 slot=801 MOV | MOV RAX,DR0 | len=4
OpcodeLengths.java> OPLEN 13220 slot=802 MOV | MOV CR0,RAX | len=4
OpcodeLengths.java> OPLEN 13230 slot=803 NONE
OpcodeLengths.java> OPLEN 13240 slot=804 NONE
OpcodeLengths.java> OPLEN 13250 slot=805 NONE
OpcodeLengths.java> OPLEN 13260 slot=806 NONE
OpcodeLengths.java> OPLEN 13270 slot=807 NONE
OpcodeLengths.java> OPLEN 13280 slot=808 MOVAPD | MOVAPD XMM0,xmmword ptr [RAX] | len=4
OpcodeLengths.java> OPLEN 13290 slot=809 MOVAPD | MOVAPD xmmword ptr [RAX],XMM0 | len=4
OpcodeLengths.java> OPLEN 132a0 slot=810 CVTPI2PD | CVTPI2PD XMM0,qword ptr [RAX] | len=4
OpcodeLengths.java> OPLEN 132b0 slot=811 MOVNTPD | MOVNTPD xmmword ptr [RAX],XMM0 | len=4
OpcodeLengths.java> OPLEN 132c0 slot=812 CVTTPD2PI | CVTTPD2PI MM0,xmmword ptr [RAX] | len=4
OpcodeLengths.java> OPLEN 132d0 slot=813 CVTPD2PI | CVTPD2PI MM0,xmmword ptr [RAX] | len=4
OpcodeLengths.java> OPLEN 132e0 slot=814 UCOMISD | UCOMISD XMM0,qword ptr [RAX] | len=4
OpcodeLengths.java> OPLEN 132f0 slot=815 COMISD | COMISD XMM0,qword ptr [RAX] | len=4
OpcodeLengths.java> OPLEN 13300 slot=816 WRMSR | WRMSR | len=3
OpcodeLengths.java> OPLEN 13310 slot=817 RDTSC | RDTSC | len=3
OpcodeLengths.java> OPLEN 13320 slot=818 RDMSR | RDMSR | len=3
OpcodeLengths.java> OPLEN 13330 slot=819 RDPMC | RDPMC | len=3
OpcodeLengths.java> OPLEN 13340 slot=820 SYSENTER | SYSENTER | len=3
OpcodeLengths.java> OPLEN 13350 slot=821 NONE
OpcodeLengths.java> OPLEN 13360 slot=822 NONE
OpcodeLengths.java> OPLEN 13370 slot=823 GETSEC | GETSEC | len=3
OpcodeLengths.java> OPLEN 13380 slot=824 PSHUFB | PSHUFB XMM2,xmmword ptr [RAX + -0x6f6f6f70] | len=9
OpcodeLengths.java> OPLEN 13390 slot=825 NONE
OpcodeLengths.java> OPLEN 133a0 slot=826 NONE
OpcodeLengths.java> OPLEN 133b0 slot=827 NONE
OpcodeLengths.java> OPLEN 133c0 slot=828 NONE
OpcodeLengths.java> OPLEN 133d0 slot=829 NONE
OpcodeLengths.java> OPLEN 133e0 slot=830 NONE
OpcodeLengths.java> OPLEN 133f0 slot=831 NONE
OpcodeLengths.java> OPLEN 13400 slot=832 CMOVO | CMOVO AX,word ptr [RAX] | len=4
OpcodeLengths.java> OPLEN 13410 slot=833 CMOVNO | CMOVNO AX,word ptr [RAX] | len=4
OpcodeLengths.java> OPLEN 13420 slot=834 CMOVC | CMOVC AX,word ptr [RAX] | len=4
OpcodeLengths.java> OPLEN 13430 slot=835 CMOVNC | CMOVNC AX,word ptr [RAX] | len=4
OpcodeLengths.java> OPLEN 13440 slot=836 CMOVZ | CMOVZ AX,word ptr [RAX] | len=4
OpcodeLengths.java> OPLEN 13450 slot=837 CMOVNZ | CMOVNZ AX,word ptr [RAX] | len=4
OpcodeLengths.java> OPLEN 13460 slot=838 CMOVBE | CMOVBE AX,word ptr [RAX] | len=4
OpcodeLengths.java> OPLEN 13470 slot=839 CMOVA | CMOVA AX,word ptr [RAX] | len=4
OpcodeLengths.java> OPLEN 13480 slot=840 CMOVS | CMOVS AX,word ptr [RAX] | len=4
OpcodeLengths.java> OPLEN 13490 slot=841 CMOVNS | CMOVNS AX,word ptr [RAX] | len=4
OpcodeLengths.java> OPLEN 134a0 slot=842 CMOVP | CMOVP AX,word ptr [RAX] | len=4
OpcodeLengths.java> OPLEN 134b0 slot=843 CMOVNP | CMOVNP AX,word ptr [RAX] | len=4
OpcodeLengths.java> OPLEN 134c0 slot=844 CMOVL | CMOVL AX,word ptr [RAX] | len=4
OpcodeLengths.java> OPLEN 134d0 slot=845 CMOVGE | CMOVGE AX,word ptr [RAX] | len=4
OpcodeLengths.java> OPLEN 134e0 slot=846 CMOVLE | CMOVLE AX,word ptr [RAX] | len=4
OpcodeLengths.java> OPLEN 134f0 slot=847 CMOVG | CMOVG AX,word ptr [RAX] | len=4
OpcodeLengths.java> OPLEN 13500 slot=848 MOVMSKPD | MOVMSKPD EAX,XMM0 | len=4
OpcodeLengths.java> OPLEN 13510 slot=849 SQRTPD | SQRTPD XMM0,xmmword ptr [RAX] | len=4
OpcodeLengths.java> OPLEN 13520 slot=850 NONE
OpcodeLengths.java> OPLEN 13530 slot=851 NONE
OpcodeLengths.java> OPLEN 13540 slot=852 ANDPD | ANDPD XMM0,xmmword ptr [RAX] | len=4
OpcodeLengths.java> OPLEN 13550 slot=853 ANDNPD | ANDNPD XMM0,xmmword ptr [RAX] | len=4
OpcodeLengths.java> OPLEN 13560 slot=854 ORPD | ORPD XMM0,xmmword ptr [RAX] | len=4
OpcodeLengths.java> OPLEN 13570 slot=855 XORPD | XORPD XMM0,xmmword ptr [RAX] | len=4
OpcodeLengths.java> OPLEN 13580 slot=856 ADDPD | ADDPD XMM0,xmmword ptr [RAX] | len=4
OpcodeLengths.java> OPLEN 13590 slot=857 MULPD | MULPD XMM0,xmmword ptr [RAX] | len=4
OpcodeLengths.java> OPLEN 135a0 slot=858 CVTPD2PS | CVTPD2PS XMM0,xmmword ptr [RAX] | len=4
OpcodeLengths.java> OPLEN 135b0 slot=859 CVTPS2DQ | CVTPS2DQ XMM0,xmmword ptr [RAX] | len=4
OpcodeLengths.java> OPLEN 135c0 slot=860 SUBPD | SUBPD XMM0,xmmword ptr [RAX] | len=4
OpcodeLengths.java> OPLEN 135d0 slot=861 MINPD | MINPD XMM0,xmmword ptr [RAX] | len=4
OpcodeLengths.java> OPLEN 135e0 slot=862 DIVPD | DIVPD XMM0,xmmword ptr [RAX] | len=4
OpcodeLengths.java> OPLEN 135f0 slot=863 MAXPD | MAXPD XMM0,xmmword ptr [RAX] | len=4
OpcodeLengths.java> OPLEN 13600 slot=864 PUNPCKLBW | PUNPCKLBW XMM0,xmmword ptr [RAX] | len=4
OpcodeLengths.java> OPLEN 13610 slot=865 PUNPCKLWD | PUNPCKLWD XMM0,xmmword ptr [RAX] | len=4
OpcodeLengths.java> OPLEN 13620 slot=866 PUNPCKLDQ | PUNPCKLDQ XMM0,xmmword ptr [RAX] | len=4
OpcodeLengths.java> OPLEN 13630 slot=867 PACKSSWB | PACKSSWB XMM0,xmmword ptr [RAX] | len=4
OpcodeLengths.java> OPLEN 13640 slot=868 PCMPGTB | PCMPGTB XMM0,xmmword ptr [RAX] | len=4
OpcodeLengths.java> OPLEN 13650 slot=869 PCMPGTW | PCMPGTW XMM0,xmmword ptr [RAX] | len=4
OpcodeLengths.java> OPLEN 13660 slot=870 PCMPGTD | PCMPGTD XMM0,xmmword ptr [RAX] | len=4
OpcodeLengths.java> OPLEN 13670 slot=871 PACKUSWB | PACKUSWB XMM0,xmmword ptr [RAX] | len=4
OpcodeLengths.java> OPLEN 13680 slot=872 PUNPCKHBW | PUNPCKHBW XMM0,xmmword ptr [RAX] | len=4
OpcodeLengths.java> OPLEN 13690 slot=873 PUNPCKHWD | PUNPCKHWD XMM0,xmmword ptr [RAX] | len=4
OpcodeLengths.java> OPLEN 136a0 slot=874 PUNPCKHDQ | PUNPCKHDQ XMM0,xmmword ptr [RAX] | len=4
OpcodeLengths.java> OPLEN 136b0 slot=875 PACKSSDW | PACKSSDW XMM0,xmmword ptr [RAX] | len=4
OpcodeLengths.java> OPLEN 136c0 slot=876 PUNPCKLQDQ | PUNPCKLQDQ XMM0,xmmword ptr [RAX] | len=4
OpcodeLengths.java> OPLEN 136d0 slot=877 PUNPCKHQDQ | PUNPCKHQDQ XMM0,xmmword ptr [RAX] | len=4
OpcodeLengths.java> OPLEN 136e0 slot=878 MOVD | MOVD XMM0,dword ptr [RAX] | len=4
OpcodeLengths.java> OPLEN 136f0 slot=879 MOVDQA | MOVDQA XMM0,xmmword ptr [RAX] | len=4
OpcodeLengths.java> OPLEN 13700 slot=880 PSHUFD | PSHUFD XMM0,xmmword ptr [RAX],0x90 | len=5
OpcodeLengths.java> OPLEN 13710 slot=881 NONE
OpcodeLengths.java> OPLEN 13720 slot=882 NONE
OpcodeLengths.java> OPLEN 13730 slot=883 NONE
OpcodeLengths.java> OPLEN 13740 slot=884 PCMPEQB | PCMPEQB XMM0,xmmword ptr [RAX] | len=4
OpcodeLengths.java> OPLEN 13750 slot=885 PCMPEQW | PCMPEQW XMM0,xmmword ptr [RAX] | len=4
OpcodeLengths.java> OPLEN 13760 slot=886 PCMPEQD | PCMPEQD XMM0,xmmword ptr [RAX] | len=4
OpcodeLengths.java> OPLEN 13770 slot=887 EMMS | EMMS | len=3
OpcodeLengths.java> OPLEN 13780 slot=888 EXTRQ | EXTRQ XMM0,0x10,0x10 | len=6
OpcodeLengths.java> OPLEN 13790 slot=889 EXTRQ | EXTRQ XMM0,XMM0 | len=4
OpcodeLengths.java> OPLEN 137a0 slot=890 NONE
OpcodeLengths.java> OPLEN 137b0 slot=891 NONE
OpcodeLengths.java> OPLEN 137c0 slot=892 HADDPD | HADDPD XMM0,xmmword ptr [RAX] | len=4
OpcodeLengths.java> OPLEN 137d0 slot=893 HSUBPD | HSUBPD XMM0,xmmword ptr [RAX] | len=4
OpcodeLengths.java> OPLEN 137e0 slot=894 MOVD | MOVD dword ptr [RAX],XMM0 | len=4
OpcodeLengths.java> OPLEN 137f0 slot=895 MOVDQA | MOVDQA xmmword ptr [RAX],XMM0 | len=4
OpcodeLengths.java> OPLEN 13800 slot=896 NONE
OpcodeLengths.java> OPLEN 13810 slot=897 NONE
OpcodeLengths.java> OPLEN 13820 slot=898 NONE
OpcodeLengths.java> OPLEN 13830 slot=899 NONE
OpcodeLengths.java> OPLEN 13840 slot=900 NONE
OpcodeLengths.java> OPLEN 13850 slot=901 NONE
OpcodeLengths.java> OPLEN 13860 slot=902 NONE
OpcodeLengths.java> OPLEN 13870 slot=903 NONE
OpcodeLengths.java> OPLEN 13880 slot=904 NONE
OpcodeLengths.java> OPLEN 13890 slot=905 NONE
OpcodeLengths.java> OPLEN 138a0 slot=906 NONE
OpcodeLengths.java> OPLEN 138b0 slot=907 NONE
OpcodeLengths.java> OPLEN 138c0 slot=908 NONE
OpcodeLengths.java> OPLEN 138d0 slot=909 NONE
OpcodeLengths.java> OPLEN 138e0 slot=910 NONE
OpcodeLengths.java> OPLEN 138f0 slot=911 NONE
OpcodeLengths.java> OPLEN 13900 slot=912 SETO | SETO byte ptr [RAX] | len=4
OpcodeLengths.java> OPLEN 13910 slot=913 SETNO | SETNO byte ptr [RAX] | len=4
OpcodeLengths.java> OPLEN 13920 slot=914 SETC | SETC byte ptr [RAX] | len=4
OpcodeLengths.java> OPLEN 13930 slot=915 SETNC | SETNC byte ptr [RAX] | len=4
OpcodeLengths.java> OPLEN 13940 slot=916 SETZ | SETZ byte ptr [RAX] | len=4
OpcodeLengths.java> OPLEN 13950 slot=917 SETNZ | SETNZ byte ptr [RAX] | len=4
OpcodeLengths.java> OPLEN 13960 slot=918 SETBE | SETBE byte ptr [RAX] | len=4
OpcodeLengths.java> OPLEN 13970 slot=919 SETA | SETA byte ptr [RAX] | len=4
OpcodeLengths.java> OPLEN 13980 slot=920 SETS | SETS byte ptr [RAX] | len=4
OpcodeLengths.java> OPLEN 13990 slot=921 SETNS | SETNS byte ptr [RAX] | len=4
OpcodeLengths.java> OPLEN 139a0 slot=922 SETP | SETP byte ptr [RAX] | len=4
OpcodeLengths.java> OPLEN 139b0 slot=923 SETNP | SETNP byte ptr [RAX] | len=4
OpcodeLengths.java> OPLEN 139c0 slot=924 SETL | SETL byte ptr [RAX] | len=4
OpcodeLengths.java> OPLEN 139d0 slot=925 SETGE | SETGE byte ptr [RAX] | len=4
OpcodeLengths.java> OPLEN 139e0 slot=926 SETLE | SETLE byte ptr [RAX] | len=4
OpcodeLengths.java> OPLEN 139f0 slot=927 SETG | SETG byte ptr [RAX] | len=4
OpcodeLengths.java> OPLEN 13a00 slot=928 PUSH | PUSH FS | len=3
OpcodeLengths.java> OPLEN 13a10 slot=929 POP | POP FS | len=3
OpcodeLengths.java> OPLEN 13a20 slot=930 CPUID | CPUID | len=3
OpcodeLengths.java> OPLEN 13a30 slot=931 BT | BT [RAX],AX | len=4
OpcodeLengths.java> OPLEN 13a40 slot=932 SHLD | SHLD word ptr [RAX],AX,0x90 | len=5
OpcodeLengths.java> OPLEN 13a50 slot=933 SHLD | SHLD word ptr [RAX],AX,CL | len=4
OpcodeLengths.java> OPLEN 13a60 slot=934 NONE
OpcodeLengths.java> OPLEN 13a70 slot=935 NONE
OpcodeLengths.java> OPLEN 13a80 slot=936 PUSH | PUSH GS | len=3
OpcodeLengths.java> OPLEN 13a90 slot=937 POP | POP GS | len=3
OpcodeLengths.java> OPLEN 13aa0 slot=938 RSM | RSM | len=3
OpcodeLengths.java> OPLEN 13ab0 slot=939 BTS | BTS [RAX],AX | len=4
OpcodeLengths.java> OPLEN 13ac0 slot=940 SHRD | SHRD word ptr [RAX],AX,0x90 | len=5
OpcodeLengths.java> OPLEN 13ad0 slot=941 SHRD | SHRD word ptr [RAX],AX,CL | len=4
OpcodeLengths.java> OPLEN 13ae0 slot=942 FXSAVE | FXSAVE [RAX] | len=4
OpcodeLengths.java> OPLEN 13af0 slot=943 IMUL | IMUL AX,word ptr [RAX] | len=4
OpcodeLengths.java> OPLEN 13b00 slot=944 CMPXCHG | CMPXCHG byte ptr [RAX],AL | len=4
OpcodeLengths.java> OPLEN 13b10 slot=945 CMPXCHG | CMPXCHG word ptr [RAX],AX | len=4
OpcodeLengths.java> OPLEN 13b20 slot=946 LSS | LSS AX,[RAX] | len=4
OpcodeLengths.java> OPLEN 13b30 slot=947 BTR | BTR [RAX],AX | len=4
OpcodeLengths.java> OPLEN 13b40 slot=948 LFS | LFS AX,[RAX] | len=4
OpcodeLengths.java> OPLEN 13b50 slot=949 LGS | LGS AX,[RAX] | len=4
OpcodeLengths.java> OPLEN 13b60 slot=950 MOVZX | MOVZX AX,byte ptr [RAX] | len=4
OpcodeLengths.java> OPLEN 13b70 slot=951 MOVZX | MOVZX AX,word ptr [RAX] | len=4
OpcodeLengths.java> OPLEN 13b80 slot=952 NONE
OpcodeLengths.java> OPLEN 13b90 slot=953 UD1 | UD1 EAX,dword ptr [RAX] | len=4
OpcodeLengths.java> OPLEN 13ba0 slot=954 NONE
OpcodeLengths.java> OPLEN 13bb0 slot=955 BTC | BTC [RAX],AX | len=4
OpcodeLengths.java> OPLEN 13bc0 slot=956 BSF | BSF AX,word ptr [RAX] | len=4
OpcodeLengths.java> OPLEN 13bd0 slot=957 BSR | BSR AX,word ptr [RAX] | len=4
OpcodeLengths.java> OPLEN 13be0 slot=958 MOVSX | MOVSX AX,byte ptr [RAX] | len=4
OpcodeLengths.java> OPLEN 13bf0 slot=959 MOVSX | MOVSX AX,word ptr [RAX] | len=4
OpcodeLengths.java> OPLEN 13c00 slot=960 XADD | XADD byte ptr [RAX],AL | len=4
OpcodeLengths.java> OPLEN 13c10 slot=961 XADD | XADD word ptr [RAX],AX | len=4
OpcodeLengths.java> OPLEN 13c20 slot=962 CMPPD | CMPPD XMM0,xmmword ptr [RAX], 0x90 | len=5
OpcodeLengths.java> OPLEN 13c30 slot=963 NONE
OpcodeLengths.java> OPLEN 13c40 slot=964 PINSRW | PINSRW XMM0,word ptr [RAX],0x90 | len=5
OpcodeLengths.java> OPLEN 13c50 slot=965 PEXTRW | PEXTRW EAX,XMM0,0x90 | len=5
OpcodeLengths.java> OPLEN 13c60 slot=966 SHUFPD | SHUFPD XMM0,xmmword ptr [RAX],0x90 | len=5
OpcodeLengths.java> OPLEN 13c70 slot=967 NONE
OpcodeLengths.java> OPLEN 13c80 slot=968 BSWAP | BSWAP EAX | len=3
OpcodeLengths.java> OPLEN 13c90 slot=969 BSWAP | BSWAP ECX | len=3
OpcodeLengths.java> OPLEN 13ca0 slot=970 BSWAP | BSWAP EDX | len=3
OpcodeLengths.java> OPLEN 13cb0 slot=971 BSWAP | BSWAP EBX | len=3
OpcodeLengths.java> OPLEN 13cc0 slot=972 BSWAP | BSWAP ESP | len=3
OpcodeLengths.java> OPLEN 13cd0 slot=973 BSWAP | BSWAP EBP | len=3
OpcodeLengths.java> OPLEN 13ce0 slot=974 BSWAP | BSWAP ESI | len=3
OpcodeLengths.java> OPLEN 13cf0 slot=975 BSWAP | BSWAP EDI | len=3
OpcodeLengths.java> OPLEN 13d00 slot=976 ADDSUBPD | ADDSUBPD XMM0,xmmword ptr [RAX] | len=4
OpcodeLengths.java> OPLEN 13d10 slot=977 PSRLW | PSRLW XMM0,xmmword ptr [RAX] | len=4
OpcodeLengths.java> OPLEN 13d20 slot=978 PSRLD | PSRLD XMM0,xmmword ptr [RAX] | len=4
OpcodeLengths.java> OPLEN 13d30 slot=979 PSRLQ | PSRLQ XMM0,xmmword ptr [RAX] | len=4
OpcodeLengths.java> OPLEN 13d40 slot=980 PADDQ | PADDQ XMM0,xmmword ptr [RAX] | len=4
OpcodeLengths.java> OPLEN 13d50 slot=981 PMULLW | PMULLW XMM0,xmmword ptr [RAX] | len=4
OpcodeLengths.java> OPLEN 13d60 slot=982 MOVQ | MOVQ qword ptr [RAX],XMM0 | len=4
OpcodeLengths.java> OPLEN 13d70 slot=983 NONE
OpcodeLengths.java> OPLEN 13d80 slot=984 PSUBUSB | PSUBUSB XMM0,xmmword ptr [RAX] | len=4
OpcodeLengths.java> OPLEN 13d90 slot=985 PSUBUSW | PSUBUSW XMM0,xmmword ptr [RAX] | len=4
OpcodeLengths.java> OPLEN 13da0 slot=986 PMINUB | PMINUB XMM0,xmmword ptr [RAX] | len=4
OpcodeLengths.java> OPLEN 13db0 slot=987 PAND | PAND XMM0,xmmword ptr [RAX] | len=4
OpcodeLengths.java> OPLEN 13dc0 slot=988 PADDUSB | PADDUSB XMM0,xmmword ptr [RAX] | len=4
OpcodeLengths.java> OPLEN 13dd0 slot=989 PADDUSW | PADDUSW XMM0,xmmword ptr [RAX] | len=4
OpcodeLengths.java> OPLEN 13de0 slot=990 PMAXUB | PMAXUB XMM0,xmmword ptr [RAX] | len=4
OpcodeLengths.java> OPLEN 13df0 slot=991 PANDN | PANDN XMM0,xmmword ptr [RAX] | len=4
OpcodeLengths.java> OPLEN 13e00 slot=992 PAVGB | PAVGB XMM0,xmmword ptr [RAX] | len=4
OpcodeLengths.java> OPLEN 13e10 slot=993 PSRAW | PSRAW XMM0,xmmword ptr [RAX] | len=4
OpcodeLengths.java> OPLEN 13e20 slot=994 PSRAD | PSRAD XMM0,xmmword ptr [RAX] | len=4
OpcodeLengths.java> OPLEN 13e30 slot=995 PAVGW | PAVGW XMM0,xmmword ptr [RAX] | len=4
OpcodeLengths.java> OPLEN 13e40 slot=996 PMULHUW | PMULHUW XMM0,xmmword ptr [RAX] | len=4
OpcodeLengths.java> OPLEN 13e50 slot=997 PMULHW | PMULHW XMM0,xmmword ptr [RAX] | len=4
OpcodeLengths.java> OPLEN 13e60 slot=998 CVTTPD2DQ | CVTTPD2DQ XMM0,xmmword ptr [RAX] | len=4
OpcodeLengths.java> OPLEN 13e70 slot=999 MOVNTDQ | MOVNTDQ xmmword ptr [RAX],XMM0 | len=4
OpcodeLengths.java> OPLEN 13e80 slot=1000 PSUBSB | PSUBSB XMM0,xmmword ptr [RAX] | len=4
OpcodeLengths.java> OPLEN 13e90 slot=1001 PSUBSW | PSUBSW XMM0,xmmword ptr [RAX] | len=4
OpcodeLengths.java> OPLEN 13ea0 slot=1002 PMINSW | PMINSW XMM0,xmmword ptr [RAX] | len=4
OpcodeLengths.java> OPLEN 13eb0 slot=1003 POR | POR XMM0,xmmword ptr [RAX] | len=4
OpcodeLengths.java> OPLEN 13ec0 slot=1004 PADDSB | PADDSB XMM0,xmmword ptr [RAX] | len=4
OpcodeLengths.java> OPLEN 13ed0 slot=1005 PADDSW | PADDSW XMM0,xmmword ptr [RAX] | len=4
OpcodeLengths.java> OPLEN 13ee0 slot=1006 PMAXSW | PMAXSW XMM0,xmmword ptr [RAX] | len=4
OpcodeLengths.java> OPLEN 13ef0 slot=1007 PXOR | PXOR XMM0,xmmword ptr [RAX] | len=4
OpcodeLengths.java> OPLEN 13f00 slot=1008 NONE
OpcodeLengths.java> OPLEN 13f10 slot=1009 PSLLW | PSLLW XMM0,xmmword ptr [RAX] | len=4
OpcodeLengths.java> OPLEN 13f20 slot=1010 PSLLD | PSLLD XMM0,xmmword ptr [RAX] | len=4
OpcodeLengths.java> OPLEN 13f30 slot=1011 PSLLQ | PSLLQ XMM0,xmmword ptr [RAX] | len=4
OpcodeLengths.java> OPLEN 13f40 slot=1012 PMULUDQ | PMULUDQ XMM0,xmmword ptr [RAX] | len=4
OpcodeLengths.java> OPLEN 13f50 slot=1013 PMADDWD | PMADDWD XMM0,xmmword ptr [RAX] | len=4
OpcodeLengths.java> OPLEN 13f60 slot=1014 PSADBW | PSADBW XMM0,xmmword ptr [RAX] | len=4
OpcodeLengths.java> OPLEN 13f70 slot=1015 MASKMOVDQU | MASKMOVDQU XMM0,XMM0 | len=4
OpcodeLengths.java> OPLEN 13f80 slot=1016 PSUBB | PSUBB XMM0,xmmword ptr [RAX] | len=4
OpcodeLengths.java> OPLEN 13f90 slot=1017 PSUBW | PSUBW XMM0,xmmword ptr [RAX] | len=4
OpcodeLengths.java> OPLEN 13fa0 slot=1018 PSUBD | PSUBD XMM0,xmmword ptr [RAX] | len=4
OpcodeLengths.java> OPLEN 13fb0 slot=1019 PSUBQ | PSUBQ XMM0,xmmword ptr [RAX] | len=4
OpcodeLengths.java> OPLEN 13fc0 slot=1020 PADDB | PADDB XMM0,xmmword ptr [RAX] | len=4
OpcodeLengths.java> OPLEN 13fd0 slot=1021 PADDW | PADDW XMM0,xmmword ptr [RAX] | len=4
OpcodeLengths.java> OPLEN 13fe0 slot=1022 PADDD | PADDD XMM0,xmmword ptr [RAX] | len=4
OpcodeLengths.java> OPLEN 13ff0 slot=1023 UD0 | UD0 EAX,dword ptr [RAX] | len=4
OpcodeLengths.java> OPLEN 14000 slot=1024 SLDT | SLDT word ptr [RAX + -0x6f6f6f70] | len=8
OpcodeLengths.java> OPLEN 14010 slot=1025 SGDT | SGDT qword ptr [RAX + -0x6f6f6f70] | len=8
OpcodeLengths.java> OPLEN 14020 slot=1026 LAR | LAR AX,word ptr [RAX + -0x6f6f6f70] | len=8
OpcodeLengths.java> OPLEN 14030 slot=1027 LSL | LSL AX,word ptr [RAX + -0x6f6f6f70] | len=8
OpcodeLengths.java> OPLEN 14040 slot=1028 NONE
OpcodeLengths.java> OPLEN 14050 slot=1029 SYSCALL | SYSCALL | len=3
OpcodeLengths.java> OPLEN 14060 slot=1030 CLTS | CLTS | len=3
OpcodeLengths.java> OPLEN 14070 slot=1031 SYSRET | SYSRET | len=3
OpcodeLengths.java> OPLEN 14080 slot=1032 INVD | INVD | len=3
OpcodeLengths.java> OPLEN 14090 slot=1033 WBINVD | WBINVD | len=3
OpcodeLengths.java> OPLEN 140a0 slot=1034 NONE
OpcodeLengths.java> OPLEN 140b0 slot=1035 UD2 | UD2 | len=3
OpcodeLengths.java> OPLEN 140c0 slot=1036 NONE
OpcodeLengths.java> OPLEN 140d0 slot=1037 PREFETCH | PREFETCH byte ptr [RAX + -0x6f6f6f70] | len=8
OpcodeLengths.java> OPLEN 140e0 slot=1038 FEMMS | FEMMS | len=3
OpcodeLengths.java> OPLEN 140f0 slot=1039 NONE
OpcodeLengths.java> OPLEN 14100 slot=1040 MOVUPD | MOVUPD XMM0,xmmword ptr [RAX + -0x6f6f6f70] | len=8
OpcodeLengths.java> OPLEN 14110 slot=1041 MOVUPD | MOVUPD xmmword ptr [RAX + -0x6f6f6f70],XMM0 | len=8
OpcodeLengths.java> OPLEN 14120 slot=1042 MOVLPD | MOVLPD XMM0,qword ptr [RAX + -0x6f6f6f70] | len=8
OpcodeLengths.java> OPLEN 14130 slot=1043 MOVLPD | MOVLPD qword ptr [RAX + -0x6f6f6f70],XMM0 | len=8
OpcodeLengths.java> OPLEN 14140 slot=1044 UNPCKLPD | UNPCKLPD XMM0,xmmword ptr [RAX + -0x6f6f6f70] | len=8
OpcodeLengths.java> OPLEN 14150 slot=1045 UNPCKHPD | UNPCKHPD XMM0,xmmword ptr [RAX + -0x6f6f6f70] | len=8
OpcodeLengths.java> OPLEN 14160 slot=1046 MOVHPD | MOVHPD XMM0,qword ptr [RAX + -0x6f6f6f70] | len=8
OpcodeLengths.java> OPLEN 14170 slot=1047 MOVHPD | MOVHPD qword ptr [RAX + -0x6f6f6f70],XMM0 | len=8
OpcodeLengths.java> OPLEN 14180 slot=1048 NOP | NOP word ptr [RAX + -0x6f6f6f70] | len=8
OpcodeLengths.java> OPLEN 14190 slot=1049 NOP | NOP word ptr [RAX + -0x6f6f6f70] | len=8
OpcodeLengths.java> OPLEN 141a0 slot=1050 NOP | NOP word ptr [RAX + -0x6f6f6f70] | len=8
OpcodeLengths.java> OPLEN 141b0 slot=1051 NOP | NOP word ptr [RAX + -0x6f6f6f70] | len=8
OpcodeLengths.java> OPLEN 141c0 slot=1052 NOP | NOP word ptr [RAX + -0x6f6f6f70] | len=8
OpcodeLengths.java> OPLEN 141d0 slot=1053 NOP | NOP word ptr [RAX + -0x6f6f6f70] | len=8
OpcodeLengths.java> OPLEN 141e0 slot=1054 NOP | NOP word ptr [RAX + -0x6f6f6f70] | len=8
OpcodeLengths.java> OPLEN 141f0 slot=1055 NOP | NOP word ptr [RAX + -0x6f6f6f70] | len=8
OpcodeLengths.java> OPLEN 14200 slot=1056 MOV | MOV RAX,CR0 | len=4
OpcodeLengths.java> OPLEN 14210 slot=1057 MOV | MOV RAX,DR0 | len=4
OpcodeLengths.java> OPLEN 14220 slot=1058 MOV | MOV CR0,RAX | len=4
OpcodeLengths.java> OPLEN 14230 slot=1059 NONE
OpcodeLengths.java> OPLEN 14240 slot=1060 NONE
OpcodeLengths.java> OPLEN 14250 slot=1061 NONE
OpcodeLengths.java> OPLEN 14260 slot=1062 NONE
OpcodeLengths.java> OPLEN 14270 slot=1063 NONE
OpcodeLengths.java> OPLEN 14280 slot=1064 MOVAPD | MOVAPD XMM0,xmmword ptr [RAX + -0x6f6f6f70] | len=8
OpcodeLengths.java> OPLEN 14290 slot=1065 MOVAPD | MOVAPD xmmword ptr [RAX + -0x6f6f6f70],XMM0 | len=8
OpcodeLengths.java> OPLEN 142a0 slot=1066 CVTPI2PD | CVTPI2PD XMM0,qword ptr [RAX + -0x6f6f6f70] | len=8
OpcodeLengths.java> OPLEN 142b0 slot=1067 MOVNTPD | MOVNTPD xmmword ptr [RAX + -0x6f6f6f70],XMM0 | len=8
OpcodeLengths.java> OPLEN 142c0 slot=1068 CVTTPD2PI | CVTTPD2PI MM0,xmmword ptr [RAX + -0x6f6f6f70] | len=8
OpcodeLengths.java> OPLEN 142d0 slot=1069 CVTPD2PI | CVTPD2PI MM0,xmmword ptr [RAX + -0x6f6f6f70] | len=8
OpcodeLengths.java> OPLEN 142e0 slot=1070 UCOMISD | UCOMISD XMM0,qword ptr [RAX + -0x6f6f6f70] | len=8
OpcodeLengths.java> OPLEN 142f0 slot=1071 COMISD | COMISD XMM0,qword ptr [RAX + -0x6f6f6f70] | len=8
OpcodeLengths.java> OPLEN 14300 slot=1072 WRMSR | WRMSR | len=3
OpcodeLengths.java> OPLEN 14310 slot=1073 RDTSC | RDTSC | len=3
OpcodeLengths.java> OPLEN 14320 slot=1074 RDMSR | RDMSR | len=3
OpcodeLengths.java> OPLEN 14330 slot=1075 RDPMC | RDPMC | len=3
OpcodeLengths.java> OPLEN 14340 slot=1076 SYSENTER | SYSENTER | len=3
OpcodeLengths.java> OPLEN 14350 slot=1077 NONE
OpcodeLengths.java> OPLEN 14360 slot=1078 NONE
OpcodeLengths.java> OPLEN 14370 slot=1079 GETSEC | GETSEC | len=3
OpcodeLengths.java> OPLEN 14380 slot=1080 INVEPT | INVEPT RDX,xmmword ptr [RAX + -0x6f6f6f70] | len=9
OpcodeLengths.java> OPLEN 14390 slot=1081 NONE
OpcodeLengths.java> OPLEN 143a0 slot=1082 NONE
OpcodeLengths.java> OPLEN 143b0 slot=1083 NONE
OpcodeLengths.java> OPLEN 143c0 slot=1084 NONE
OpcodeLengths.java> OPLEN 143d0 slot=1085 NONE
OpcodeLengths.java> OPLEN 143e0 slot=1086 NONE
OpcodeLengths.java> OPLEN 143f0 slot=1087 NONE
OpcodeLengths.java> OPLEN 14400 slot=1088 CMOVO | CMOVO AX,word ptr [RAX + -0x6f6f6f70] | len=8
OpcodeLengths.java> OPLEN 14410 slot=1089 CMOVNO | CMOVNO AX,word ptr [RAX + -0x6f6f6f70] | len=8
OpcodeLengths.java> OPLEN 14420 slot=1090 CMOVC | CMOVC AX,word ptr [RAX + -0x6f6f6f70] | len=8
OpcodeLengths.java> OPLEN 14430 slot=1091 CMOVNC | CMOVNC AX,word ptr [RAX + -0x6f6f6f70] | len=8
OpcodeLengths.java> OPLEN 14440 slot=1092 CMOVZ | CMOVZ AX,word ptr [RAX + -0x6f6f6f70] | len=8
OpcodeLengths.java> OPLEN 14450 slot=1093 CMOVNZ | CMOVNZ AX,word ptr [RAX + -0x6f6f6f70] | len=8
OpcodeLengths.java> OPLEN 14460 slot=1094 CMOVBE | CMOVBE AX,word ptr [RAX + -0x6f6f6f70] | len=8
OpcodeLengths.java> OPLEN 14470 slot=1095 CMOVA | CMOVA AX,word ptr [RAX + -0x6f6f6f70] | len=8
OpcodeLengths.java> OPLEN 14480 slot=1096 CMOVS | CMOVS AX,word ptr [RAX + -0x6f6f6f70] | len=8
OpcodeLengths.java> OPLEN 14490 slot=1097 CMOVNS | CMOVNS AX,word ptr [RAX + -0x6f6f6f70] | len=8
OpcodeLengths.java> OPLEN 144a0 slot=1098 CMOVP | CMOVP AX,word ptr [RAX + -0x6f6f6f70] | len=8
OpcodeLengths.java> OPLEN 144b0 slot=1099 CMOVNP | CMOVNP AX,word ptr [RAX + -0x6f6f6f70] | len=8
OpcodeLengths.java> OPLEN 144c0 slot=1100 CMOVL | CMOVL AX,word ptr [RAX + -0x6f6f6f70] | len=8
OpcodeLengths.java> OPLEN 144d0 slot=1101 CMOVGE | CMOVGE AX,word ptr [RAX + -0x6f6f6f70] | len=8
OpcodeLengths.java> OPLEN 144e0 slot=1102 CMOVLE | CMOVLE AX,word ptr [RAX + -0x6f6f6f70] | len=8
OpcodeLengths.java> OPLEN 144f0 slot=1103 CMOVG | CMOVG AX,word ptr [RAX + -0x6f6f6f70] | len=8
OpcodeLengths.java> OPLEN 14500 slot=1104 MOVMSKPD | MOVMSKPD EAX,XMM0 | len=4
OpcodeLengths.java> OPLEN 14510 slot=1105 SQRTPD | SQRTPD XMM0,xmmword ptr [RAX + -0x6f6f6f70] | len=8
OpcodeLengths.java> OPLEN 14520 slot=1106 NONE
OpcodeLengths.java> OPLEN 14530 slot=1107 NONE
OpcodeLengths.java> OPLEN 14540 slot=1108 ANDPD | ANDPD XMM0,xmmword ptr [RAX + -0x6f6f6f70] | len=8
OpcodeLengths.java> OPLEN 14550 slot=1109 ANDNPD | ANDNPD XMM0,xmmword ptr [RAX + -0x6f6f6f70] | len=8
OpcodeLengths.java> OPLEN 14560 slot=1110 ORPD | ORPD XMM0,xmmword ptr [RAX + -0x6f6f6f70] | len=8
OpcodeLengths.java> OPLEN 14570 slot=1111 XORPD | XORPD XMM0,xmmword ptr [RAX + -0x6f6f6f70] | len=8
OpcodeLengths.java> OPLEN 14580 slot=1112 ADDPD | ADDPD XMM0,xmmword ptr [RAX + -0x6f6f6f70] | len=8
OpcodeLengths.java> OPLEN 14590 slot=1113 MULPD | MULPD XMM0,xmmword ptr [RAX + -0x6f6f6f70] | len=8
OpcodeLengths.java> OPLEN 145a0 slot=1114 CVTPD2PS | CVTPD2PS XMM0,xmmword ptr [RAX + -0x6f6f6f70] | len=8
OpcodeLengths.java> OPLEN 145b0 slot=1115 CVTPS2DQ | CVTPS2DQ XMM0,xmmword ptr [RAX + -0x6f6f6f70] | len=8
OpcodeLengths.java> OPLEN 145c0 slot=1116 SUBPD | SUBPD XMM0,xmmword ptr [RAX + -0x6f6f6f70] | len=8
OpcodeLengths.java> OPLEN 145d0 slot=1117 MINPD | MINPD XMM0,xmmword ptr [RAX + -0x6f6f6f70] | len=8
OpcodeLengths.java> OPLEN 145e0 slot=1118 DIVPD | DIVPD XMM0,xmmword ptr [RAX + -0x6f6f6f70] | len=8
OpcodeLengths.java> OPLEN 145f0 slot=1119 MAXPD | MAXPD XMM0,xmmword ptr [RAX + -0x6f6f6f70] | len=8
OpcodeLengths.java> OPLEN 14600 slot=1120 PUNPCKLBW | PUNPCKLBW XMM0,xmmword ptr [RAX + -0x6f6f6f70] | len=8
OpcodeLengths.java> OPLEN 14610 slot=1121 PUNPCKLWD | PUNPCKLWD XMM0,xmmword ptr [RAX + -0x6f6f6f70] | len=8
OpcodeLengths.java> OPLEN 14620 slot=1122 PUNPCKLDQ | PUNPCKLDQ XMM0,xmmword ptr [RAX + -0x6f6f6f70] | len=8
OpcodeLengths.java> OPLEN 14630 slot=1123 PACKSSWB | PACKSSWB XMM0,xmmword ptr [RAX + -0x6f6f6f70] | len=8
OpcodeLengths.java> OPLEN 14640 slot=1124 PCMPGTB | PCMPGTB XMM0,xmmword ptr [RAX + -0x6f6f6f70] | len=8
OpcodeLengths.java> OPLEN 14650 slot=1125 PCMPGTW | PCMPGTW XMM0,xmmword ptr [RAX + -0x6f6f6f70] | len=8
OpcodeLengths.java> OPLEN 14660 slot=1126 PCMPGTD | PCMPGTD XMM0,xmmword ptr [RAX + -0x6f6f6f70] | len=8
OpcodeLengths.java> OPLEN 14670 slot=1127 PACKUSWB | PACKUSWB XMM0,xmmword ptr [RAX + -0x6f6f6f70] | len=8
OpcodeLengths.java> OPLEN 14680 slot=1128 PUNPCKHBW | PUNPCKHBW XMM0,xmmword ptr [RAX + -0x6f6f6f70] | len=8
OpcodeLengths.java> OPLEN 14690 slot=1129 PUNPCKHWD | PUNPCKHWD XMM0,xmmword ptr [RAX + -0x6f6f6f70] | len=8
OpcodeLengths.java> OPLEN 146a0 slot=1130 PUNPCKHDQ | PUNPCKHDQ XMM0,xmmword ptr [RAX + -0x6f6f6f70] | len=8
OpcodeLengths.java> OPLEN 146b0 slot=1131 PACKSSDW | PACKSSDW XMM0,xmmword ptr [RAX + -0x6f6f6f70] | len=8
OpcodeLengths.java> OPLEN 146c0 slot=1132 PUNPCKLQDQ | PUNPCKLQDQ XMM0,xmmword ptr [RAX + -0x6f6f6f70] | len=8
OpcodeLengths.java> OPLEN 146d0 slot=1133 PUNPCKHQDQ | PUNPCKHQDQ XMM0,xmmword ptr [RAX + -0x6f6f6f70] | len=8
OpcodeLengths.java> OPLEN 146e0 slot=1134 MOVD | MOVD XMM0,dword ptr [RAX + -0x6f6f6f70] | len=8
OpcodeLengths.java> OPLEN 146f0 slot=1135 MOVDQA | MOVDQA XMM0,xmmword ptr [RAX + -0x6f6f6f70] | len=8
OpcodeLengths.java> OPLEN 14700 slot=1136 PSHUFD | PSHUFD XMM0,xmmword ptr [RAX + -0x6f6f6f70],0x90 | len=9
OpcodeLengths.java> OPLEN 14710 slot=1137 NONE
OpcodeLengths.java> OPLEN 14720 slot=1138 NONE
OpcodeLengths.java> OPLEN 14730 slot=1139 NONE
OpcodeLengths.java> OPLEN 14740 slot=1140 PCMPEQB | PCMPEQB XMM0,xmmword ptr [RAX + -0x6f6f6f70] | len=8
OpcodeLengths.java> OPLEN 14750 slot=1141 PCMPEQW | PCMPEQW XMM0,xmmword ptr [RAX + -0x6f6f6f70] | len=8
OpcodeLengths.java> OPLEN 14760 slot=1142 PCMPEQD | PCMPEQD XMM0,xmmword ptr [RAX + -0x6f6f6f70] | len=8
OpcodeLengths.java> OPLEN 14770 slot=1143 EMMS | EMMS | len=3
OpcodeLengths.java> OPLEN 14780 slot=1144 EXTRQ | EXTRQ XMM0,0x10,0x10 | len=6
OpcodeLengths.java> OPLEN 14790 slot=1145 EXTRQ | EXTRQ XMM0,XMM0 | len=4
OpcodeLengths.java> OPLEN 147a0 slot=1146 NONE
OpcodeLengths.java> OPLEN 147b0 slot=1147 NONE
OpcodeLengths.java> OPLEN 147c0 slot=1148 HADDPD | HADDPD XMM0,xmmword ptr [RAX + -0x6f6f6f70] | len=8
OpcodeLengths.java> OPLEN 147d0 slot=1149 HSUBPD | HSUBPD XMM0,xmmword ptr [RAX + -0x6f6f6f70] | len=8
OpcodeLengths.java> OPLEN 147e0 slot=1150 MOVD | MOVD dword ptr [RAX + -0x6f6f6f70],XMM0 | len=8
OpcodeLengths.java> OPLEN 147f0 slot=1151 MOVDQA | MOVDQA xmmword ptr [RAX + -0x6f6f6f70],XMM0 | len=8
OpcodeLengths.java> OPLEN 14800 slot=1152 NONE
OpcodeLengths.java> OPLEN 14810 slot=1153 NONE
OpcodeLengths.java> OPLEN 14820 slot=1154 NONE
OpcodeLengths.java> OPLEN 14830 slot=1155 NONE
OpcodeLengths.java> OPLEN 14840 slot=1156 NONE
OpcodeLengths.java> OPLEN 14850 slot=1157 NONE
OpcodeLengths.java> OPLEN 14860 slot=1158 NONE
OpcodeLengths.java> OPLEN 14870 slot=1159 NONE
OpcodeLengths.java> OPLEN 14880 slot=1160 NONE
OpcodeLengths.java> OPLEN 14890 slot=1161 NONE
OpcodeLengths.java> OPLEN 148a0 slot=1162 NONE
OpcodeLengths.java> OPLEN 148b0 slot=1163 NONE
OpcodeLengths.java> OPLEN 148c0 slot=1164 NONE
OpcodeLengths.java> OPLEN 148d0 slot=1165 NONE
OpcodeLengths.java> OPLEN 148e0 slot=1166 NONE
OpcodeLengths.java> OPLEN 148f0 slot=1167 NONE
OpcodeLengths.java> OPLEN 14900 slot=1168 SETO | SETO byte ptr [RAX + -0x6f6f6f70] | len=8
OpcodeLengths.java> OPLEN 14910 slot=1169 SETNO | SETNO byte ptr [RAX + -0x6f6f6f70] | len=8
OpcodeLengths.java> OPLEN 14920 slot=1170 SETC | SETC byte ptr [RAX + -0x6f6f6f70] | len=8
OpcodeLengths.java> OPLEN 14930 slot=1171 SETNC | SETNC byte ptr [RAX + -0x6f6f6f70] | len=8
OpcodeLengths.java> OPLEN 14940 slot=1172 SETZ | SETZ byte ptr [RAX + -0x6f6f6f70] | len=8
OpcodeLengths.java> OPLEN 14950 slot=1173 SETNZ | SETNZ byte ptr [RAX + -0x6f6f6f70] | len=8
OpcodeLengths.java> OPLEN 14960 slot=1174 SETBE | SETBE byte ptr [RAX + -0x6f6f6f70] | len=8
OpcodeLengths.java> OPLEN 14970 slot=1175 SETA | SETA byte ptr [RAX + -0x6f6f6f70] | len=8
OpcodeLengths.java> OPLEN 14980 slot=1176 SETS | SETS byte ptr [RAX + -0x6f6f6f70] | len=8
OpcodeLengths.java> OPLEN 14990 slot=1177 SETNS | SETNS byte ptr [RAX + -0x6f6f6f70] | len=8
OpcodeLengths.java> OPLEN 149a0 slot=1178 SETP | SETP byte ptr [RAX + -0x6f6f6f70] | len=8
OpcodeLengths.java> OPLEN 149b0 slot=1179 SETNP | SETNP byte ptr [RAX + -0x6f6f6f70] | len=8
OpcodeLengths.java> OPLEN 149c0 slot=1180 SETL | SETL byte ptr [RAX + -0x6f6f6f70] | len=8
OpcodeLengths.java> OPLEN 149d0 slot=1181 SETGE | SETGE byte ptr [RAX + -0x6f6f6f70] | len=8
OpcodeLengths.java> OPLEN 149e0 slot=1182 SETLE | SETLE byte ptr [RAX + -0x6f6f6f70] | len=8
OpcodeLengths.java> OPLEN 149f0 slot=1183 SETG | SETG byte ptr [RAX + -0x6f6f6f70] | len=8
OpcodeLengths.java> OPLEN 14a00 slot=1184 PUSH | PUSH FS | len=3
OpcodeLengths.java> OPLEN 14a10 slot=1185 POP | POP FS | len=3
OpcodeLengths.java> OPLEN 14a20 slot=1186 CPUID | CPUID | len=3
OpcodeLengths.java> OPLEN 14a30 slot=1187 BT | BT [RAX + -0x6f6f6f70],AX | len=8
OpcodeLengths.java> OPLEN 14a40 slot=1188 SHLD | SHLD word ptr [RAX + -0x6f6f6f70],AX,0x90 | len=9
OpcodeLengths.java> OPLEN 14a50 slot=1189 SHLD | SHLD word ptr [RAX + -0x6f6f6f70],AX,CL | len=8
OpcodeLengths.java> OPLEN 14a60 slot=1190 NONE
OpcodeLengths.java> OPLEN 14a70 slot=1191 NONE
OpcodeLengths.java> OPLEN 14a80 slot=1192 PUSH | PUSH GS | len=3
OpcodeLengths.java> OPLEN 14a90 slot=1193 POP | POP GS | len=3
OpcodeLengths.java> OPLEN 14aa0 slot=1194 RSM | RSM | len=3
OpcodeLengths.java> OPLEN 14ab0 slot=1195 BTS | BTS [RAX + -0x6f6f6f70],AX | len=8
OpcodeLengths.java> OPLEN 14ac0 slot=1196 SHRD | SHRD word ptr [RAX + -0x6f6f6f70],AX,0x90 | len=9
OpcodeLengths.java> OPLEN 14ad0 slot=1197 SHRD | SHRD word ptr [RAX + -0x6f6f6f70],AX,CL | len=8
OpcodeLengths.java> OPLEN 14ae0 slot=1198 FXSAVE | FXSAVE [RAX + -0x6f6f6f70] | len=8
OpcodeLengths.java> OPLEN 14af0 slot=1199 IMUL | IMUL AX,word ptr [RAX + -0x6f6f6f70] | len=8
OpcodeLengths.java> OPLEN 14b00 slot=1200 CMPXCHG | CMPXCHG byte ptr [RAX + -0x6f6f6f70],AL | len=8
OpcodeLengths.java> OPLEN 14b10 slot=1201 CMPXCHG | CMPXCHG word ptr [RAX + -0x6f6f6f70],AX | len=8
OpcodeLengths.java> OPLEN 14b20 slot=1202 LSS | LSS AX,[RAX + -0x6f6f6f70] | len=8
OpcodeLengths.java> OPLEN 14b30 slot=1203 BTR | BTR [RAX + -0x6f6f6f70],AX | len=8
OpcodeLengths.java> OPLEN 14b40 slot=1204 LFS | LFS AX,[RAX + -0x6f6f6f70] | len=8
OpcodeLengths.java> OPLEN 14b50 slot=1205 LGS | LGS AX,[RAX + -0x6f6f6f70] | len=8
OpcodeLengths.java> OPLEN 14b60 slot=1206 MOVZX | MOVZX AX,byte ptr [RAX + -0x6f6f6f70] | len=8
OpcodeLengths.java> OPLEN 14b70 slot=1207 MOVZX | MOVZX AX,word ptr [RAX + -0x6f6f6f70] | len=8
OpcodeLengths.java> OPLEN 14b80 slot=1208 NONE
OpcodeLengths.java> OPLEN 14b90 slot=1209 UD1 | UD1 EAX,dword ptr [RAX + -0x6f6f6f70] | len=8
OpcodeLengths.java> OPLEN 14ba0 slot=1210 NONE
OpcodeLengths.java> OPLEN 14bb0 slot=1211 BTC | BTC [RAX + -0x6f6f6f70],AX | len=8
OpcodeLengths.java> OPLEN 14bc0 slot=1212 BSF | BSF AX,word ptr [RAX + -0x6f6f6f70] | len=8
OpcodeLengths.java> OPLEN 14bd0 slot=1213 BSR | BSR AX,word ptr [RAX + -0x6f6f6f70] | len=8
OpcodeLengths.java> OPLEN 14be0 slot=1214 MOVSX | MOVSX AX,byte ptr [RAX + -0x6f6f6f70] | len=8
OpcodeLengths.java> OPLEN 14bf0 slot=1215 MOVSX | MOVSX AX,word ptr [RAX + -0x6f6f6f70] | len=8
OpcodeLengths.java> OPLEN 14c00 slot=1216 XADD | XADD byte ptr [RAX + -0x6f6f6f70],AL | len=8
OpcodeLengths.java> OPLEN 14c10 slot=1217 XADD | XADD word ptr [RAX + -0x6f6f6f70],AX | len=8
OpcodeLengths.java> OPLEN 14c20 slot=1218 CMPPD | CMPPD XMM0,xmmword ptr [RAX + -0x6f6f6f70], 0x90 | len=9
OpcodeLengths.java> OPLEN 14c30 slot=1219 NONE
OpcodeLengths.java> OPLEN 14c40 slot=1220 PINSRW | PINSRW XMM0,word ptr [RAX + -0x6f6f6f70],0x90 | len=9
OpcodeLengths.java> OPLEN 14c50 slot=1221 PEXTRW | PEXTRW EAX,XMM0,0x90 | len=5
OpcodeLengths.java> OPLEN 14c60 slot=1222 SHUFPD | SHUFPD XMM0,xmmword ptr [RAX + -0x6f6f6f70],0x90 | len=9
OpcodeLengths.java> OPLEN 14c70 slot=1223 NONE
OpcodeLengths.java> OPLEN 14c80 slot=1224 BSWAP | BSWAP EAX | len=3
OpcodeLengths.java> OPLEN 14c90 slot=1225 BSWAP | BSWAP ECX | len=3
OpcodeLengths.java> OPLEN 14ca0 slot=1226 BSWAP | BSWAP EDX | len=3
OpcodeLengths.java> OPLEN 14cb0 slot=1227 BSWAP | BSWAP EBX | len=3
OpcodeLengths.java> OPLEN 14cc0 slot=1228 BSWAP | BSWAP ESP | len=3
OpcodeLengths.java> OPLEN 14cd0 slot=1229 BSWAP | BSWAP EBP | len=3
OpcodeLengths.java> OPLEN 14ce0 slot=1230 BSWAP | BSWAP ESI | len=3
OpcodeLengths.java> OPLEN 14cf0 slot=1231 BSWAP | BSWAP EDI | len=3
OpcodeLengths.java> OPLEN 14d00 slot=1232 ADDSUBPD | ADDSUBPD XMM0,xmmword ptr [RAX + -0x6f6f6f70] | len=8
OpcodeLengths.java> OPLEN 14d10 slot=1233 PSRLW | PSRLW XMM0,xmmword ptr [RAX + -0x6f6f6f70] | len=8
OpcodeLengths.java> OPLEN 14d20 slot=1234 PSRLD | PSRLD XMM0,xmmword ptr [RAX + -0x6f6f6f70] | len=8
OpcodeLengths.java> OPLEN 14d30 slot=1235 PSRLQ | PSRLQ XMM0,xmmword ptr [RAX + -0x6f6f6f70] | len=8
OpcodeLengths.java> OPLEN 14d40 slot=1236 PADDQ | PADDQ XMM0,xmmword ptr [RAX + -0x6f6f6f70] | len=8
OpcodeLengths.java> OPLEN 14d50 slot=1237 PMULLW | PMULLW XMM0,xmmword ptr [RAX + -0x6f6f6f70] | len=8
OpcodeLengths.java> OPLEN 14d60 slot=1238 MOVQ | MOVQ qword ptr [RAX + -0x6f6f6f70],XMM0 | len=8
OpcodeLengths.java> OPLEN 14d70 slot=1239 NONE
OpcodeLengths.java> OPLEN 14d80 slot=1240 PSUBUSB | PSUBUSB XMM0,xmmword ptr [RAX + -0x6f6f6f70] | len=8
OpcodeLengths.java> OPLEN 14d90 slot=1241 PSUBUSW | PSUBUSW XMM0,xmmword ptr [RAX + -0x6f6f6f70] | len=8
OpcodeLengths.java> OPLEN 14da0 slot=1242 PMINUB | PMINUB XMM0,xmmword ptr [RAX + -0x6f6f6f70] | len=8
OpcodeLengths.java> OPLEN 14db0 slot=1243 PAND | PAND XMM0,xmmword ptr [RAX + -0x6f6f6f70] | len=8
OpcodeLengths.java> OPLEN 14dc0 slot=1244 PADDUSB | PADDUSB XMM0,xmmword ptr [RAX + -0x6f6f6f70] | len=8
OpcodeLengths.java> OPLEN 14dd0 slot=1245 PADDUSW | PADDUSW XMM0,xmmword ptr [RAX + -0x6f6f6f70] | len=8
OpcodeLengths.java> OPLEN 14de0 slot=1246 PMAXUB | PMAXUB XMM0,xmmword ptr [RAX + -0x6f6f6f70] | len=8
OpcodeLengths.java> OPLEN 14df0 slot=1247 PANDN | PANDN XMM0,xmmword ptr [RAX + -0x6f6f6f70] | len=8
OpcodeLengths.java> OPLEN 14e00 slot=1248 PAVGB | PAVGB XMM0,xmmword ptr [RAX + -0x6f6f6f70] | len=8
OpcodeLengths.java> OPLEN 14e10 slot=1249 PSRAW | PSRAW XMM0,xmmword ptr [RAX + -0x6f6f6f70] | len=8
OpcodeLengths.java> OPLEN 14e20 slot=1250 PSRAD | PSRAD XMM0,xmmword ptr [RAX + -0x6f6f6f70] | len=8
OpcodeLengths.java> OPLEN 14e30 slot=1251 PAVGW | PAVGW XMM0,xmmword ptr [RAX + -0x6f6f6f70] | len=8
OpcodeLengths.java> OPLEN 14e40 slot=1252 PMULHUW | PMULHUW XMM0,xmmword ptr [RAX + -0x6f6f6f70] | len=8
OpcodeLengths.java> OPLEN 14e50 slot=1253 PMULHW | PMULHW XMM0,xmmword ptr [RAX + -0x6f6f6f70] | len=8
OpcodeLengths.java> OPLEN 14e60 slot=1254 CVTTPD2DQ | CVTTPD2DQ XMM0,xmmword ptr [RAX + -0x6f6f6f70] | len=8
OpcodeLengths.java> OPLEN 14e70 slot=1255 MOVNTDQ | MOVNTDQ xmmword ptr [RAX + -0x6f6f6f70],XMM0 | len=8
OpcodeLengths.java> OPLEN 14e80 slot=1256 PSUBSB | PSUBSB XMM0,xmmword ptr [RAX + -0x6f6f6f70] | len=8
OpcodeLengths.java> OPLEN 14e90 slot=1257 PSUBSW | PSUBSW XMM0,xmmword ptr [RAX + -0x6f6f6f70] | len=8
OpcodeLengths.java> OPLEN 14ea0 slot=1258 PMINSW | PMINSW XMM0,xmmword ptr [RAX + -0x6f6f6f70] | len=8
OpcodeLengths.java> OPLEN 14eb0 slot=1259 POR | POR XMM0,xmmword ptr [RAX + -0x6f6f6f70] | len=8
OpcodeLengths.java> OPLEN 14ec0 slot=1260 PADDSB | PADDSB XMM0,xmmword ptr [RAX + -0x6f6f6f70] | len=8
OpcodeLengths.java> OPLEN 14ed0 slot=1261 PADDSW | PADDSW XMM0,xmmword ptr [RAX + -0x6f6f6f70] | len=8
OpcodeLengths.java> OPLEN 14ee0 slot=1262 PMAXSW | PMAXSW XMM0,xmmword ptr [RAX + -0x6f6f6f70] | len=8
OpcodeLengths.java> OPLEN 14ef0 slot=1263 PXOR | PXOR XMM0,xmmword ptr [RAX + -0x6f6f6f70] | len=8
OpcodeLengths.java> OPLEN 14f00 slot=1264 NONE
OpcodeLengths.java> OPLEN 14f10 slot=1265 PSLLW | PSLLW XMM0,xmmword ptr [RAX + -0x6f6f6f70] | len=8
OpcodeLengths.java> OPLEN 14f20 slot=1266 PSLLD | PSLLD XMM0,xmmword ptr [RAX + -0x6f6f6f70] | len=8
OpcodeLengths.java> OPLEN 14f30 slot=1267 PSLLQ | PSLLQ XMM0,xmmword ptr [RAX + -0x6f6f6f70] | len=8
OpcodeLengths.java> OPLEN 14f40 slot=1268 PMULUDQ | PMULUDQ XMM0,xmmword ptr [RAX + -0x6f6f6f70] | len=8
OpcodeLengths.java> OPLEN 14f50 slot=1269 PMADDWD | PMADDWD XMM0,xmmword ptr [RAX + -0x6f6f6f70] | len=8
OpcodeLengths.java> OPLEN 14f60 slot=1270 PSADBW | PSADBW XMM0,xmmword ptr [RAX + -0x6f6f6f70] | len=8
OpcodeLengths.java> OPLEN 14f70 slot=1271 MASKMOVDQU | MASKMOVDQU XMM0,XMM0 | len=4
OpcodeLengths.java> OPLEN 14f80 slot=1272 PSUBB | PSUBB XMM0,xmmword ptr [RAX + -0x6f6f6f70] | len=8
OpcodeLengths.java> OPLEN 14f90 slot=1273 PSUBW | PSUBW XMM0,xmmword ptr [RAX + -0x6f6f6f70] | len=8
OpcodeLengths.java> OPLEN 14fa0 slot=1274 PSUBD | PSUBD XMM0,xmmword ptr [RAX + -0x6f6f6f70] | len=8
OpcodeLengths.java> OPLEN 14fb0 slot=1275 PSUBQ | PSUBQ XMM0,xmmword ptr [RAX + -0x6f6f6f70] | len=8
OpcodeLengths.java> OPLEN 14fc0 slot=1276 PADDB | PADDB XMM0,xmmword ptr [RAX + -0x6f6f6f70] | len=8
OpcodeLengths.java> OPLEN 14fd0 slot=1277 PADDW | PADDW XMM0,xmmword ptr [RAX + -0x6f6f6f70] | len=8
OpcodeLengths.java> OPLEN 14fe0 slot=1278 PADDD | PADDD XMM0,xmmword ptr [RAX + -0x6f6f6f70] | len=8
OpcodeLengths.java> OPLEN 14ff0 slot=1279 UD0 | UD0 EAX,dword ptr [RAX + -0x6f6f6f70] | len=8
OpcodeLengths.java> OPLEN 15000 slot=1280 SLDT | SLDT AX | len=4
OpcodeLengths.java> OPLEN 15010 slot=1281 NONE
OpcodeLengths.java> OPLEN 15020 slot=1282 LAR | LAR AX,AX | len=4
OpcodeLengths.java> OPLEN 15030 slot=1283 LSL | LSL AX,AX | len=4
OpcodeLengths.java> OPLEN 15040 slot=1284 NONE
OpcodeLengths.java> OPLEN 15050 slot=1285 SYSCALL | SYSCALL | len=3
OpcodeLengths.java> OPLEN 15060 slot=1286 CLTS | CLTS | len=3
OpcodeLengths.java> OPLEN 15070 slot=1287 SYSRET | SYSRET | len=3
OpcodeLengths.java> OPLEN 15080 slot=1288 INVD | INVD | len=3
OpcodeLengths.java> OPLEN 15090 slot=1289 WBINVD | WBINVD | len=3
OpcodeLengths.java> OPLEN 150a0 slot=1290 NONE
OpcodeLengths.java> OPLEN 150b0 slot=1291 UD2 | UD2 | len=3
OpcodeLengths.java> OPLEN 150c0 slot=1292 NONE
OpcodeLengths.java> OPLEN 150d0 slot=1293 NONE
OpcodeLengths.java> OPLEN 150e0 slot=1294 FEMMS | FEMMS | len=3
OpcodeLengths.java> OPLEN 150f0 slot=1295 NONE
OpcodeLengths.java> OPLEN 15100 slot=1296 MOVUPD | MOVUPD XMM0,XMM0 | len=4
OpcodeLengths.java> OPLEN 15110 slot=1297 MOVUPD | MOVUPD XMM0,XMM0 | len=4
OpcodeLengths.java> OPLEN 15120 slot=1298 NONE
OpcodeLengths.java> OPLEN 15130 slot=1299 NONE
OpcodeLengths.java> OPLEN 15140 slot=1300 UNPCKLPD | UNPCKLPD XMM0,XMM0 | len=4
OpcodeLengths.java> OPLEN 15150 slot=1301 UNPCKHPD | UNPCKHPD XMM0,XMM0 | len=4
OpcodeLengths.java> OPLEN 15160 slot=1302 NONE
OpcodeLengths.java> OPLEN 15170 slot=1303 NONE
OpcodeLengths.java> OPLEN 15180 slot=1304 NOP | NOP AX | len=4
OpcodeLengths.java> OPLEN 15190 slot=1305 NOP | NOP AX | len=4
OpcodeLengths.java> OPLEN 151a0 slot=1306 NOP | NOP AX | len=4
OpcodeLengths.java> OPLEN 151b0 slot=1307 NOP | NOP AX | len=4
OpcodeLengths.java> OPLEN 151c0 slot=1308 NOP | NOP AX | len=4
OpcodeLengths.java> OPLEN 151d0 slot=1309 NOP | NOP AX | len=4
OpcodeLengths.java> OPLEN 151e0 slot=1310 NOP | NOP AX | len=4
OpcodeLengths.java> OPLEN 151f0 slot=1311 NOP | NOP AX | len=4
OpcodeLengths.java> OPLEN 15200 slot=1312 MOV | MOV RAX,CR0 | len=4
OpcodeLengths.java> OPLEN 15210 slot=1313 MOV | MOV RAX,DR0 | len=4
OpcodeLengths.java> OPLEN 15220 slot=1314 MOV | MOV CR0,RAX | len=4
OpcodeLengths.java> OPLEN 15230 slot=1315 MOV | MOV DR0,RAX | len=4
OpcodeLengths.java> OPLEN 15240 slot=1316 NONE
OpcodeLengths.java> OPLEN 15250 slot=1317 NONE
OpcodeLengths.java> OPLEN 15260 slot=1318 NONE
OpcodeLengths.java> OPLEN 15270 slot=1319 NONE
OpcodeLengths.java> OPLEN 15280 slot=1320 MOVAPD | MOVAPD XMM0,XMM0 | len=4
OpcodeLengths.java> OPLEN 15290 slot=1321 MOVAPD | MOVAPD XMM0,XMM0 | len=4
OpcodeLengths.java> OPLEN 152a0 slot=1322 CVTPI2PD | CVTPI2PD XMM0,MM0 | len=4
OpcodeLengths.java> OPLEN 152b0 slot=1323 NONE
OpcodeLengths.java> OPLEN 152c0 slot=1324 CVTTPD2PI | CVTTPD2PI MM0,XMM0 | len=4
OpcodeLengths.java> OPLEN 152d0 slot=1325 CVTPD2PI | CVTPD2PI MM0,XMM0 | len=4
OpcodeLengths.java> OPLEN 152e0 slot=1326 UCOMISD | UCOMISD XMM0,XMM0 | len=4
OpcodeLengths.java> OPLEN 152f0 slot=1327 COMISD | COMISD XMM0,XMM0 | len=4
OpcodeLengths.java> OPLEN 15300 slot=1328 WRMSR | WRMSR | len=3
OpcodeLengths.java> OPLEN 15310 slot=1329 RDTSC | RDTSC | len=3
OpcodeLengths.java> OPLEN 15320 slot=1330 RDMSR | RDMSR | len=3
OpcodeLengths.java> OPLEN 15330 slot=1331 RDPMC | RDPMC | len=3
OpcodeLengths.java> OPLEN 15340 slot=1332 SYSENTER | SYSENTER | len=3
OpcodeLengths.java> OPLEN 15350 slot=1333 NONE
OpcodeLengths.java> OPLEN 15360 slot=1334 NONE
OpcodeLengths.java> OPLEN 15370 slot=1335 GETSEC | GETSEC | len=3
OpcodeLengths.java> OPLEN 15380 slot=1336 NONE
OpcodeLengths.java> OPLEN 15390 slot=1337 NONE
OpcodeLengths.java> OPLEN 153a0 slot=1338 NONE
OpcodeLengths.java> OPLEN 153b0 slot=1339 NONE
OpcodeLengths.java> OPLEN 153c0 slot=1340 NONE
OpcodeLengths.java> OPLEN 153d0 slot=1341 NONE
OpcodeLengths.java> OPLEN 153e0 slot=1342 NONE
OpcodeLengths.java> OPLEN 153f0 slot=1343 NONE
OpcodeLengths.java> OPLEN 15400 slot=1344 CMOVO | CMOVO AX,AX | len=4
OpcodeLengths.java> OPLEN 15410 slot=1345 CMOVNO | CMOVNO AX,AX | len=4
OpcodeLengths.java> OPLEN 15420 slot=1346 CMOVC | CMOVC AX,AX | len=4
OpcodeLengths.java> OPLEN 15430 slot=1347 CMOVNC | CMOVNC AX,AX | len=4
OpcodeLengths.java> OPLEN 15440 slot=1348 CMOVZ | CMOVZ AX,AX | len=4
OpcodeLengths.java> OPLEN 15450 slot=1349 CMOVNZ | CMOVNZ AX,AX | len=4
OpcodeLengths.java> OPLEN 15460 slot=1350 CMOVBE | CMOVBE AX,AX | len=4
OpcodeLengths.java> OPLEN 15470 slot=1351 CMOVA | CMOVA AX,AX | len=4
OpcodeLengths.java> OPLEN 15480 slot=1352 CMOVS | CMOVS AX,AX | len=4
OpcodeLengths.java> OPLEN 15490 slot=1353 CMOVNS | CMOVNS AX,AX | len=4
OpcodeLengths.java> OPLEN 154a0 slot=1354 CMOVP | CMOVP AX,AX | len=4
OpcodeLengths.java> OPLEN 154b0 slot=1355 CMOVNP | CMOVNP AX,AX | len=4
OpcodeLengths.java> OPLEN 154c0 slot=1356 CMOVL | CMOVL AX,AX | len=4
OpcodeLengths.java> OPLEN 154d0 slot=1357 CMOVGE | CMOVGE AX,AX | len=4
OpcodeLengths.java> OPLEN 154e0 slot=1358 CMOVLE | CMOVLE AX,AX | len=4
OpcodeLengths.java> OPLEN 154f0 slot=1359 CMOVG | CMOVG AX,AX | len=4
OpcodeLengths.java> OPLEN 15500 slot=1360 MOVMSKPD | MOVMSKPD EAX,XMM0 | len=4
OpcodeLengths.java> OPLEN 15510 slot=1361 SQRTPD | SQRTPD XMM0,XMM0 | len=4
OpcodeLengths.java> OPLEN 15520 slot=1362 NONE
OpcodeLengths.java> OPLEN 15530 slot=1363 NONE
OpcodeLengths.java> OPLEN 15540 slot=1364 ANDPD | ANDPD XMM0,XMM0 | len=4
OpcodeLengths.java> OPLEN 15550 slot=1365 ANDNPD | ANDNPD XMM0,XMM0 | len=4
OpcodeLengths.java> OPLEN 15560 slot=1366 ORPD | ORPD XMM0,XMM0 | len=4
OpcodeLengths.java> OPLEN 15570 slot=1367 XORPD | XORPD XMM0,XMM0 | len=4
OpcodeLengths.java> OPLEN 15580 slot=1368 ADDPD | ADDPD XMM0,XMM0 | len=4
OpcodeLengths.java> OPLEN 15590 slot=1369 MULPD | MULPD XMM0,XMM0 | len=4
OpcodeLengths.java> OPLEN 155a0 slot=1370 CVTPD2PS | CVTPD2PS XMM0,XMM0 | len=4
OpcodeLengths.java> OPLEN 155b0 slot=1371 CVTPS2DQ | CVTPS2DQ XMM0,XMM0 | len=4
OpcodeLengths.java> OPLEN 155c0 slot=1372 SUBPD | SUBPD XMM0,XMM0 | len=4
OpcodeLengths.java> OPLEN 155d0 slot=1373 MINPD | MINPD XMM0,XMM0 | len=4
OpcodeLengths.java> OPLEN 155e0 slot=1374 DIVPD | DIVPD XMM0,XMM0 | len=4
OpcodeLengths.java> OPLEN 155f0 slot=1375 MAXPD | MAXPD XMM0,XMM0 | len=4
OpcodeLengths.java> OPLEN 15600 slot=1376 PUNPCKLBW | PUNPCKLBW XMM0,XMM0 | len=4
OpcodeLengths.java> OPLEN 15610 slot=1377 PUNPCKLWD | PUNPCKLWD XMM0,XMM0 | len=4
OpcodeLengths.java> OPLEN 15620 slot=1378 PUNPCKLDQ | PUNPCKLDQ XMM0,XMM0 | len=4
OpcodeLengths.java> OPLEN 15630 slot=1379 PACKSSWB | PACKSSWB XMM0,XMM0 | len=4
OpcodeLengths.java> OPLEN 15640 slot=1380 PCMPGTB | PCMPGTB XMM0,XMM0 | len=4
OpcodeLengths.java> OPLEN 15650 slot=1381 PCMPGTW | PCMPGTW XMM0,XMM0 | len=4
OpcodeLengths.java> OPLEN 15660 slot=1382 PCMPGTD | PCMPGTD XMM0,XMM0 | len=4
OpcodeLengths.java> OPLEN 15670 slot=1383 PACKUSWB | PACKUSWB XMM0,XMM0 | len=4
OpcodeLengths.java> OPLEN 15680 slot=1384 PUNPCKHBW | PUNPCKHBW XMM0,XMM0 | len=4
OpcodeLengths.java> OPLEN 15690 slot=1385 PUNPCKHWD | PUNPCKHWD XMM0,XMM0 | len=4
OpcodeLengths.java> OPLEN 156a0 slot=1386 PUNPCKHDQ | PUNPCKHDQ XMM0,XMM0 | len=4
OpcodeLengths.java> OPLEN 156b0 slot=1387 PACKSSDW | PACKSSDW XMM0,XMM0 | len=4
OpcodeLengths.java> OPLEN 156c0 slot=1388 PUNPCKLQDQ | PUNPCKLQDQ XMM0,XMM0 | len=4
OpcodeLengths.java> OPLEN 156d0 slot=1389 PUNPCKHQDQ | PUNPCKHQDQ XMM0,XMM0 | len=4
OpcodeLengths.java> OPLEN 156e0 slot=1390 MOVD | MOVD XMM0,EAX | len=4
OpcodeLengths.java> OPLEN 156f0 slot=1391 MOVDQA | MOVDQA XMM0,XMM0 | len=4
OpcodeLengths.java> OPLEN 15700 slot=1392 PSHUFD | PSHUFD XMM0,XMM0,0x90 | len=5
OpcodeLengths.java> OPLEN 15710 slot=1393 NONE
OpcodeLengths.java> OPLEN 15720 slot=1394 NONE
OpcodeLengths.java> OPLEN 15730 slot=1395 NONE
OpcodeLengths.java> OPLEN 15740 slot=1396 PCMPEQB | PCMPEQB XMM0,XMM0 | len=4
OpcodeLengths.java> OPLEN 15750 slot=1397 PCMPEQW | PCMPEQW XMM0,XMM0 | len=4
OpcodeLengths.java> OPLEN 15760 slot=1398 PCMPEQD | PCMPEQD XMM0,XMM0 | len=4
OpcodeLengths.java> OPLEN 15770 slot=1399 EMMS | EMMS | len=3
OpcodeLengths.java> OPLEN 15780 slot=1400 EXTRQ | EXTRQ XMM0,0x10,0x10 | len=6
OpcodeLengths.java> OPLEN 15790 slot=1401 EXTRQ | EXTRQ XMM0,XMM0 | len=4
OpcodeLengths.java> OPLEN 157a0 slot=1402 NONE
OpcodeLengths.java> OPLEN 157b0 slot=1403 NONE
OpcodeLengths.java> OPLEN 157c0 slot=1404 HADDPD | HADDPD XMM0,XMM0 | len=4
OpcodeLengths.java> OPLEN 157d0 slot=1405 HSUBPD | HSUBPD XMM0,XMM0 | len=4
OpcodeLengths.java> OPLEN 157e0 slot=1406 MOVD | MOVD EAX,XMM0 | len=4
OpcodeLengths.java> OPLEN 157f0 slot=1407 MOVDQA | MOVDQA XMM0,XMM0 | len=4
OpcodeLengths.java> OPLEN 15800 slot=1408 NONE
OpcodeLengths.java> OPLEN 15810 slot=1409 NONE
OpcodeLengths.java> OPLEN 15820 slot=1410 NONE
OpcodeLengths.java> OPLEN 15830 slot=1411 NONE
OpcodeLengths.java> OPLEN 15840 slot=1412 NONE
OpcodeLengths.java> OPLEN 15850 slot=1413 NONE
OpcodeLengths.java> OPLEN 15860 slot=1414 NONE
OpcodeLengths.java> OPLEN 15870 slot=1415 NONE
OpcodeLengths.java> OPLEN 15880 slot=1416 NONE
OpcodeLengths.java> OPLEN 15890 slot=1417 NONE
OpcodeLengths.java> OPLEN 158a0 slot=1418 NONE
OpcodeLengths.java> OPLEN 158b0 slot=1419 NONE
OpcodeLengths.java> OPLEN 158c0 slot=1420 NONE
OpcodeLengths.java> OPLEN 158d0 slot=1421 NONE
OpcodeLengths.java> OPLEN 158e0 slot=1422 NONE
OpcodeLengths.java> OPLEN 158f0 slot=1423 NONE
OpcodeLengths.java> OPLEN 15900 slot=1424 SETO | SETO AL | len=4
OpcodeLengths.java> OPLEN 15910 slot=1425 SETNO | SETNO AL | len=4
OpcodeLengths.java> OPLEN 15920 slot=1426 SETC | SETC AL | len=4
OpcodeLengths.java> OPLEN 15930 slot=1427 SETNC | SETNC AL | len=4
OpcodeLengths.java> OPLEN 15940 slot=1428 SETZ | SETZ AL | len=4
OpcodeLengths.java> OPLEN 15950 slot=1429 SETNZ | SETNZ AL | len=4
OpcodeLengths.java> OPLEN 15960 slot=1430 SETBE | SETBE AL | len=4
OpcodeLengths.java> OPLEN 15970 slot=1431 SETA | SETA AL | len=4
OpcodeLengths.java> OPLEN 15980 slot=1432 SETS | SETS AL | len=4
OpcodeLengths.java> OPLEN 15990 slot=1433 SETNS | SETNS AL | len=4
OpcodeLengths.java> OPLEN 159a0 slot=1434 SETP | SETP AL | len=4
OpcodeLengths.java> OPLEN 159b0 slot=1435 SETNP | SETNP AL | len=4
OpcodeLengths.java> OPLEN 159c0 slot=1436 SETL | SETL AL | len=4
OpcodeLengths.java> OPLEN 159d0 slot=1437 SETGE | SETGE AL | len=4
OpcodeLengths.java> OPLEN 159e0 slot=1438 SETLE | SETLE AL | len=4
OpcodeLengths.java> OPLEN 159f0 slot=1439 SETG | SETG AL | len=4
OpcodeLengths.java> OPLEN 15a00 slot=1440 PUSH | PUSH FS | len=3
OpcodeLengths.java> OPLEN 15a10 slot=1441 POP | POP FS | len=3
OpcodeLengths.java> OPLEN 15a20 slot=1442 CPUID | CPUID | len=3
OpcodeLengths.java> OPLEN 15a30 slot=1443 BT | BT AX,AX | len=4
OpcodeLengths.java> OPLEN 15a40 slot=1444 SHLD | SHLD AX,AX,0x90 | len=5
OpcodeLengths.java> OPLEN 15a50 slot=1445 SHLD | SHLD AX,AX,CL | len=4
OpcodeLengths.java> OPLEN 15a60 slot=1446 NONE
OpcodeLengths.java> OPLEN 15a70 slot=1447 NONE
OpcodeLengths.java> OPLEN 15a80 slot=1448 PUSH | PUSH GS | len=3
OpcodeLengths.java> OPLEN 15a90 slot=1449 POP | POP GS | len=3
OpcodeLengths.java> OPLEN 15aa0 slot=1450 RSM | RSM | len=3
OpcodeLengths.java> OPLEN 15ab0 slot=1451 BTS | BTS AX,AX | len=4
OpcodeLengths.java> OPLEN 15ac0 slot=1452 SHRD | SHRD AX,AX,0x90 | len=5
OpcodeLengths.java> OPLEN 15ad0 slot=1453 SHRD | SHRD AX,AX,CL | len=4
OpcodeLengths.java> OPLEN 15ae0 slot=1454 NONE
OpcodeLengths.java> OPLEN 15af0 slot=1455 IMUL | IMUL AX,AX | len=4
OpcodeLengths.java> OPLEN 15b00 slot=1456 CMPXCHG | CMPXCHG AL,AL | len=4
OpcodeLengths.java> OPLEN 15b10 slot=1457 CMPXCHG | CMPXCHG AX,AX | len=4
OpcodeLengths.java> OPLEN 15b20 slot=1458 NONE
OpcodeLengths.java> OPLEN 15b30 slot=1459 BTR | BTR AX,AX | len=4
OpcodeLengths.java> OPLEN 15b40 slot=1460 NONE
OpcodeLengths.java> OPLEN 15b50 slot=1461 NONE
OpcodeLengths.java> OPLEN 15b60 slot=1462 MOVZX | MOVZX AX,AL | len=4
OpcodeLengths.java> OPLEN 15b70 slot=1463 MOVZX | MOVZX AX,AX | len=4
OpcodeLengths.java> OPLEN 15b80 slot=1464 NONE
OpcodeLengths.java> OPLEN 15b90 slot=1465 UD1 | UD1 EAX,EAX | len=4
OpcodeLengths.java> OPLEN 15ba0 slot=1466 NONE
OpcodeLengths.java> OPLEN 15bb0 slot=1467 BTC | BTC AX,AX | len=4
OpcodeLengths.java> OPLEN 15bc0 slot=1468 BSF | BSF AX,AX | len=4
OpcodeLengths.java> OPLEN 15bd0 slot=1469 BSR | BSR AX,AX | len=4
OpcodeLengths.java> OPLEN 15be0 slot=1470 MOVSX | MOVSX AX,AL | len=4
OpcodeLengths.java> OPLEN 15bf0 slot=1471 MOVSX | MOVSX AX,AX | len=4
OpcodeLengths.java> OPLEN 15c00 slot=1472 XADD | XADD AL,AL | len=4
OpcodeLengths.java> OPLEN 15c10 slot=1473 XADD | XADD AX,AX | len=4
OpcodeLengths.java> OPLEN 15c20 slot=1474 CMPPD | CMPPD XMM0,XMM0, 0x90 | len=5
OpcodeLengths.java> OPLEN 15c30 slot=1475 NONE
OpcodeLengths.java> OPLEN 15c40 slot=1476 PINSRW | PINSRW XMM0,EAX,0x90 | len=5
OpcodeLengths.java> OPLEN 15c50 slot=1477 PEXTRW | PEXTRW EAX,XMM0,0x90 | len=5
OpcodeLengths.java> OPLEN 15c60 slot=1478 SHUFPD | SHUFPD XMM0,XMM0,0x90 | len=5
OpcodeLengths.java> OPLEN 15c70 slot=1479 NONE
OpcodeLengths.java> OPLEN 15c80 slot=1480 BSWAP | BSWAP EAX | len=3
OpcodeLengths.java> OPLEN 15c90 slot=1481 BSWAP | BSWAP ECX | len=3
OpcodeLengths.java> OPLEN 15ca0 slot=1482 BSWAP | BSWAP EDX | len=3
OpcodeLengths.java> OPLEN 15cb0 slot=1483 BSWAP | BSWAP EBX | len=3
OpcodeLengths.java> OPLEN 15cc0 slot=1484 BSWAP | BSWAP ESP | len=3
OpcodeLengths.java> OPLEN 15cd0 slot=1485 BSWAP | BSWAP EBP | len=3
OpcodeLengths.java> OPLEN 15ce0 slot=1486 BSWAP | BSWAP ESI | len=3
OpcodeLengths.java> OPLEN 15cf0 slot=1487 BSWAP | BSWAP EDI | len=3
OpcodeLengths.java> OPLEN 15d00 slot=1488 ADDSUBPD | ADDSUBPD XMM0,XMM0 | len=4
OpcodeLengths.java> OPLEN 15d10 slot=1489 PSRLW | PSRLW XMM0,XMM0 | len=4
OpcodeLengths.java> OPLEN 15d20 slot=1490 PSRLD | PSRLD XMM0,XMM0 | len=4
OpcodeLengths.java> OPLEN 15d30 slot=1491 PSRLQ | PSRLQ XMM0,XMM0 | len=4
OpcodeLengths.java> OPLEN 15d40 slot=1492 PADDQ | PADDQ XMM0,XMM0 | len=4
OpcodeLengths.java> OPLEN 15d50 slot=1493 PMULLW | PMULLW XMM0,XMM0 | len=4
OpcodeLengths.java> OPLEN 15d60 slot=1494 MOVQ | MOVQ XMM0,XMM0 | len=4
OpcodeLengths.java> OPLEN 15d70 slot=1495 PMOVMSKB | PMOVMSKB EAX,XMM0 | len=4
OpcodeLengths.java> OPLEN 15d80 slot=1496 PSUBUSB | PSUBUSB XMM0,XMM0 | len=4
OpcodeLengths.java> OPLEN 15d90 slot=1497 PSUBUSW | PSUBUSW XMM0,XMM0 | len=4
OpcodeLengths.java> OPLEN 15da0 slot=1498 PMINUB | PMINUB XMM0,XMM0 | len=4
OpcodeLengths.java> OPLEN 15db0 slot=1499 PAND | PAND XMM0,XMM0 | len=4
OpcodeLengths.java> OPLEN 15dc0 slot=1500 PADDUSB | PADDUSB XMM0,XMM0 | len=4
OpcodeLengths.java> OPLEN 15dd0 slot=1501 PADDUSW | PADDUSW XMM0,XMM0 | len=4
OpcodeLengths.java> OPLEN 15de0 slot=1502 PMAXUB | PMAXUB XMM0,XMM0 | len=4
OpcodeLengths.java> OPLEN 15df0 slot=1503 PANDN | PANDN XMM0,XMM0 | len=4
OpcodeLengths.java> OPLEN 15e00 slot=1504 PAVGB | PAVGB XMM0,XMM0 | len=4
OpcodeLengths.java> OPLEN 15e10 slot=1505 PSRAW | PSRAW XMM0,XMM0 | len=4
OpcodeLengths.java> OPLEN 15e20 slot=1506 PSRAD | PSRAD XMM0,XMM0 | len=4
OpcodeLengths.java> OPLEN 15e30 slot=1507 PAVGW | PAVGW XMM0,XMM0 | len=4
OpcodeLengths.java> OPLEN 15e40 slot=1508 PMULHUW | PMULHUW XMM0,XMM0 | len=4
OpcodeLengths.java> OPLEN 15e50 slot=1509 PMULHW | PMULHW XMM0,XMM0 | len=4
OpcodeLengths.java> OPLEN 15e60 slot=1510 CVTTPD2DQ | CVTTPD2DQ XMM0,XMM0 | len=4
OpcodeLengths.java> OPLEN 15e70 slot=1511 NONE
OpcodeLengths.java> OPLEN 15e80 slot=1512 PSUBSB | PSUBSB XMM0,XMM0 | len=4
OpcodeLengths.java> OPLEN 15e90 slot=1513 PSUBSW | PSUBSW XMM0,XMM0 | len=4
OpcodeLengths.java> OPLEN 15ea0 slot=1514 PMINSW | PMINSW XMM0,XMM0 | len=4
OpcodeLengths.java> OPLEN 15eb0 slot=1515 POR | POR XMM0,XMM0 | len=4
OpcodeLengths.java> OPLEN 15ec0 slot=1516 PADDSB | PADDSB XMM0,XMM0 | len=4
OpcodeLengths.java> OPLEN 15ed0 slot=1517 PADDSW | PADDSW XMM0,XMM0 | len=4
OpcodeLengths.java> OPLEN 15ee0 slot=1518 PMAXSW | PMAXSW XMM0,XMM0 | len=4
OpcodeLengths.java> OPLEN 15ef0 slot=1519 PXOR | PXOR XMM0,XMM0 | len=4
OpcodeLengths.java> OPLEN 15f00 slot=1520 NONE
OpcodeLengths.java> OPLEN 15f10 slot=1521 PSLLW | PSLLW XMM0,XMM0 | len=4
OpcodeLengths.java> OPLEN 15f20 slot=1522 PSLLD | PSLLD XMM0,XMM0 | len=4
OpcodeLengths.java> OPLEN 15f30 slot=1523 PSLLQ | PSLLQ XMM0,XMM0 | len=4
OpcodeLengths.java> OPLEN 15f40 slot=1524 PMULUDQ | PMULUDQ XMM0,XMM0 | len=4
OpcodeLengths.java> OPLEN 15f50 slot=1525 PMADDWD | PMADDWD XMM0,XMM0 | len=4
OpcodeLengths.java> OPLEN 15f60 slot=1526 PSADBW | PSADBW XMM0,XMM0 | len=4
OpcodeLengths.java> OPLEN 15f70 slot=1527 MASKMOVDQU | MASKMOVDQU XMM0,XMM0 | len=4
OpcodeLengths.java> OPLEN 15f80 slot=1528 PSUBB | PSUBB XMM0,XMM0 | len=4
OpcodeLengths.java> OPLEN 15f90 slot=1529 PSUBW | PSUBW XMM0,XMM0 | len=4
OpcodeLengths.java> OPLEN 15fa0 slot=1530 PSUBD | PSUBD XMM0,XMM0 | len=4
OpcodeLengths.java> OPLEN 15fb0 slot=1531 PSUBQ | PSUBQ XMM0,XMM0 | len=4
OpcodeLengths.java> OPLEN 15fc0 slot=1532 PADDB | PADDB XMM0,XMM0 | len=4
OpcodeLengths.java> OPLEN 15fd0 slot=1533 PADDW | PADDW XMM0,XMM0 | len=4
OpcodeLengths.java> OPLEN 15fe0 slot=1534 PADDD | PADDD XMM0,XMM0 | len=4
OpcodeLengths.java> OPLEN 15ff0 slot=1535 UD0 | UD0 EAX,EAX | len=4
OpcodeLengths.java> OPLEN 16000 slot=1536 SLDT | SLDT dword ptr [RAX] | len=4
OpcodeLengths.java> OPLEN 16010 slot=1537 SGDT | SGDT qword ptr [RAX] | len=4
OpcodeLengths.java> OPLEN 16020 slot=1538 LAR | LAR EAX,dword ptr [RAX] | len=4
OpcodeLengths.java> OPLEN 16030 slot=1539 LSL | LSL EAX,dword ptr [RAX] | len=4
OpcodeLengths.java> OPLEN 16040 slot=1540 NONE
OpcodeLengths.java> OPLEN 16050 slot=1541 SYSCALL | SYSCALL | len=3
OpcodeLengths.java> OPLEN 16060 slot=1542 CLTS | CLTS | len=3
OpcodeLengths.java> OPLEN 16070 slot=1543 SYSRET | SYSRET | len=3
OpcodeLengths.java> OPLEN 16080 slot=1544 INVD | INVD | len=3
OpcodeLengths.java> OPLEN 16090 slot=1545 WBINVD | WBINVD | len=3
OpcodeLengths.java> OPLEN 160a0 slot=1546 NONE
OpcodeLengths.java> OPLEN 160b0 slot=1547 UD2 | UD2 | len=3
OpcodeLengths.java> OPLEN 160c0 slot=1548 NONE
OpcodeLengths.java> OPLEN 160d0 slot=1549 PREFETCH | PREFETCH byte ptr [RAX] | len=4
OpcodeLengths.java> OPLEN 160e0 slot=1550 FEMMS | FEMMS | len=3
OpcodeLengths.java> OPLEN 160f0 slot=1551 NONE
OpcodeLengths.java> OPLEN 16100 slot=1552 MOVSD | MOVSD XMM0,qword ptr [RAX] | len=4
OpcodeLengths.java> OPLEN 16110 slot=1553 MOVSD | MOVSD qword ptr [RAX],XMM0 | len=4
OpcodeLengths.java> OPLEN 16120 slot=1554 MOVDDUP | MOVDDUP XMM0,qword ptr [RAX] | len=4
OpcodeLengths.java> OPLEN 16130 slot=1555 NONE
OpcodeLengths.java> OPLEN 16140 slot=1556 NONE
OpcodeLengths.java> OPLEN 16150 slot=1557 NONE
OpcodeLengths.java> OPLEN 16160 slot=1558 NONE
OpcodeLengths.java> OPLEN 16170 slot=1559 NONE
OpcodeLengths.java> OPLEN 16180 slot=1560 NOP | NOP dword ptr [RAX] | len=4
OpcodeLengths.java> OPLEN 16190 slot=1561 NOP | NOP dword ptr [RAX] | len=4
OpcodeLengths.java> OPLEN 161a0 slot=1562 NOP | NOP dword ptr [RAX] | len=4
OpcodeLengths.java> OPLEN 161b0 slot=1563 NOP | NOP dword ptr [RAX] | len=4
OpcodeLengths.java> OPLEN 161c0 slot=1564 NOP | NOP dword ptr [RAX] | len=4
OpcodeLengths.java> OPLEN 161d0 slot=1565 NOP | NOP dword ptr [RAX] | len=4
OpcodeLengths.java> OPLEN 161e0 slot=1566 NOP | NOP dword ptr [RAX] | len=4
OpcodeLengths.java> OPLEN 161f0 slot=1567 NOP | NOP dword ptr [RAX] | len=4
OpcodeLengths.java> OPLEN 16200 slot=1568 MOV | MOV RAX,CR0 | len=4
OpcodeLengths.java> OPLEN 16210 slot=1569 MOV | MOV RAX,DR0 | len=4
OpcodeLengths.java> OPLEN 16220 slot=1570 MOV | MOV CR0,RAX | len=4
OpcodeLengths.java> OPLEN 16230 slot=1571 NONE
OpcodeLengths.java> OPLEN 16240 slot=1572 NONE
OpcodeLengths.java> OPLEN 16250 slot=1573 NONE
OpcodeLengths.java> OPLEN 16260 slot=1574 NONE
OpcodeLengths.java> OPLEN 16270 slot=1575 NONE
OpcodeLengths.java> OPLEN 16280 slot=1576 NONE
OpcodeLengths.java> OPLEN 16290 slot=1577 NONE
OpcodeLengths.java> OPLEN 162a0 slot=1578 CVTSI2SD | CVTSI2SD XMM0,dword ptr [RAX] | len=4
OpcodeLengths.java> OPLEN 162b0 slot=1579 MOVNTSD | MOVNTSD qword ptr [RAX],XMM0 | len=4
OpcodeLengths.java> OPLEN 162c0 slot=1580 CVTTSD2SI | CVTTSD2SI EAX,qword ptr [RAX] | len=4
OpcodeLengths.java> OPLEN 162d0 slot=1581 CVTSD2SI | CVTSD2SI EAX,qword ptr [RAX] | len=4
OpcodeLengths.java> OPLEN 162e0 slot=1582 NONE
OpcodeLengths.java> OPLEN 162f0 slot=1583 NONE
OpcodeLengths.java> OPLEN 16300 slot=1584 WRMSR | WRMSR | len=3
OpcodeLengths.java> OPLEN 16310 slot=1585 RDTSC | RDTSC | len=3
OpcodeLengths.java> OPLEN 16320 slot=1586 RDMSR | RDMSR | len=3
OpcodeLengths.java> OPLEN 16330 slot=1587 RDPMC | RDPMC | len=3
OpcodeLengths.java> OPLEN 16340 slot=1588 SYSENTER | SYSENTER | len=3
OpcodeLengths.java> OPLEN 16350 slot=1589 SYSEXIT | SYSEXIT | len=3
OpcodeLengths.java> OPLEN 16360 slot=1590 NONE
OpcodeLengths.java> OPLEN 16370 slot=1591 GETSEC | GETSEC | len=3
OpcodeLengths.java> OPLEN 16380 slot=1592 NONE
OpcodeLengths.java> OPLEN 16390 slot=1593 NONE
OpcodeLengths.java> OPLEN 163a0 slot=1594 NONE
OpcodeLengths.java> OPLEN 163b0 slot=1595 NONE
OpcodeLengths.java> OPLEN 163c0 slot=1596 NONE
OpcodeLengths.java> OPLEN 163d0 slot=1597 NONE
OpcodeLengths.java> OPLEN 163e0 slot=1598 NONE
OpcodeLengths.java> OPLEN 163f0 slot=1599 NONE
OpcodeLengths.java> OPLEN 16400 slot=1600 CMOVO | CMOVO EAX,dword ptr [RAX] | len=4
OpcodeLengths.java> OPLEN 16410 slot=1601 CMOVNO | CMOVNO EAX,dword ptr [RAX] | len=4
OpcodeLengths.java> OPLEN 16420 slot=1602 CMOVC | CMOVC EAX,dword ptr [RAX] | len=4
OpcodeLengths.java> OPLEN 16430 slot=1603 CMOVNC | CMOVNC EAX,dword ptr [RAX] | len=4
OpcodeLengths.java> OPLEN 16440 slot=1604 CMOVZ | CMOVZ EAX,dword ptr [RAX] | len=4
OpcodeLengths.java> OPLEN 16450 slot=1605 CMOVNZ | CMOVNZ EAX,dword ptr [RAX] | len=4
OpcodeLengths.java> OPLEN 16460 slot=1606 CMOVBE | CMOVBE EAX,dword ptr [RAX] | len=4
OpcodeLengths.java> OPLEN 16470 slot=1607 CMOVA | CMOVA EAX,dword ptr [RAX] | len=4
OpcodeLengths.java> OPLEN 16480 slot=1608 CMOVS | CMOVS EAX,dword ptr [RAX] | len=4
OpcodeLengths.java> OPLEN 16490 slot=1609 CMOVNS | CMOVNS EAX,dword ptr [RAX] | len=4
OpcodeLengths.java> OPLEN 164a0 slot=1610 CMOVP | CMOVP EAX,dword ptr [RAX] | len=4
OpcodeLengths.java> OPLEN 164b0 slot=1611 CMOVNP | CMOVNP EAX,dword ptr [RAX] | len=4
OpcodeLengths.java> OPLEN 164c0 slot=1612 CMOVL | CMOVL EAX,dword ptr [RAX] | len=4
OpcodeLengths.java> OPLEN 164d0 slot=1613 CMOVGE | CMOVGE EAX,dword ptr [RAX] | len=4
OpcodeLengths.java> OPLEN 164e0 slot=1614 CMOVLE | CMOVLE EAX,dword ptr [RAX] | len=4
OpcodeLengths.java> OPLEN 164f0 slot=1615 CMOVG | CMOVG EAX,dword ptr [RAX] | len=4
OpcodeLengths.java> OPLEN 16500 slot=1616 NONE
OpcodeLengths.java> OPLEN 16510 slot=1617 SQRTSD | SQRTSD XMM0,qword ptr [RAX] | len=4
OpcodeLengths.java> OPLEN 16520 slot=1618 NONE
OpcodeLengths.java> OPLEN 16530 slot=1619 NONE
OpcodeLengths.java> OPLEN 16540 slot=1620 NONE
OpcodeLengths.java> OPLEN 16550 slot=1621 NONE
OpcodeLengths.java> OPLEN 16560 slot=1622 NONE
OpcodeLengths.java> OPLEN 16570 slot=1623 NONE
OpcodeLengths.java> OPLEN 16580 slot=1624 ADDSD | ADDSD XMM0,qword ptr [RAX] | len=4
OpcodeLengths.java> OPLEN 16590 slot=1625 MULSD | MULSD XMM0,qword ptr [RAX] | len=4
OpcodeLengths.java> OPLEN 165a0 slot=1626 CVTSD2SS | CVTSD2SS XMM0,qword ptr [RAX] | len=4
OpcodeLengths.java> OPLEN 165b0 slot=1627 NONE
OpcodeLengths.java> OPLEN 165c0 slot=1628 SUBSD | SUBSD XMM0,qword ptr [RAX] | len=4
OpcodeLengths.java> OPLEN 165d0 slot=1629 MINSD | MINSD XMM0,qword ptr [RAX] | len=4
OpcodeLengths.java> OPLEN 165e0 slot=1630 DIVSD | DIVSD XMM0,qword ptr [RAX] | len=4
OpcodeLengths.java> OPLEN 165f0 slot=1631 MAXSD | MAXSD XMM0,qword ptr [RAX] | len=4
OpcodeLengths.java> OPLEN 16600 slot=1632 NONE
OpcodeLengths.java> OPLEN 16610 slot=1633 NONE
OpcodeLengths.java> OPLEN 16620 slot=1634 NONE
OpcodeLengths.java> OPLEN 16630 slot=1635 NONE
OpcodeLengths.java> OPLEN 16640 slot=1636 NONE
OpcodeLengths.java> OPLEN 16650 slot=1637 NONE
OpcodeLengths.java> OPLEN 16660 slot=1638 NONE
OpcodeLengths.java> OPLEN 16670 slot=1639 NONE
OpcodeLengths.java> OPLEN 16680 slot=1640 NONE
OpcodeLengths.java> OPLEN 16690 slot=1641 NONE
OpcodeLengths.java> OPLEN 166a0 slot=1642 NONE
OpcodeLengths.java> OPLEN 166b0 slot=1643 NONE
OpcodeLengths.java> OPLEN 166c0 slot=1644 NONE
OpcodeLengths.java> OPLEN 166d0 slot=1645 NONE
OpcodeLengths.java> OPLEN 166e0 slot=1646 NONE
OpcodeLengths.java> OPLEN 166f0 slot=1647 NONE
OpcodeLengths.java> OPLEN 16700 slot=1648 PSHUFLW | PSHUFLW XMM0,xmmword ptr [RAX],0x90 | len=5
OpcodeLengths.java> OPLEN 16710 slot=1649 NONE
OpcodeLengths.java> OPLEN 16720 slot=1650 NONE
OpcodeLengths.java> OPLEN 16730 slot=1651 NONE
OpcodeLengths.java> OPLEN 16740 slot=1652 NONE
OpcodeLengths.java> OPLEN 16750 slot=1653 NONE
OpcodeLengths.java> OPLEN 16760 slot=1654 NONE
OpcodeLengths.java> OPLEN 16770 slot=1655 EMMS | EMMS | len=3
OpcodeLengths.java> OPLEN 16780 slot=1656 INSERTQ | INSERTQ XMM0,XMM0,0x10,0x10 | len=6
OpcodeLengths.java> OPLEN 16790 slot=1657 INSERTQ | INSERTQ XMM0,XMM0 | len=4
OpcodeLengths.java> OPLEN 167a0 slot=1658 NONE
OpcodeLengths.java> OPLEN 167b0 slot=1659 NONE
OpcodeLengths.java> OPLEN 167c0 slot=1660 HADDPS | HADDPS XMM0,xmmword ptr [RAX] | len=4
OpcodeLengths.java> OPLEN 167d0 slot=1661 HSUBPS | HSUBPS XMM0,xmmword ptr [RAX] | len=4
OpcodeLengths.java> OPLEN 167e0 slot=1662 NONE
OpcodeLengths.java> OPLEN 167f0 slot=1663 NONE
OpcodeLengths.java> OPLEN 16800 slot=1664 JO | JO 0xffffffff9091f807 | len=7
OpcodeLengths.java> OPLEN 16810 slot=1665 JNO | JNO 0xffffffff9091f817 | len=7
OpcodeLengths.java> OPLEN 16820 slot=1666 JC | JC 0xffffffff9091f827 | len=7
OpcodeLengths.java> OPLEN 16830 slot=1667 JNC | JNC 0xffffffff9091f837 | len=7
OpcodeLengths.java> OPLEN 16840 slot=1668 JZ | JZ 0xffffffff9091f847 | len=7
OpcodeLengths.java> OPLEN 16850 slot=1669 JNZ | JNZ 0xffffffff9091f857 | len=7
OpcodeLengths.java> OPLEN 16860 slot=1670 JBE | JBE 0xffffffff9091f867 | len=7
OpcodeLengths.java> OPLEN 16870 slot=1671 JA | JA 0xffffffff9091f877 | len=7
OpcodeLengths.java> OPLEN 16880 slot=1672 JS | JS 0xffffffff9091f887 | len=7
OpcodeLengths.java> OPLEN 16890 slot=1673 JNS | JNS 0xffffffff9091f897 | len=7
OpcodeLengths.java> OPLEN 168a0 slot=1674 JP | JP 0xffffffff9091f8a7 | len=7
OpcodeLengths.java> OPLEN 168b0 slot=1675 JNP | JNP 0xffffffff9091f8b7 | len=7
OpcodeLengths.java> OPLEN 168c0 slot=1676 JL | JL 0xffffffff9091f8c7 | len=7
OpcodeLengths.java> OPLEN 168d0 slot=1677 JGE | JGE 0xffffffff9091f8d7 | len=7
OpcodeLengths.java> OPLEN 168e0 slot=1678 JLE | JLE 0xffffffff9091f8e7 | len=7
OpcodeLengths.java> OPLEN 168f0 slot=1679 JG | JG 0xffffffff9091f8f7 | len=7
OpcodeLengths.java> OPLEN 16900 slot=1680 SETO | SETO byte ptr [RAX] | len=4
OpcodeLengths.java> OPLEN 16910 slot=1681 SETNO | SETNO byte ptr [RAX] | len=4
OpcodeLengths.java> OPLEN 16920 slot=1682 SETC | SETC byte ptr [RAX] | len=4
OpcodeLengths.java> OPLEN 16930 slot=1683 SETNC | SETNC byte ptr [RAX] | len=4
OpcodeLengths.java> OPLEN 16940 slot=1684 SETZ | SETZ byte ptr [RAX] | len=4
OpcodeLengths.java> OPLEN 16950 slot=1685 SETNZ | SETNZ byte ptr [RAX] | len=4
OpcodeLengths.java> OPLEN 16960 slot=1686 SETBE | SETBE byte ptr [RAX] | len=4
OpcodeLengths.java> OPLEN 16970 slot=1687 SETA | SETA byte ptr [RAX] | len=4
OpcodeLengths.java> OPLEN 16980 slot=1688 SETS | SETS byte ptr [RAX] | len=4
OpcodeLengths.java> OPLEN 16990 slot=1689 SETNS | SETNS byte ptr [RAX] | len=4
OpcodeLengths.java> OPLEN 169a0 slot=1690 SETP | SETP byte ptr [RAX] | len=4
OpcodeLengths.java> OPLEN 169b0 slot=1691 SETNP | SETNP byte ptr [RAX] | len=4
OpcodeLengths.java> OPLEN 169c0 slot=1692 SETL | SETL byte ptr [RAX] | len=4
OpcodeLengths.java> OPLEN 169d0 slot=1693 SETGE | SETGE byte ptr [RAX] | len=4
OpcodeLengths.java> OPLEN 169e0 slot=1694 SETLE | SETLE byte ptr [RAX] | len=4
OpcodeLengths.java> OPLEN 169f0 slot=1695 SETG | SETG byte ptr [RAX] | len=4
OpcodeLengths.java> OPLEN 16a00 slot=1696 PUSH | PUSH FS | len=3
OpcodeLengths.java> OPLEN 16a10 slot=1697 POP | POP FS | len=3
OpcodeLengths.java> OPLEN 16a20 slot=1698 CPUID | CPUID | len=3
OpcodeLengths.java> OPLEN 16a30 slot=1699 BT | BT [RAX],EAX | len=4
OpcodeLengths.java> OPLEN 16a40 slot=1700 SHLD | SHLD dword ptr [RAX],EAX,0x90 | len=5
OpcodeLengths.java> OPLEN 16a50 slot=1701 SHLD | SHLD dword ptr [RAX],EAX,CL | len=4
OpcodeLengths.java> OPLEN 16a60 slot=1702 NONE
OpcodeLengths.java> OPLEN 16a70 slot=1703 NONE
OpcodeLengths.java> OPLEN 16a80 slot=1704 PUSH | PUSH GS | len=3
OpcodeLengths.java> OPLEN 16a90 slot=1705 POP | POP GS | len=3
OpcodeLengths.java> OPLEN 16aa0 slot=1706 RSM | RSM | len=3
OpcodeLengths.java> OPLEN 16ab0 slot=1707 BTS | BTS [RAX],EAX | len=4
OpcodeLengths.java> OPLEN 16ac0 slot=1708 SHRD | SHRD dword ptr [RAX],EAX,0x90 | len=5
OpcodeLengths.java> OPLEN 16ad0 slot=1709 SHRD | SHRD dword ptr [RAX],EAX,CL | len=4
OpcodeLengths.java> OPLEN 16ae0 slot=1710 FXSAVE | FXSAVE [RAX] | len=4
OpcodeLengths.java> OPLEN 16af0 slot=1711 IMUL | IMUL EAX,dword ptr [RAX] | len=4
OpcodeLengths.java> OPLEN 16b00 slot=1712 CMPXCHG | CMPXCHG byte ptr [RAX],AL | len=4
OpcodeLengths.java> OPLEN 16b10 slot=1713 CMPXCHG | CMPXCHG dword ptr [RAX],EAX | len=4
OpcodeLengths.java> OPLEN 16b20 slot=1714 LSS | LSS EAX,[RAX] | len=4
OpcodeLengths.java> OPLEN 16b30 slot=1715 BTR | BTR [RAX],EAX | len=4
OpcodeLengths.java> OPLEN 16b40 slot=1716 LFS | LFS EAX,[RAX] | len=4
OpcodeLengths.java> OPLEN 16b50 slot=1717 LGS | LGS EAX,[RAX] | len=4
OpcodeLengths.java> OPLEN 16b60 slot=1718 MOVZX | MOVZX EAX,byte ptr [RAX] | len=4
OpcodeLengths.java> OPLEN 16b70 slot=1719 MOVZX | MOVZX EAX,word ptr [RAX] | len=4
OpcodeLengths.java> OPLEN 16b80 slot=1720 NONE
OpcodeLengths.java> OPLEN 16b90 slot=1721 UD1 | UD1 EAX,dword ptr [RAX] | len=4
OpcodeLengths.java> OPLEN 16ba0 slot=1722 NONE
OpcodeLengths.java> OPLEN 16bb0 slot=1723 BTC | BTC [RAX],EAX | len=4
OpcodeLengths.java> OPLEN 16bc0 slot=1724 BSF | BSF EAX,dword ptr [RAX] | len=4
OpcodeLengths.java> OPLEN 16bd0 slot=1725 BSR | BSR EAX,dword ptr [RAX] | len=4
OpcodeLengths.java> OPLEN 16be0 slot=1726 MOVSX | MOVSX EAX,byte ptr [RAX] | len=4
OpcodeLengths.java> OPLEN 16bf0 slot=1727 MOVSX | MOVSX EAX,word ptr [RAX] | len=4
OpcodeLengths.java> OPLEN 16c00 slot=1728 XADD | XADD byte ptr [RAX],AL | len=4
OpcodeLengths.java> OPLEN 16c10 slot=1729 XADD | XADD dword ptr [RAX],EAX | len=4
OpcodeLengths.java> OPLEN 16c20 slot=1730 CMPSD | CMPSD XMM0,qword ptr [RAX], 0x90 | len=5
OpcodeLengths.java> OPLEN 16c30 slot=1731 MOVNTI | MOVNTI [RAX],EAX | len=4
OpcodeLengths.java> OPLEN 16c40 slot=1732 NONE
OpcodeLengths.java> OPLEN 16c50 slot=1733 NONE
OpcodeLengths.java> OPLEN 16c60 slot=1734 NONE
OpcodeLengths.java> OPLEN 16c70 slot=1735 NONE
OpcodeLengths.java> OPLEN 16c80 slot=1736 BSWAP | BSWAP EAX | len=3
OpcodeLengths.java> OPLEN 16c90 slot=1737 BSWAP | BSWAP ECX | len=3
OpcodeLengths.java> OPLEN 16ca0 slot=1738 BSWAP | BSWAP EDX | len=3
OpcodeLengths.java> OPLEN 16cb0 slot=1739 BSWAP | BSWAP EBX | len=3
OpcodeLengths.java> OPLEN 16cc0 slot=1740 BSWAP | BSWAP ESP | len=3
OpcodeLengths.java> OPLEN 16cd0 slot=1741 BSWAP | BSWAP EBP | len=3
OpcodeLengths.java> OPLEN 16ce0 slot=1742 BSWAP | BSWAP ESI | len=3
OpcodeLengths.java> OPLEN 16cf0 slot=1743 BSWAP | BSWAP EDI | len=3
OpcodeLengths.java> OPLEN 16d00 slot=1744 ADDSUBPS | ADDSUBPS XMM0,xmmword ptr [RAX] | len=4
OpcodeLengths.java> OPLEN 16d10 slot=1745 NONE
OpcodeLengths.java> OPLEN 16d20 slot=1746 NONE
OpcodeLengths.java> OPLEN 16d30 slot=1747 NONE
OpcodeLengths.java> OPLEN 16d40 slot=1748 NONE
OpcodeLengths.java> OPLEN 16d50 slot=1749 NONE
OpcodeLengths.java> OPLEN 16d60 slot=1750 MOVDQ2Q | MOVDQ2Q MM0,XMM0 | len=4
OpcodeLengths.java> OPLEN 16d70 slot=1751 NONE
OpcodeLengths.java> OPLEN 16d80 slot=1752 NONE
OpcodeLengths.java> OPLEN 16d90 slot=1753 NONE
OpcodeLengths.java> OPLEN 16da0 slot=1754 NONE
OpcodeLengths.java> OPLEN 16db0 slot=1755 NONE
OpcodeLengths.java> OPLEN 16dc0 slot=1756 NONE
OpcodeLengths.java> OPLEN 16dd0 slot=1757 NONE
OpcodeLengths.java> OPLEN 16de0 slot=1758 NONE
OpcodeLengths.java> OPLEN 16df0 slot=1759 NONE
OpcodeLengths.java> OPLEN 16e00 slot=1760 NONE
OpcodeLengths.java> OPLEN 16e10 slot=1761 NONE
OpcodeLengths.java> OPLEN 16e20 slot=1762 NONE
OpcodeLengths.java> OPLEN 16e30 slot=1763 NONE
OpcodeLengths.java> OPLEN 16e40 slot=1764 NONE
OpcodeLengths.java> OPLEN 16e50 slot=1765 NONE
OpcodeLengths.java> OPLEN 16e60 slot=1766 CVTPD2DQ | CVTPD2DQ XMM0,xmmword ptr [RAX] | len=4
OpcodeLengths.java> OPLEN 16e70 slot=1767 NONE
OpcodeLengths.java> OPLEN 16e80 slot=1768 NONE
OpcodeLengths.java> OPLEN 16e90 slot=1769 NONE
OpcodeLengths.java> OPLEN 16ea0 slot=1770 NONE
OpcodeLengths.java> OPLEN 16eb0 slot=1771 NONE
OpcodeLengths.java> OPLEN 16ec0 slot=1772 NONE
OpcodeLengths.java> OPLEN 16ed0 slot=1773 NONE
OpcodeLengths.java> OPLEN 16ee0 slot=1774 NONE
OpcodeLengths.java> OPLEN 16ef0 slot=1775 NONE
OpcodeLengths.java> OPLEN 16f00 slot=1776 LDDQU | LDDQU XMM0,xmmword ptr [RAX] | len=4
OpcodeLengths.java> OPLEN 16f10 slot=1777 NONE
OpcodeLengths.java> OPLEN 16f20 slot=1778 NONE
OpcodeLengths.java> OPLEN 16f30 slot=1779 NONE
OpcodeLengths.java> OPLEN 16f40 slot=1780 NONE
OpcodeLengths.java> OPLEN 16f50 slot=1781 NONE
OpcodeLengths.java> OPLEN 16f60 slot=1782 NONE
OpcodeLengths.java> OPLEN 16f70 slot=1783 NONE
OpcodeLengths.java> OPLEN 16f80 slot=1784 NONE
OpcodeLengths.java> OPLEN 16f90 slot=1785 NONE
OpcodeLengths.java> OPLEN 16fa0 slot=1786 NONE
OpcodeLengths.java> OPLEN 16fb0 slot=1787 NONE
OpcodeLengths.java> OPLEN 16fc0 slot=1788 NONE
OpcodeLengths.java> OPLEN 16fd0 slot=1789 NONE
OpcodeLengths.java> OPLEN 16fe0 slot=1790 NONE
OpcodeLengths.java> OPLEN 16ff0 slot=1791 UD0 | UD0 EAX,dword ptr [RAX] | len=4
OpcodeLengths.java> OPLEN 17000 slot=1792 SLDT | SLDT dword ptr [RAX + -0x6f6f6f70] | len=8
OpcodeLengths.java> OPLEN 17010 slot=1793 SGDT | SGDT qword ptr [RAX + -0x6f6f6f70] | len=8
OpcodeLengths.java> OPLEN 17020 slot=1794 LAR | LAR EAX,dword ptr [RAX + -0x6f6f6f70] | len=8
OpcodeLengths.java> OPLEN 17030 slot=1795 LSL | LSL EAX,dword ptr [RAX + -0x6f6f6f70] | len=8
OpcodeLengths.java> OPLEN 17040 slot=1796 NONE
OpcodeLengths.java> OPLEN 17050 slot=1797 SYSCALL | SYSCALL | len=3
OpcodeLengths.java> OPLEN 17060 slot=1798 CLTS | CLTS | len=3
OpcodeLengths.java> OPLEN 17070 slot=1799 SYSRET | SYSRET | len=3
OpcodeLengths.java> OPLEN 17080 slot=1800 INVD | INVD | len=3
OpcodeLengths.java> OPLEN 17090 slot=1801 WBINVD | WBINVD | len=3
OpcodeLengths.java> OPLEN 170a0 slot=1802 NONE
OpcodeLengths.java> OPLEN 170b0 slot=1803 UD2 | UD2 | len=3
OpcodeLengths.java> OPLEN 170c0 slot=1804 NONE
OpcodeLengths.java> OPLEN 170d0 slot=1805 PREFETCH | PREFETCH byte ptr [RAX + -0x6f6f6f70] | len=8
OpcodeLengths.java> OPLEN 170e0 slot=1806 FEMMS | FEMMS | len=3
OpcodeLengths.java> OPLEN 170f0 slot=1807 NONE
OpcodeLengths.java> OPLEN 17100 slot=1808 MOVSD | MOVSD XMM0,qword ptr [RAX + -0x6f6f6f70] | len=8
OpcodeLengths.java> OPLEN 17110 slot=1809 MOVSD | MOVSD qword ptr [RAX + -0x6f6f6f70],XMM0 | len=8
OpcodeLengths.java> OPLEN 17120 slot=1810 MOVDDUP | MOVDDUP XMM0,qword ptr [RAX + -0x6f6f6f70] | len=8
OpcodeLengths.java> OPLEN 17130 slot=1811 NONE
OpcodeLengths.java> OPLEN 17140 slot=1812 NONE
OpcodeLengths.java> OPLEN 17150 slot=1813 NONE
OpcodeLengths.java> OPLEN 17160 slot=1814 NONE
OpcodeLengths.java> OPLEN 17170 slot=1815 NONE
OpcodeLengths.java> OPLEN 17180 slot=1816 NOP | NOP dword ptr [RAX + -0x6f6f6f70] | len=8
OpcodeLengths.java> OPLEN 17190 slot=1817 NOP | NOP dword ptr [RAX + -0x6f6f6f70] | len=8
OpcodeLengths.java> OPLEN 171a0 slot=1818 NOP | NOP dword ptr [RAX + -0x6f6f6f70] | len=8
OpcodeLengths.java> OPLEN 171b0 slot=1819 NOP | NOP dword ptr [RAX + -0x6f6f6f70] | len=8
OpcodeLengths.java> OPLEN 171c0 slot=1820 NOP | NOP dword ptr [RAX + -0x6f6f6f70] | len=8
OpcodeLengths.java> OPLEN 171d0 slot=1821 NOP | NOP dword ptr [RAX + -0x6f6f6f70] | len=8
OpcodeLengths.java> OPLEN 171e0 slot=1822 NOP | NOP dword ptr [RAX + -0x6f6f6f70] | len=8
OpcodeLengths.java> OPLEN 171f0 slot=1823 NOP | NOP dword ptr [RAX + -0x6f6f6f70] | len=8
OpcodeLengths.java> OPLEN 17200 slot=1824 MOV | MOV RAX,CR0 | len=4
OpcodeLengths.java> OPLEN 17210 slot=1825 MOV | MOV RAX,DR0 | len=4
OpcodeLengths.java> OPLEN 17220 slot=1826 MOV | MOV CR0,RAX | len=4
OpcodeLengths.java> OPLEN 17230 slot=1827 NONE
OpcodeLengths.java> OPLEN 17240 slot=1828 NONE
OpcodeLengths.java> OPLEN 17250 slot=1829 NONE
OpcodeLengths.java> OPLEN 17260 slot=1830 NONE
OpcodeLengths.java> OPLEN 17270 slot=1831 NONE
OpcodeLengths.java> OPLEN 17280 slot=1832 NONE
OpcodeLengths.java> OPLEN 17290 slot=1833 NONE
OpcodeLengths.java> OPLEN 172a0 slot=1834 CVTSI2SD | CVTSI2SD XMM0,dword ptr [RAX + -0x6f6f6f70] | len=8
OpcodeLengths.java> OPLEN 172b0 slot=1835 MOVNTSD | MOVNTSD qword ptr [RAX + -0x6f6f6f70],XMM0 | len=8
OpcodeLengths.java> OPLEN 172c0 slot=1836 CVTTSD2SI | CVTTSD2SI EAX,qword ptr [RAX + -0x6f6f6f70] | len=8
OpcodeLengths.java> OPLEN 172d0 slot=1837 CVTSD2SI | CVTSD2SI EAX,qword ptr [RAX + -0x6f6f6f70] | len=8
OpcodeLengths.java> OPLEN 172e0 slot=1838 NONE
OpcodeLengths.java> OPLEN 172f0 slot=1839 NONE
OpcodeLengths.java> OPLEN 17300 slot=1840 WRMSR | WRMSR | len=3
OpcodeLengths.java> OPLEN 17310 slot=1841 RDTSC | RDTSC | len=3
OpcodeLengths.java> OPLEN 17320 slot=1842 RDMSR | RDMSR | len=3
OpcodeLengths.java> OPLEN 17330 slot=1843 RDPMC | RDPMC | len=3
OpcodeLengths.java> OPLEN 17340 slot=1844 SYSENTER | SYSENTER | len=3
OpcodeLengths.java> OPLEN 17350 slot=1845 SYSEXIT | SYSEXIT | len=3
OpcodeLengths.java> OPLEN 17360 slot=1846 NONE
OpcodeLengths.java> OPLEN 17370 slot=1847 GETSEC | GETSEC | len=3
OpcodeLengths.java> OPLEN 17380 slot=1848 NONE
OpcodeLengths.java> OPLEN 17390 slot=1849 NONE
OpcodeLengths.java> OPLEN 173a0 slot=1850 NONE
OpcodeLengths.java> OPLEN 173b0 slot=1851 NONE
OpcodeLengths.java> OPLEN 173c0 slot=1852 NONE
OpcodeLengths.java> OPLEN 173d0 slot=1853 NONE
OpcodeLengths.java> OPLEN 173e0 slot=1854 NONE
OpcodeLengths.java> OPLEN 173f0 slot=1855 NONE
OpcodeLengths.java> OPLEN 17400 slot=1856 CMOVO | CMOVO EAX,dword ptr [RAX + -0x6f6f6f70] | len=8
OpcodeLengths.java> OPLEN 17410 slot=1857 CMOVNO | CMOVNO EAX,dword ptr [RAX + -0x6f6f6f70] | len=8
OpcodeLengths.java> OPLEN 17420 slot=1858 CMOVC | CMOVC EAX,dword ptr [RAX + -0x6f6f6f70] | len=8
OpcodeLengths.java> OPLEN 17430 slot=1859 CMOVNC | CMOVNC EAX,dword ptr [RAX + -0x6f6f6f70] | len=8
OpcodeLengths.java> OPLEN 17440 slot=1860 CMOVZ | CMOVZ EAX,dword ptr [RAX + -0x6f6f6f70] | len=8
OpcodeLengths.java> OPLEN 17450 slot=1861 CMOVNZ | CMOVNZ EAX,dword ptr [RAX + -0x6f6f6f70] | len=8
OpcodeLengths.java> OPLEN 17460 slot=1862 CMOVBE | CMOVBE EAX,dword ptr [RAX + -0x6f6f6f70] | len=8
OpcodeLengths.java> OPLEN 17470 slot=1863 CMOVA | CMOVA EAX,dword ptr [RAX + -0x6f6f6f70] | len=8
OpcodeLengths.java> OPLEN 17480 slot=1864 CMOVS | CMOVS EAX,dword ptr [RAX + -0x6f6f6f70] | len=8
OpcodeLengths.java> OPLEN 17490 slot=1865 CMOVNS | CMOVNS EAX,dword ptr [RAX + -0x6f6f6f70] | len=8
OpcodeLengths.java> OPLEN 174a0 slot=1866 CMOVP | CMOVP EAX,dword ptr [RAX + -0x6f6f6f70] | len=8
OpcodeLengths.java> OPLEN 174b0 slot=1867 CMOVNP | CMOVNP EAX,dword ptr [RAX + -0x6f6f6f70] | len=8
OpcodeLengths.java> OPLEN 174c0 slot=1868 CMOVL | CMOVL EAX,dword ptr [RAX + -0x6f6f6f70] | len=8
OpcodeLengths.java> OPLEN 174d0 slot=1869 CMOVGE | CMOVGE EAX,dword ptr [RAX + -0x6f6f6f70] | len=8
OpcodeLengths.java> OPLEN 174e0 slot=1870 CMOVLE | CMOVLE EAX,dword ptr [RAX + -0x6f6f6f70] | len=8
OpcodeLengths.java> OPLEN 174f0 slot=1871 CMOVG | CMOVG EAX,dword ptr [RAX + -0x6f6f6f70] | len=8
OpcodeLengths.java> OPLEN 17500 slot=1872 NONE
OpcodeLengths.java> OPLEN 17510 slot=1873 SQRTSD | SQRTSD XMM0,qword ptr [RAX + -0x6f6f6f70] | len=8
OpcodeLengths.java> OPLEN 17520 slot=1874 NONE
OpcodeLengths.java> OPLEN 17530 slot=1875 NONE
OpcodeLengths.java> OPLEN 17540 slot=1876 NONE
OpcodeLengths.java> OPLEN 17550 slot=1877 NONE
OpcodeLengths.java> OPLEN 17560 slot=1878 NONE
OpcodeLengths.java> OPLEN 17570 slot=1879 NONE
OpcodeLengths.java> OPLEN 17580 slot=1880 ADDSD | ADDSD XMM0,qword ptr [RAX + -0x6f6f6f70] | len=8
OpcodeLengths.java> OPLEN 17590 slot=1881 MULSD | MULSD XMM0,qword ptr [RAX + -0x6f6f6f70] | len=8
OpcodeLengths.java> OPLEN 175a0 slot=1882 CVTSD2SS | CVTSD2SS XMM0,qword ptr [RAX + -0x6f6f6f70] | len=8
OpcodeLengths.java> OPLEN 175b0 slot=1883 NONE
OpcodeLengths.java> OPLEN 175c0 slot=1884 SUBSD | SUBSD XMM0,qword ptr [RAX + -0x6f6f6f70] | len=8
OpcodeLengths.java> OPLEN 175d0 slot=1885 MINSD | MINSD XMM0,qword ptr [RAX + -0x6f6f6f70] | len=8
OpcodeLengths.java> OPLEN 175e0 slot=1886 DIVSD | DIVSD XMM0,qword ptr [RAX + -0x6f6f6f70] | len=8
OpcodeLengths.java> OPLEN 175f0 slot=1887 MAXSD | MAXSD XMM0,qword ptr [RAX + -0x6f6f6f70] | len=8
OpcodeLengths.java> OPLEN 17600 slot=1888 NONE
OpcodeLengths.java> OPLEN 17610 slot=1889 NONE
OpcodeLengths.java> OPLEN 17620 slot=1890 NONE
OpcodeLengths.java> OPLEN 17630 slot=1891 NONE
OpcodeLengths.java> OPLEN 17640 slot=1892 NONE
OpcodeLengths.java> OPLEN 17650 slot=1893 NONE
OpcodeLengths.java> OPLEN 17660 slot=1894 NONE
OpcodeLengths.java> OPLEN 17670 slot=1895 NONE
OpcodeLengths.java> OPLEN 17680 slot=1896 NONE
OpcodeLengths.java> OPLEN 17690 slot=1897 NONE
OpcodeLengths.java> OPLEN 176a0 slot=1898 NONE
OpcodeLengths.java> OPLEN 176b0 slot=1899 NONE
OpcodeLengths.java> OPLEN 176c0 slot=1900 NONE
OpcodeLengths.java> OPLEN 176d0 slot=1901 NONE
OpcodeLengths.java> OPLEN 176e0 slot=1902 NONE
OpcodeLengths.java> OPLEN 176f0 slot=1903 NONE
OpcodeLengths.java> OPLEN 17700 slot=1904 PSHUFLW | PSHUFLW XMM0,xmmword ptr [RAX + -0x6f6f6f70],0x90 | len=9
OpcodeLengths.java> OPLEN 17710 slot=1905 NONE
OpcodeLengths.java> OPLEN 17720 slot=1906 NONE
OpcodeLengths.java> OPLEN 17730 slot=1907 NONE
OpcodeLengths.java> OPLEN 17740 slot=1908 NONE
OpcodeLengths.java> OPLEN 17750 slot=1909 NONE
OpcodeLengths.java> OPLEN 17760 slot=1910 NONE
OpcodeLengths.java> OPLEN 17770 slot=1911 EMMS | EMMS | len=3
OpcodeLengths.java> OPLEN 17780 slot=1912 INSERTQ | INSERTQ XMM0,XMM0,0x10,0x10 | len=6
OpcodeLengths.java> OPLEN 17790 slot=1913 INSERTQ | INSERTQ XMM0,XMM0 | len=4
OpcodeLengths.java> OPLEN 177a0 slot=1914 NONE
OpcodeLengths.java> OPLEN 177b0 slot=1915 NONE
OpcodeLengths.java> OPLEN 177c0 slot=1916 HADDPS | HADDPS XMM0,xmmword ptr [RAX + -0x6f6f6f70] | len=8
OpcodeLengths.java> OPLEN 177d0 slot=1917 HSUBPS | HSUBPS XMM0,xmmword ptr [RAX + -0x6f6f6f70] | len=8
OpcodeLengths.java> OPLEN 177e0 slot=1918 NONE
OpcodeLengths.java> OPLEN 177f0 slot=1919 NONE
OpcodeLengths.java> OPLEN 17800 slot=1920 JO | JO 0xffffffff90920887 | len=7
OpcodeLengths.java> OPLEN 17810 slot=1921 JNO | JNO 0xffffffff90920897 | len=7
OpcodeLengths.java> OPLEN 17820 slot=1922 JC | JC 0xffffffff909208a7 | len=7
OpcodeLengths.java> OPLEN 17830 slot=1923 JNC | JNC 0xffffffff909208b7 | len=7
OpcodeLengths.java> OPLEN 17840 slot=1924 JZ | JZ 0xffffffff909208c7 | len=7
OpcodeLengths.java> OPLEN 17850 slot=1925 JNZ | JNZ 0xffffffff909208d7 | len=7
OpcodeLengths.java> OPLEN 17860 slot=1926 JBE | JBE 0xffffffff909208e7 | len=7
OpcodeLengths.java> OPLEN 17870 slot=1927 JA | JA 0xffffffff909208f7 | len=7
OpcodeLengths.java> OPLEN 17880 slot=1928 JS | JS 0xffffffff90920907 | len=7
OpcodeLengths.java> OPLEN 17890 slot=1929 JNS | JNS 0xffffffff90920917 | len=7
OpcodeLengths.java> OPLEN 178a0 slot=1930 JP | JP 0xffffffff90920927 | len=7
OpcodeLengths.java> OPLEN 178b0 slot=1931 JNP | JNP 0xffffffff90920937 | len=7
OpcodeLengths.java> OPLEN 178c0 slot=1932 JL | JL 0xffffffff90920947 | len=7
OpcodeLengths.java> OPLEN 178d0 slot=1933 JGE | JGE 0xffffffff90920957 | len=7
OpcodeLengths.java> OPLEN 178e0 slot=1934 JLE | JLE 0xffffffff90920967 | len=7
OpcodeLengths.java> OPLEN 178f0 slot=1935 JG | JG 0xffffffff90920977 | len=7
OpcodeLengths.java> OPLEN 17900 slot=1936 SETO | SETO byte ptr [RAX + -0x6f6f6f70] | len=8
OpcodeLengths.java> OPLEN 17910 slot=1937 SETNO | SETNO byte ptr [RAX + -0x6f6f6f70] | len=8
OpcodeLengths.java> OPLEN 17920 slot=1938 SETC | SETC byte ptr [RAX + -0x6f6f6f70] | len=8
OpcodeLengths.java> OPLEN 17930 slot=1939 SETNC | SETNC byte ptr [RAX + -0x6f6f6f70] | len=8
OpcodeLengths.java> OPLEN 17940 slot=1940 SETZ | SETZ byte ptr [RAX + -0x6f6f6f70] | len=8
OpcodeLengths.java> OPLEN 17950 slot=1941 SETNZ | SETNZ byte ptr [RAX + -0x6f6f6f70] | len=8
OpcodeLengths.java> OPLEN 17960 slot=1942 SETBE | SETBE byte ptr [RAX + -0x6f6f6f70] | len=8
OpcodeLengths.java> OPLEN 17970 slot=1943 SETA | SETA byte ptr [RAX + -0x6f6f6f70] | len=8
OpcodeLengths.java> OPLEN 17980 slot=1944 SETS | SETS byte ptr [RAX + -0x6f6f6f70] | len=8
OpcodeLengths.java> OPLEN 17990 slot=1945 SETNS | SETNS byte ptr [RAX + -0x6f6f6f70] | len=8
OpcodeLengths.java> OPLEN 179a0 slot=1946 SETP | SETP byte ptr [RAX + -0x6f6f6f70] | len=8
OpcodeLengths.java> OPLEN 179b0 slot=1947 SETNP | SETNP byte ptr [RAX + -0x6f6f6f70] | len=8
OpcodeLengths.java> OPLEN 179c0 slot=1948 SETL | SETL byte ptr [RAX + -0x6f6f6f70] | len=8
OpcodeLengths.java> OPLEN 179d0 slot=1949 SETGE | SETGE byte ptr [RAX + -0x6f6f6f70] | len=8
OpcodeLengths.java> OPLEN 179e0 slot=1950 SETLE | SETLE byte ptr [RAX + -0x6f6f6f70] | len=8
OpcodeLengths.java> OPLEN 179f0 slot=1951 SETG | SETG byte ptr [RAX + -0x6f6f6f70] | len=8
OpcodeLengths.java> OPLEN 17a00 slot=1952 PUSH | PUSH FS | len=3
OpcodeLengths.java> OPLEN 17a10 slot=1953 POP | POP FS | len=3
OpcodeLengths.java> OPLEN 17a20 slot=1954 CPUID | CPUID | len=3
OpcodeLengths.java> OPLEN 17a30 slot=1955 BT | BT [RAX + -0x6f6f6f70],EAX | len=8
OpcodeLengths.java> OPLEN 17a40 slot=1956 SHLD | SHLD dword ptr [RAX + -0x6f6f6f70],EAX,0x90 | len=9
OpcodeLengths.java> OPLEN 17a50 slot=1957 SHLD | SHLD dword ptr [RAX + -0x6f6f6f70],EAX,CL | len=8
OpcodeLengths.java> OPLEN 17a60 slot=1958 NONE
OpcodeLengths.java> OPLEN 17a70 slot=1959 NONE
OpcodeLengths.java> OPLEN 17a80 slot=1960 PUSH | PUSH GS | len=3
OpcodeLengths.java> OPLEN 17a90 slot=1961 POP | POP GS | len=3
OpcodeLengths.java> OPLEN 17aa0 slot=1962 RSM | RSM | len=3
OpcodeLengths.java> OPLEN 17ab0 slot=1963 BTS | BTS [RAX + -0x6f6f6f70],EAX | len=8
OpcodeLengths.java> OPLEN 17ac0 slot=1964 SHRD | SHRD dword ptr [RAX + -0x6f6f6f70],EAX,0x90 | len=9
OpcodeLengths.java> OPLEN 17ad0 slot=1965 SHRD | SHRD dword ptr [RAX + -0x6f6f6f70],EAX,CL | len=8
OpcodeLengths.java> OPLEN 17ae0 slot=1966 FXSAVE | FXSAVE [RAX + -0x6f6f6f70] | len=8
OpcodeLengths.java> OPLEN 17af0 slot=1967 IMUL | IMUL EAX,dword ptr [RAX + -0x6f6f6f70] | len=8
OpcodeLengths.java> OPLEN 17b00 slot=1968 CMPXCHG | CMPXCHG byte ptr [RAX + -0x6f6f6f70],AL | len=8
OpcodeLengths.java> OPLEN 17b10 slot=1969 CMPXCHG | CMPXCHG dword ptr [RAX + -0x6f6f6f70],EAX | len=8
OpcodeLengths.java> OPLEN 17b20 slot=1970 LSS | LSS EAX,[RAX + -0x6f6f6f70] | len=8
OpcodeLengths.java> OPLEN 17b30 slot=1971 BTR | BTR [RAX + -0x6f6f6f70],EAX | len=8
OpcodeLengths.java> OPLEN 17b40 slot=1972 LFS | LFS EAX,[RAX + -0x6f6f6f70] | len=8
OpcodeLengths.java> OPLEN 17b50 slot=1973 LGS | LGS EAX,[RAX + -0x6f6f6f70] | len=8
OpcodeLengths.java> OPLEN 17b60 slot=1974 MOVZX | MOVZX EAX,byte ptr [RAX + -0x6f6f6f70] | len=8
OpcodeLengths.java> OPLEN 17b70 slot=1975 MOVZX | MOVZX EAX,word ptr [RAX + -0x6f6f6f70] | len=8
OpcodeLengths.java> OPLEN 17b80 slot=1976 NONE
OpcodeLengths.java> OPLEN 17b90 slot=1977 UD1 | UD1 EAX,dword ptr [RAX + -0x6f6f6f70] | len=8
OpcodeLengths.java> OPLEN 17ba0 slot=1978 NONE
OpcodeLengths.java> OPLEN 17bb0 slot=1979 BTC | BTC [RAX + -0x6f6f6f70],EAX | len=8
OpcodeLengths.java> OPLEN 17bc0 slot=1980 BSF | BSF EAX,dword ptr [RAX + -0x6f6f6f70] | len=8
OpcodeLengths.java> OPLEN 17bd0 slot=1981 BSR | BSR EAX,dword ptr [RAX + -0x6f6f6f70] | len=8
OpcodeLengths.java> OPLEN 17be0 slot=1982 MOVSX | MOVSX EAX,byte ptr [RAX + -0x6f6f6f70] | len=8
OpcodeLengths.java> OPLEN 17bf0 slot=1983 MOVSX | MOVSX EAX,word ptr [RAX + -0x6f6f6f70] | len=8
OpcodeLengths.java> OPLEN 17c00 slot=1984 XADD | XADD byte ptr [RAX + -0x6f6f6f70],AL | len=8
OpcodeLengths.java> OPLEN 17c10 slot=1985 XADD | XADD dword ptr [RAX + -0x6f6f6f70],EAX | len=8
OpcodeLengths.java> OPLEN 17c20 slot=1986 CMPSD | CMPSD XMM0,qword ptr [RAX + -0x6f6f6f70], 0x90 | len=9
OpcodeLengths.java> OPLEN 17c30 slot=1987 MOVNTI | MOVNTI [RAX + -0x6f6f6f70],EAX | len=8
OpcodeLengths.java> OPLEN 17c40 slot=1988 NONE
OpcodeLengths.java> OPLEN 17c50 slot=1989 NONE
OpcodeLengths.java> OPLEN 17c60 slot=1990 NONE
OpcodeLengths.java> OPLEN 17c70 slot=1991 NONE
OpcodeLengths.java> OPLEN 17c80 slot=1992 BSWAP | BSWAP EAX | len=3
OpcodeLengths.java> OPLEN 17c90 slot=1993 BSWAP | BSWAP ECX | len=3
OpcodeLengths.java> OPLEN 17ca0 slot=1994 BSWAP | BSWAP EDX | len=3
OpcodeLengths.java> OPLEN 17cb0 slot=1995 BSWAP | BSWAP EBX | len=3
OpcodeLengths.java> OPLEN 17cc0 slot=1996 BSWAP | BSWAP ESP | len=3
OpcodeLengths.java> OPLEN 17cd0 slot=1997 BSWAP | BSWAP EBP | len=3
OpcodeLengths.java> OPLEN 17ce0 slot=1998 BSWAP | BSWAP ESI | len=3
OpcodeLengths.java> OPLEN 17cf0 slot=1999 BSWAP | BSWAP EDI | len=3
OpcodeLengths.java> OPLEN 17d00 slot=2000 ADDSUBPS | ADDSUBPS XMM0,xmmword ptr [RAX + -0x6f6f6f70] | len=8
OpcodeLengths.java> OPLEN 17d10 slot=2001 NONE
OpcodeLengths.java> OPLEN 17d20 slot=2002 NONE
OpcodeLengths.java> OPLEN 17d30 slot=2003 NONE
OpcodeLengths.java> OPLEN 17d40 slot=2004 NONE
OpcodeLengths.java> OPLEN 17d50 slot=2005 NONE
OpcodeLengths.java> OPLEN 17d60 slot=2006 MOVDQ2Q | MOVDQ2Q MM0,XMM0 | len=4
OpcodeLengths.java> OPLEN 17d70 slot=2007 NONE
OpcodeLengths.java> OPLEN 17d80 slot=2008 NONE
OpcodeLengths.java> OPLEN 17d90 slot=2009 NONE
OpcodeLengths.java> OPLEN 17da0 slot=2010 NONE
OpcodeLengths.java> OPLEN 17db0 slot=2011 NONE
OpcodeLengths.java> OPLEN 17dc0 slot=2012 NONE
OpcodeLengths.java> OPLEN 17dd0 slot=2013 NONE
OpcodeLengths.java> OPLEN 17de0 slot=2014 NONE
OpcodeLengths.java> OPLEN 17df0 slot=2015 NONE
OpcodeLengths.java> OPLEN 17e00 slot=2016 NONE
OpcodeLengths.java> OPLEN 17e10 slot=2017 NONE
OpcodeLengths.java> OPLEN 17e20 slot=2018 NONE
OpcodeLengths.java> OPLEN 17e30 slot=2019 NONE
OpcodeLengths.java> OPLEN 17e40 slot=2020 NONE
OpcodeLengths.java> OPLEN 17e50 slot=2021 NONE
OpcodeLengths.java> OPLEN 17e60 slot=2022 CVTPD2DQ | CVTPD2DQ XMM0,xmmword ptr [RAX + -0x6f6f6f70] | len=8
OpcodeLengths.java> OPLEN 17e70 slot=2023 NONE
OpcodeLengths.java> OPLEN 17e80 slot=2024 NONE
OpcodeLengths.java> OPLEN 17e90 slot=2025 NONE
OpcodeLengths.java> OPLEN 17ea0 slot=2026 NONE
OpcodeLengths.java> OPLEN 17eb0 slot=2027 NONE
OpcodeLengths.java> OPLEN 17ec0 slot=2028 NONE
OpcodeLengths.java> OPLEN 17ed0 slot=2029 NONE
OpcodeLengths.java> OPLEN 17ee0 slot=2030 NONE
OpcodeLengths.java> OPLEN 17ef0 slot=2031 NONE
OpcodeLengths.java> OPLEN 17f00 slot=2032 LDDQU | LDDQU XMM0,xmmword ptr [RAX + -0x6f6f6f70] | len=8
OpcodeLengths.java> OPLEN 17f10 slot=2033 NONE
OpcodeLengths.java> OPLEN 17f20 slot=2034 NONE
OpcodeLengths.java> OPLEN 17f30 slot=2035 NONE
OpcodeLengths.java> OPLEN 17f40 slot=2036 NONE
OpcodeLengths.java> OPLEN 17f50 slot=2037 NONE
OpcodeLengths.java> OPLEN 17f60 slot=2038 NONE
OpcodeLengths.java> OPLEN 17f70 slot=2039 NONE
OpcodeLengths.java> OPLEN 17f80 slot=2040 NONE
OpcodeLengths.java> OPLEN 17f90 slot=2041 NONE
OpcodeLengths.java> OPLEN 17fa0 slot=2042 NONE
OpcodeLengths.java> OPLEN 17fb0 slot=2043 NONE
OpcodeLengths.java> OPLEN 17fc0 slot=2044 NONE
OpcodeLengths.java> OPLEN 17fd0 slot=2045 NONE
OpcodeLengths.java> OPLEN 17fe0 slot=2046 NONE
OpcodeLengths.java> OPLEN 17ff0 slot=2047 UD0 | UD0 EAX,dword ptr [RAX + -0x6f6f6f70] | len=8
OpcodeLengths.java> OPLEN 18000 slot=2048 SLDT | SLDT EAX | len=4
OpcodeLengths.java> OPLEN 18010 slot=2049 NONE
OpcodeLengths.java> OPLEN 18020 slot=2050 LAR | LAR EAX,EAX | len=4
OpcodeLengths.java> OPLEN 18030 slot=2051 LSL | LSL EAX,EAX | len=4
OpcodeLengths.java> OPLEN 18040 slot=2052 NONE
OpcodeLengths.java> OPLEN 18050 slot=2053 SYSCALL | SYSCALL | len=3
OpcodeLengths.java> OPLEN 18060 slot=2054 CLTS | CLTS | len=3
OpcodeLengths.java> OPLEN 18070 slot=2055 SYSRET | SYSRET | len=3
OpcodeLengths.java> OPLEN 18080 slot=2056 INVD | INVD | len=3
OpcodeLengths.java> OPLEN 18090 slot=2057 WBINVD | WBINVD | len=3
OpcodeLengths.java> OPLEN 180a0 slot=2058 NONE
OpcodeLengths.java> OPLEN 180b0 slot=2059 UD2 | UD2 | len=3
OpcodeLengths.java> OPLEN 180c0 slot=2060 NONE
OpcodeLengths.java> OPLEN 180d0 slot=2061 NONE
OpcodeLengths.java> OPLEN 180e0 slot=2062 FEMMS | FEMMS | len=3
OpcodeLengths.java> OPLEN 180f0 slot=2063 NONE
OpcodeLengths.java> OPLEN 18100 slot=2064 MOVSD | MOVSD XMM0,XMM0 | len=4
OpcodeLengths.java> OPLEN 18110 slot=2065 MOVSD | MOVSD XMM0,XMM0 | len=4
OpcodeLengths.java> OPLEN 18120 slot=2066 MOVDDUP | MOVDDUP XMM0,XMM0 | len=4
OpcodeLengths.java> OPLEN 18130 slot=2067 NONE
OpcodeLengths.java> OPLEN 18140 slot=2068 NONE
OpcodeLengths.java> OPLEN 18150 slot=2069 NONE
OpcodeLengths.java> OPLEN 18160 slot=2070 NONE
OpcodeLengths.java> OPLEN 18170 slot=2071 NONE
OpcodeLengths.java> OPLEN 18180 slot=2072 NOP | NOP EAX | len=4
OpcodeLengths.java> OPLEN 18190 slot=2073 NOP | NOP EAX | len=4
OpcodeLengths.java> OPLEN 181a0 slot=2074 NOP | NOP EAX | len=4
OpcodeLengths.java> OPLEN 181b0 slot=2075 NOP | NOP EAX | len=4
OpcodeLengths.java> OPLEN 181c0 slot=2076 NOP | NOP EAX | len=4
OpcodeLengths.java> OPLEN 181d0 slot=2077 NOP | NOP EAX | len=4
OpcodeLengths.java> OPLEN 181e0 slot=2078 NOP | NOP EAX | len=4
OpcodeLengths.java> OPLEN 181f0 slot=2079 NOP | NOP EAX | len=4
OpcodeLengths.java> OPLEN 18200 slot=2080 MOV | MOV RAX,CR0 | len=4
OpcodeLengths.java> OPLEN 18210 slot=2081 MOV | MOV RAX,DR0 | len=4
OpcodeLengths.java> OPLEN 18220 slot=2082 MOV | MOV CR0,RAX | len=4
OpcodeLengths.java> OPLEN 18230 slot=2083 MOV | MOV DR0,RAX | len=4
OpcodeLengths.java> OPLEN 18240 slot=2084 NONE
OpcodeLengths.java> OPLEN 18250 slot=2085 NONE
OpcodeLengths.java> OPLEN 18260 slot=2086 NONE
OpcodeLengths.java> OPLEN 18270 slot=2087 NONE
OpcodeLengths.java> OPLEN 18280 slot=2088 NONE
OpcodeLengths.java> OPLEN 18290 slot=2089 NONE
OpcodeLengths.java> OPLEN 182a0 slot=2090 CVTSI2SD | CVTSI2SD XMM0,EAX | len=4
OpcodeLengths.java> OPLEN 182b0 slot=2091 NONE
OpcodeLengths.java> OPLEN 182c0 slot=2092 CVTTSD2SI | CVTTSD2SI EAX,XMM0 | len=4
OpcodeLengths.java> OPLEN 182d0 slot=2093 CVTSD2SI | CVTSD2SI EAX,XMM0 | len=4
OpcodeLengths.java> OPLEN 182e0 slot=2094 NONE
OpcodeLengths.java> OPLEN 182f0 slot=2095 NONE
OpcodeLengths.java> OPLEN 18300 slot=2096 WRMSR | WRMSR | len=3
OpcodeLengths.java> OPLEN 18310 slot=2097 RDTSC | RDTSC | len=3
OpcodeLengths.java> OPLEN 18320 slot=2098 RDMSR | RDMSR | len=3
OpcodeLengths.java> OPLEN 18330 slot=2099 RDPMC | RDPMC | len=3
OpcodeLengths.java> OPLEN 18340 slot=2100 SYSENTER | SYSENTER | len=3
OpcodeLengths.java> OPLEN 18350 slot=2101 SYSEXIT | SYSEXIT | len=3
OpcodeLengths.java> OPLEN 18360 slot=2102 NONE
OpcodeLengths.java> OPLEN 18370 slot=2103 GETSEC | GETSEC | len=3
OpcodeLengths.java> OPLEN 18380 slot=2104 NONE
OpcodeLengths.java> OPLEN 18390 slot=2105 NONE
OpcodeLengths.java> OPLEN 183a0 slot=2106 NONE
OpcodeLengths.java> OPLEN 183b0 slot=2107 NONE
OpcodeLengths.java> OPLEN 183c0 slot=2108 NONE
OpcodeLengths.java> OPLEN 183d0 slot=2109 NONE
OpcodeLengths.java> OPLEN 183e0 slot=2110 NONE
OpcodeLengths.java> OPLEN 183f0 slot=2111 NONE
OpcodeLengths.java> OPLEN 18400 slot=2112 CMOVO | CMOVO EAX,EAX | len=4
OpcodeLengths.java> OPLEN 18410 slot=2113 CMOVNO | CMOVNO EAX,EAX | len=4
OpcodeLengths.java> OPLEN 18420 slot=2114 CMOVC | CMOVC EAX,EAX | len=4
OpcodeLengths.java> OPLEN 18430 slot=2115 CMOVNC | CMOVNC EAX,EAX | len=4
OpcodeLengths.java> OPLEN 18440 slot=2116 CMOVZ | CMOVZ EAX,EAX | len=4
OpcodeLengths.java> OPLEN 18450 slot=2117 CMOVNZ | CMOVNZ EAX,EAX | len=4
OpcodeLengths.java> OPLEN 18460 slot=2118 CMOVBE | CMOVBE EAX,EAX | len=4
OpcodeLengths.java> OPLEN 18470 slot=2119 CMOVA | CMOVA EAX,EAX | len=4
OpcodeLengths.java> OPLEN 18480 slot=2120 CMOVS | CMOVS EAX,EAX | len=4
OpcodeLengths.java> OPLEN 18490 slot=2121 CMOVNS | CMOVNS EAX,EAX | len=4
OpcodeLengths.java> OPLEN 184a0 slot=2122 CMOVP | CMOVP EAX,EAX | len=4
OpcodeLengths.java> OPLEN 184b0 slot=2123 CMOVNP | CMOVNP EAX,EAX | len=4
OpcodeLengths.java> OPLEN 184c0 slot=2124 CMOVL | CMOVL EAX,EAX | len=4
OpcodeLengths.java> OPLEN 184d0 slot=2125 CMOVGE | CMOVGE EAX,EAX | len=4
OpcodeLengths.java> OPLEN 184e0 slot=2126 CMOVLE | CMOVLE EAX,EAX | len=4
OpcodeLengths.java> OPLEN 184f0 slot=2127 CMOVG | CMOVG EAX,EAX | len=4
OpcodeLengths.java> OPLEN 18500 slot=2128 NONE
OpcodeLengths.java> OPLEN 18510 slot=2129 SQRTSD | SQRTSD XMM0,XMM0 | len=4
OpcodeLengths.java> OPLEN 18520 slot=2130 NONE
OpcodeLengths.java> OPLEN 18530 slot=2131 NONE
OpcodeLengths.java> OPLEN 18540 slot=2132 NONE
OpcodeLengths.java> OPLEN 18550 slot=2133 NONE
OpcodeLengths.java> OPLEN 18560 slot=2134 NONE
OpcodeLengths.java> OPLEN 18570 slot=2135 NONE
OpcodeLengths.java> OPLEN 18580 slot=2136 ADDSD | ADDSD XMM0,XMM0 | len=4
OpcodeLengths.java> OPLEN 18590 slot=2137 MULSD | MULSD XMM0,XMM0 | len=4
OpcodeLengths.java> OPLEN 185a0 slot=2138 CVTSD2SS | CVTSD2SS XMM0,XMM0 | len=4
OpcodeLengths.java> OPLEN 185b0 slot=2139 NONE
OpcodeLengths.java> OPLEN 185c0 slot=2140 SUBSD | SUBSD XMM0,XMM0 | len=4
OpcodeLengths.java> OPLEN 185d0 slot=2141 MINSD | MINSD XMM0,XMM0 | len=4
OpcodeLengths.java> OPLEN 185e0 slot=2142 DIVSD | DIVSD XMM0,XMM0 | len=4
OpcodeLengths.java> OPLEN 185f0 slot=2143 MAXSD | MAXSD XMM0,XMM0 | len=4
OpcodeLengths.java> OPLEN 18600 slot=2144 NONE
OpcodeLengths.java> OPLEN 18610 slot=2145 NONE
OpcodeLengths.java> OPLEN 18620 slot=2146 NONE
OpcodeLengths.java> OPLEN 18630 slot=2147 NONE
OpcodeLengths.java> OPLEN 18640 slot=2148 NONE
OpcodeLengths.java> OPLEN 18650 slot=2149 NONE
OpcodeLengths.java> OPLEN 18660 slot=2150 NONE
OpcodeLengths.java> OPLEN 18670 slot=2151 NONE
OpcodeLengths.java> OPLEN 18680 slot=2152 NONE
OpcodeLengths.java> OPLEN 18690 slot=2153 NONE
OpcodeLengths.java> OPLEN 186a0 slot=2154 NONE
OpcodeLengths.java> OPLEN 186b0 slot=2155 NONE
OpcodeLengths.java> OPLEN 186c0 slot=2156 NONE
OpcodeLengths.java> OPLEN 186d0 slot=2157 NONE
OpcodeLengths.java> OPLEN 186e0 slot=2158 NONE
OpcodeLengths.java> OPLEN 186f0 slot=2159 NONE
OpcodeLengths.java> OPLEN 18700 slot=2160 PSHUFLW | PSHUFLW XMM0,XMM0,0x90 | len=5
OpcodeLengths.java> OPLEN 18710 slot=2161 NONE
OpcodeLengths.java> OPLEN 18720 slot=2162 NONE
OpcodeLengths.java> OPLEN 18730 slot=2163 NONE
OpcodeLengths.java> OPLEN 18740 slot=2164 NONE
OpcodeLengths.java> OPLEN 18750 slot=2165 NONE
OpcodeLengths.java> OPLEN 18760 slot=2166 NONE
OpcodeLengths.java> OPLEN 18770 slot=2167 EMMS | EMMS | len=3
OpcodeLengths.java> OPLEN 18780 slot=2168 INSERTQ | INSERTQ XMM0,XMM0,0x10,0x10 | len=6
OpcodeLengths.java> OPLEN 18790 slot=2169 INSERTQ | INSERTQ XMM0,XMM0 | len=4
OpcodeLengths.java> OPLEN 187a0 slot=2170 NONE
OpcodeLengths.java> OPLEN 187b0 slot=2171 NONE
OpcodeLengths.java> OPLEN 187c0 slot=2172 HADDPS | HADDPS XMM0,XMM0 | len=4
OpcodeLengths.java> OPLEN 187d0 slot=2173 HSUBPS | HSUBPS XMM0,XMM0 | len=4
OpcodeLengths.java> OPLEN 187e0 slot=2174 NONE
OpcodeLengths.java> OPLEN 187f0 slot=2175 NONE
OpcodeLengths.java> OPLEN 18800 slot=2176 JO | JO 0xffffffff909218c7 | len=7
OpcodeLengths.java> OPLEN 18810 slot=2177 JNO | JNO 0xffffffff909218d7 | len=7
OpcodeLengths.java> OPLEN 18820 slot=2178 JC | JC 0xffffffff909218e7 | len=7
OpcodeLengths.java> OPLEN 18830 slot=2179 JNC | JNC 0xffffffff909218f7 | len=7
OpcodeLengths.java> OPLEN 18840 slot=2180 JZ | JZ 0xffffffff90921907 | len=7
OpcodeLengths.java> OPLEN 18850 slot=2181 JNZ | JNZ 0xffffffff90921917 | len=7
OpcodeLengths.java> OPLEN 18860 slot=2182 JBE | JBE 0xffffffff90921927 | len=7
OpcodeLengths.java> OPLEN 18870 slot=2183 JA | JA 0xffffffff90921937 | len=7
OpcodeLengths.java> OPLEN 18880 slot=2184 JS | JS 0xffffffff90921947 | len=7
OpcodeLengths.java> OPLEN 18890 slot=2185 JNS | JNS 0xffffffff90921957 | len=7
OpcodeLengths.java> OPLEN 188a0 slot=2186 JP | JP 0xffffffff90921967 | len=7
OpcodeLengths.java> OPLEN 188b0 slot=2187 JNP | JNP 0xffffffff90921977 | len=7
OpcodeLengths.java> OPLEN 188c0 slot=2188 JL | JL 0xffffffff90921987 | len=7
OpcodeLengths.java> OPLEN 188d0 slot=2189 JGE | JGE 0xffffffff90921997 | len=7
OpcodeLengths.java> OPLEN 188e0 slot=2190 JLE | JLE 0xffffffff909219a7 | len=7
OpcodeLengths.java> OPLEN 188f0 slot=2191 JG | JG 0xffffffff909219b7 | len=7
OpcodeLengths.java> OPLEN 18900 slot=2192 SETO | SETO AL | len=4
OpcodeLengths.java> OPLEN 18910 slot=2193 SETNO | SETNO AL | len=4
OpcodeLengths.java> OPLEN 18920 slot=2194 SETC | SETC AL | len=4
OpcodeLengths.java> OPLEN 18930 slot=2195 SETNC | SETNC AL | len=4
OpcodeLengths.java> OPLEN 18940 slot=2196 SETZ | SETZ AL | len=4
OpcodeLengths.java> OPLEN 18950 slot=2197 SETNZ | SETNZ AL | len=4
OpcodeLengths.java> OPLEN 18960 slot=2198 SETBE | SETBE AL | len=4
OpcodeLengths.java> OPLEN 18970 slot=2199 SETA | SETA AL | len=4
OpcodeLengths.java> OPLEN 18980 slot=2200 SETS | SETS AL | len=4
OpcodeLengths.java> OPLEN 18990 slot=2201 SETNS | SETNS AL | len=4
OpcodeLengths.java> OPLEN 189a0 slot=2202 SETP | SETP AL | len=4
OpcodeLengths.java> OPLEN 189b0 slot=2203 SETNP | SETNP AL | len=4
OpcodeLengths.java> OPLEN 189c0 slot=2204 SETL | SETL AL | len=4
OpcodeLengths.java> OPLEN 189d0 slot=2205 SETGE | SETGE AL | len=4
OpcodeLengths.java> OPLEN 189e0 slot=2206 SETLE | SETLE AL | len=4
OpcodeLengths.java> OPLEN 189f0 slot=2207 SETG | SETG AL | len=4
OpcodeLengths.java> OPLEN 18a00 slot=2208 PUSH | PUSH FS | len=3
OpcodeLengths.java> OPLEN 18a10 slot=2209 POP | POP FS | len=3
OpcodeLengths.java> OPLEN 18a20 slot=2210 CPUID | CPUID | len=3
OpcodeLengths.java> OPLEN 18a30 slot=2211 BT | BT EAX,EAX | len=4
OpcodeLengths.java> OPLEN 18a40 slot=2212 SHLD | SHLD EAX,EAX,0x90 | len=5
OpcodeLengths.java> OPLEN 18a50 slot=2213 SHLD | SHLD EAX,EAX,CL | len=4
OpcodeLengths.java> OPLEN 18a60 slot=2214 NONE
OpcodeLengths.java> OPLEN 18a70 slot=2215 NONE
OpcodeLengths.java> OPLEN 18a80 slot=2216 PUSH | PUSH GS | len=3
OpcodeLengths.java> OPLEN 18a90 slot=2217 POP | POP GS | len=3
OpcodeLengths.java> OPLEN 18aa0 slot=2218 RSM | RSM | len=3
OpcodeLengths.java> OPLEN 18ab0 slot=2219 BTS | BTS EAX,EAX | len=4
OpcodeLengths.java> OPLEN 18ac0 slot=2220 SHRD | SHRD EAX,EAX,0x90 | len=5
OpcodeLengths.java> OPLEN 18ad0 slot=2221 SHRD | SHRD EAX,EAX,CL | len=4
OpcodeLengths.java> OPLEN 18ae0 slot=2222 NONE
OpcodeLengths.java> OPLEN 18af0 slot=2223 IMUL | IMUL EAX,EAX | len=4
OpcodeLengths.java> OPLEN 18b00 slot=2224 CMPXCHG | CMPXCHG AL,AL | len=4
OpcodeLengths.java> OPLEN 18b10 slot=2225 CMPXCHG | CMPXCHG EAX,EAX | len=4
OpcodeLengths.java> OPLEN 18b20 slot=2226 NONE
OpcodeLengths.java> OPLEN 18b30 slot=2227 BTR | BTR EAX,EAX | len=4
OpcodeLengths.java> OPLEN 18b40 slot=2228 NONE
OpcodeLengths.java> OPLEN 18b50 slot=2229 NONE
OpcodeLengths.java> OPLEN 18b60 slot=2230 MOVZX | MOVZX EAX,AL | len=4
OpcodeLengths.java> OPLEN 18b70 slot=2231 MOVZX | MOVZX EAX,AX | len=4
OpcodeLengths.java> OPLEN 18b80 slot=2232 NONE
OpcodeLengths.java> OPLEN 18b90 slot=2233 UD1 | UD1 EAX,EAX | len=4
OpcodeLengths.java> OPLEN 18ba0 slot=2234 NONE
OpcodeLengths.java> OPLEN 18bb0 slot=2235 BTC | BTC EAX,EAX | len=4
OpcodeLengths.java> OPLEN 18bc0 slot=2236 BSF | BSF EAX,EAX | len=4
OpcodeLengths.java> OPLEN 18bd0 slot=2237 BSR | BSR EAX,EAX | len=4
OpcodeLengths.java> OPLEN 18be0 slot=2238 MOVSX | MOVSX EAX,AL | len=4
OpcodeLengths.java> OPLEN 18bf0 slot=2239 MOVSX | MOVSX EAX,AX | len=4
OpcodeLengths.java> OPLEN 18c00 slot=2240 XADD | XADD AL,AL | len=4
OpcodeLengths.java> OPLEN 18c10 slot=2241 XADD | XADD EAX,EAX | len=4
OpcodeLengths.java> OPLEN 18c20 slot=2242 CMPSD | CMPSD XMM0,XMM0, 0x90 | len=5
OpcodeLengths.java> OPLEN 18c30 slot=2243 NONE
OpcodeLengths.java> OPLEN 18c40 slot=2244 NONE
OpcodeLengths.java> OPLEN 18c50 slot=2245 NONE
OpcodeLengths.java> OPLEN 18c60 slot=2246 NONE
OpcodeLengths.java> OPLEN 18c70 slot=2247 NONE
OpcodeLengths.java> OPLEN 18c80 slot=2248 BSWAP | BSWAP EAX | len=3
OpcodeLengths.java> OPLEN 18c90 slot=2249 BSWAP | BSWAP ECX | len=3
OpcodeLengths.java> OPLEN 18ca0 slot=2250 BSWAP | BSWAP EDX | len=3
OpcodeLengths.java> OPLEN 18cb0 slot=2251 BSWAP | BSWAP EBX | len=3
OpcodeLengths.java> OPLEN 18cc0 slot=2252 BSWAP | BSWAP ESP | len=3
OpcodeLengths.java> OPLEN 18cd0 slot=2253 BSWAP | BSWAP EBP | len=3
OpcodeLengths.java> OPLEN 18ce0 slot=2254 BSWAP | BSWAP ESI | len=3
OpcodeLengths.java> OPLEN 18cf0 slot=2255 BSWAP | BSWAP EDI | len=3
OpcodeLengths.java> OPLEN 18d00 slot=2256 ADDSUBPS | ADDSUBPS XMM0,XMM0 | len=4
OpcodeLengths.java> OPLEN 18d10 slot=2257 NONE
OpcodeLengths.java> OPLEN 18d20 slot=2258 NONE
OpcodeLengths.java> OPLEN 18d30 slot=2259 NONE
OpcodeLengths.java> OPLEN 18d40 slot=2260 NONE
OpcodeLengths.java> OPLEN 18d50 slot=2261 NONE
OpcodeLengths.java> OPLEN 18d60 slot=2262 MOVDQ2Q | MOVDQ2Q MM0,XMM0 | len=4
OpcodeLengths.java> OPLEN 18d70 slot=2263 NONE
OpcodeLengths.java> OPLEN 18d80 slot=2264 NONE
OpcodeLengths.java> OPLEN 18d90 slot=2265 NONE
OpcodeLengths.java> OPLEN 18da0 slot=2266 NONE
OpcodeLengths.java> OPLEN 18db0 slot=2267 NONE
OpcodeLengths.java> OPLEN 18dc0 slot=2268 NONE
OpcodeLengths.java> OPLEN 18dd0 slot=2269 NONE
OpcodeLengths.java> OPLEN 18de0 slot=2270 NONE
OpcodeLengths.java> OPLEN 18df0 slot=2271 NONE
OpcodeLengths.java> OPLEN 18e00 slot=2272 NONE
OpcodeLengths.java> OPLEN 18e10 slot=2273 NONE
OpcodeLengths.java> OPLEN 18e20 slot=2274 NONE
OpcodeLengths.java> OPLEN 18e30 slot=2275 NONE
OpcodeLengths.java> OPLEN 18e40 slot=2276 NONE
OpcodeLengths.java> OPLEN 18e50 slot=2277 NONE
OpcodeLengths.java> OPLEN 18e60 slot=2278 CVTPD2DQ | CVTPD2DQ XMM0,XMM0 | len=4
OpcodeLengths.java> OPLEN 18e70 slot=2279 NONE
OpcodeLengths.java> OPLEN 18e80 slot=2280 NONE
OpcodeLengths.java> OPLEN 18e90 slot=2281 NONE
OpcodeLengths.java> OPLEN 18ea0 slot=2282 NONE
OpcodeLengths.java> OPLEN 18eb0 slot=2283 NONE
OpcodeLengths.java> OPLEN 18ec0 slot=2284 NONE
OpcodeLengths.java> OPLEN 18ed0 slot=2285 NONE
OpcodeLengths.java> OPLEN 18ee0 slot=2286 NONE
OpcodeLengths.java> OPLEN 18ef0 slot=2287 NONE
OpcodeLengths.java> OPLEN 18f00 slot=2288 NONE
OpcodeLengths.java> OPLEN 18f10 slot=2289 NONE
OpcodeLengths.java> OPLEN 18f20 slot=2290 NONE
OpcodeLengths.java> OPLEN 18f30 slot=2291 NONE
OpcodeLengths.java> OPLEN 18f40 slot=2292 NONE
OpcodeLengths.java> OPLEN 18f50 slot=2293 NONE
OpcodeLengths.java> OPLEN 18f60 slot=2294 NONE
OpcodeLengths.java> OPLEN 18f70 slot=2295 NONE
OpcodeLengths.java> OPLEN 18f80 slot=2296 NONE
OpcodeLengths.java> OPLEN 18f90 slot=2297 NONE
OpcodeLengths.java> OPLEN 18fa0 slot=2298 NONE
OpcodeLengths.java> OPLEN 18fb0 slot=2299 NONE
OpcodeLengths.java> OPLEN 18fc0 slot=2300 NONE
OpcodeLengths.java> OPLEN 18fd0 slot=2301 NONE
OpcodeLengths.java> OPLEN 18fe0 slot=2302 NONE
OpcodeLengths.java> OPLEN 18ff0 slot=2303 UD0 | UD0 EAX,EAX | len=4
OpcodeLengths.java> OPLEN 19000 slot=2304 SLDT | SLDT dword ptr [RAX] | len=4
OpcodeLengths.java> OPLEN 19010 slot=2305 SGDT | SGDT qword ptr [RAX] | len=4
OpcodeLengths.java> OPLEN 19020 slot=2306 LAR | LAR EAX,dword ptr [RAX] | len=4
OpcodeLengths.java> OPLEN 19030 slot=2307 LSL | LSL EAX,dword ptr [RAX] | len=4
OpcodeLengths.java> OPLEN 19040 slot=2308 NONE
OpcodeLengths.java> OPLEN 19050 slot=2309 SYSCALL | SYSCALL | len=3
OpcodeLengths.java> OPLEN 19060 slot=2310 CLTS | CLTS | len=3
OpcodeLengths.java> OPLEN 19070 slot=2311 SYSRET | SYSRET | len=3
OpcodeLengths.java> OPLEN 19080 slot=2312 INVD | INVD | len=3
OpcodeLengths.java> OPLEN 19090 slot=2313 WBINVD | WBINVD | len=3
OpcodeLengths.java> OPLEN 190a0 slot=2314 NONE
OpcodeLengths.java> OPLEN 190b0 slot=2315 UD2 | UD2 | len=3
OpcodeLengths.java> OPLEN 190c0 slot=2316 NONE
OpcodeLengths.java> OPLEN 190d0 slot=2317 PREFETCH | PREFETCH byte ptr [RAX] | len=4
OpcodeLengths.java> OPLEN 190e0 slot=2318 FEMMS | FEMMS | len=3
OpcodeLengths.java> OPLEN 190f0 slot=2319 NONE
OpcodeLengths.java> OPLEN 19100 slot=2320 MOVSS | MOVSS XMM0,dword ptr [RAX] | len=4
OpcodeLengths.java> OPLEN 19110 slot=2321 MOVSS | MOVSS dword ptr [RAX],XMM0 | len=4
OpcodeLengths.java> OPLEN 19120 slot=2322 MOVSLDUP | MOVSLDUP XMM0,xmmword ptr [RAX] | len=4
OpcodeLengths.java> OPLEN 19130 slot=2323 NONE
OpcodeLengths.java> OPLEN 19140 slot=2324 NONE
OpcodeLengths.java> OPLEN 19150 slot=2325 NONE
OpcodeLengths.java> OPLEN 19160 slot=2326 MOVSHDUP | MOVSHDUP XMM0,xmmword ptr [RAX] | len=4
OpcodeLengths.java> OPLEN 19170 slot=2327 NONE
OpcodeLengths.java> OPLEN 19180 slot=2328 NOP | NOP dword ptr [RAX] | len=4
OpcodeLengths.java> OPLEN 19190 slot=2329 NOP | NOP dword ptr [RAX] | len=4
OpcodeLengths.java> OPLEN 191a0 slot=2330 NOP | NOP dword ptr [RAX] | len=4
OpcodeLengths.java> OPLEN 191b0 slot=2331 NOP | NOP dword ptr [RAX] | len=4
OpcodeLengths.java> OPLEN 191c0 slot=2332 NOP | NOP dword ptr [RAX] | len=4
OpcodeLengths.java> OPLEN 191d0 slot=2333 NOP | NOP dword ptr [RAX] | len=4
OpcodeLengths.java> OPLEN 191e0 slot=2334 NOP | NOP dword ptr [RAX] | len=4
OpcodeLengths.java> OPLEN 191f0 slot=2335 NOP | NOP dword ptr [RAX] | len=4
OpcodeLengths.java> OPLEN 19200 slot=2336 MOV | MOV RAX,CR0 | len=4
OpcodeLengths.java> OPLEN 19210 slot=2337 MOV | MOV RAX,DR0 | len=4
OpcodeLengths.java> OPLEN 19220 slot=2338 MOV | MOV CR0,RAX | len=4
OpcodeLengths.java> OPLEN 19230 slot=2339 NONE
OpcodeLengths.java> OPLEN 19240 slot=2340 NONE
OpcodeLengths.java> OPLEN 19250 slot=2341 NONE
OpcodeLengths.java> OPLEN 19260 slot=2342 NONE
OpcodeLengths.java> OPLEN 19270 slot=2343 NONE
OpcodeLengths.java> OPLEN 19280 slot=2344 NONE
OpcodeLengths.java> OPLEN 19290 slot=2345 NONE
OpcodeLengths.java> OPLEN 192a0 slot=2346 CVTSI2SS | CVTSI2SS XMM0,dword ptr [RAX] | len=4
OpcodeLengths.java> OPLEN 192b0 slot=2347 MOVNTSS | MOVNTSS dword ptr [RAX],XMM0 | len=4
OpcodeLengths.java> OPLEN 192c0 slot=2348 CVTTSS2SI | CVTTSS2SI EAX,dword ptr [RAX] | len=4
OpcodeLengths.java> OPLEN 192d0 slot=2349 CVTSS2SI | CVTSS2SI EAX,dword ptr [RAX] | len=4
OpcodeLengths.java> OPLEN 192e0 slot=2350 NONE
OpcodeLengths.java> OPLEN 192f0 slot=2351 NONE
OpcodeLengths.java> OPLEN 19300 slot=2352 WRMSR | WRMSR | len=3
OpcodeLengths.java> OPLEN 19310 slot=2353 RDTSC | RDTSC | len=3
OpcodeLengths.java> OPLEN 19320 slot=2354 RDMSR | RDMSR | len=3
OpcodeLengths.java> OPLEN 19330 slot=2355 RDPMC | RDPMC | len=3
OpcodeLengths.java> OPLEN 19340 slot=2356 SYSENTER | SYSENTER | len=3
OpcodeLengths.java> OPLEN 19350 slot=2357 SYSEXIT | SYSEXIT | len=3
OpcodeLengths.java> OPLEN 19360 slot=2358 NONE
OpcodeLengths.java> OPLEN 19370 slot=2359 GETSEC | GETSEC | len=3
OpcodeLengths.java> OPLEN 19380 slot=2360 NONE
OpcodeLengths.java> OPLEN 19390 slot=2361 NONE
OpcodeLengths.java> OPLEN 193a0 slot=2362 NONE
OpcodeLengths.java> OPLEN 193b0 slot=2363 NONE
OpcodeLengths.java> OPLEN 193c0 slot=2364 NONE
OpcodeLengths.java> OPLEN 193d0 slot=2365 NONE
OpcodeLengths.java> OPLEN 193e0 slot=2366 NONE
OpcodeLengths.java> OPLEN 193f0 slot=2367 NONE
OpcodeLengths.java> OPLEN 19400 slot=2368 CMOVO | CMOVO EAX,dword ptr [RAX] | len=4
OpcodeLengths.java> OPLEN 19410 slot=2369 CMOVNO | CMOVNO EAX,dword ptr [RAX] | len=4
OpcodeLengths.java> OPLEN 19420 slot=2370 CMOVC | CMOVC EAX,dword ptr [RAX] | len=4
OpcodeLengths.java> OPLEN 19430 slot=2371 CMOVNC | CMOVNC EAX,dword ptr [RAX] | len=4
OpcodeLengths.java> OPLEN 19440 slot=2372 CMOVZ | CMOVZ EAX,dword ptr [RAX] | len=4
OpcodeLengths.java> OPLEN 19450 slot=2373 CMOVNZ | CMOVNZ EAX,dword ptr [RAX] | len=4
OpcodeLengths.java> OPLEN 19460 slot=2374 CMOVBE | CMOVBE EAX,dword ptr [RAX] | len=4
OpcodeLengths.java> OPLEN 19470 slot=2375 CMOVA | CMOVA EAX,dword ptr [RAX] | len=4
OpcodeLengths.java> OPLEN 19480 slot=2376 CMOVS | CMOVS EAX,dword ptr [RAX] | len=4
OpcodeLengths.java> OPLEN 19490 slot=2377 CMOVNS | CMOVNS EAX,dword ptr [RAX] | len=4
OpcodeLengths.java> OPLEN 194a0 slot=2378 CMOVP | CMOVP EAX,dword ptr [RAX] | len=4
OpcodeLengths.java> OPLEN 194b0 slot=2379 CMOVNP | CMOVNP EAX,dword ptr [RAX] | len=4
OpcodeLengths.java> OPLEN 194c0 slot=2380 CMOVL | CMOVL EAX,dword ptr [RAX] | len=4
OpcodeLengths.java> OPLEN 194d0 slot=2381 CMOVGE | CMOVGE EAX,dword ptr [RAX] | len=4
OpcodeLengths.java> OPLEN 194e0 slot=2382 CMOVLE | CMOVLE EAX,dword ptr [RAX] | len=4
OpcodeLengths.java> OPLEN 194f0 slot=2383 CMOVG | CMOVG EAX,dword ptr [RAX] | len=4
OpcodeLengths.java> OPLEN 19500 slot=2384 NONE
OpcodeLengths.java> OPLEN 19510 slot=2385 SQRTSS | SQRTSS XMM0,dword ptr [RAX] | len=4
OpcodeLengths.java> OPLEN 19520 slot=2386 RSQRTSS | RSQRTSS XMM0,dword ptr [RAX] | len=4
OpcodeLengths.java> OPLEN 19530 slot=2387 RCPSS | RCPSS XMM0,dword ptr [RAX] | len=4
OpcodeLengths.java> OPLEN 19540 slot=2388 NONE
OpcodeLengths.java> OPLEN 19550 slot=2389 NONE
OpcodeLengths.java> OPLEN 19560 slot=2390 NONE
OpcodeLengths.java> OPLEN 19570 slot=2391 NONE
OpcodeLengths.java> OPLEN 19580 slot=2392 ADDSS | ADDSS XMM0,dword ptr [RAX] | len=4
OpcodeLengths.java> OPLEN 19590 slot=2393 MULSS | MULSS XMM0,dword ptr [RAX] | len=4
OpcodeLengths.java> OPLEN 195a0 slot=2394 CVTSS2SD | CVTSS2SD XMM0,dword ptr [RAX] | len=4
OpcodeLengths.java> OPLEN 195b0 slot=2395 CVTTPS2DQ | CVTTPS2DQ XMM0,xmmword ptr [RAX] | len=4
OpcodeLengths.java> OPLEN 195c0 slot=2396 SUBSS | SUBSS XMM0,dword ptr [RAX] | len=4
OpcodeLengths.java> OPLEN 195d0 slot=2397 MINSS | MINSS XMM0,dword ptr [RAX] | len=4
OpcodeLengths.java> OPLEN 195e0 slot=2398 DIVSS | DIVSS XMM0,dword ptr [RAX] | len=4
OpcodeLengths.java> OPLEN 195f0 slot=2399 MAXSS | MAXSS XMM0,dword ptr [RAX] | len=4
OpcodeLengths.java> OPLEN 19600 slot=2400 NONE
OpcodeLengths.java> OPLEN 19610 slot=2401 NONE
OpcodeLengths.java> OPLEN 19620 slot=2402 NONE
OpcodeLengths.java> OPLEN 19630 slot=2403 NONE
OpcodeLengths.java> OPLEN 19640 slot=2404 NONE
OpcodeLengths.java> OPLEN 19650 slot=2405 NONE
OpcodeLengths.java> OPLEN 19660 slot=2406 NONE
OpcodeLengths.java> OPLEN 19670 slot=2407 NONE
OpcodeLengths.java> OPLEN 19680 slot=2408 NONE
OpcodeLengths.java> OPLEN 19690 slot=2409 NONE
OpcodeLengths.java> OPLEN 196a0 slot=2410 NONE
OpcodeLengths.java> OPLEN 196b0 slot=2411 NONE
OpcodeLengths.java> OPLEN 196c0 slot=2412 NONE
OpcodeLengths.java> OPLEN 196d0 slot=2413 NONE
OpcodeLengths.java> OPLEN 196e0 slot=2414 NONE
OpcodeLengths.java> OPLEN 196f0 slot=2415 MOVDQU | MOVDQU XMM0,xmmword ptr [RAX] | len=4
OpcodeLengths.java> OPLEN 19700 slot=2416 PSHUFHW | PSHUFHW XMM0,xmmword ptr [RAX],0x90 | len=5
OpcodeLengths.java> OPLEN 19710 slot=2417 NONE
OpcodeLengths.java> OPLEN 19720 slot=2418 NONE
OpcodeLengths.java> OPLEN 19730 slot=2419 NONE
OpcodeLengths.java> OPLEN 19740 slot=2420 NONE
OpcodeLengths.java> OPLEN 19750 slot=2421 NONE
OpcodeLengths.java> OPLEN 19760 slot=2422 NONE
OpcodeLengths.java> OPLEN 19770 slot=2423 EMMS | EMMS | len=3
OpcodeLengths.java> OPLEN 19780 slot=2424 NONE
OpcodeLengths.java> OPLEN 19790 slot=2425 NONE
OpcodeLengths.java> OPLEN 197a0 slot=2426 NONE
OpcodeLengths.java> OPLEN 197b0 slot=2427 NONE
OpcodeLengths.java> OPLEN 197c0 slot=2428 NONE
OpcodeLengths.java> OPLEN 197d0 slot=2429 NONE
OpcodeLengths.java> OPLEN 197e0 slot=2430 MOVQ | MOVQ XMM0,qword ptr [RAX] | len=4
OpcodeLengths.java> OPLEN 197f0 slot=2431 MOVDQU | MOVDQU xmmword ptr [RAX],XMM0 | len=4
OpcodeLengths.java> OPLEN 19800 slot=2432 JO | JO 0xffffffff90922807 | len=7
OpcodeLengths.java> OPLEN 19810 slot=2433 JNO | JNO 0xffffffff90922817 | len=7
OpcodeLengths.java> OPLEN 19820 slot=2434 JC | JC 0xffffffff90922827 | len=7
OpcodeLengths.java> OPLEN 19830 slot=2435 JNC | JNC 0xffffffff90922837 | len=7
OpcodeLengths.java> OPLEN 19840 slot=2436 JZ | JZ 0xffffffff90922847 | len=7
OpcodeLengths.java> OPLEN 19850 slot=2437 JNZ | JNZ 0xffffffff90922857 | len=7
OpcodeLengths.java> OPLEN 19860 slot=2438 JBE | JBE 0xffffffff90922867 | len=7
OpcodeLengths.java> OPLEN 19870 slot=2439 JA | JA 0xffffffff90922877 | len=7
OpcodeLengths.java> OPLEN 19880 slot=2440 JS | JS 0xffffffff90922887 | len=7
OpcodeLengths.java> OPLEN 19890 slot=2441 JNS | JNS 0xffffffff90922897 | len=7
OpcodeLengths.java> OPLEN 198a0 slot=2442 JP | JP 0xffffffff909228a7 | len=7
OpcodeLengths.java> OPLEN 198b0 slot=2443 JNP | JNP 0xffffffff909228b7 | len=7
OpcodeLengths.java> OPLEN 198c0 slot=2444 JL | JL 0xffffffff909228c7 | len=7
OpcodeLengths.java> OPLEN 198d0 slot=2445 JGE | JGE 0xffffffff909228d7 | len=7
OpcodeLengths.java> OPLEN 198e0 slot=2446 JLE | JLE 0xffffffff909228e7 | len=7
OpcodeLengths.java> OPLEN 198f0 slot=2447 JG | JG 0xffffffff909228f7 | len=7
OpcodeLengths.java> OPLEN 19900 slot=2448 SETO | SETO byte ptr [RAX] | len=4
OpcodeLengths.java> OPLEN 19910 slot=2449 SETNO | SETNO byte ptr [RAX] | len=4
OpcodeLengths.java> OPLEN 19920 slot=2450 SETC | SETC byte ptr [RAX] | len=4
OpcodeLengths.java> OPLEN 19930 slot=2451 SETNC | SETNC byte ptr [RAX] | len=4
OpcodeLengths.java> OPLEN 19940 slot=2452 SETZ | SETZ byte ptr [RAX] | len=4
OpcodeLengths.java> OPLEN 19950 slot=2453 SETNZ | SETNZ byte ptr [RAX] | len=4
OpcodeLengths.java> OPLEN 19960 slot=2454 SETBE | SETBE byte ptr [RAX] | len=4
OpcodeLengths.java> OPLEN 19970 slot=2455 SETA | SETA byte ptr [RAX] | len=4
OpcodeLengths.java> OPLEN 19980 slot=2456 SETS | SETS byte ptr [RAX] | len=4
OpcodeLengths.java> OPLEN 19990 slot=2457 SETNS | SETNS byte ptr [RAX] | len=4
OpcodeLengths.java> OPLEN 199a0 slot=2458 SETP | SETP byte ptr [RAX] | len=4
OpcodeLengths.java> OPLEN 199b0 slot=2459 SETNP | SETNP byte ptr [RAX] | len=4
OpcodeLengths.java> OPLEN 199c0 slot=2460 SETL | SETL byte ptr [RAX] | len=4
OpcodeLengths.java> OPLEN 199d0 slot=2461 SETGE | SETGE byte ptr [RAX] | len=4
OpcodeLengths.java> OPLEN 199e0 slot=2462 SETLE | SETLE byte ptr [RAX] | len=4
OpcodeLengths.java> OPLEN 199f0 slot=2463 SETG | SETG byte ptr [RAX] | len=4
OpcodeLengths.java> OPLEN 19a00 slot=2464 PUSH | PUSH FS | len=3
OpcodeLengths.java> OPLEN 19a10 slot=2465 POP | POP FS | len=3
OpcodeLengths.java> OPLEN 19a20 slot=2466 CPUID | CPUID | len=3
OpcodeLengths.java> OPLEN 19a30 slot=2467 BT | BT [RAX],EAX | len=4
OpcodeLengths.java> OPLEN 19a40 slot=2468 SHLD | SHLD dword ptr [RAX],EAX,0x90 | len=5
OpcodeLengths.java> OPLEN 19a50 slot=2469 SHLD | SHLD dword ptr [RAX],EAX,CL | len=4
OpcodeLengths.java> OPLEN 19a60 slot=2470 NONE
OpcodeLengths.java> OPLEN 19a70 slot=2471 NONE
OpcodeLengths.java> OPLEN 19a80 slot=2472 PUSH | PUSH GS | len=3
OpcodeLengths.java> OPLEN 19a90 slot=2473 POP | POP GS | len=3
OpcodeLengths.java> OPLEN 19aa0 slot=2474 RSM | RSM | len=3
OpcodeLengths.java> OPLEN 19ab0 slot=2475 BTS | BTS [RAX],EAX | len=4
OpcodeLengths.java> OPLEN 19ac0 slot=2476 SHRD | SHRD dword ptr [RAX],EAX,0x90 | len=5
OpcodeLengths.java> OPLEN 19ad0 slot=2477 SHRD | SHRD dword ptr [RAX],EAX,CL | len=4
OpcodeLengths.java> OPLEN 19ae0 slot=2478 RDFSBASE | RDFSBASE EAX | len=4
OpcodeLengths.java> OPLEN 19af0 slot=2479 IMUL | IMUL EAX,dword ptr [RAX] | len=4
OpcodeLengths.java> OPLEN 19b00 slot=2480 CMPXCHG | CMPXCHG byte ptr [RAX],AL | len=4
OpcodeLengths.java> OPLEN 19b10 slot=2481 CMPXCHG | CMPXCHG dword ptr [RAX],EAX | len=4
OpcodeLengths.java> OPLEN 19b20 slot=2482 LSS | LSS EAX,[RAX] | len=4
OpcodeLengths.java> OPLEN 19b30 slot=2483 BTR | BTR [RAX],EAX | len=4
OpcodeLengths.java> OPLEN 19b40 slot=2484 LFS | LFS EAX,[RAX] | len=4
OpcodeLengths.java> OPLEN 19b50 slot=2485 LGS | LGS EAX,[RAX] | len=4
OpcodeLengths.java> OPLEN 19b60 slot=2486 MOVZX | MOVZX EAX,byte ptr [RAX] | len=4
OpcodeLengths.java> OPLEN 19b70 slot=2487 MOVZX | MOVZX EAX,word ptr [RAX] | len=4
OpcodeLengths.java> OPLEN 19b80 slot=2488 POPCNT | POPCNT EAX,dword ptr [RAX] | len=4
OpcodeLengths.java> OPLEN 19b90 slot=2489 UD1 | UD1 EAX,dword ptr [RAX] | len=4
OpcodeLengths.java> OPLEN 19ba0 slot=2490 NONE
OpcodeLengths.java> OPLEN 19bb0 slot=2491 BTC | BTC [RAX],EAX | len=4
OpcodeLengths.java> OPLEN 19bc0 slot=2492 TZCNT | TZCNT EAX,dword ptr [RAX] | len=4
OpcodeLengths.java> OPLEN 19bd0 slot=2493 LZCNT | LZCNT EAX,dword ptr [RAX] | len=4
OpcodeLengths.java> OPLEN 19be0 slot=2494 MOVSX | MOVSX EAX,byte ptr [RAX] | len=4
OpcodeLengths.java> OPLEN 19bf0 slot=2495 MOVSX | MOVSX EAX,word ptr [RAX] | len=4
OpcodeLengths.java> OPLEN 19c00 slot=2496 XADD | XADD byte ptr [RAX],AL | len=4
OpcodeLengths.java> OPLEN 19c10 slot=2497 XADD | XADD dword ptr [RAX],EAX | len=4
OpcodeLengths.java> OPLEN 19c20 slot=2498 CMPSS | CMPSS XMM0,dword ptr [RAX], 0x90 | len=5
OpcodeLengths.java> OPLEN 19c30 slot=2499 MOVNTI | MOVNTI [RAX],EAX | len=4
OpcodeLengths.java> OPLEN 19c40 slot=2500 NONE
OpcodeLengths.java> OPLEN 19c50 slot=2501 NONE
OpcodeLengths.java> OPLEN 19c60 slot=2502 NONE
OpcodeLengths.java> OPLEN 19c70 slot=2503 NONE
OpcodeLengths.java> OPLEN 19c80 slot=2504 BSWAP | BSWAP EAX | len=3
OpcodeLengths.java> OPLEN 19c90 slot=2505 BSWAP | BSWAP ECX | len=3
OpcodeLengths.java> OPLEN 19ca0 slot=2506 BSWAP | BSWAP EDX | len=3
OpcodeLengths.java> OPLEN 19cb0 slot=2507 BSWAP | BSWAP EBX | len=3
OpcodeLengths.java> OPLEN 19cc0 slot=2508 BSWAP | BSWAP ESP | len=3
OpcodeLengths.java> OPLEN 19cd0 slot=2509 BSWAP | BSWAP EBP | len=3
OpcodeLengths.java> OPLEN 19ce0 slot=2510 BSWAP | BSWAP ESI | len=3
OpcodeLengths.java> OPLEN 19cf0 slot=2511 BSWAP | BSWAP EDI | len=3
OpcodeLengths.java> OPLEN 19d00 slot=2512 NONE
OpcodeLengths.java> OPLEN 19d10 slot=2513 NONE
OpcodeLengths.java> OPLEN 19d20 slot=2514 NONE
OpcodeLengths.java> OPLEN 19d30 slot=2515 NONE
OpcodeLengths.java> OPLEN 19d40 slot=2516 NONE
OpcodeLengths.java> OPLEN 19d50 slot=2517 NONE
OpcodeLengths.java> OPLEN 19d60 slot=2518 MOVQ2DQ | MOVQ2DQ XMM0,MM0 | len=4
OpcodeLengths.java> OPLEN 19d70 slot=2519 NONE
OpcodeLengths.java> OPLEN 19d80 slot=2520 NONE
OpcodeLengths.java> OPLEN 19d90 slot=2521 NONE
OpcodeLengths.java> OPLEN 19da0 slot=2522 NONE
OpcodeLengths.java> OPLEN 19db0 slot=2523 NONE
OpcodeLengths.java> OPLEN 19dc0 slot=2524 NONE
OpcodeLengths.java> OPLEN 19dd0 slot=2525 NONE
OpcodeLengths.java> OPLEN 19de0 slot=2526 NONE
OpcodeLengths.java> OPLEN 19df0 slot=2527 NONE
OpcodeLengths.java> OPLEN 19e00 slot=2528 NONE
OpcodeLengths.java> OPLEN 19e10 slot=2529 NONE
OpcodeLengths.java> OPLEN 19e20 slot=2530 NONE
OpcodeLengths.java> OPLEN 19e30 slot=2531 NONE
OpcodeLengths.java> OPLEN 19e40 slot=2532 NONE
OpcodeLengths.java> OPLEN 19e50 slot=2533 NONE
OpcodeLengths.java> OPLEN 19e60 slot=2534 CVTDQ2PD | CVTDQ2PD XMM0,qword ptr [RAX] | len=4
OpcodeLengths.java> OPLEN 19e70 slot=2535 NONE
OpcodeLengths.java> OPLEN 19e80 slot=2536 NONE
OpcodeLengths.java> OPLEN 19e90 slot=2537 NONE
OpcodeLengths.java> OPLEN 19ea0 slot=2538 NONE
OpcodeLengths.java> OPLEN 19eb0 slot=2539 NONE
OpcodeLengths.java> OPLEN 19ec0 slot=2540 NONE
OpcodeLengths.java> OPLEN 19ed0 slot=2541 NONE
OpcodeLengths.java> OPLEN 19ee0 slot=2542 NONE
OpcodeLengths.java> OPLEN 19ef0 slot=2543 NONE
OpcodeLengths.java> OPLEN 19f00 slot=2544 NONE
OpcodeLengths.java> OPLEN 19f10 slot=2545 NONE
OpcodeLengths.java> OPLEN 19f20 slot=2546 NONE
OpcodeLengths.java> OPLEN 19f30 slot=2547 NONE
OpcodeLengths.java> OPLEN 19f40 slot=2548 NONE
OpcodeLengths.java> OPLEN 19f50 slot=2549 NONE
OpcodeLengths.java> OPLEN 19f60 slot=2550 NONE
OpcodeLengths.java> OPLEN 19f70 slot=2551 NONE
OpcodeLengths.java> OPLEN 19f80 slot=2552 NONE
OpcodeLengths.java> OPLEN 19f90 slot=2553 NONE
OpcodeLengths.java> OPLEN 19fa0 slot=2554 NONE
OpcodeLengths.java> OPLEN 19fb0 slot=2555 NONE
OpcodeLengths.java> OPLEN 19fc0 slot=2556 NONE
OpcodeLengths.java> OPLEN 19fd0 slot=2557 NONE
OpcodeLengths.java> OPLEN 19fe0 slot=2558 NONE
OpcodeLengths.java> OPLEN 19ff0 slot=2559 UD0 | UD0 EAX,dword ptr [RAX] | len=4
OpcodeLengths.java> OPLEN 1a000 slot=2560 SLDT | SLDT dword ptr [RAX + -0x6f6f6f70] | len=8
OpcodeLengths.java> OPLEN 1a010 slot=2561 SGDT | SGDT qword ptr [RAX + -0x6f6f6f70] | len=8
OpcodeLengths.java> OPLEN 1a020 slot=2562 LAR | LAR EAX,dword ptr [RAX + -0x6f6f6f70] | len=8
OpcodeLengths.java> OPLEN 1a030 slot=2563 LSL | LSL EAX,dword ptr [RAX + -0x6f6f6f70] | len=8
OpcodeLengths.java> OPLEN 1a040 slot=2564 NONE
OpcodeLengths.java> OPLEN 1a050 slot=2565 SYSCALL | SYSCALL | len=3
OpcodeLengths.java> OPLEN 1a060 slot=2566 CLTS | CLTS | len=3
OpcodeLengths.java> OPLEN 1a070 slot=2567 SYSRET | SYSRET | len=3
OpcodeLengths.java> OPLEN 1a080 slot=2568 INVD | INVD | len=3
OpcodeLengths.java> OPLEN 1a090 slot=2569 WBINVD | WBINVD | len=3
OpcodeLengths.java> OPLEN 1a0a0 slot=2570 NONE
OpcodeLengths.java> OPLEN 1a0b0 slot=2571 UD2 | UD2 | len=3
OpcodeLengths.java> OPLEN 1a0c0 slot=2572 NONE
OpcodeLengths.java> OPLEN 1a0d0 slot=2573 PREFETCH | PREFETCH byte ptr [RAX + -0x6f6f6f70] | len=8
OpcodeLengths.java> OPLEN 1a0e0 slot=2574 FEMMS | FEMMS | len=3
OpcodeLengths.java> OPLEN 1a0f0 slot=2575 NONE
OpcodeLengths.java> OPLEN 1a100 slot=2576 MOVSS | MOVSS XMM0,dword ptr [RAX + -0x6f6f6f70] | len=8
OpcodeLengths.java> OPLEN 1a110 slot=2577 MOVSS | MOVSS dword ptr [RAX + -0x6f6f6f70],XMM0 | len=8
OpcodeLengths.java> OPLEN 1a120 slot=2578 MOVSLDUP | MOVSLDUP XMM0,xmmword ptr [RAX + -0x6f6f6f70] | len=8
OpcodeLengths.java> OPLEN 1a130 slot=2579 NONE
OpcodeLengths.java> OPLEN 1a140 slot=2580 NONE
OpcodeLengths.java> OPLEN 1a150 slot=2581 NONE
OpcodeLengths.java> OPLEN 1a160 slot=2582 MOVSHDUP | MOVSHDUP XMM0,xmmword ptr [RAX + -0x6f6f6f70] | len=8
OpcodeLengths.java> OPLEN 1a170 slot=2583 NONE
OpcodeLengths.java> OPLEN 1a180 slot=2584 NOP | NOP dword ptr [RAX + -0x6f6f6f70] | len=8
OpcodeLengths.java> OPLEN 1a190 slot=2585 NOP | NOP dword ptr [RAX + -0x6f6f6f70] | len=8
OpcodeLengths.java> OPLEN 1a1a0 slot=2586 NOP | NOP dword ptr [RAX + -0x6f6f6f70] | len=8
OpcodeLengths.java> OPLEN 1a1b0 slot=2587 NOP | NOP dword ptr [RAX + -0x6f6f6f70] | len=8
OpcodeLengths.java> OPLEN 1a1c0 slot=2588 NOP | NOP dword ptr [RAX + -0x6f6f6f70] | len=8
OpcodeLengths.java> OPLEN 1a1d0 slot=2589 NOP | NOP dword ptr [RAX + -0x6f6f6f70] | len=8
OpcodeLengths.java> OPLEN 1a1e0 slot=2590 NOP | NOP dword ptr [RAX + -0x6f6f6f70] | len=8
OpcodeLengths.java> OPLEN 1a1f0 slot=2591 NOP | NOP dword ptr [RAX + -0x6f6f6f70] | len=8
OpcodeLengths.java> OPLEN 1a200 slot=2592 MOV | MOV RAX,CR0 | len=4
OpcodeLengths.java> OPLEN 1a210 slot=2593 MOV | MOV RAX,DR0 | len=4
OpcodeLengths.java> OPLEN 1a220 slot=2594 MOV | MOV CR0,RAX | len=4
OpcodeLengths.java> OPLEN 1a230 slot=2595 NONE
OpcodeLengths.java> OPLEN 1a240 slot=2596 NONE
OpcodeLengths.java> OPLEN 1a250 slot=2597 NONE
OpcodeLengths.java> OPLEN 1a260 slot=2598 NONE
OpcodeLengths.java> OPLEN 1a270 slot=2599 NONE
OpcodeLengths.java> OPLEN 1a280 slot=2600 NONE
OpcodeLengths.java> OPLEN 1a290 slot=2601 NONE
OpcodeLengths.java> OPLEN 1a2a0 slot=2602 CVTSI2SS | CVTSI2SS XMM0,dword ptr [RAX + -0x6f6f6f70] | len=8
OpcodeLengths.java> OPLEN 1a2b0 slot=2603 MOVNTSS | MOVNTSS dword ptr [RAX + -0x6f6f6f70],XMM0 | len=8
OpcodeLengths.java> OPLEN 1a2c0 slot=2604 CVTTSS2SI | CVTTSS2SI EAX,dword ptr [RAX + -0x6f6f6f70] | len=8
OpcodeLengths.java> OPLEN 1a2d0 slot=2605 CVTSS2SI | CVTSS2SI EAX,dword ptr [RAX + -0x6f6f6f70] | len=8
OpcodeLengths.java> OPLEN 1a2e0 slot=2606 NONE
OpcodeLengths.java> OPLEN 1a2f0 slot=2607 NONE
OpcodeLengths.java> OPLEN 1a300 slot=2608 WRMSR | WRMSR | len=3
OpcodeLengths.java> OPLEN 1a310 slot=2609 RDTSC | RDTSC | len=3
OpcodeLengths.java> OPLEN 1a320 slot=2610 RDMSR | RDMSR | len=3
OpcodeLengths.java> OPLEN 1a330 slot=2611 RDPMC | RDPMC | len=3
OpcodeLengths.java> OPLEN 1a340 slot=2612 SYSENTER | SYSENTER | len=3
OpcodeLengths.java> OPLEN 1a350 slot=2613 SYSEXIT | SYSEXIT | len=3
OpcodeLengths.java> OPLEN 1a360 slot=2614 NONE
OpcodeLengths.java> OPLEN 1a370 slot=2615 GETSEC | GETSEC | len=3
OpcodeLengths.java> OPLEN 1a380 slot=2616 NONE
OpcodeLengths.java> OPLEN 1a390 slot=2617 NONE
OpcodeLengths.java> OPLEN 1a3a0 slot=2618 NONE
OpcodeLengths.java> OPLEN 1a3b0 slot=2619 NONE
OpcodeLengths.java> OPLEN 1a3c0 slot=2620 NONE
OpcodeLengths.java> OPLEN 1a3d0 slot=2621 NONE
OpcodeLengths.java> OPLEN 1a3e0 slot=2622 NONE
OpcodeLengths.java> OPLEN 1a3f0 slot=2623 NONE
OpcodeLengths.java> OPLEN 1a400 slot=2624 CMOVO | CMOVO EAX,dword ptr [RAX + -0x6f6f6f70] | len=8
OpcodeLengths.java> OPLEN 1a410 slot=2625 CMOVNO | CMOVNO EAX,dword ptr [RAX + -0x6f6f6f70] | len=8
OpcodeLengths.java> OPLEN 1a420 slot=2626 CMOVC | CMOVC EAX,dword ptr [RAX + -0x6f6f6f70] | len=8
OpcodeLengths.java> OPLEN 1a430 slot=2627 CMOVNC | CMOVNC EAX,dword ptr [RAX + -0x6f6f6f70] | len=8
OpcodeLengths.java> OPLEN 1a440 slot=2628 CMOVZ | CMOVZ EAX,dword ptr [RAX + -0x6f6f6f70] | len=8
OpcodeLengths.java> OPLEN 1a450 slot=2629 CMOVNZ | CMOVNZ EAX,dword ptr [RAX + -0x6f6f6f70] | len=8
OpcodeLengths.java> OPLEN 1a460 slot=2630 CMOVBE | CMOVBE EAX,dword ptr [RAX + -0x6f6f6f70] | len=8
OpcodeLengths.java> OPLEN 1a470 slot=2631 CMOVA | CMOVA EAX,dword ptr [RAX + -0x6f6f6f70] | len=8
OpcodeLengths.java> OPLEN 1a480 slot=2632 CMOVS | CMOVS EAX,dword ptr [RAX + -0x6f6f6f70] | len=8
OpcodeLengths.java> OPLEN 1a490 slot=2633 CMOVNS | CMOVNS EAX,dword ptr [RAX + -0x6f6f6f70] | len=8
OpcodeLengths.java> OPLEN 1a4a0 slot=2634 CMOVP | CMOVP EAX,dword ptr [RAX + -0x6f6f6f70] | len=8
OpcodeLengths.java> OPLEN 1a4b0 slot=2635 CMOVNP | CMOVNP EAX,dword ptr [RAX + -0x6f6f6f70] | len=8
OpcodeLengths.java> OPLEN 1a4c0 slot=2636 CMOVL | CMOVL EAX,dword ptr [RAX + -0x6f6f6f70] | len=8
OpcodeLengths.java> OPLEN 1a4d0 slot=2637 CMOVGE | CMOVGE EAX,dword ptr [RAX + -0x6f6f6f70] | len=8
OpcodeLengths.java> OPLEN 1a4e0 slot=2638 CMOVLE | CMOVLE EAX,dword ptr [RAX + -0x6f6f6f70] | len=8
OpcodeLengths.java> OPLEN 1a4f0 slot=2639 CMOVG | CMOVG EAX,dword ptr [RAX + -0x6f6f6f70] | len=8
OpcodeLengths.java> OPLEN 1a500 slot=2640 NONE
OpcodeLengths.java> OPLEN 1a510 slot=2641 SQRTSS | SQRTSS XMM0,dword ptr [RAX + -0x6f6f6f70] | len=8
OpcodeLengths.java> OPLEN 1a520 slot=2642 RSQRTSS | RSQRTSS XMM0,dword ptr [RAX + -0x6f6f6f70] | len=8
OpcodeLengths.java> OPLEN 1a530 slot=2643 RCPSS | RCPSS XMM0,dword ptr [RAX + -0x6f6f6f70] | len=8
OpcodeLengths.java> OPLEN 1a540 slot=2644 NONE
OpcodeLengths.java> OPLEN 1a550 slot=2645 NONE
OpcodeLengths.java> OPLEN 1a560 slot=2646 NONE
OpcodeLengths.java> OPLEN 1a570 slot=2647 NONE
OpcodeLengths.java> OPLEN 1a580 slot=2648 ADDSS | ADDSS XMM0,dword ptr [RAX + -0x6f6f6f70] | len=8
OpcodeLengths.java> OPLEN 1a590 slot=2649 MULSS | MULSS XMM0,dword ptr [RAX + -0x6f6f6f70] | len=8
OpcodeLengths.java> OPLEN 1a5a0 slot=2650 CVTSS2SD | CVTSS2SD XMM0,dword ptr [RAX + -0x6f6f6f70] | len=8
OpcodeLengths.java> OPLEN 1a5b0 slot=2651 CVTTPS2DQ | CVTTPS2DQ XMM0,xmmword ptr [RAX + -0x6f6f6f70] | len=8
OpcodeLengths.java> OPLEN 1a5c0 slot=2652 SUBSS | SUBSS XMM0,dword ptr [RAX + -0x6f6f6f70] | len=8
OpcodeLengths.java> OPLEN 1a5d0 slot=2653 MINSS | MINSS XMM0,dword ptr [RAX + -0x6f6f6f70] | len=8
OpcodeLengths.java> OPLEN 1a5e0 slot=2654 DIVSS | DIVSS XMM0,dword ptr [RAX + -0x6f6f6f70] | len=8
OpcodeLengths.java> OPLEN 1a5f0 slot=2655 MAXSS | MAXSS XMM0,dword ptr [RAX + -0x6f6f6f70] | len=8
OpcodeLengths.java> OPLEN 1a600 slot=2656 NONE
OpcodeLengths.java> OPLEN 1a610 slot=2657 NONE
OpcodeLengths.java> OPLEN 1a620 slot=2658 NONE
OpcodeLengths.java> OPLEN 1a630 slot=2659 NONE
OpcodeLengths.java> OPLEN 1a640 slot=2660 NONE
OpcodeLengths.java> OPLEN 1a650 slot=2661 NONE
OpcodeLengths.java> OPLEN 1a660 slot=2662 NONE
OpcodeLengths.java> OPLEN 1a670 slot=2663 NONE
OpcodeLengths.java> OPLEN 1a680 slot=2664 NONE
OpcodeLengths.java> OPLEN 1a690 slot=2665 NONE
OpcodeLengths.java> OPLEN 1a6a0 slot=2666 NONE
OpcodeLengths.java> OPLEN 1a6b0 slot=2667 NONE
OpcodeLengths.java> OPLEN 1a6c0 slot=2668 NONE
OpcodeLengths.java> OPLEN 1a6d0 slot=2669 NONE
OpcodeLengths.java> OPLEN 1a6e0 slot=2670 NONE
OpcodeLengths.java> OPLEN 1a6f0 slot=2671 MOVDQU | MOVDQU XMM0,xmmword ptr [RAX + -0x6f6f6f70] | len=8
OpcodeLengths.java> OPLEN 1a700 slot=2672 PSHUFHW | PSHUFHW XMM0,xmmword ptr [RAX + -0x6f6f6f70],0x90 | len=9
OpcodeLengths.java> OPLEN 1a710 slot=2673 NONE
OpcodeLengths.java> OPLEN 1a720 slot=2674 NONE
OpcodeLengths.java> OPLEN 1a730 slot=2675 NONE
OpcodeLengths.java> OPLEN 1a740 slot=2676 NONE
OpcodeLengths.java> OPLEN 1a750 slot=2677 NONE
OpcodeLengths.java> OPLEN 1a760 slot=2678 NONE
OpcodeLengths.java> OPLEN 1a770 slot=2679 EMMS | EMMS | len=3
OpcodeLengths.java> OPLEN 1a780 slot=2680 NONE
OpcodeLengths.java> OPLEN 1a790 slot=2681 NONE
OpcodeLengths.java> OPLEN 1a7a0 slot=2682 NONE
OpcodeLengths.java> OPLEN 1a7b0 slot=2683 NONE
OpcodeLengths.java> OPLEN 1a7c0 slot=2684 NONE
OpcodeLengths.java> OPLEN 1a7d0 slot=2685 NONE
OpcodeLengths.java> OPLEN 1a7e0 slot=2686 MOVQ | MOVQ XMM0,qword ptr [RAX + -0x6f6f6f70] | len=8
OpcodeLengths.java> OPLEN 1a7f0 slot=2687 MOVDQU | MOVDQU xmmword ptr [RAX + -0x6f6f6f70],XMM0 | len=8
OpcodeLengths.java> OPLEN 1a800 slot=2688 JO | JO 0xffffffff90923887 | len=7
OpcodeLengths.java> OPLEN 1a810 slot=2689 JNO | JNO 0xffffffff90923897 | len=7
OpcodeLengths.java> OPLEN 1a820 slot=2690 JC | JC 0xffffffff909238a7 | len=7
OpcodeLengths.java> OPLEN 1a830 slot=2691 JNC | JNC 0xffffffff909238b7 | len=7
OpcodeLengths.java> OPLEN 1a840 slot=2692 JZ | JZ 0xffffffff909238c7 | len=7
OpcodeLengths.java> OPLEN 1a850 slot=2693 JNZ | JNZ 0xffffffff909238d7 | len=7
OpcodeLengths.java> OPLEN 1a860 slot=2694 JBE | JBE 0xffffffff909238e7 | len=7
OpcodeLengths.java> OPLEN 1a870 slot=2695 JA | JA 0xffffffff909238f7 | len=7
OpcodeLengths.java> OPLEN 1a880 slot=2696 JS | JS 0xffffffff90923907 | len=7
OpcodeLengths.java> OPLEN 1a890 slot=2697 JNS | JNS 0xffffffff90923917 | len=7
OpcodeLengths.java> OPLEN 1a8a0 slot=2698 JP | JP 0xffffffff90923927 | len=7
OpcodeLengths.java> OPLEN 1a8b0 slot=2699 JNP | JNP 0xffffffff90923937 | len=7
OpcodeLengths.java> OPLEN 1a8c0 slot=2700 JL | JL 0xffffffff90923947 | len=7
OpcodeLengths.java> OPLEN 1a8d0 slot=2701 JGE | JGE 0xffffffff90923957 | len=7
OpcodeLengths.java> OPLEN 1a8e0 slot=2702 JLE | JLE 0xffffffff90923967 | len=7
OpcodeLengths.java> OPLEN 1a8f0 slot=2703 JG | JG 0xffffffff90923977 | len=7
OpcodeLengths.java> OPLEN 1a900 slot=2704 SETO | SETO byte ptr [RAX + -0x6f6f6f70] | len=8
OpcodeLengths.java> OPLEN 1a910 slot=2705 SETNO | SETNO byte ptr [RAX + -0x6f6f6f70] | len=8
OpcodeLengths.java> OPLEN 1a920 slot=2706 SETC | SETC byte ptr [RAX + -0x6f6f6f70] | len=8
OpcodeLengths.java> OPLEN 1a930 slot=2707 SETNC | SETNC byte ptr [RAX + -0x6f6f6f70] | len=8
OpcodeLengths.java> OPLEN 1a940 slot=2708 SETZ | SETZ byte ptr [RAX + -0x6f6f6f70] | len=8
OpcodeLengths.java> OPLEN 1a950 slot=2709 SETNZ | SETNZ byte ptr [RAX + -0x6f6f6f70] | len=8
OpcodeLengths.java> OPLEN 1a960 slot=2710 SETBE | SETBE byte ptr [RAX + -0x6f6f6f70] | len=8
OpcodeLengths.java> OPLEN 1a970 slot=2711 SETA | SETA byte ptr [RAX + -0x6f6f6f70] | len=8
OpcodeLengths.java> OPLEN 1a980 slot=2712 SETS | SETS byte ptr [RAX + -0x6f6f6f70] | len=8
OpcodeLengths.java> OPLEN 1a990 slot=2713 SETNS | SETNS byte ptr [RAX + -0x6f6f6f70] | len=8
OpcodeLengths.java> OPLEN 1a9a0 slot=2714 SETP | SETP byte ptr [RAX + -0x6f6f6f70] | len=8
OpcodeLengths.java> OPLEN 1a9b0 slot=2715 SETNP | SETNP byte ptr [RAX + -0x6f6f6f70] | len=8
OpcodeLengths.java> OPLEN 1a9c0 slot=2716 SETL | SETL byte ptr [RAX + -0x6f6f6f70] | len=8
OpcodeLengths.java> OPLEN 1a9d0 slot=2717 SETGE | SETGE byte ptr [RAX + -0x6f6f6f70] | len=8
OpcodeLengths.java> OPLEN 1a9e0 slot=2718 SETLE | SETLE byte ptr [RAX + -0x6f6f6f70] | len=8
OpcodeLengths.java> OPLEN 1a9f0 slot=2719 SETG | SETG byte ptr [RAX + -0x6f6f6f70] | len=8
OpcodeLengths.java> OPLEN 1aa00 slot=2720 PUSH | PUSH FS | len=3
OpcodeLengths.java> OPLEN 1aa10 slot=2721 POP | POP FS | len=3
OpcodeLengths.java> OPLEN 1aa20 slot=2722 CPUID | CPUID | len=3
OpcodeLengths.java> OPLEN 1aa30 slot=2723 BT | BT [RAX + -0x6f6f6f70],EAX | len=8
OpcodeLengths.java> OPLEN 1aa40 slot=2724 SHLD | SHLD dword ptr [RAX + -0x6f6f6f70],EAX,0x90 | len=9
OpcodeLengths.java> OPLEN 1aa50 slot=2725 SHLD | SHLD dword ptr [RAX + -0x6f6f6f70],EAX,CL | len=8
OpcodeLengths.java> OPLEN 1aa60 slot=2726 NONE
OpcodeLengths.java> OPLEN 1aa70 slot=2727 NONE
OpcodeLengths.java> OPLEN 1aa80 slot=2728 PUSH | PUSH GS | len=3
OpcodeLengths.java> OPLEN 1aa90 slot=2729 POP | POP GS | len=3
OpcodeLengths.java> OPLEN 1aaa0 slot=2730 RSM | RSM | len=3
OpcodeLengths.java> OPLEN 1aab0 slot=2731 BTS | BTS [RAX + -0x6f6f6f70],EAX | len=8
OpcodeLengths.java> OPLEN 1aac0 slot=2732 SHRD | SHRD dword ptr [RAX + -0x6f6f6f70],EAX,0x90 | len=9
OpcodeLengths.java> OPLEN 1aad0 slot=2733 SHRD | SHRD dword ptr [RAX + -0x6f6f6f70],EAX,CL | len=8
OpcodeLengths.java> OPLEN 1aae0 slot=2734 RDFSBASE | RDFSBASE EAX | len=4
OpcodeLengths.java> OPLEN 1aaf0 slot=2735 IMUL | IMUL EAX,dword ptr [RAX + -0x6f6f6f70] | len=8
OpcodeLengths.java> OPLEN 1ab00 slot=2736 CMPXCHG | CMPXCHG byte ptr [RAX + -0x6f6f6f70],AL | len=8
OpcodeLengths.java> OPLEN 1ab10 slot=2737 CMPXCHG | CMPXCHG dword ptr [RAX + -0x6f6f6f70],EAX | len=8
OpcodeLengths.java> OPLEN 1ab20 slot=2738 LSS | LSS EAX,[RAX + -0x6f6f6f70] | len=8
OpcodeLengths.java> OPLEN 1ab30 slot=2739 BTR | BTR [RAX + -0x6f6f6f70],EAX | len=8
OpcodeLengths.java> OPLEN 1ab40 slot=2740 LFS | LFS EAX,[RAX + -0x6f6f6f70] | len=8
OpcodeLengths.java> OPLEN 1ab50 slot=2741 LGS | LGS EAX,[RAX + -0x6f6f6f70] | len=8
OpcodeLengths.java> OPLEN 1ab60 slot=2742 MOVZX | MOVZX EAX,byte ptr [RAX + -0x6f6f6f70] | len=8
OpcodeLengths.java> OPLEN 1ab70 slot=2743 MOVZX | MOVZX EAX,word ptr [RAX + -0x6f6f6f70] | len=8
OpcodeLengths.java> OPLEN 1ab80 slot=2744 POPCNT | POPCNT EAX,dword ptr [RAX + -0x6f6f6f70] | len=8
OpcodeLengths.java> OPLEN 1ab90 slot=2745 UD1 | UD1 EAX,dword ptr [RAX + -0x6f6f6f70] | len=8
OpcodeLengths.java> OPLEN 1aba0 slot=2746 NONE
OpcodeLengths.java> OPLEN 1abb0 slot=2747 BTC | BTC [RAX + -0x6f6f6f70],EAX | len=8
OpcodeLengths.java> OPLEN 1abc0 slot=2748 TZCNT | TZCNT EAX,dword ptr [RAX + -0x6f6f6f70] | len=8
OpcodeLengths.java> OPLEN 1abd0 slot=2749 LZCNT | LZCNT EAX,dword ptr [RAX + -0x6f6f6f70] | len=8
OpcodeLengths.java> OPLEN 1abe0 slot=2750 MOVSX | MOVSX EAX,byte ptr [RAX + -0x6f6f6f70] | len=8
OpcodeLengths.java> OPLEN 1abf0 slot=2751 MOVSX | MOVSX EAX,word ptr [RAX + -0x6f6f6f70] | len=8
OpcodeLengths.java> OPLEN 1ac00 slot=2752 XADD | XADD byte ptr [RAX + -0x6f6f6f70],AL | len=8
OpcodeLengths.java> OPLEN 1ac10 slot=2753 XADD | XADD dword ptr [RAX + -0x6f6f6f70],EAX | len=8
OpcodeLengths.java> OPLEN 1ac20 slot=2754 CMPSS | CMPSS XMM0,dword ptr [RAX + -0x6f6f6f70], 0x90 | len=9
OpcodeLengths.java> OPLEN 1ac30 slot=2755 MOVNTI | MOVNTI [RAX + -0x6f6f6f70],EAX | len=8
OpcodeLengths.java> OPLEN 1ac40 slot=2756 NONE
OpcodeLengths.java> OPLEN 1ac50 slot=2757 NONE
OpcodeLengths.java> OPLEN 1ac60 slot=2758 NONE
OpcodeLengths.java> OPLEN 1ac70 slot=2759 NONE
OpcodeLengths.java> OPLEN 1ac80 slot=2760 BSWAP | BSWAP EAX | len=3
OpcodeLengths.java> OPLEN 1ac90 slot=2761 BSWAP | BSWAP ECX | len=3
OpcodeLengths.java> OPLEN 1aca0 slot=2762 BSWAP | BSWAP EDX | len=3
OpcodeLengths.java> OPLEN 1acb0 slot=2763 BSWAP | BSWAP EBX | len=3
OpcodeLengths.java> OPLEN 1acc0 slot=2764 BSWAP | BSWAP ESP | len=3
OpcodeLengths.java> OPLEN 1acd0 slot=2765 BSWAP | BSWAP EBP | len=3
OpcodeLengths.java> OPLEN 1ace0 slot=2766 BSWAP | BSWAP ESI | len=3
OpcodeLengths.java> OPLEN 1acf0 slot=2767 BSWAP | BSWAP EDI | len=3
OpcodeLengths.java> OPLEN 1ad00 slot=2768 NONE
OpcodeLengths.java> OPLEN 1ad10 slot=2769 NONE
OpcodeLengths.java> OPLEN 1ad20 slot=2770 NONE
OpcodeLengths.java> OPLEN 1ad30 slot=2771 NONE
OpcodeLengths.java> OPLEN 1ad40 slot=2772 NONE
OpcodeLengths.java> OPLEN 1ad50 slot=2773 NONE
OpcodeLengths.java> OPLEN 1ad60 slot=2774 MOVQ2DQ | MOVQ2DQ XMM0,MM0 | len=4
OpcodeLengths.java> OPLEN 1ad70 slot=2775 NONE
OpcodeLengths.java> OPLEN 1ad80 slot=2776 NONE
OpcodeLengths.java> OPLEN 1ad90 slot=2777 NONE
OpcodeLengths.java> OPLEN 1ada0 slot=2778 NONE
OpcodeLengths.java> OPLEN 1adb0 slot=2779 NONE
OpcodeLengths.java> OPLEN 1adc0 slot=2780 NONE
OpcodeLengths.java> OPLEN 1add0 slot=2781 NONE
OpcodeLengths.java> OPLEN 1ade0 slot=2782 NONE
OpcodeLengths.java> OPLEN 1adf0 slot=2783 NONE
OpcodeLengths.java> OPLEN 1ae00 slot=2784 NONE
OpcodeLengths.java> OPLEN 1ae10 slot=2785 NONE
OpcodeLengths.java> OPLEN 1ae20 slot=2786 NONE
OpcodeLengths.java> OPLEN 1ae30 slot=2787 NONE
OpcodeLengths.java> OPLEN 1ae40 slot=2788 NONE
OpcodeLengths.java> OPLEN 1ae50 slot=2789 NONE
OpcodeLengths.java> OPLEN 1ae60 slot=2790 CVTDQ2PD | CVTDQ2PD XMM0,qword ptr [RAX + -0x6f6f6f70] | len=8
OpcodeLengths.java> OPLEN 1ae70 slot=2791 NONE
OpcodeLengths.java> OPLEN 1ae80 slot=2792 NONE
OpcodeLengths.java> OPLEN 1ae90 slot=2793 NONE
OpcodeLengths.java> OPLEN 1aea0 slot=2794 NONE
OpcodeLengths.java> OPLEN 1aeb0 slot=2795 NONE
OpcodeLengths.java> OPLEN 1aec0 slot=2796 NONE
OpcodeLengths.java> OPLEN 1aed0 slot=2797 NONE
OpcodeLengths.java> OPLEN 1aee0 slot=2798 NONE
OpcodeLengths.java> OPLEN 1aef0 slot=2799 NONE
OpcodeLengths.java> OPLEN 1af00 slot=2800 NONE
OpcodeLengths.java> OPLEN 1af10 slot=2801 NONE
OpcodeLengths.java> OPLEN 1af20 slot=2802 NONE
OpcodeLengths.java> OPLEN 1af30 slot=2803 NONE
OpcodeLengths.java> OPLEN 1af40 slot=2804 NONE
OpcodeLengths.java> OPLEN 1af50 slot=2805 NONE
OpcodeLengths.java> OPLEN 1af60 slot=2806 NONE
OpcodeLengths.java> OPLEN 1af70 slot=2807 NONE
OpcodeLengths.java> OPLEN 1af80 slot=2808 NONE
OpcodeLengths.java> OPLEN 1af90 slot=2809 NONE
OpcodeLengths.java> OPLEN 1afa0 slot=2810 NONE
OpcodeLengths.java> OPLEN 1afb0 slot=2811 NONE
OpcodeLengths.java> OPLEN 1afc0 slot=2812 NONE
OpcodeLengths.java> OPLEN 1afd0 slot=2813 NONE
OpcodeLengths.java> OPLEN 1afe0 slot=2814 NONE
OpcodeLengths.java> OPLEN 1aff0 slot=2815 UD0 | UD0 EAX,dword ptr [RAX + -0x6f6f6f70] | len=8
OpcodeLengths.java> OPLEN 1b000 slot=2816 SLDT | SLDT EAX | len=4
OpcodeLengths.java> OPLEN 1b010 slot=2817 NONE
OpcodeLengths.java> OPLEN 1b020 slot=2818 LAR | LAR EAX,EAX | len=4
OpcodeLengths.java> OPLEN 1b030 slot=2819 LSL | LSL EAX,EAX | len=4
OpcodeLengths.java> OPLEN 1b040 slot=2820 NONE
OpcodeLengths.java> OPLEN 1b050 slot=2821 SYSCALL | SYSCALL | len=3
OpcodeLengths.java> OPLEN 1b060 slot=2822 CLTS | CLTS | len=3
OpcodeLengths.java> OPLEN 1b070 slot=2823 SYSRET | SYSRET | len=3
OpcodeLengths.java> OPLEN 1b080 slot=2824 INVD | INVD | len=3
OpcodeLengths.java> OPLEN 1b090 slot=2825 WBINVD | WBINVD | len=3
OpcodeLengths.java> OPLEN 1b0a0 slot=2826 NONE
OpcodeLengths.java> OPLEN 1b0b0 slot=2827 UD2 | UD2 | len=3
OpcodeLengths.java> OPLEN 1b0c0 slot=2828 NONE
OpcodeLengths.java> OPLEN 1b0d0 slot=2829 NONE
OpcodeLengths.java> OPLEN 1b0e0 slot=2830 FEMMS | FEMMS | len=3
OpcodeLengths.java> OPLEN 1b0f0 slot=2831 NONE
OpcodeLengths.java> OPLEN 1b100 slot=2832 MOVSS | MOVSS XMM0,XMM0 | len=4
OpcodeLengths.java> OPLEN 1b110 slot=2833 MOVSS | MOVSS XMM0,XMM0 | len=4
OpcodeLengths.java> OPLEN 1b120 slot=2834 MOVSLDUP | MOVSLDUP XMM0,XMM0 | len=4
OpcodeLengths.java> OPLEN 1b130 slot=2835 NONE
OpcodeLengths.java> OPLEN 1b140 slot=2836 NONE
OpcodeLengths.java> OPLEN 1b150 slot=2837 NONE
OpcodeLengths.java> OPLEN 1b160 slot=2838 MOVSHDUP | MOVSHDUP XMM0,XMM0 | len=4
OpcodeLengths.java> OPLEN 1b170 slot=2839 NONE
OpcodeLengths.java> OPLEN 1b180 slot=2840 NOP | NOP EAX | len=4
OpcodeLengths.java> OPLEN 1b190 slot=2841 NOP | NOP EAX | len=4
OpcodeLengths.java> OPLEN 1b1a0 slot=2842 NOP | NOP EAX | len=4
OpcodeLengths.java> OPLEN 1b1b0 slot=2843 NOP | NOP EAX | len=4
OpcodeLengths.java> OPLEN 1b1c0 slot=2844 NOP | NOP EAX | len=4
OpcodeLengths.java> OPLEN 1b1d0 slot=2845 NOP | NOP EAX | len=4
OpcodeLengths.java> OPLEN 1b1e0 slot=2846 NOP | NOP EAX | len=4
OpcodeLengths.java> OPLEN 1b1f0 slot=2847 NOP | NOP EAX | len=4
OpcodeLengths.java> OPLEN 1b200 slot=2848 MOV | MOV RAX,CR0 | len=4
OpcodeLengths.java> OPLEN 1b210 slot=2849 MOV | MOV RAX,DR0 | len=4
OpcodeLengths.java> OPLEN 1b220 slot=2850 MOV | MOV CR0,RAX | len=4
OpcodeLengths.java> OPLEN 1b230 slot=2851 MOV | MOV DR0,RAX | len=4
OpcodeLengths.java> OPLEN 1b240 slot=2852 NONE
OpcodeLengths.java> OPLEN 1b250 slot=2853 NONE
OpcodeLengths.java> OPLEN 1b260 slot=2854 NONE
OpcodeLengths.java> OPLEN 1b270 slot=2855 NONE
OpcodeLengths.java> OPLEN 1b280 slot=2856 NONE
OpcodeLengths.java> OPLEN 1b290 slot=2857 NONE
OpcodeLengths.java> OPLEN 1b2a0 slot=2858 CVTSI2SS | CVTSI2SS XMM0,EAX | len=4
OpcodeLengths.java> OPLEN 1b2b0 slot=2859 NONE
OpcodeLengths.java> OPLEN 1b2c0 slot=2860 CVTTSS2SI | CVTTSS2SI EAX,XMM0 | len=4
OpcodeLengths.java> OPLEN 1b2d0 slot=2861 CVTSS2SI | CVTSS2SI EAX,XMM0 | len=4
OpcodeLengths.java> OPLEN 1b2e0 slot=2862 NONE
OpcodeLengths.java> OPLEN 1b2f0 slot=2863 NONE
OpcodeLengths.java> OPLEN 1b300 slot=2864 WRMSR | WRMSR | len=3
OpcodeLengths.java> OPLEN 1b310 slot=2865 RDTSC | RDTSC | len=3
OpcodeLengths.java> OPLEN 1b320 slot=2866 RDMSR | RDMSR | len=3
OpcodeLengths.java> OPLEN 1b330 slot=2867 RDPMC | RDPMC | len=3
OpcodeLengths.java> OPLEN 1b340 slot=2868 SYSENTER | SYSENTER | len=3
OpcodeLengths.java> OPLEN 1b350 slot=2869 SYSEXIT | SYSEXIT | len=3
OpcodeLengths.java> OPLEN 1b360 slot=2870 NONE
OpcodeLengths.java> OPLEN 1b370 slot=2871 GETSEC | GETSEC | len=3
OpcodeLengths.java> OPLEN 1b380 slot=2872 NONE
OpcodeLengths.java> OPLEN 1b390 slot=2873 NONE
OpcodeLengths.java> OPLEN 1b3a0 slot=2874 NONE
OpcodeLengths.java> OPLEN 1b3b0 slot=2875 NONE
OpcodeLengths.java> OPLEN 1b3c0 slot=2876 NONE
OpcodeLengths.java> OPLEN 1b3d0 slot=2877 NONE
OpcodeLengths.java> OPLEN 1b3e0 slot=2878 NONE
OpcodeLengths.java> OPLEN 1b3f0 slot=2879 NONE
OpcodeLengths.java> OPLEN 1b400 slot=2880 CMOVO | CMOVO EAX,EAX | len=4
OpcodeLengths.java> OPLEN 1b410 slot=2881 CMOVNO | CMOVNO EAX,EAX | len=4
OpcodeLengths.java> OPLEN 1b420 slot=2882 CMOVC | CMOVC EAX,EAX | len=4
OpcodeLengths.java> OPLEN 1b430 slot=2883 CMOVNC | CMOVNC EAX,EAX | len=4
OpcodeLengths.java> OPLEN 1b440 slot=2884 CMOVZ | CMOVZ EAX,EAX | len=4
OpcodeLengths.java> OPLEN 1b450 slot=2885 CMOVNZ | CMOVNZ EAX,EAX | len=4
OpcodeLengths.java> OPLEN 1b460 slot=2886 CMOVBE | CMOVBE EAX,EAX | len=4
OpcodeLengths.java> OPLEN 1b470 slot=2887 CMOVA | CMOVA EAX,EAX | len=4
OpcodeLengths.java> OPLEN 1b480 slot=2888 CMOVS | CMOVS EAX,EAX | len=4
OpcodeLengths.java> OPLEN 1b490 slot=2889 CMOVNS | CMOVNS EAX,EAX | len=4
OpcodeLengths.java> OPLEN 1b4a0 slot=2890 CMOVP | CMOVP EAX,EAX | len=4
OpcodeLengths.java> OPLEN 1b4b0 slot=2891 CMOVNP | CMOVNP EAX,EAX | len=4
OpcodeLengths.java> OPLEN 1b4c0 slot=2892 CMOVL | CMOVL EAX,EAX | len=4
OpcodeLengths.java> OPLEN 1b4d0 slot=2893 CMOVGE | CMOVGE EAX,EAX | len=4
OpcodeLengths.java> OPLEN 1b4e0 slot=2894 CMOVLE | CMOVLE EAX,EAX | len=4
OpcodeLengths.java> OPLEN 1b4f0 slot=2895 CMOVG | CMOVG EAX,EAX | len=4
OpcodeLengths.java> OPLEN 1b500 slot=2896 NONE
OpcodeLengths.java> OPLEN 1b510 slot=2897 SQRTSS | SQRTSS XMM0,XMM0 | len=4
OpcodeLengths.java> OPLEN 1b520 slot=2898 RSQRTSS | RSQRTSS XMM0,XMM0 | len=4
OpcodeLengths.java> OPLEN 1b530 slot=2899 RCPSS | RCPSS XMM0,XMM0 | len=4
OpcodeLengths.java> OPLEN 1b540 slot=2900 NONE
OpcodeLengths.java> OPLEN 1b550 slot=2901 NONE
OpcodeLengths.java> OPLEN 1b560 slot=2902 NONE
OpcodeLengths.java> OPLEN 1b570 slot=2903 NONE
OpcodeLengths.java> OPLEN 1b580 slot=2904 ADDSS | ADDSS XMM0,XMM0 | len=4
OpcodeLengths.java> OPLEN 1b590 slot=2905 MULSS | MULSS XMM0,XMM0 | len=4
OpcodeLengths.java> OPLEN 1b5a0 slot=2906 CVTSS2SD | CVTSS2SD XMM0,XMM0 | len=4
OpcodeLengths.java> OPLEN 1b5b0 slot=2907 CVTTPS2DQ | CVTTPS2DQ XMM0,XMM0 | len=4
OpcodeLengths.java> OPLEN 1b5c0 slot=2908 SUBSS | SUBSS XMM0,XMM0 | len=4
OpcodeLengths.java> OPLEN 1b5d0 slot=2909 MINSS | MINSS XMM0,XMM0 | len=4
OpcodeLengths.java> OPLEN 1b5e0 slot=2910 DIVSS | DIVSS XMM0,XMM0 | len=4
OpcodeLengths.java> OPLEN 1b5f0 slot=2911 MAXSS | MAXSS XMM0,XMM0 | len=4
OpcodeLengths.java> OPLEN 1b600 slot=2912 NONE
OpcodeLengths.java> OPLEN 1b610 slot=2913 NONE
OpcodeLengths.java> OPLEN 1b620 slot=2914 NONE
OpcodeLengths.java> OPLEN 1b630 slot=2915 NONE
OpcodeLengths.java> OPLEN 1b640 slot=2916 NONE
OpcodeLengths.java> OPLEN 1b650 slot=2917 NONE
OpcodeLengths.java> OPLEN 1b660 slot=2918 NONE
OpcodeLengths.java> OPLEN 1b670 slot=2919 NONE
OpcodeLengths.java> OPLEN 1b680 slot=2920 NONE
OpcodeLengths.java> OPLEN 1b690 slot=2921 NONE
OpcodeLengths.java> OPLEN 1b6a0 slot=2922 NONE
OpcodeLengths.java> OPLEN 1b6b0 slot=2923 NONE
OpcodeLengths.java> OPLEN 1b6c0 slot=2924 NONE
OpcodeLengths.java> OPLEN 1b6d0 slot=2925 NONE
OpcodeLengths.java> OPLEN 1b6e0 slot=2926 NONE
OpcodeLengths.java> OPLEN 1b6f0 slot=2927 MOVDQU | MOVDQU XMM0,XMM0 | len=4
OpcodeLengths.java> OPLEN 1b700 slot=2928 PSHUFHW | PSHUFHW XMM0,XMM0,0x90 | len=5
OpcodeLengths.java> OPLEN 1b710 slot=2929 NONE
OpcodeLengths.java> OPLEN 1b720 slot=2930 NONE
OpcodeLengths.java> OPLEN 1b730 slot=2931 NONE
OpcodeLengths.java> OPLEN 1b740 slot=2932 NONE
OpcodeLengths.java> OPLEN 1b750 slot=2933 NONE
OpcodeLengths.java> OPLEN 1b760 slot=2934 NONE
OpcodeLengths.java> OPLEN 1b770 slot=2935 EMMS | EMMS | len=3
OpcodeLengths.java> OPLEN 1b780 slot=2936 NONE
OpcodeLengths.java> OPLEN 1b790 slot=2937 NONE
OpcodeLengths.java> OPLEN 1b7a0 slot=2938 NONE
OpcodeLengths.java> OPLEN 1b7b0 slot=2939 NONE
OpcodeLengths.java> OPLEN 1b7c0 slot=2940 NONE
OpcodeLengths.java> OPLEN 1b7d0 slot=2941 NONE
OpcodeLengths.java> OPLEN 1b7e0 slot=2942 MOVQ | MOVQ XMM0,XMM0 | len=4
OpcodeLengths.java> OPLEN 1b7f0 slot=2943 MOVDQU | MOVDQU XMM0,XMM0 | len=4
OpcodeLengths.java> OPLEN 1b800 slot=2944 JO | JO 0xffffffff909248c7 | len=7
OpcodeLengths.java> OPLEN 1b810 slot=2945 JNO | JNO 0xffffffff909248d7 | len=7
OpcodeLengths.java> OPLEN 1b820 slot=2946 JC | JC 0xffffffff909248e7 | len=7
OpcodeLengths.java> OPLEN 1b830 slot=2947 JNC | JNC 0xffffffff909248f7 | len=7
OpcodeLengths.java> OPLEN 1b840 slot=2948 JZ | JZ 0xffffffff90924907 | len=7
OpcodeLengths.java> OPLEN 1b850 slot=2949 JNZ | JNZ 0xffffffff90924917 | len=7
OpcodeLengths.java> OPLEN 1b860 slot=2950 JBE | JBE 0xffffffff90924927 | len=7
OpcodeLengths.java> OPLEN 1b870 slot=2951 JA | JA 0xffffffff90924937 | len=7
OpcodeLengths.java> OPLEN 1b880 slot=2952 JS | JS 0xffffffff90924947 | len=7
OpcodeLengths.java> OPLEN 1b890 slot=2953 JNS | JNS 0xffffffff90924957 | len=7
OpcodeLengths.java> OPLEN 1b8a0 slot=2954 JP | JP 0xffffffff90924967 | len=7
OpcodeLengths.java> OPLEN 1b8b0 slot=2955 JNP | JNP 0xffffffff90924977 | len=7
OpcodeLengths.java> OPLEN 1b8c0 slot=2956 JL | JL 0xffffffff90924987 | len=7
OpcodeLengths.java> OPLEN 1b8d0 slot=2957 JGE | JGE 0xffffffff90924997 | len=7
OpcodeLengths.java> OPLEN 1b8e0 slot=2958 JLE | JLE 0xffffffff909249a7 | len=7
OpcodeLengths.java> OPLEN 1b8f0 slot=2959 JG | JG 0xffffffff909249b7 | len=7
OpcodeLengths.java> OPLEN 1b900 slot=2960 SETO | SETO AL | len=4
OpcodeLengths.java> OPLEN 1b910 slot=2961 SETNO | SETNO AL | len=4
OpcodeLengths.java> OPLEN 1b920 slot=2962 SETC | SETC AL | len=4
OpcodeLengths.java> OPLEN 1b930 slot=2963 SETNC | SETNC AL | len=4
OpcodeLengths.java> OPLEN 1b940 slot=2964 SETZ | SETZ AL | len=4
OpcodeLengths.java> OPLEN 1b950 slot=2965 SETNZ | SETNZ AL | len=4
OpcodeLengths.java> OPLEN 1b960 slot=2966 SETBE | SETBE AL | len=4
OpcodeLengths.java> OPLEN 1b970 slot=2967 SETA | SETA AL | len=4
OpcodeLengths.java> OPLEN 1b980 slot=2968 SETS | SETS AL | len=4
OpcodeLengths.java> OPLEN 1b990 slot=2969 SETNS | SETNS AL | len=4
OpcodeLengths.java> OPLEN 1b9a0 slot=2970 SETP | SETP AL | len=4
OpcodeLengths.java> OPLEN 1b9b0 slot=2971 SETNP | SETNP AL | len=4
OpcodeLengths.java> OPLEN 1b9c0 slot=2972 SETL | SETL AL | len=4
OpcodeLengths.java> OPLEN 1b9d0 slot=2973 SETGE | SETGE AL | len=4
OpcodeLengths.java> OPLEN 1b9e0 slot=2974 SETLE | SETLE AL | len=4
OpcodeLengths.java> OPLEN 1b9f0 slot=2975 SETG | SETG AL | len=4
OpcodeLengths.java> OPLEN 1ba00 slot=2976 PUSH | PUSH FS | len=3
OpcodeLengths.java> OPLEN 1ba10 slot=2977 POP | POP FS | len=3
OpcodeLengths.java> OPLEN 1ba20 slot=2978 CPUID | CPUID | len=3
OpcodeLengths.java> OPLEN 1ba30 slot=2979 BT | BT EAX,EAX | len=4
OpcodeLengths.java> OPLEN 1ba40 slot=2980 SHLD | SHLD EAX,EAX,0x90 | len=5
OpcodeLengths.java> OPLEN 1ba50 slot=2981 SHLD | SHLD EAX,EAX,CL | len=4
OpcodeLengths.java> OPLEN 1ba60 slot=2982 MONTMUL.REP | MONTMUL.REP | len=4
OpcodeLengths.java> OPLEN 1ba70 slot=2983 XSTORE.REP | XSTORE.REP | len=4
OpcodeLengths.java> OPLEN 1ba80 slot=2984 PUSH | PUSH GS | len=3
OpcodeLengths.java> OPLEN 1ba90 slot=2985 POP | POP GS | len=3
OpcodeLengths.java> OPLEN 1baa0 slot=2986 RSM | RSM | len=3
OpcodeLengths.java> OPLEN 1bab0 slot=2987 BTS | BTS EAX,EAX | len=4
OpcodeLengths.java> OPLEN 1bac0 slot=2988 SHRD | SHRD EAX,EAX,0x90 | len=5
OpcodeLengths.java> OPLEN 1bad0 slot=2989 SHRD | SHRD EAX,EAX,CL | len=4
OpcodeLengths.java> OPLEN 1bae0 slot=2990 RDFSBASE | RDFSBASE EAX | len=4
OpcodeLengths.java> OPLEN 1baf0 slot=2991 IMUL | IMUL EAX,EAX | len=4
OpcodeLengths.java> OPLEN 1bb00 slot=2992 CMPXCHG | CMPXCHG AL,AL | len=4
OpcodeLengths.java> OPLEN 1bb10 slot=2993 CMPXCHG | CMPXCHG EAX,EAX | len=4
OpcodeLengths.java> OPLEN 1bb20 slot=2994 NONE
OpcodeLengths.java> OPLEN 1bb30 slot=2995 BTR | BTR EAX,EAX | len=4
OpcodeLengths.java> OPLEN 1bb40 slot=2996 NONE
OpcodeLengths.java> OPLEN 1bb50 slot=2997 NONE
OpcodeLengths.java> OPLEN 1bb60 slot=2998 MOVZX | MOVZX EAX,AL | len=4
OpcodeLengths.java> OPLEN 1bb70 slot=2999 MOVZX | MOVZX EAX,AX | len=4
OpcodeLengths.java> OPLEN 1bb80 slot=3000 POPCNT | POPCNT EAX,EAX | len=4
OpcodeLengths.java> OPLEN 1bb90 slot=3001 UD1 | UD1 EAX,EAX | len=4
OpcodeLengths.java> OPLEN 1bba0 slot=3002 NONE
OpcodeLengths.java> OPLEN 1bbb0 slot=3003 BTC | BTC EAX,EAX | len=4
OpcodeLengths.java> OPLEN 1bbc0 slot=3004 TZCNT | TZCNT EAX,EAX | len=4
OpcodeLengths.java> OPLEN 1bbd0 slot=3005 LZCNT | LZCNT EAX,EAX | len=4
OpcodeLengths.java> OPLEN 1bbe0 slot=3006 MOVSX | MOVSX EAX,AL | len=4
OpcodeLengths.java> OPLEN 1bbf0 slot=3007 MOVSX | MOVSX EAX,AX | len=4
OpcodeLengths.java> OPLEN 1bc00 slot=3008 XADD | XADD AL,AL | len=4
OpcodeLengths.java> OPLEN 1bc10 slot=3009 XADD | XADD EAX,EAX | len=4
OpcodeLengths.java> OPLEN 1bc20 slot=3010 CMPSS | CMPSS XMM0,XMM0, 0x90 | len=5
OpcodeLengths.java> OPLEN 1bc30 slot=3011 NONE
OpcodeLengths.java> OPLEN 1bc40 slot=3012 NONE
OpcodeLengths.java> OPLEN 1bc50 slot=3013 NONE
OpcodeLengths.java> OPLEN 1bc60 slot=3014 NONE
OpcodeLengths.java> OPLEN 1bc70 slot=3015 NONE
OpcodeLengths.java> OPLEN 1bc80 slot=3016 BSWAP | BSWAP EAX | len=3
OpcodeLengths.java> OPLEN 1bc90 slot=3017 BSWAP | BSWAP ECX | len=3
OpcodeLengths.java> OPLEN 1bca0 slot=3018 BSWAP | BSWAP EDX | len=3
OpcodeLengths.java> OPLEN 1bcb0 slot=3019 BSWAP | BSWAP EBX | len=3
OpcodeLengths.java> OPLEN 1bcc0 slot=3020 BSWAP | BSWAP ESP | len=3
OpcodeLengths.java> OPLEN 1bcd0 slot=3021 BSWAP | BSWAP EBP | len=3
OpcodeLengths.java> OPLEN 1bce0 slot=3022 BSWAP | BSWAP ESI | len=3
OpcodeLengths.java> OPLEN 1bcf0 slot=3023 BSWAP | BSWAP EDI | len=3
OpcodeLengths.java> OPLEN 1bd00 slot=3024 NONE
OpcodeLengths.java> OPLEN 1bd10 slot=3025 NONE
OpcodeLengths.java> OPLEN 1bd20 slot=3026 NONE
OpcodeLengths.java> OPLEN 1bd30 slot=3027 NONE
OpcodeLengths.java> OPLEN 1bd40 slot=3028 NONE
OpcodeLengths.java> OPLEN 1bd50 slot=3029 NONE
OpcodeLengths.java> OPLEN 1bd60 slot=3030 MOVQ2DQ | MOVQ2DQ XMM0,MM0 | len=4
OpcodeLengths.java> OPLEN 1bd70 slot=3031 NONE
OpcodeLengths.java> OPLEN 1bd80 slot=3032 NONE
OpcodeLengths.java> OPLEN 1bd90 slot=3033 NONE
OpcodeLengths.java> OPLEN 1bda0 slot=3034 NONE
OpcodeLengths.java> OPLEN 1bdb0 slot=3035 NONE
OpcodeLengths.java> OPLEN 1bdc0 slot=3036 NONE
OpcodeLengths.java> OPLEN 1bdd0 slot=3037 NONE
OpcodeLengths.java> OPLEN 1bde0 slot=3038 NONE
OpcodeLengths.java> OPLEN 1bdf0 slot=3039 NONE
OpcodeLengths.java> OPLEN 1be00 slot=3040 NONE
OpcodeLengths.java> OPLEN 1be10 slot=3041 NONE
OpcodeLengths.java> OPLEN 1be20 slot=3042 NONE
OpcodeLengths.java> OPLEN 1be30 slot=3043 NONE
OpcodeLengths.java> OPLEN 1be40 slot=3044 NONE
OpcodeLengths.java> OPLEN 1be50 slot=3045 NONE
OpcodeLengths.java> OPLEN 1be60 slot=3046 CVTDQ2PD | CVTDQ2PD XMM0,XMM0 | len=4
OpcodeLengths.java> OPLEN 1be70 slot=3047 NONE
OpcodeLengths.java> OPLEN 1be80 slot=3048 NONE
OpcodeLengths.java> OPLEN 1be90 slot=3049 NONE
OpcodeLengths.java> OPLEN 1bea0 slot=3050 NONE
OpcodeLengths.java> OPLEN 1beb0 slot=3051 NONE
OpcodeLengths.java> OPLEN 1bec0 slot=3052 NONE
OpcodeLengths.java> OPLEN 1bed0 slot=3053 NONE
OpcodeLengths.java> OPLEN 1bee0 slot=3054 NONE
OpcodeLengths.java> OPLEN 1bef0 slot=3055 NONE
OpcodeLengths.java> OPLEN 1bf00 slot=3056 NONE
OpcodeLengths.java> OPLEN 1bf10 slot=3057 NONE
OpcodeLengths.java> OPLEN 1bf20 slot=3058 NONE
OpcodeLengths.java> OPLEN 1bf30 slot=3059 NONE
OpcodeLengths.java> OPLEN 1bf40 slot=3060 NONE
OpcodeLengths.java> OPLEN 1bf50 slot=3061 NONE
OpcodeLengths.java> OPLEN 1bf60 slot=3062 NONE
OpcodeLengths.java> OPLEN 1bf70 slot=3063 NONE
OpcodeLengths.java> OPLEN 1bf80 slot=3064 NONE
OpcodeLengths.java> OPLEN 1bf90 slot=3065 NONE
OpcodeLengths.java> OPLEN 1bfa0 slot=3066 NONE
OpcodeLengths.java> OPLEN 1bfb0 slot=3067 NONE
OpcodeLengths.java> OPLEN 1bfc0 slot=3068 NONE
OpcodeLengths.java> OPLEN 1bfd0 slot=3069 NONE
OpcodeLengths.java> OPLEN 1bfe0 slot=3070 NONE
OpcodeLengths.java> OPLEN 1bff0 slot=3071 UD0 | UD0 EAX,EAX | len=4
# ---- run 2: fixture v12 ELF, slot at 40106b (RSM after the RET) ----
OpcodeLengths.java> OPLEN lang=x86:LE:64:default ghidra=12.1.2 start=40106b count=1 slot=2
OpcodeLengths.java> OPLEN 40106b slot=0 RSM | RSM | len=2
# EXIT done 2026-09-19 19:13 PDT
# DISPOSITION of all 3072 rows (every row in exactly one class; the (u) red checks the first class only, floor 2065):
#    2065  double-attested (checked)
#       1  length-disagree
#      47  ghidra-only
#      83  objdump-only
#     264  NONE-in-both, opcode invalid under all 12 probes
#     612  NONE-in-both, opcode valid elsewhere (this prefix/ModRM form does not exist)
#    3072  total
