# no-flow oracle over the ONE-BYTE map, legacy 32-bit mode (x86:LE:32:default), 2026-09-19: probe blob tests/data/x64_reds/probe1_32_2026-09-19.bin sha256 0c8c321b815455859af240eff063d5134d84a6b23dc92285978ba5570f575dbc, 2816 slots of 16 bytes (11 forms x 256), imported raw at 0x10000, BinaryLoader, -noanalysis, OpcodeLengths.java. ORACLE: Ghidra 12.1.2 PUBLIC, snap revision 47.
# PREDICTED before the run: the i64 set is VALID here: 06 07 0E 16 17 1E 1F 27 2F 37 3F CE length 1; 82 length 3 (group-1 alias, ModRM + ib); 9A and EA length 7 (Ap ptr16:32), 5 under 66; C4 C5 62 ModRM forms (LES/LDS/BOUND) length 2 at form 0, 6 at form 1; D4 D5 length 2 (AAM/AAD ib); D6 SALC: read off (undocumented); 40-4F length 1 (INC/DEC, no REX); 63 ARPL length 2; x87 D8-DF 2; B8-BF 5, 3 under 66; A0-A3 length 5 (moffs32), 5 under 66 too (66 changes operand not address).
# ---- run ----
JAVA_HOME=/snap/ghidra/47/usr/lib/jvm/java-21-openjdk-amd64 /snap/ghidra/47/ghidra/support/analyzeHeadless /tmp/ghidra_oplen OpLen \
	-import tests/data/x64_reds/probe1_32_2026-09-19.bin -processor x86:LE:32:default -loader BinaryLoader -loader-baseAddr 0x10000 -noanalysis \
	-postScript OpcodeLengths.java $(printf '%x' 0x10000) $(( $(stat -c %s tests/data/x64_reds/probe1_32_2026-09-19.bin) / 16 )) 16 \
	-scriptPath ../../tools/ghidra \
	-overwrite -deleteProject 2>&1 | grep -E 'OPLEN|ERROR|Exception' | sed -E 's/^INFO +//; s/ \(GhidraScript\).*//'
OpcodeLengths.java> OPLEN lang=x86:LE:32:default ghidra=12.1.2 start=10000 count=2816 slot=16
OpcodeLengths.java> OPLEN 10000 slot=0 ADD | ADD byte ptr [EAX],AL | len=2
OpcodeLengths.java> OPLEN 10010 slot=1 ADD | ADD dword ptr [EAX],EAX | len=2
OpcodeLengths.java> OPLEN 10020 slot=2 ADD | ADD AL,byte ptr [EAX] | len=2
OpcodeLengths.java> OPLEN 10030 slot=3 ADD | ADD EAX,dword ptr [EAX] | len=2
OpcodeLengths.java> OPLEN 10040 slot=4 ADD | ADD AL,0x0 | len=2
OpcodeLengths.java> OPLEN 10050 slot=5 ADD | ADD EAX,0x90909000 | len=5
OpcodeLengths.java> OPLEN 10060 slot=6 PUSH | PUSH ES | len=1
OpcodeLengths.java> OPLEN 10070 slot=7 POP | POP ES | len=1
OpcodeLengths.java> OPLEN 10080 slot=8 OR | OR byte ptr [EAX],AL | len=2
OpcodeLengths.java> OPLEN 10090 slot=9 OR | OR dword ptr [EAX],EAX | len=2
OpcodeLengths.java> OPLEN 100a0 slot=10 OR | OR AL,byte ptr [EAX] | len=2
OpcodeLengths.java> OPLEN 100b0 slot=11 OR | OR EAX,dword ptr [EAX] | len=2
OpcodeLengths.java> OPLEN 100c0 slot=12 OR | OR AL,0x0 | len=2
OpcodeLengths.java> OPLEN 100d0 slot=13 OR | OR EAX,0x90909000 | len=5
OpcodeLengths.java> OPLEN 100e0 slot=14 PUSH | PUSH CS | len=1
OpcodeLengths.java> OPLEN 100f0 slot=15 LLDT | LLDT word ptr [EAX + 0x90909090] | len=7
OpcodeLengths.java> OPLEN 10100 slot=16 ADC | ADC byte ptr [EAX],AL | len=2
OpcodeLengths.java> OPLEN 10110 slot=17 ADC | ADC dword ptr [EAX],EAX | len=2
OpcodeLengths.java> OPLEN 10120 slot=18 ADC | ADC AL,byte ptr [EAX] | len=2
OpcodeLengths.java> OPLEN 10130 slot=19 ADC | ADC EAX,dword ptr [EAX] | len=2
OpcodeLengths.java> OPLEN 10140 slot=20 ADC | ADC AL,0x0 | len=2
OpcodeLengths.java> OPLEN 10150 slot=21 ADC | ADC EAX,0x90909000 | len=5
OpcodeLengths.java> OPLEN 10160 slot=22 PUSH | PUSH SS | len=1
OpcodeLengths.java> OPLEN 10170 slot=23 POP | POP SS | len=1
OpcodeLengths.java> OPLEN 10180 slot=24 SBB | SBB byte ptr [EAX],AL | len=2
OpcodeLengths.java> OPLEN 10190 slot=25 SBB | SBB dword ptr [EAX],EAX | len=2
OpcodeLengths.java> OPLEN 101a0 slot=26 SBB | SBB AL,byte ptr [EAX] | len=2
OpcodeLengths.java> OPLEN 101b0 slot=27 SBB | SBB EAX,dword ptr [EAX] | len=2
OpcodeLengths.java> OPLEN 101c0 slot=28 SBB | SBB AL,0x0 | len=2
OpcodeLengths.java> OPLEN 101d0 slot=29 SBB | SBB EAX,0x90909000 | len=5
OpcodeLengths.java> OPLEN 101e0 slot=30 PUSH | PUSH DS | len=1
OpcodeLengths.java> OPLEN 101f0 slot=31 POP | POP DS | len=1
OpcodeLengths.java> OPLEN 10200 slot=32 AND | AND byte ptr [EAX],AL | len=2
OpcodeLengths.java> OPLEN 10210 slot=33 AND | AND dword ptr [EAX],EAX | len=2
OpcodeLengths.java> OPLEN 10220 slot=34 AND | AND AL,byte ptr [EAX] | len=2
OpcodeLengths.java> OPLEN 10230 slot=35 AND | AND EAX,dword ptr [EAX] | len=2
OpcodeLengths.java> OPLEN 10240 slot=36 AND | AND AL,0x0 | len=2
OpcodeLengths.java> OPLEN 10250 slot=37 AND | AND EAX,0x90909000 | len=5
OpcodeLengths.java> OPLEN 10260 slot=38 ADD | ADD byte ptr ES:[EAX + 0x90909090],DL | len=7
OpcodeLengths.java> OPLEN 10270 slot=39 DAA | DAA | len=1
OpcodeLengths.java> OPLEN 10280 slot=40 SUB | SUB byte ptr [EAX],AL | len=2
OpcodeLengths.java> OPLEN 10290 slot=41 SUB | SUB dword ptr [EAX],EAX | len=2
OpcodeLengths.java> OPLEN 102a0 slot=42 SUB | SUB AL,byte ptr [EAX] | len=2
OpcodeLengths.java> OPLEN 102b0 slot=43 SUB | SUB EAX,dword ptr [EAX] | len=2
OpcodeLengths.java> OPLEN 102c0 slot=44 SUB | SUB AL,0x0 | len=2
OpcodeLengths.java> OPLEN 102d0 slot=45 SUB | SUB EAX,0x90909000 | len=5
OpcodeLengths.java> OPLEN 102e0 slot=46 ADD | ADD byte ptr CS:[EAX + 0x90909090],DL | len=7
OpcodeLengths.java> OPLEN 102f0 slot=47 DAS | DAS | len=1
OpcodeLengths.java> OPLEN 10300 slot=48 XOR | XOR byte ptr [EAX],AL | len=2
OpcodeLengths.java> OPLEN 10310 slot=49 XOR | XOR dword ptr [EAX],EAX | len=2
OpcodeLengths.java> OPLEN 10320 slot=50 XOR | XOR AL,byte ptr [EAX] | len=2
OpcodeLengths.java> OPLEN 10330 slot=51 XOR | XOR EAX,dword ptr [EAX] | len=2
OpcodeLengths.java> OPLEN 10340 slot=52 XOR | XOR AL,0x0 | len=2
OpcodeLengths.java> OPLEN 10350 slot=53 XOR | XOR EAX,0x90909000 | len=5
OpcodeLengths.java> OPLEN 10360 slot=54 ADD | ADD byte ptr SS:[EAX + 0x90909090],DL | len=7
OpcodeLengths.java> OPLEN 10370 slot=55 AAA | AAA | len=1
OpcodeLengths.java> OPLEN 10380 slot=56 CMP | CMP byte ptr [EAX],AL | len=2
OpcodeLengths.java> OPLEN 10390 slot=57 CMP | CMP dword ptr [EAX],EAX | len=2
OpcodeLengths.java> OPLEN 103a0 slot=58 CMP | CMP AL,byte ptr [EAX] | len=2
OpcodeLengths.java> OPLEN 103b0 slot=59 CMP | CMP EAX,dword ptr [EAX] | len=2
OpcodeLengths.java> OPLEN 103c0 slot=60 CMP | CMP AL,0x0 | len=2
OpcodeLengths.java> OPLEN 103d0 slot=61 CMP | CMP EAX,0x90909000 | len=5
OpcodeLengths.java> OPLEN 103e0 slot=62 ADD | ADD byte ptr DS:[EAX + 0x90909090],DL | len=7
OpcodeLengths.java> OPLEN 103f0 slot=63 AAS | AAS | len=1
OpcodeLengths.java> OPLEN 10400 slot=64 INC | INC EAX | len=1
OpcodeLengths.java> OPLEN 10410 slot=65 INC | INC ECX | len=1
OpcodeLengths.java> OPLEN 10420 slot=66 INC | INC EDX | len=1
OpcodeLengths.java> OPLEN 10430 slot=67 INC | INC EBX | len=1
OpcodeLengths.java> OPLEN 10440 slot=68 INC | INC ESP | len=1
OpcodeLengths.java> OPLEN 10450 slot=69 INC | INC EBP | len=1
OpcodeLengths.java> OPLEN 10460 slot=70 INC | INC ESI | len=1
OpcodeLengths.java> OPLEN 10470 slot=71 INC | INC EDI | len=1
OpcodeLengths.java> OPLEN 10480 slot=72 DEC | DEC EAX | len=1
OpcodeLengths.java> OPLEN 10490 slot=73 DEC | DEC ECX | len=1
OpcodeLengths.java> OPLEN 104a0 slot=74 DEC | DEC EDX | len=1
OpcodeLengths.java> OPLEN 104b0 slot=75 DEC | DEC EBX | len=1
OpcodeLengths.java> OPLEN 104c0 slot=76 DEC | DEC ESP | len=1
OpcodeLengths.java> OPLEN 104d0 slot=77 DEC | DEC EBP | len=1
OpcodeLengths.java> OPLEN 104e0 slot=78 DEC | DEC ESI | len=1
OpcodeLengths.java> OPLEN 104f0 slot=79 DEC | DEC EDI | len=1
OpcodeLengths.java> OPLEN 10500 slot=80 PUSH | PUSH EAX | len=1
OpcodeLengths.java> OPLEN 10510 slot=81 PUSH | PUSH ECX | len=1
OpcodeLengths.java> OPLEN 10520 slot=82 PUSH | PUSH EDX | len=1
OpcodeLengths.java> OPLEN 10530 slot=83 PUSH | PUSH EBX | len=1
OpcodeLengths.java> OPLEN 10540 slot=84 PUSH | PUSH ESP | len=1
OpcodeLengths.java> OPLEN 10550 slot=85 PUSH | PUSH EBP | len=1
OpcodeLengths.java> OPLEN 10560 slot=86 PUSH | PUSH ESI | len=1
OpcodeLengths.java> OPLEN 10570 slot=87 PUSH | PUSH EDI | len=1
OpcodeLengths.java> OPLEN 10580 slot=88 POP | POP EAX | len=1
OpcodeLengths.java> OPLEN 10590 slot=89 POP | POP ECX | len=1
OpcodeLengths.java> OPLEN 105a0 slot=90 POP | POP EDX | len=1
OpcodeLengths.java> OPLEN 105b0 slot=91 POP | POP EBX | len=1
OpcodeLengths.java> OPLEN 105c0 slot=92 POP | POP ESP | len=1
OpcodeLengths.java> OPLEN 105d0 slot=93 POP | POP EBP | len=1
OpcodeLengths.java> OPLEN 105e0 slot=94 POP | POP ESI | len=1
OpcodeLengths.java> OPLEN 105f0 slot=95 POP | POP EDI | len=1
OpcodeLengths.java> OPLEN 10600 slot=96 PUSHAD | PUSHAD | len=1
OpcodeLengths.java> OPLEN 10610 slot=97 POPAD | POPAD | len=1
OpcodeLengths.java> OPLEN 10620 slot=98 BOUND | BOUND EAX,dword ptr [EAX] | len=2
OpcodeLengths.java> OPLEN 10630 slot=99 ARPL | ARPL word ptr [EAX],AX | len=2
OpcodeLengths.java> OPLEN 10640 slot=100 ADD | ADD byte ptr FS:[EAX + 0x90909090],DL | len=7
OpcodeLengths.java> OPLEN 10650 slot=101 ADD | ADD byte ptr GS:[EAX + 0x90909090],DL | len=7
OpcodeLengths.java> OPLEN 10660 slot=102 ADD | ADD byte ptr [EAX + 0x90909090],DL | len=7
OpcodeLengths.java> OPLEN 10670 slot=103 ADD | ADD byte ptr [BX + SI + 0x9090],DL | len=5
OpcodeLengths.java> OPLEN 10680 slot=104 PUSH | PUSH 0x90909000 | len=5
OpcodeLengths.java> OPLEN 10690 slot=105 IMUL | IMUL EAX,dword ptr [EAX],-0x6f6f6f70 | len=6
OpcodeLengths.java> OPLEN 106a0 slot=106 PUSH | PUSH 0x0 | len=2
OpcodeLengths.java> OPLEN 106b0 slot=107 IMUL | IMUL EAX,dword ptr [EAX],-0x70 | len=3
OpcodeLengths.java> OPLEN 106c0 slot=108 INSB | INSB ES:EDI,DX | len=1
OpcodeLengths.java> OPLEN 106d0 slot=109 INSD | INSD ES:EDI,DX | len=1
OpcodeLengths.java> OPLEN 106e0 slot=110 OUTSB | OUTSB DX,ESI | len=1
OpcodeLengths.java> OPLEN 106f0 slot=111 OUTSD | OUTSD DX,ESI | len=1
OpcodeLengths.java> OPLEN 10700 slot=112 JO | JO 0x00010702 | len=2
OpcodeLengths.java> OPLEN 10710 slot=113 JNO | JNO 0x00010712 | len=2
OpcodeLengths.java> OPLEN 10720 slot=114 JC | JC 0x00010722 | len=2
OpcodeLengths.java> OPLEN 10730 slot=115 JNC | JNC 0x00010732 | len=2
OpcodeLengths.java> OPLEN 10740 slot=116 JZ | JZ 0x00010742 | len=2
OpcodeLengths.java> OPLEN 10750 slot=117 JNZ | JNZ 0x00010752 | len=2
OpcodeLengths.java> OPLEN 10760 slot=118 JBE | JBE 0x00010762 | len=2
OpcodeLengths.java> OPLEN 10770 slot=119 JA | JA 0x00010772 | len=2
OpcodeLengths.java> OPLEN 10780 slot=120 JS | JS 0x00010782 | len=2
OpcodeLengths.java> OPLEN 10790 slot=121 JNS | JNS 0x00010792 | len=2
OpcodeLengths.java> OPLEN 107a0 slot=122 JP | JP 0x000107a2 | len=2
OpcodeLengths.java> OPLEN 107b0 slot=123 JNP | JNP 0x000107b2 | len=2
OpcodeLengths.java> OPLEN 107c0 slot=124 JL | JL 0x000107c2 | len=2
OpcodeLengths.java> OPLEN 107d0 slot=125 JGE | JGE 0x000107d2 | len=2
OpcodeLengths.java> OPLEN 107e0 slot=126 JLE | JLE 0x000107e2 | len=2
OpcodeLengths.java> OPLEN 107f0 slot=127 JG | JG 0x000107f2 | len=2
OpcodeLengths.java> OPLEN 10800 slot=128 ADD | ADD byte ptr [EAX],0x90 | len=3
OpcodeLengths.java> OPLEN 10810 slot=129 ADD | ADD dword ptr [EAX],0x90909090 | len=6
OpcodeLengths.java> OPLEN 10820 slot=130 ADD | ADD byte ptr [EAX],0x90 | len=3
OpcodeLengths.java> OPLEN 10830 slot=131 ADD | ADD dword ptr [EAX],-0x70 | len=3
OpcodeLengths.java> OPLEN 10840 slot=132 TEST | TEST byte ptr [EAX],AL | len=2
OpcodeLengths.java> OPLEN 10850 slot=133 TEST | TEST dword ptr [EAX],EAX | len=2
OpcodeLengths.java> OPLEN 10860 slot=134 XCHG | XCHG byte ptr [EAX],AL | len=2
OpcodeLengths.java> OPLEN 10870 slot=135 XCHG | XCHG dword ptr [EAX],EAX | len=2
OpcodeLengths.java> OPLEN 10880 slot=136 MOV | MOV byte ptr [EAX],AL | len=2
OpcodeLengths.java> OPLEN 10890 slot=137 MOV | MOV dword ptr [EAX],EAX | len=2
OpcodeLengths.java> OPLEN 108a0 slot=138 MOV | MOV AL,byte ptr [EAX] | len=2
OpcodeLengths.java> OPLEN 108b0 slot=139 MOV | MOV EAX,dword ptr [EAX] | len=2
OpcodeLengths.java> OPLEN 108c0 slot=140 MOV | MOV word ptr [EAX],ES | len=2
OpcodeLengths.java> OPLEN 108d0 slot=141 LEA | LEA EAX,[EAX] | len=2
OpcodeLengths.java> OPLEN 108e0 slot=142 MOV | MOV ES,word ptr [EAX] | len=2
OpcodeLengths.java> OPLEN 108f0 slot=143 POP | POP dword ptr [EAX] | len=2
OpcodeLengths.java> OPLEN 10900 slot=144 NOP | NOP | len=1
OpcodeLengths.java> OPLEN 10910 slot=145 XCHG | XCHG EAX,ECX | len=1
OpcodeLengths.java> OPLEN 10920 slot=146 XCHG | XCHG EAX,EDX | len=1
OpcodeLengths.java> OPLEN 10930 slot=147 XCHG | XCHG EAX,EBX | len=1
OpcodeLengths.java> OPLEN 10940 slot=148 XCHG | XCHG EAX,ESP | len=1
OpcodeLengths.java> OPLEN 10950 slot=149 XCHG | XCHG EAX,EBP | len=1
OpcodeLengths.java> OPLEN 10960 slot=150 XCHG | XCHG EAX,ESI | len=1
OpcodeLengths.java> OPLEN 10970 slot=151 XCHG | XCHG EAX,EDI | len=1
OpcodeLengths.java> OPLEN 10980 slot=152 CWDE | CWDE | len=1
OpcodeLengths.java> OPLEN 10990 slot=153 CDQ | CDQ | len=1
OpcodeLengths.java> OPLEN 109a0 slot=154 CALLF | CALLF 0x9090:0x90909000 | len=7
OpcodeLengths.java> OPLEN 109b0 slot=155 WAIT | WAIT | len=1
OpcodeLengths.java> OPLEN 109c0 slot=156 PUSHFD | PUSHFD | len=1
OpcodeLengths.java> OPLEN 109d0 slot=157 POPFD | POPFD | len=1
OpcodeLengths.java> OPLEN 109e0 slot=158 SAHF | SAHF | len=1
OpcodeLengths.java> OPLEN 109f0 slot=159 LAHF | LAHF | len=1
OpcodeLengths.java> OPLEN 10a00 slot=160 MOV | MOV AL,[0x90909000] | len=5
OpcodeLengths.java> OPLEN 10a10 slot=161 MOV | MOV EAX,[0x90909000] | len=5
OpcodeLengths.java> OPLEN 10a20 slot=162 MOV | MOV [0x90909000],AL | len=5
OpcodeLengths.java> OPLEN 10a30 slot=163 MOV | MOV [0x90909000],EAX | len=5
OpcodeLengths.java> OPLEN 10a40 slot=164 MOVSB | MOVSB ES:EDI,ESI | len=1
OpcodeLengths.java> OPLEN 10a50 slot=165 MOVSD | MOVSD ES:EDI,ESI | len=1
OpcodeLengths.java> OPLEN 10a60 slot=166 CMPSB | CMPSB ES:EDI,ESI | len=1
OpcodeLengths.java> OPLEN 10a70 slot=167 CMPSD | CMPSD ES:EDI,ESI | len=1
OpcodeLengths.java> OPLEN 10a80 slot=168 TEST | TEST AL,0x0 | len=2
OpcodeLengths.java> OPLEN 10a90 slot=169 TEST | TEST EAX,0x90909000 | len=5
OpcodeLengths.java> OPLEN 10aa0 slot=170 STOSB | STOSB ES:EDI | len=1
OpcodeLengths.java> OPLEN 10ab0 slot=171 STOSD | STOSD ES:EDI | len=1
OpcodeLengths.java> OPLEN 10ac0 slot=172 LODSB | LODSB ESI | len=1
OpcodeLengths.java> OPLEN 10ad0 slot=173 LODSD | LODSD ESI | len=1
OpcodeLengths.java> OPLEN 10ae0 slot=174 SCASB | SCASB ES:EDI | len=1
OpcodeLengths.java> OPLEN 10af0 slot=175 SCASD | SCASD ES:EDI | len=1
OpcodeLengths.java> OPLEN 10b00 slot=176 MOV | MOV AL,0x0 | len=2
OpcodeLengths.java> OPLEN 10b10 slot=177 MOV | MOV CL,0x0 | len=2
OpcodeLengths.java> OPLEN 10b20 slot=178 MOV | MOV DL,0x0 | len=2
OpcodeLengths.java> OPLEN 10b30 slot=179 MOV | MOV BL,0x0 | len=2
OpcodeLengths.java> OPLEN 10b40 slot=180 MOV | MOV AH,0x0 | len=2
OpcodeLengths.java> OPLEN 10b50 slot=181 MOV | MOV CH,0x0 | len=2
OpcodeLengths.java> OPLEN 10b60 slot=182 MOV | MOV DH,0x0 | len=2
OpcodeLengths.java> OPLEN 10b70 slot=183 MOV | MOV BH,0x0 | len=2
OpcodeLengths.java> OPLEN 10b80 slot=184 MOV | MOV EAX,0x90909000 | len=5
OpcodeLengths.java> OPLEN 10b90 slot=185 MOV | MOV ECX,0x90909000 | len=5
OpcodeLengths.java> OPLEN 10ba0 slot=186 MOV | MOV EDX,0x90909000 | len=5
OpcodeLengths.java> OPLEN 10bb0 slot=187 MOV | MOV EBX,0x90909000 | len=5
OpcodeLengths.java> OPLEN 10bc0 slot=188 MOV | MOV ESP,0x90909000 | len=5
OpcodeLengths.java> OPLEN 10bd0 slot=189 MOV | MOV EBP,0x90909000 | len=5
OpcodeLengths.java> OPLEN 10be0 slot=190 MOV | MOV ESI,0x90909000 | len=5
OpcodeLengths.java> OPLEN 10bf0 slot=191 MOV | MOV EDI,0x90909000 | len=5
OpcodeLengths.java> OPLEN 10c00 slot=192 ROL | ROL byte ptr [EAX],0x90 | len=3
OpcodeLengths.java> OPLEN 10c10 slot=193 ROL | ROL dword ptr [EAX],0x90 | len=3
OpcodeLengths.java> OPLEN 10c20 slot=194 RET | RET 0x9000 | len=3
OpcodeLengths.java> OPLEN 10c30 slot=195 RET | RET | len=1
OpcodeLengths.java> OPLEN 10c40 slot=196 LES | LES EAX,[EAX] | len=2
OpcodeLengths.java> OPLEN 10c50 slot=197 LDS | LDS EAX,[EAX] | len=2
OpcodeLengths.java> OPLEN 10c60 slot=198 MOV | MOV byte ptr [EAX],0x90 | len=3
OpcodeLengths.java> OPLEN 10c70 slot=199 MOV | MOV dword ptr [EAX],0x90909090 | len=6
OpcodeLengths.java> OPLEN 10c80 slot=200 ENTER | ENTER 0x9000,0x10 | len=4
OpcodeLengths.java> OPLEN 10c90 slot=201 LEAVE | LEAVE | len=1
OpcodeLengths.java> OPLEN 10ca0 slot=202 RETF | RETF 0x9000 | len=3
OpcodeLengths.java> OPLEN 10cb0 slot=203 RETF | RETF | len=1
OpcodeLengths.java> OPLEN 10cc0 slot=204 INT3 | INT3 | len=1
OpcodeLengths.java> OPLEN 10cd0 slot=205 INT | INT 0x0 | len=2
OpcodeLengths.java> OPLEN 10ce0 slot=206 INTO | INTO | len=1
OpcodeLengths.java> OPLEN 10cf0 slot=207 IRETD | IRETD | len=1
OpcodeLengths.java> OPLEN 10d00 slot=208 ROL | ROL byte ptr [EAX],0x1 | len=2
OpcodeLengths.java> OPLEN 10d10 slot=209 ROL | ROL dword ptr [EAX],0x1 | len=2
OpcodeLengths.java> OPLEN 10d20 slot=210 ROL | ROL byte ptr [EAX],CL | len=2
OpcodeLengths.java> OPLEN 10d30 slot=211 ROL | ROL dword ptr [EAX],CL | len=2
OpcodeLengths.java> OPLEN 10d40 slot=212 AAM | AAM 0x0 | len=2
OpcodeLengths.java> OPLEN 10d50 slot=213 AAD | AAD 0x0 | len=2
OpcodeLengths.java> OPLEN 10d60 slot=214 SALC | SALC | len=1
OpcodeLengths.java> OPLEN 10d70 slot=215 XLAT | XLAT EBX | len=1
OpcodeLengths.java> OPLEN 10d80 slot=216 FADD | FADD float ptr [EAX] | len=2
OpcodeLengths.java> OPLEN 10d90 slot=217 FLD | FLD float ptr [EAX] | len=2
OpcodeLengths.java> OPLEN 10da0 slot=218 FIADD | FIADD dword ptr [EAX] | len=2
OpcodeLengths.java> OPLEN 10db0 slot=219 FILD | FILD dword ptr [EAX] | len=2
OpcodeLengths.java> OPLEN 10dc0 slot=220 FADD | FADD double ptr [EAX] | len=2
OpcodeLengths.java> OPLEN 10dd0 slot=221 FLD | FLD double ptr [EAX] | len=2
OpcodeLengths.java> OPLEN 10de0 slot=222 FIADD | FIADD word ptr [EAX] | len=2
OpcodeLengths.java> OPLEN 10df0 slot=223 FILD | FILD word ptr [EAX] | len=2
OpcodeLengths.java> OPLEN 10e00 slot=224 LOOPNZ | LOOPNZ 0x00010e02 | len=2
OpcodeLengths.java> OPLEN 10e10 slot=225 LOOPZ | LOOPZ 0x00010e12 | len=2
OpcodeLengths.java> OPLEN 10e20 slot=226 LOOP | LOOP 0x00010e22 | len=2
OpcodeLengths.java> OPLEN 10e30 slot=227 JECXZ | JECXZ 0x00010e32 | len=2
OpcodeLengths.java> OPLEN 10e40 slot=228 IN | IN AL,0x0 | len=2
OpcodeLengths.java> OPLEN 10e50 slot=229 IN | IN EAX,0x0 | len=2
OpcodeLengths.java> OPLEN 10e60 slot=230 OUT | OUT 0x0,AL | len=2
OpcodeLengths.java> OPLEN 10e70 slot=231 OUT | OUT 0x0,EAX | len=2
OpcodeLengths.java> OPLEN 10e80 slot=232 CALL | CALL 0x90919e85 | len=5
OpcodeLengths.java> OPLEN 10e90 slot=233 JMP | JMP 0x90919e95 | len=5
OpcodeLengths.java> OPLEN 10ea0 slot=234 JMPF | JMPF 0x9090:0x90909000 | len=7
OpcodeLengths.java> OPLEN 10eb0 slot=235 JMP | JMP 0x00010eb2 | len=2
OpcodeLengths.java> OPLEN 10ec0 slot=236 IN | IN AL,DX | len=1
OpcodeLengths.java> OPLEN 10ed0 slot=237 IN | IN EAX,DX | len=1
OpcodeLengths.java> OPLEN 10ee0 slot=238 OUT | OUT DX,AL | len=1
OpcodeLengths.java> OPLEN 10ef0 slot=239 OUT | OUT DX,EAX | len=1
OpcodeLengths.java> OPLEN 10f00 slot=240 ADD.LOCK | ADD.LOCK byte ptr [EAX + 0x90909090],DL | len=7
OpcodeLengths.java> OPLEN 10f10 slot=241 INT1 | INT1 | len=1
OpcodeLengths.java> OPLEN 10f20 slot=242 ADD | ADD byte ptr [EAX + 0x90909090],DL | len=7
OpcodeLengths.java> OPLEN 10f30 slot=243 ADD | ADD byte ptr [EAX + 0x90909090],DL | len=7
OpcodeLengths.java> OPLEN 10f40 slot=244 HLT | HLT | len=1
OpcodeLengths.java> OPLEN 10f50 slot=245 CMC | CMC | len=1
OpcodeLengths.java> OPLEN 10f60 slot=246 TEST | TEST byte ptr [EAX],0x90 | len=3
OpcodeLengths.java> OPLEN 10f70 slot=247 TEST | TEST dword ptr [EAX],0x90909090 | len=6
OpcodeLengths.java> OPLEN 10f80 slot=248 CLC | CLC | len=1
OpcodeLengths.java> OPLEN 10f90 slot=249 STC | STC | len=1
OpcodeLengths.java> OPLEN 10fa0 slot=250 CLI | CLI | len=1
OpcodeLengths.java> OPLEN 10fb0 slot=251 STI | STI | len=1
OpcodeLengths.java> OPLEN 10fc0 slot=252 CLD | CLD | len=1
OpcodeLengths.java> OPLEN 10fd0 slot=253 STD | STD | len=1
OpcodeLengths.java> OPLEN 10fe0 slot=254 INC | INC byte ptr [EAX] | len=2
OpcodeLengths.java> OPLEN 10ff0 slot=255 INC | INC dword ptr [EAX] | len=2
OpcodeLengths.java> OPLEN 11000 slot=256 ADD | ADD byte ptr [EAX + 0x90909090],AL | len=6
OpcodeLengths.java> OPLEN 11010 slot=257 ADD | ADD dword ptr [EAX + 0x90909090],EAX | len=6
OpcodeLengths.java> OPLEN 11020 slot=258 ADD | ADD AL,byte ptr [EAX + 0x90909090] | len=6
OpcodeLengths.java> OPLEN 11030 slot=259 ADD | ADD EAX,dword ptr [EAX + 0x90909090] | len=6
OpcodeLengths.java> OPLEN 11040 slot=260 ADD | ADD AL,0x80 | len=2
OpcodeLengths.java> OPLEN 11050 slot=261 ADD | ADD EAX,0x90909080 | len=5
OpcodeLengths.java> OPLEN 11060 slot=262 PUSH | PUSH ES | len=1
OpcodeLengths.java> OPLEN 11070 slot=263 POP | POP ES | len=1
OpcodeLengths.java> OPLEN 11080 slot=264 OR | OR byte ptr [EAX + 0x90909090],AL | len=6
OpcodeLengths.java> OPLEN 11090 slot=265 OR | OR dword ptr [EAX + 0x90909090],EAX | len=6
OpcodeLengths.java> OPLEN 110a0 slot=266 OR | OR AL,byte ptr [EAX + 0x90909090] | len=6
OpcodeLengths.java> OPLEN 110b0 slot=267 OR | OR EAX,dword ptr [EAX + 0x90909090] | len=6
OpcodeLengths.java> OPLEN 110c0 slot=268 OR | OR AL,0x80 | len=2
OpcodeLengths.java> OPLEN 110d0 slot=269 OR | OR EAX,0x90909080 | len=5
OpcodeLengths.java> OPLEN 110e0 slot=270 PUSH | PUSH CS | len=1
OpcodeLengths.java> OPLEN 110f0 slot=271 JO | JO 0x9091a186 | len=6
OpcodeLengths.java> OPLEN 11100 slot=272 ADC | ADC byte ptr [EAX + 0x90909090],AL | len=6
OpcodeLengths.java> OPLEN 11110 slot=273 ADC | ADC dword ptr [EAX + 0x90909090],EAX | len=6
OpcodeLengths.java> OPLEN 11120 slot=274 ADC | ADC AL,byte ptr [EAX + 0x90909090] | len=6
OpcodeLengths.java> OPLEN 11130 slot=275 ADC | ADC EAX,dword ptr [EAX + 0x90909090] | len=6
OpcodeLengths.java> OPLEN 11140 slot=276 ADC | ADC AL,0x80 | len=2
OpcodeLengths.java> OPLEN 11150 slot=277 ADC | ADC EAX,0x90909080 | len=5
OpcodeLengths.java> OPLEN 11160 slot=278 PUSH | PUSH SS | len=1
OpcodeLengths.java> OPLEN 11170 slot=279 POP | POP SS | len=1
OpcodeLengths.java> OPLEN 11180 slot=280 SBB | SBB byte ptr [EAX + 0x90909090],AL | len=6
OpcodeLengths.java> OPLEN 11190 slot=281 SBB | SBB dword ptr [EAX + 0x90909090],EAX | len=6
OpcodeLengths.java> OPLEN 111a0 slot=282 SBB | SBB AL,byte ptr [EAX + 0x90909090] | len=6
OpcodeLengths.java> OPLEN 111b0 slot=283 SBB | SBB EAX,dword ptr [EAX + 0x90909090] | len=6
OpcodeLengths.java> OPLEN 111c0 slot=284 SBB | SBB AL,0x80 | len=2
OpcodeLengths.java> OPLEN 111d0 slot=285 SBB | SBB EAX,0x90909080 | len=5
OpcodeLengths.java> OPLEN 111e0 slot=286 PUSH | PUSH DS | len=1
OpcodeLengths.java> OPLEN 111f0 slot=287 POP | POP DS | len=1
OpcodeLengths.java> OPLEN 11200 slot=288 AND | AND byte ptr [EAX + 0x90909090],AL | len=6
OpcodeLengths.java> OPLEN 11210 slot=289 AND | AND dword ptr [EAX + 0x90909090],EAX | len=6
OpcodeLengths.java> OPLEN 11220 slot=290 AND | AND AL,byte ptr [EAX + 0x90909090] | len=6
OpcodeLengths.java> OPLEN 11230 slot=291 AND | AND EAX,dword ptr [EAX + 0x90909090] | len=6
OpcodeLengths.java> OPLEN 11240 slot=292 AND | AND AL,0x80 | len=2
OpcodeLengths.java> OPLEN 11250 slot=293 AND | AND EAX,0x90909080 | len=5
OpcodeLengths.java> OPLEN 11260 slot=294 ADC | ADC byte ptr ES:[EAX + 0x90909090],0x90 | len=8
OpcodeLengths.java> OPLEN 11270 slot=295 DAA | DAA | len=1
OpcodeLengths.java> OPLEN 11280 slot=296 SUB | SUB byte ptr [EAX + 0x90909090],AL | len=6
OpcodeLengths.java> OPLEN 11290 slot=297 SUB | SUB dword ptr [EAX + 0x90909090],EAX | len=6
OpcodeLengths.java> OPLEN 112a0 slot=298 SUB | SUB AL,byte ptr [EAX + 0x90909090] | len=6
OpcodeLengths.java> OPLEN 112b0 slot=299 SUB | SUB EAX,dword ptr [EAX + 0x90909090] | len=6
OpcodeLengths.java> OPLEN 112c0 slot=300 SUB | SUB AL,0x80 | len=2
OpcodeLengths.java> OPLEN 112d0 slot=301 SUB | SUB EAX,0x90909080 | len=5
OpcodeLengths.java> OPLEN 112e0 slot=302 ADC | ADC byte ptr CS:[EAX + 0x90909090],0x90 | len=8
OpcodeLengths.java> OPLEN 112f0 slot=303 DAS | DAS | len=1
OpcodeLengths.java> OPLEN 11300 slot=304 XOR | XOR byte ptr [EAX + 0x90909090],AL | len=6
OpcodeLengths.java> OPLEN 11310 slot=305 XOR | XOR dword ptr [EAX + 0x90909090],EAX | len=6
OpcodeLengths.java> OPLEN 11320 slot=306 XOR | XOR AL,byte ptr [EAX + 0x90909090] | len=6
OpcodeLengths.java> OPLEN 11330 slot=307 XOR | XOR EAX,dword ptr [EAX + 0x90909090] | len=6
OpcodeLengths.java> OPLEN 11340 slot=308 XOR | XOR AL,0x80 | len=2
OpcodeLengths.java> OPLEN 11350 slot=309 XOR | XOR EAX,0x90909080 | len=5
OpcodeLengths.java> OPLEN 11360 slot=310 ADC | ADC byte ptr SS:[EAX + 0x90909090],0x90 | len=8
OpcodeLengths.java> OPLEN 11370 slot=311 AAA | AAA | len=1
OpcodeLengths.java> OPLEN 11380 slot=312 CMP | CMP byte ptr [EAX + 0x90909090],AL | len=6
OpcodeLengths.java> OPLEN 11390 slot=313 CMP | CMP dword ptr [EAX + 0x90909090],EAX | len=6
OpcodeLengths.java> OPLEN 113a0 slot=314 CMP | CMP AL,byte ptr [EAX + 0x90909090] | len=6
OpcodeLengths.java> OPLEN 113b0 slot=315 CMP | CMP EAX,dword ptr [EAX + 0x90909090] | len=6
OpcodeLengths.java> OPLEN 113c0 slot=316 CMP | CMP AL,0x80 | len=2
OpcodeLengths.java> OPLEN 113d0 slot=317 CMP | CMP EAX,0x90909080 | len=5
OpcodeLengths.java> OPLEN 113e0 slot=318 ADC | ADC byte ptr DS:[EAX + 0x90909090],0x90 | len=8
OpcodeLengths.java> OPLEN 113f0 slot=319 AAS | AAS | len=1
OpcodeLengths.java> OPLEN 11400 slot=320 INC | INC EAX | len=1
OpcodeLengths.java> OPLEN 11410 slot=321 INC | INC ECX | len=1
OpcodeLengths.java> OPLEN 11420 slot=322 INC | INC EDX | len=1
OpcodeLengths.java> OPLEN 11430 slot=323 INC | INC EBX | len=1
OpcodeLengths.java> OPLEN 11440 slot=324 INC | INC ESP | len=1
OpcodeLengths.java> OPLEN 11450 slot=325 INC | INC EBP | len=1
OpcodeLengths.java> OPLEN 11460 slot=326 INC | INC ESI | len=1
OpcodeLengths.java> OPLEN 11470 slot=327 INC | INC EDI | len=1
OpcodeLengths.java> OPLEN 11480 slot=328 DEC | DEC EAX | len=1
OpcodeLengths.java> OPLEN 11490 slot=329 DEC | DEC ECX | len=1
OpcodeLengths.java> OPLEN 114a0 slot=330 DEC | DEC EDX | len=1
OpcodeLengths.java> OPLEN 114b0 slot=331 DEC | DEC EBX | len=1
OpcodeLengths.java> OPLEN 114c0 slot=332 DEC | DEC ESP | len=1
OpcodeLengths.java> OPLEN 114d0 slot=333 DEC | DEC EBP | len=1
OpcodeLengths.java> OPLEN 114e0 slot=334 DEC | DEC ESI | len=1
OpcodeLengths.java> OPLEN 114f0 slot=335 DEC | DEC EDI | len=1
OpcodeLengths.java> OPLEN 11500 slot=336 PUSH | PUSH EAX | len=1
OpcodeLengths.java> OPLEN 11510 slot=337 PUSH | PUSH ECX | len=1
OpcodeLengths.java> OPLEN 11520 slot=338 PUSH | PUSH EDX | len=1
OpcodeLengths.java> OPLEN 11530 slot=339 PUSH | PUSH EBX | len=1
OpcodeLengths.java> OPLEN 11540 slot=340 PUSH | PUSH ESP | len=1
OpcodeLengths.java> OPLEN 11550 slot=341 PUSH | PUSH EBP | len=1
OpcodeLengths.java> OPLEN 11560 slot=342 PUSH | PUSH ESI | len=1
OpcodeLengths.java> OPLEN 11570 slot=343 PUSH | PUSH EDI | len=1
OpcodeLengths.java> OPLEN 11580 slot=344 POP | POP EAX | len=1
OpcodeLengths.java> OPLEN 11590 slot=345 POP | POP ECX | len=1
OpcodeLengths.java> OPLEN 115a0 slot=346 POP | POP EDX | len=1
OpcodeLengths.java> OPLEN 115b0 slot=347 POP | POP EBX | len=1
OpcodeLengths.java> OPLEN 115c0 slot=348 POP | POP ESP | len=1
OpcodeLengths.java> OPLEN 115d0 slot=349 POP | POP EBP | len=1
OpcodeLengths.java> OPLEN 115e0 slot=350 POP | POP ESI | len=1
OpcodeLengths.java> OPLEN 115f0 slot=351 POP | POP EDI | len=1
OpcodeLengths.java> OPLEN 11600 slot=352 PUSHAD | PUSHAD | len=1
OpcodeLengths.java> OPLEN 11610 slot=353 POPAD | POPAD | len=1
OpcodeLengths.java> OPLEN 11620 slot=354 BOUND | BOUND EAX,dword ptr [EAX + 0x90909090] | len=6
OpcodeLengths.java> OPLEN 11630 slot=355 ARPL | ARPL word ptr [EAX + 0x90909090],AX | len=6
OpcodeLengths.java> OPLEN 11640 slot=356 ADC | ADC byte ptr FS:[EAX + 0x90909090],0x90 | len=8
OpcodeLengths.java> OPLEN 11650 slot=357 ADC | ADC byte ptr GS:[EAX + 0x90909090],0x90 | len=8
OpcodeLengths.java> OPLEN 11660 slot=358 ADC | ADC byte ptr [EAX + 0x90909090],0x90 | len=8
OpcodeLengths.java> OPLEN 11670 slot=359 ADC | ADC byte ptr [BX + SI + 0x9090],0x90 | len=6
OpcodeLengths.java> OPLEN 11680 slot=360 PUSH | PUSH 0x90909080 | len=5
OpcodeLengths.java> OPLEN 11690 slot=361 IMUL | IMUL EAX,dword ptr [EAX + 0x90909090],-0x6f6f6f70 | len=10
OpcodeLengths.java> OPLEN 116a0 slot=362 PUSH | PUSH -0x80 | len=2
OpcodeLengths.java> OPLEN 116b0 slot=363 IMUL | IMUL EAX,dword ptr [EAX + 0x90909090],-0x70 | len=7
OpcodeLengths.java> OPLEN 116c0 slot=364 INSB | INSB ES:EDI,DX | len=1
OpcodeLengths.java> OPLEN 116d0 slot=365 INSD | INSD ES:EDI,DX | len=1
OpcodeLengths.java> OPLEN 116e0 slot=366 OUTSB | OUTSB DX,ESI | len=1
OpcodeLengths.java> OPLEN 116f0 slot=367 OUTSD | OUTSD DX,ESI | len=1
OpcodeLengths.java> OPLEN 11700 slot=368 JO | JO 0x00011682 | len=2
OpcodeLengths.java> OPLEN 11710 slot=369 JNO | JNO 0x00011692 | len=2
OpcodeLengths.java> OPLEN 11720 slot=370 JC | JC 0x000116a2 | len=2
OpcodeLengths.java> OPLEN 11730 slot=371 JNC | JNC 0x000116b2 | len=2
OpcodeLengths.java> OPLEN 11740 slot=372 JZ | JZ 0x000116c2 | len=2
OpcodeLengths.java> OPLEN 11750 slot=373 JNZ | JNZ 0x000116d2 | len=2
OpcodeLengths.java> OPLEN 11760 slot=374 JBE | JBE 0x000116e2 | len=2
OpcodeLengths.java> OPLEN 11770 slot=375 JA | JA 0x000116f2 | len=2
OpcodeLengths.java> OPLEN 11780 slot=376 JS | JS 0x00011702 | len=2
OpcodeLengths.java> OPLEN 11790 slot=377 JNS | JNS 0x00011712 | len=2
OpcodeLengths.java> OPLEN 117a0 slot=378 JP | JP 0x00011722 | len=2
OpcodeLengths.java> OPLEN 117b0 slot=379 JNP | JNP 0x00011732 | len=2
OpcodeLengths.java> OPLEN 117c0 slot=380 JL | JL 0x00011742 | len=2
OpcodeLengths.java> OPLEN 117d0 slot=381 JGE | JGE 0x00011752 | len=2
OpcodeLengths.java> OPLEN 117e0 slot=382 JLE | JLE 0x00011762 | len=2
OpcodeLengths.java> OPLEN 117f0 slot=383 JG | JG 0x00011772 | len=2
OpcodeLengths.java> OPLEN 11800 slot=384 ADD | ADD byte ptr [EAX + 0x90909090],0x90 | len=7
OpcodeLengths.java> OPLEN 11810 slot=385 ADD | ADD dword ptr [EAX + 0x90909090],0x90909090 | len=10
OpcodeLengths.java> OPLEN 11820 slot=386 ADD | ADD byte ptr [EAX + 0x90909090],0x90 | len=7
OpcodeLengths.java> OPLEN 11830 slot=387 ADD | ADD dword ptr [EAX + 0x90909090],-0x70 | len=7
OpcodeLengths.java> OPLEN 11840 slot=388 TEST | TEST byte ptr [EAX + 0x90909090],AL | len=6
OpcodeLengths.java> OPLEN 11850 slot=389 TEST | TEST dword ptr [EAX + 0x90909090],EAX | len=6
OpcodeLengths.java> OPLEN 11860 slot=390 XCHG | XCHG byte ptr [EAX + 0x90909090],AL | len=6
OpcodeLengths.java> OPLEN 11870 slot=391 XCHG | XCHG dword ptr [EAX + 0x90909090],EAX | len=6
OpcodeLengths.java> OPLEN 11880 slot=392 MOV | MOV byte ptr [EAX + 0x90909090],AL | len=6
OpcodeLengths.java> OPLEN 11890 slot=393 MOV | MOV dword ptr [EAX + 0x90909090],EAX | len=6
OpcodeLengths.java> OPLEN 118a0 slot=394 MOV | MOV AL,byte ptr [EAX + 0x90909090] | len=6
OpcodeLengths.java> OPLEN 118b0 slot=395 MOV | MOV EAX,dword ptr [EAX + 0x90909090] | len=6
OpcodeLengths.java> OPLEN 118c0 slot=396 MOV | MOV word ptr [EAX + 0x90909090],ES | len=6
OpcodeLengths.java> OPLEN 118d0 slot=397 LEA | LEA EAX,[EAX + 0x90909090] | len=6
OpcodeLengths.java> OPLEN 118e0 slot=398 MOV | MOV ES,word ptr [EAX + 0x90909090] | len=6
OpcodeLengths.java> OPLEN 118f0 slot=399 POP | POP dword ptr [EAX + 0x90909090] | len=6
OpcodeLengths.java> OPLEN 11900 slot=400 NOP | NOP | len=1
OpcodeLengths.java> OPLEN 11910 slot=401 XCHG | XCHG EAX,ECX | len=1
OpcodeLengths.java> OPLEN 11920 slot=402 XCHG | XCHG EAX,EDX | len=1
OpcodeLengths.java> OPLEN 11930 slot=403 XCHG | XCHG EAX,EBX | len=1
OpcodeLengths.java> OPLEN 11940 slot=404 XCHG | XCHG EAX,ESP | len=1
OpcodeLengths.java> OPLEN 11950 slot=405 XCHG | XCHG EAX,EBP | len=1
OpcodeLengths.java> OPLEN 11960 slot=406 XCHG | XCHG EAX,ESI | len=1
OpcodeLengths.java> OPLEN 11970 slot=407 XCHG | XCHG EAX,EDI | len=1
OpcodeLengths.java> OPLEN 11980 slot=408 CWDE | CWDE | len=1
OpcodeLengths.java> OPLEN 11990 slot=409 CDQ | CDQ | len=1
OpcodeLengths.java> OPLEN 119a0 slot=410 CALLF | CALLF 0x9090:0x90909080 | len=7
OpcodeLengths.java> OPLEN 119b0 slot=411 WAIT | WAIT | len=1
OpcodeLengths.java> OPLEN 119c0 slot=412 PUSHFD | PUSHFD | len=1
OpcodeLengths.java> OPLEN 119d0 slot=413 POPFD | POPFD | len=1
OpcodeLengths.java> OPLEN 119e0 slot=414 SAHF | SAHF | len=1
OpcodeLengths.java> OPLEN 119f0 slot=415 LAHF | LAHF | len=1
OpcodeLengths.java> OPLEN 11a00 slot=416 MOV | MOV AL,[0x90909080] | len=5
OpcodeLengths.java> OPLEN 11a10 slot=417 MOV | MOV EAX,[0x90909080] | len=5
OpcodeLengths.java> OPLEN 11a20 slot=418 MOV | MOV [0x90909080],AL | len=5
OpcodeLengths.java> OPLEN 11a30 slot=419 MOV | MOV [0x90909080],EAX | len=5
OpcodeLengths.java> OPLEN 11a40 slot=420 MOVSB | MOVSB ES:EDI,ESI | len=1
OpcodeLengths.java> OPLEN 11a50 slot=421 MOVSD | MOVSD ES:EDI,ESI | len=1
OpcodeLengths.java> OPLEN 11a60 slot=422 CMPSB | CMPSB ES:EDI,ESI | len=1
OpcodeLengths.java> OPLEN 11a70 slot=423 CMPSD | CMPSD ES:EDI,ESI | len=1
OpcodeLengths.java> OPLEN 11a80 slot=424 TEST | TEST AL,0x80 | len=2
OpcodeLengths.java> OPLEN 11a90 slot=425 TEST | TEST EAX,0x90909080 | len=5
OpcodeLengths.java> OPLEN 11aa0 slot=426 STOSB | STOSB ES:EDI | len=1
OpcodeLengths.java> OPLEN 11ab0 slot=427 STOSD | STOSD ES:EDI | len=1
OpcodeLengths.java> OPLEN 11ac0 slot=428 LODSB | LODSB ESI | len=1
OpcodeLengths.java> OPLEN 11ad0 slot=429 LODSD | LODSD ESI | len=1
OpcodeLengths.java> OPLEN 11ae0 slot=430 SCASB | SCASB ES:EDI | len=1
OpcodeLengths.java> OPLEN 11af0 slot=431 SCASD | SCASD ES:EDI | len=1
OpcodeLengths.java> OPLEN 11b00 slot=432 MOV | MOV AL,0x80 | len=2
OpcodeLengths.java> OPLEN 11b10 slot=433 MOV | MOV CL,0x80 | len=2
OpcodeLengths.java> OPLEN 11b20 slot=434 MOV | MOV DL,0x80 | len=2
OpcodeLengths.java> OPLEN 11b30 slot=435 MOV | MOV BL,0x80 | len=2
OpcodeLengths.java> OPLEN 11b40 slot=436 MOV | MOV AH,0x80 | len=2
OpcodeLengths.java> OPLEN 11b50 slot=437 MOV | MOV CH,0x80 | len=2
OpcodeLengths.java> OPLEN 11b60 slot=438 MOV | MOV DH,0x80 | len=2
OpcodeLengths.java> OPLEN 11b70 slot=439 MOV | MOV BH,0x80 | len=2
OpcodeLengths.java> OPLEN 11b80 slot=440 MOV | MOV EAX,0x90909080 | len=5
OpcodeLengths.java> OPLEN 11b90 slot=441 MOV | MOV ECX,0x90909080 | len=5
OpcodeLengths.java> OPLEN 11ba0 slot=442 MOV | MOV EDX,0x90909080 | len=5
OpcodeLengths.java> OPLEN 11bb0 slot=443 MOV | MOV EBX,0x90909080 | len=5
OpcodeLengths.java> OPLEN 11bc0 slot=444 MOV | MOV ESP,0x90909080 | len=5
OpcodeLengths.java> OPLEN 11bd0 slot=445 MOV | MOV EBP,0x90909080 | len=5
OpcodeLengths.java> OPLEN 11be0 slot=446 MOV | MOV ESI,0x90909080 | len=5
OpcodeLengths.java> OPLEN 11bf0 slot=447 MOV | MOV EDI,0x90909080 | len=5
OpcodeLengths.java> OPLEN 11c00 slot=448 ROL | ROL byte ptr [EAX + 0x90909090],0x90 | len=7
OpcodeLengths.java> OPLEN 11c10 slot=449 ROL | ROL dword ptr [EAX + 0x90909090],0x90 | len=7
OpcodeLengths.java> OPLEN 11c20 slot=450 RET | RET 0x9080 | len=3
OpcodeLengths.java> OPLEN 11c30 slot=451 RET | RET | len=1
OpcodeLengths.java> OPLEN 11c40 slot=452 LES | LES EAX,[EAX + 0x90909090] | len=6
OpcodeLengths.java> OPLEN 11c50 slot=453 LDS | LDS EAX,[EAX + 0x90909090] | len=6
OpcodeLengths.java> OPLEN 11c60 slot=454 MOV | MOV byte ptr [EAX + 0x90909090],0x90 | len=7
OpcodeLengths.java> OPLEN 11c70 slot=455 MOV | MOV dword ptr [EAX + 0x90909090],0x90909090 | len=10
OpcodeLengths.java> OPLEN 11c80 slot=456 ENTER | ENTER 0x9080,0x10 | len=4
OpcodeLengths.java> OPLEN 11c90 slot=457 LEAVE | LEAVE | len=1
OpcodeLengths.java> OPLEN 11ca0 slot=458 RETF | RETF 0x9080 | len=3
OpcodeLengths.java> OPLEN 11cb0 slot=459 RETF | RETF | len=1
OpcodeLengths.java> OPLEN 11cc0 slot=460 INT3 | INT3 | len=1
OpcodeLengths.java> OPLEN 11cd0 slot=461 INT | INT 0x80 | len=2
OpcodeLengths.java> OPLEN 11ce0 slot=462 INTO | INTO | len=1
OpcodeLengths.java> OPLEN 11cf0 slot=463 IRETD | IRETD | len=1
OpcodeLengths.java> OPLEN 11d00 slot=464 ROL | ROL byte ptr [EAX + 0x90909090],0x1 | len=6
OpcodeLengths.java> OPLEN 11d10 slot=465 ROL | ROL dword ptr [EAX + 0x90909090],0x1 | len=6
OpcodeLengths.java> OPLEN 11d20 slot=466 ROL | ROL byte ptr [EAX + 0x90909090],CL | len=6
OpcodeLengths.java> OPLEN 11d30 slot=467 ROL | ROL dword ptr [EAX + 0x90909090],CL | len=6
OpcodeLengths.java> OPLEN 11d40 slot=468 AAM | AAM 0x80 | len=2
OpcodeLengths.java> OPLEN 11d50 slot=469 AAD | AAD 0x80 | len=2
OpcodeLengths.java> OPLEN 11d60 slot=470 SALC | SALC | len=1
OpcodeLengths.java> OPLEN 11d70 slot=471 XLAT | XLAT EBX | len=1
OpcodeLengths.java> OPLEN 11d80 slot=472 FADD | FADD float ptr [EAX + 0x90909090] | len=6
OpcodeLengths.java> OPLEN 11d90 slot=473 FLD | FLD float ptr [EAX + 0x90909090] | len=6
OpcodeLengths.java> OPLEN 11da0 slot=474 FIADD | FIADD dword ptr [EAX + 0x90909090] | len=6
OpcodeLengths.java> OPLEN 11db0 slot=475 FILD | FILD dword ptr [EAX + 0x90909090] | len=6
OpcodeLengths.java> OPLEN 11dc0 slot=476 FADD | FADD double ptr [EAX + 0x90909090] | len=6
OpcodeLengths.java> OPLEN 11dd0 slot=477 FLD | FLD double ptr [EAX + 0x90909090] | len=6
OpcodeLengths.java> OPLEN 11de0 slot=478 FIADD | FIADD word ptr [EAX + 0x90909090] | len=6
OpcodeLengths.java> OPLEN 11df0 slot=479 FILD | FILD word ptr [EAX + 0x90909090] | len=6
OpcodeLengths.java> OPLEN 11e00 slot=480 LOOPNZ | LOOPNZ 0x00011d82 | len=2
OpcodeLengths.java> OPLEN 11e10 slot=481 LOOPZ | LOOPZ 0x00011d92 | len=2
OpcodeLengths.java> OPLEN 11e20 slot=482 LOOP | LOOP 0x00011da2 | len=2
OpcodeLengths.java> OPLEN 11e30 slot=483 JECXZ | JECXZ 0x00011db2 | len=2
OpcodeLengths.java> OPLEN 11e40 slot=484 IN | IN AL,0x80 | len=2
OpcodeLengths.java> OPLEN 11e50 slot=485 IN | IN EAX,0x80 | len=2
OpcodeLengths.java> OPLEN 11e60 slot=486 OUT | OUT 0x80,AL | len=2
OpcodeLengths.java> OPLEN 11e70 slot=487 OUT | OUT 0x80,EAX | len=2
OpcodeLengths.java> OPLEN 11e80 slot=488 CALL | CALL 0x9091af05 | len=5
OpcodeLengths.java> OPLEN 11e90 slot=489 JMP | JMP 0x9091af15 | len=5
OpcodeLengths.java> OPLEN 11ea0 slot=490 JMPF | JMPF 0x9090:0x90909080 | len=7
OpcodeLengths.java> OPLEN 11eb0 slot=491 JMP | JMP 0x00011e32 | len=2
OpcodeLengths.java> OPLEN 11ec0 slot=492 IN | IN AL,DX | len=1
OpcodeLengths.java> OPLEN 11ed0 slot=493 IN | IN EAX,DX | len=1
OpcodeLengths.java> OPLEN 11ee0 slot=494 OUT | OUT DX,AL | len=1
OpcodeLengths.java> OPLEN 11ef0 slot=495 OUT | OUT DX,EAX | len=1
OpcodeLengths.java> OPLEN 11f00 slot=496 ADC.LOCK | ADC.LOCK byte ptr [EAX + 0x90909090],0x90 | len=8
OpcodeLengths.java> OPLEN 11f10 slot=497 INT1 | INT1 | len=1
OpcodeLengths.java> OPLEN 11f20 slot=498 ADC | ADC byte ptr [EAX + 0x90909090],0x90 | len=8
OpcodeLengths.java> OPLEN 11f30 slot=499 ADC | ADC byte ptr [EAX + 0x90909090],0x90 | len=8
OpcodeLengths.java> OPLEN 11f40 slot=500 HLT | HLT | len=1
OpcodeLengths.java> OPLEN 11f50 slot=501 CMC | CMC | len=1
OpcodeLengths.java> OPLEN 11f60 slot=502 TEST | TEST byte ptr [EAX + 0x90909090],0x90 | len=7
OpcodeLengths.java> OPLEN 11f70 slot=503 TEST | TEST dword ptr [EAX + 0x90909090],0x90909090 | len=10
OpcodeLengths.java> OPLEN 11f80 slot=504 CLC | CLC | len=1
OpcodeLengths.java> OPLEN 11f90 slot=505 STC | STC | len=1
OpcodeLengths.java> OPLEN 11fa0 slot=506 CLI | CLI | len=1
OpcodeLengths.java> OPLEN 11fb0 slot=507 STI | STI | len=1
OpcodeLengths.java> OPLEN 11fc0 slot=508 CLD | CLD | len=1
OpcodeLengths.java> OPLEN 11fd0 slot=509 STD | STD | len=1
OpcodeLengths.java> OPLEN 11fe0 slot=510 INC | INC byte ptr [EAX + 0x90909090] | len=6
OpcodeLengths.java> OPLEN 11ff0 slot=511 INC | INC dword ptr [EAX + 0x90909090] | len=6
OpcodeLengths.java> OPLEN 12000 slot=512 ADD | ADD byte ptr [EAX],AL | len=3
OpcodeLengths.java> OPLEN 12010 slot=513 ADD | ADD word ptr [EAX],AX | len=3
OpcodeLengths.java> OPLEN 12020 slot=514 ADD | ADD AL,byte ptr [EAX] | len=3
OpcodeLengths.java> OPLEN 12030 slot=515 ADD | ADD AX,word ptr [EAX] | len=3
OpcodeLengths.java> OPLEN 12040 slot=516 ADD | ADD AL,0x0 | len=3
OpcodeLengths.java> OPLEN 12050 slot=517 ADD | ADD AX,0x9000 | len=4
OpcodeLengths.java> OPLEN 12060 slot=518 PUSH | PUSH ES | len=2
OpcodeLengths.java> OPLEN 12070 slot=519 POP | POP ES | len=2
OpcodeLengths.java> OPLEN 12080 slot=520 OR | OR byte ptr [EAX],AL | len=3
OpcodeLengths.java> OPLEN 12090 slot=521 OR | OR word ptr [EAX],AX | len=3
OpcodeLengths.java> OPLEN 120a0 slot=522 OR | OR AL,byte ptr [EAX] | len=3
OpcodeLengths.java> OPLEN 120b0 slot=523 OR | OR AX,word ptr [EAX] | len=3
OpcodeLengths.java> OPLEN 120c0 slot=524 OR | OR AL,0x0 | len=3
OpcodeLengths.java> OPLEN 120d0 slot=525 OR | OR AX,0x9000 | len=4
OpcodeLengths.java> OPLEN 120e0 slot=526 PUSH | PUSH CS | len=2
OpcodeLengths.java> OPLEN 120f0 slot=527 LLDT | LLDT word ptr [EAX + 0x90909090] | len=8
OpcodeLengths.java> OPLEN 12100 slot=528 ADC | ADC byte ptr [EAX],AL | len=3
OpcodeLengths.java> OPLEN 12110 slot=529 ADC | ADC word ptr [EAX],AX | len=3
OpcodeLengths.java> OPLEN 12120 slot=530 ADC | ADC AL,byte ptr [EAX] | len=3
OpcodeLengths.java> OPLEN 12130 slot=531 ADC | ADC AX,word ptr [EAX] | len=3
OpcodeLengths.java> OPLEN 12140 slot=532 ADC | ADC AL,0x0 | len=3
OpcodeLengths.java> OPLEN 12150 slot=533 ADC | ADC AX,0x9000 | len=4
OpcodeLengths.java> OPLEN 12160 slot=534 PUSH | PUSH SS | len=2
OpcodeLengths.java> OPLEN 12170 slot=535 POP | POP SS | len=2
OpcodeLengths.java> OPLEN 12180 slot=536 SBB | SBB byte ptr [EAX],AL | len=3
OpcodeLengths.java> OPLEN 12190 slot=537 SBB | SBB word ptr [EAX],AX | len=3
OpcodeLengths.java> OPLEN 121a0 slot=538 SBB | SBB AL,byte ptr [EAX] | len=3
OpcodeLengths.java> OPLEN 121b0 slot=539 SBB | SBB AX,word ptr [EAX] | len=3
OpcodeLengths.java> OPLEN 121c0 slot=540 SBB | SBB AL,0x0 | len=3
OpcodeLengths.java> OPLEN 121d0 slot=541 SBB | SBB AX,0x9000 | len=4
OpcodeLengths.java> OPLEN 121e0 slot=542 PUSH | PUSH DS | len=2
OpcodeLengths.java> OPLEN 121f0 slot=543 POP | POP DS | len=2
OpcodeLengths.java> OPLEN 12200 slot=544 AND | AND byte ptr [EAX],AL | len=3
OpcodeLengths.java> OPLEN 12210 slot=545 AND | AND word ptr [EAX],AX | len=3
OpcodeLengths.java> OPLEN 12220 slot=546 AND | AND AL,byte ptr [EAX] | len=3
OpcodeLengths.java> OPLEN 12230 slot=547 AND | AND AX,word ptr [EAX] | len=3
OpcodeLengths.java> OPLEN 12240 slot=548 AND | AND AL,0x0 | len=3
OpcodeLengths.java> OPLEN 12250 slot=549 AND | AND AX,0x9000 | len=4
OpcodeLengths.java> OPLEN 12260 slot=550 ADD | ADD byte ptr ES:[EAX + 0x90909090],DL | len=8
OpcodeLengths.java> OPLEN 12270 slot=551 DAA | DAA | len=2
OpcodeLengths.java> OPLEN 12280 slot=552 SUB | SUB byte ptr [EAX],AL | len=3
OpcodeLengths.java> OPLEN 12290 slot=553 SUB | SUB word ptr [EAX],AX | len=3
OpcodeLengths.java> OPLEN 122a0 slot=554 SUB | SUB AL,byte ptr [EAX] | len=3
OpcodeLengths.java> OPLEN 122b0 slot=555 SUB | SUB AX,word ptr [EAX] | len=3
OpcodeLengths.java> OPLEN 122c0 slot=556 SUB | SUB AL,0x0 | len=3
OpcodeLengths.java> OPLEN 122d0 slot=557 SUB | SUB AX,0x9000 | len=4
OpcodeLengths.java> OPLEN 122e0 slot=558 ADD | ADD byte ptr CS:[EAX + 0x90909090],DL | len=8
OpcodeLengths.java> OPLEN 122f0 slot=559 DAS | DAS | len=2
OpcodeLengths.java> OPLEN 12300 slot=560 XOR | XOR byte ptr [EAX],AL | len=3
OpcodeLengths.java> OPLEN 12310 slot=561 XOR | XOR word ptr [EAX],AX | len=3
OpcodeLengths.java> OPLEN 12320 slot=562 XOR | XOR AL,byte ptr [EAX] | len=3
OpcodeLengths.java> OPLEN 12330 slot=563 XOR | XOR AX,word ptr [EAX] | len=3
OpcodeLengths.java> OPLEN 12340 slot=564 XOR | XOR AL,0x0 | len=3
OpcodeLengths.java> OPLEN 12350 slot=565 XOR | XOR AX,0x9000 | len=4
OpcodeLengths.java> OPLEN 12360 slot=566 ADD | ADD byte ptr SS:[EAX + 0x90909090],DL | len=8
OpcodeLengths.java> OPLEN 12370 slot=567 AAA | AAA | len=2
OpcodeLengths.java> OPLEN 12380 slot=568 CMP | CMP byte ptr [EAX],AL | len=3
OpcodeLengths.java> OPLEN 12390 slot=569 CMP | CMP word ptr [EAX],AX | len=3
OpcodeLengths.java> OPLEN 123a0 slot=570 CMP | CMP AL,byte ptr [EAX] | len=3
OpcodeLengths.java> OPLEN 123b0 slot=571 CMP | CMP AX,word ptr [EAX] | len=3
OpcodeLengths.java> OPLEN 123c0 slot=572 CMP | CMP AL,0x0 | len=3
OpcodeLengths.java> OPLEN 123d0 slot=573 CMP | CMP AX,0x9000 | len=4
OpcodeLengths.java> OPLEN 123e0 slot=574 ADD | ADD byte ptr DS:[EAX + 0x90909090],DL | len=8
OpcodeLengths.java> OPLEN 123f0 slot=575 AAS | AAS | len=2
OpcodeLengths.java> OPLEN 12400 slot=576 INC | INC AX | len=2
OpcodeLengths.java> OPLEN 12410 slot=577 INC | INC CX | len=2
OpcodeLengths.java> OPLEN 12420 slot=578 INC | INC DX | len=2
OpcodeLengths.java> OPLEN 12430 slot=579 INC | INC BX | len=2
OpcodeLengths.java> OPLEN 12440 slot=580 INC | INC SP | len=2
OpcodeLengths.java> OPLEN 12450 slot=581 INC | INC BP | len=2
OpcodeLengths.java> OPLEN 12460 slot=582 INC | INC SI | len=2
OpcodeLengths.java> OPLEN 12470 slot=583 INC | INC DI | len=2
OpcodeLengths.java> OPLEN 12480 slot=584 DEC | DEC AX | len=2
OpcodeLengths.java> OPLEN 12490 slot=585 DEC | DEC CX | len=2
OpcodeLengths.java> OPLEN 124a0 slot=586 DEC | DEC DX | len=2
OpcodeLengths.java> OPLEN 124b0 slot=587 DEC | DEC BX | len=2
OpcodeLengths.java> OPLEN 124c0 slot=588 DEC | DEC SP | len=2
OpcodeLengths.java> OPLEN 124d0 slot=589 DEC | DEC BP | len=2
OpcodeLengths.java> OPLEN 124e0 slot=590 DEC | DEC SI | len=2
OpcodeLengths.java> OPLEN 124f0 slot=591 DEC | DEC DI | len=2
OpcodeLengths.java> OPLEN 12500 slot=592 PUSH | PUSH AX | len=2
OpcodeLengths.java> OPLEN 12510 slot=593 PUSH | PUSH CX | len=2
OpcodeLengths.java> OPLEN 12520 slot=594 PUSH | PUSH DX | len=2
OpcodeLengths.java> OPLEN 12530 slot=595 PUSH | PUSH BX | len=2
OpcodeLengths.java> OPLEN 12540 slot=596 PUSH | PUSH SP | len=2
OpcodeLengths.java> OPLEN 12550 slot=597 PUSH | PUSH BP | len=2
OpcodeLengths.java> OPLEN 12560 slot=598 PUSH | PUSH SI | len=2
OpcodeLengths.java> OPLEN 12570 slot=599 PUSH | PUSH DI | len=2
OpcodeLengths.java> OPLEN 12580 slot=600 POP | POP AX | len=2
OpcodeLengths.java> OPLEN 12590 slot=601 POP | POP CX | len=2
OpcodeLengths.java> OPLEN 125a0 slot=602 POP | POP DX | len=2
OpcodeLengths.java> OPLEN 125b0 slot=603 POP | POP BX | len=2
OpcodeLengths.java> OPLEN 125c0 slot=604 POP | POP SP | len=2
OpcodeLengths.java> OPLEN 125d0 slot=605 POP | POP BP | len=2
OpcodeLengths.java> OPLEN 125e0 slot=606 POP | POP SI | len=2
OpcodeLengths.java> OPLEN 125f0 slot=607 POP | POP DI | len=2
OpcodeLengths.java> OPLEN 12600 slot=608 PUSHA | PUSHA | len=2
OpcodeLengths.java> OPLEN 12610 slot=609 POPA | POPA | len=2
OpcodeLengths.java> OPLEN 12620 slot=610 BOUND | BOUND AX,word ptr [EAX] | len=3
OpcodeLengths.java> OPLEN 12630 slot=611 ARPL | ARPL word ptr [EAX],AX | len=3
OpcodeLengths.java> OPLEN 12640 slot=612 ADD | ADD byte ptr FS:[EAX + 0x90909090],DL | len=8
OpcodeLengths.java> OPLEN 12650 slot=613 ADD | ADD byte ptr GS:[EAX + 0x90909090],DL | len=8
OpcodeLengths.java> OPLEN 12660 slot=614 ADD | ADD byte ptr [EAX + 0x90909090],DL | len=8
OpcodeLengths.java> OPLEN 12670 slot=615 ADD | ADD byte ptr [BX + SI + 0x9090],DL | len=6
OpcodeLengths.java> OPLEN 12680 slot=616 PUSH | PUSH -0x7000 | len=4
OpcodeLengths.java> OPLEN 12690 slot=617 IMUL | IMUL AX,word ptr [EAX],-0x6f70 | len=5
OpcodeLengths.java> OPLEN 126a0 slot=618 PUSH | PUSH 0x0 | len=3
OpcodeLengths.java> OPLEN 126b0 slot=619 IMUL | IMUL AX,word ptr [EAX],-0x70 | len=4
OpcodeLengths.java> OPLEN 126c0 slot=620 INSB | INSB ES:EDI,DX | len=2
OpcodeLengths.java> OPLEN 126d0 slot=621 INSW | INSW ES:EDI,DX | len=2
OpcodeLengths.java> OPLEN 126e0 slot=622 OUTSB | OUTSB DX,ESI | len=2
OpcodeLengths.java> OPLEN 126f0 slot=623 OUTSW | OUTSW DX,ESI | len=2
OpcodeLengths.java> OPLEN 12700 slot=624 JO | JO 0x00012703 | len=3
OpcodeLengths.java> OPLEN 12710 slot=625 JNO | JNO 0x00012713 | len=3
OpcodeLengths.java> OPLEN 12720 slot=626 JC | JC 0x00012723 | len=3
OpcodeLengths.java> OPLEN 12730 slot=627 JNC | JNC 0x00012733 | len=3
OpcodeLengths.java> OPLEN 12740 slot=628 JZ | JZ 0x00012743 | len=3
OpcodeLengths.java> OPLEN 12750 slot=629 JNZ | JNZ 0x00012753 | len=3
OpcodeLengths.java> OPLEN 12760 slot=630 JBE | JBE 0x00012763 | len=3
OpcodeLengths.java> OPLEN 12770 slot=631 JA | JA 0x00012773 | len=3
OpcodeLengths.java> OPLEN 12780 slot=632 JS | JS 0x00012783 | len=3
OpcodeLengths.java> OPLEN 12790 slot=633 JNS | JNS 0x00012793 | len=3
OpcodeLengths.java> OPLEN 127a0 slot=634 JP | JP 0x000127a3 | len=3
OpcodeLengths.java> OPLEN 127b0 slot=635 JNP | JNP 0x000127b3 | len=3
OpcodeLengths.java> OPLEN 127c0 slot=636 JL | JL 0x000127c3 | len=3
OpcodeLengths.java> OPLEN 127d0 slot=637 JGE | JGE 0x000127d3 | len=3
OpcodeLengths.java> OPLEN 127e0 slot=638 JLE | JLE 0x000127e3 | len=3
OpcodeLengths.java> OPLEN 127f0 slot=639 JG | JG 0x000127f3 | len=3
OpcodeLengths.java> OPLEN 12800 slot=640 ADD | ADD byte ptr [EAX],0x90 | len=4
OpcodeLengths.java> OPLEN 12810 slot=641 ADD | ADD word ptr [EAX],0x9090 | len=5
OpcodeLengths.java> OPLEN 12820 slot=642 ADD | ADD byte ptr [EAX],0x90 | len=4
OpcodeLengths.java> OPLEN 12830 slot=643 ADD | ADD word ptr [EAX],-0x70 | len=4
OpcodeLengths.java> OPLEN 12840 slot=644 TEST | TEST byte ptr [EAX],AL | len=3
OpcodeLengths.java> OPLEN 12850 slot=645 TEST | TEST word ptr [EAX],AX | len=3
OpcodeLengths.java> OPLEN 12860 slot=646 XCHG | XCHG byte ptr [EAX],AL | len=3
OpcodeLengths.java> OPLEN 12870 slot=647 XCHG | XCHG word ptr [EAX],AX | len=3
OpcodeLengths.java> OPLEN 12880 slot=648 MOV | MOV byte ptr [EAX],AL | len=3
OpcodeLengths.java> OPLEN 12890 slot=649 MOV | MOV word ptr [EAX],AX | len=3
OpcodeLengths.java> OPLEN 128a0 slot=650 MOV | MOV AL,byte ptr [EAX] | len=3
OpcodeLengths.java> OPLEN 128b0 slot=651 MOV | MOV AX,word ptr [EAX] | len=3
OpcodeLengths.java> OPLEN 128c0 slot=652 MOV | MOV word ptr [EAX],ES | len=3
OpcodeLengths.java> OPLEN 128d0 slot=653 LEA | LEA AX,[EAX] | len=3
OpcodeLengths.java> OPLEN 128e0 slot=654 MOV | MOV ES,word ptr [EAX] | len=3
OpcodeLengths.java> OPLEN 128f0 slot=655 POP | POP word ptr [EAX] | len=3
OpcodeLengths.java> OPLEN 12900 slot=656 NOP | NOP | len=2
OpcodeLengths.java> OPLEN 12910 slot=657 XCHG | XCHG AX,CX | len=2
OpcodeLengths.java> OPLEN 12920 slot=658 XCHG | XCHG AX,DX | len=2
OpcodeLengths.java> OPLEN 12930 slot=659 XCHG | XCHG AX,BX | len=2
OpcodeLengths.java> OPLEN 12940 slot=660 XCHG | XCHG AX,SP | len=2
OpcodeLengths.java> OPLEN 12950 slot=661 XCHG | XCHG AX,BP | len=2
OpcodeLengths.java> OPLEN 12960 slot=662 XCHG | XCHG AX,SI | len=2
OpcodeLengths.java> OPLEN 12970 slot=663 XCHG | XCHG AX,DI | len=2
OpcodeLengths.java> OPLEN 12980 slot=664 CBW | CBW | len=2
OpcodeLengths.java> OPLEN 12990 slot=665 CWD | CWD | len=2
OpcodeLengths.java> OPLEN 129a0 slot=666 CALLF | CALLF 0x00099900 | len=6
OpcodeLengths.java> OPLEN 129b0 slot=667 WAIT | WAIT | len=2
OpcodeLengths.java> OPLEN 129c0 slot=668 PUSHF | PUSHF | len=2
OpcodeLengths.java> OPLEN 129d0 slot=669 POPF | POPF | len=2
OpcodeLengths.java> OPLEN 129e0 slot=670 SAHF | SAHF | len=2
OpcodeLengths.java> OPLEN 129f0 slot=671 LAHF | LAHF | len=2
OpcodeLengths.java> OPLEN 12a00 slot=672 MOV | MOV AL,[0x90909000] | len=6
OpcodeLengths.java> OPLEN 12a10 slot=673 MOV | MOV AX,[0x90909000] | len=6
OpcodeLengths.java> OPLEN 12a20 slot=674 MOV | MOV [0x90909000],AL | len=6
OpcodeLengths.java> OPLEN 12a30 slot=675 MOV | MOV [0x90909000],AX | len=6
OpcodeLengths.java> OPLEN 12a40 slot=676 MOVSB | MOVSB ES:EDI,ESI | len=2
OpcodeLengths.java> OPLEN 12a50 slot=677 MOVSW | MOVSW ES:EDI,ESI | len=2
OpcodeLengths.java> OPLEN 12a60 slot=678 CMPSB | CMPSB ES:EDI,ESI | len=2
OpcodeLengths.java> OPLEN 12a70 slot=679 CMPSW | CMPSW ES:EDI,ESI | len=2
OpcodeLengths.java> OPLEN 12a80 slot=680 TEST | TEST AL,0x0 | len=3
OpcodeLengths.java> OPLEN 12a90 slot=681 TEST | TEST AX,0x9000 | len=4
OpcodeLengths.java> OPLEN 12aa0 slot=682 STOSB | STOSB ES:EDI | len=2
OpcodeLengths.java> OPLEN 12ab0 slot=683 STOSW | STOSW ES:EDI | len=2
OpcodeLengths.java> OPLEN 12ac0 slot=684 LODSB | LODSB ESI | len=2
OpcodeLengths.java> OPLEN 12ad0 slot=685 LODSW | LODSW ESI | len=2
OpcodeLengths.java> OPLEN 12ae0 slot=686 SCASB | SCASB ES:EDI | len=2
OpcodeLengths.java> OPLEN 12af0 slot=687 SCASW | SCASW ES:EDI | len=2
OpcodeLengths.java> OPLEN 12b00 slot=688 MOV | MOV AL,0x0 | len=3
OpcodeLengths.java> OPLEN 12b10 slot=689 MOV | MOV CL,0x0 | len=3
OpcodeLengths.java> OPLEN 12b20 slot=690 MOV | MOV DL,0x0 | len=3
OpcodeLengths.java> OPLEN 12b30 slot=691 MOV | MOV BL,0x0 | len=3
OpcodeLengths.java> OPLEN 12b40 slot=692 MOV | MOV AH,0x0 | len=3
OpcodeLengths.java> OPLEN 12b50 slot=693 MOV | MOV CH,0x0 | len=3
OpcodeLengths.java> OPLEN 12b60 slot=694 MOV | MOV DH,0x0 | len=3
OpcodeLengths.java> OPLEN 12b70 slot=695 MOV | MOV BH,0x0 | len=3
OpcodeLengths.java> OPLEN 12b80 slot=696 MOV | MOV AX,0x9000 | len=4
OpcodeLengths.java> OPLEN 12b90 slot=697 MOV | MOV CX,0x9000 | len=4
OpcodeLengths.java> OPLEN 12ba0 slot=698 MOV | MOV DX,0x9000 | len=4
OpcodeLengths.java> OPLEN 12bb0 slot=699 MOV | MOV BX,0x9000 | len=4
OpcodeLengths.java> OPLEN 12bc0 slot=700 MOV | MOV SP,0x9000 | len=4
OpcodeLengths.java> OPLEN 12bd0 slot=701 MOV | MOV BP,0x9000 | len=4
OpcodeLengths.java> OPLEN 12be0 slot=702 MOV | MOV SI,0x9000 | len=4
OpcodeLengths.java> OPLEN 12bf0 slot=703 MOV | MOV DI,0x9000 | len=4
OpcodeLengths.java> OPLEN 12c00 slot=704 ROL | ROL byte ptr [EAX],0x90 | len=4
OpcodeLengths.java> OPLEN 12c10 slot=705 ROL | ROL word ptr [EAX],0x90 | len=4
OpcodeLengths.java> OPLEN 12c20 slot=706 RET | RET 0x9000 | len=4
OpcodeLengths.java> OPLEN 12c30 slot=707 RET | RET | len=2
OpcodeLengths.java> OPLEN 12c40 slot=708 LES | LES AX,[EAX] | len=3
OpcodeLengths.java> OPLEN 12c50 slot=709 LDS | LDS AX,[EAX] | len=3
OpcodeLengths.java> OPLEN 12c60 slot=710 MOV | MOV byte ptr [EAX],0x90 | len=4
OpcodeLengths.java> OPLEN 12c70 slot=711 MOV | MOV word ptr [EAX],0x9090 | len=5
OpcodeLengths.java> OPLEN 12c80 slot=712 ENTER | ENTER 0x9000,0x10 | len=5
OpcodeLengths.java> OPLEN 12c90 slot=713 LEAVE | LEAVE | len=2
OpcodeLengths.java> OPLEN 12ca0 slot=714 RETF | RETF 0x9000 | len=4
OpcodeLengths.java> OPLEN 12cb0 slot=715 RETF | RETF | len=2
OpcodeLengths.java> OPLEN 12cc0 slot=716 INT3 | INT3 | len=2
OpcodeLengths.java> OPLEN 12cd0 slot=717 INT | INT 0x0 | len=3
OpcodeLengths.java> OPLEN 12ce0 slot=718 INTO | INTO | len=2
OpcodeLengths.java> OPLEN 12cf0 slot=719 IRET | IRET | len=2
OpcodeLengths.java> OPLEN 12d00 slot=720 ROL | ROL byte ptr [EAX],0x1 | len=3
OpcodeLengths.java> OPLEN 12d10 slot=721 ROL | ROL word ptr [EAX],0x1 | len=3
OpcodeLengths.java> OPLEN 12d20 slot=722 ROL | ROL byte ptr [EAX],CL | len=3
OpcodeLengths.java> OPLEN 12d30 slot=723 ROL | ROL word ptr [EAX],CL | len=3
OpcodeLengths.java> OPLEN 12d40 slot=724 AAM | AAM 0x0 | len=3
OpcodeLengths.java> OPLEN 12d50 slot=725 AAD | AAD 0x0 | len=3
OpcodeLengths.java> OPLEN 12d60 slot=726 SALC | SALC | len=2
OpcodeLengths.java> OPLEN 12d70 slot=727 XLAT | XLAT EBX | len=2
OpcodeLengths.java> OPLEN 12d80 slot=728 FADD | FADD float ptr [EAX] | len=3
OpcodeLengths.java> OPLEN 12d90 slot=729 FLD | FLD float ptr [EAX] | len=3
OpcodeLengths.java> OPLEN 12da0 slot=730 FIADD | FIADD dword ptr [EAX] | len=3
OpcodeLengths.java> OPLEN 12db0 slot=731 FILD | FILD dword ptr [EAX] | len=3
OpcodeLengths.java> OPLEN 12dc0 slot=732 FADD | FADD double ptr [EAX] | len=3
OpcodeLengths.java> OPLEN 12dd0 slot=733 FLD | FLD double ptr [EAX] | len=3
OpcodeLengths.java> OPLEN 12de0 slot=734 FIADD | FIADD word ptr [EAX] | len=3
OpcodeLengths.java> OPLEN 12df0 slot=735 FILD | FILD word ptr [EAX] | len=3
OpcodeLengths.java> OPLEN 12e00 slot=736 LOOPNZ | LOOPNZ 0x00012e03 | len=3
OpcodeLengths.java> OPLEN 12e10 slot=737 LOOPZ | LOOPZ 0x00012e13 | len=3
OpcodeLengths.java> OPLEN 12e20 slot=738 LOOP | LOOP 0x00012e23 | len=3
OpcodeLengths.java> OPLEN 12e30 slot=739 JECXZ | JECXZ 0x00012e33 | len=3
OpcodeLengths.java> OPLEN 12e40 slot=740 IN | IN AL,0x0 | len=3
OpcodeLengths.java> OPLEN 12e50 slot=741 IN | IN AX,0x0 | len=3
OpcodeLengths.java> OPLEN 12e60 slot=742 OUT | OUT 0x0,AL | len=3
OpcodeLengths.java> OPLEN 12e70 slot=743 OUT | OUT 0x0,AX | len=3
OpcodeLengths.java> OPLEN 12e80 slot=744 CALL | CALL 0x0001be84 | len=4
OpcodeLengths.java> OPLEN 12e90 slot=745 JMP | JMP 0x0001be94 | len=4
OpcodeLengths.java> OPLEN 12ea0 slot=746 JMPF | JMPF 0x00099900 | len=6
OpcodeLengths.java> OPLEN 12eb0 slot=747 JMP | JMP 0x00012eb3 | len=3
OpcodeLengths.java> OPLEN 12ec0 slot=748 IN | IN AL,DX | len=2
OpcodeLengths.java> OPLEN 12ed0 slot=749 IN | IN AX,DX | len=2
OpcodeLengths.java> OPLEN 12ee0 slot=750 OUT | OUT DX,AL | len=2
OpcodeLengths.java> OPLEN 12ef0 slot=751 OUT | OUT DX,AX | len=2
OpcodeLengths.java> OPLEN 12f00 slot=752 ADD.LOCK | ADD.LOCK byte ptr [EAX + 0x90909090],DL | len=8
OpcodeLengths.java> OPLEN 12f10 slot=753 INT1 | INT1 | len=2
OpcodeLengths.java> OPLEN 12f20 slot=754 ADD | ADD byte ptr [EAX + 0x90909090],DL | len=8
OpcodeLengths.java> OPLEN 12f30 slot=755 ADD | ADD byte ptr [EAX + 0x90909090],DL | len=8
OpcodeLengths.java> OPLEN 12f40 slot=756 HLT | HLT | len=2
OpcodeLengths.java> OPLEN 12f50 slot=757 CMC | CMC | len=2
OpcodeLengths.java> OPLEN 12f60 slot=758 TEST | TEST byte ptr [EAX],0x90 | len=4
OpcodeLengths.java> OPLEN 12f70 slot=759 TEST | TEST word ptr [EAX],0x9090 | len=5
OpcodeLengths.java> OPLEN 12f80 slot=760 CLC | CLC | len=2
OpcodeLengths.java> OPLEN 12f90 slot=761 STC | STC | len=2
OpcodeLengths.java> OPLEN 12fa0 slot=762 CLI | CLI | len=2
OpcodeLengths.java> OPLEN 12fb0 slot=763 STI | STI | len=2
OpcodeLengths.java> OPLEN 12fc0 slot=764 CLD | CLD | len=2
OpcodeLengths.java> OPLEN 12fd0 slot=765 STD | STD | len=2
OpcodeLengths.java> OPLEN 12fe0 slot=766 INC | INC byte ptr [EAX] | len=3
OpcodeLengths.java> OPLEN 12ff0 slot=767 INC | INC word ptr [EAX] | len=3
OpcodeLengths.java> OPLEN 13000 slot=768 ADD | ADD byte ptr [EAX + 0x90909090],AL | len=7
OpcodeLengths.java> OPLEN 13010 slot=769 ADD | ADD word ptr [EAX + 0x90909090],AX | len=7
OpcodeLengths.java> OPLEN 13020 slot=770 ADD | ADD AL,byte ptr [EAX + 0x90909090] | len=7
OpcodeLengths.java> OPLEN 13030 slot=771 ADD | ADD AX,word ptr [EAX + 0x90909090] | len=7
OpcodeLengths.java> OPLEN 13040 slot=772 ADD | ADD AL,0x80 | len=3
OpcodeLengths.java> OPLEN 13050 slot=773 ADD | ADD AX,0x9080 | len=4
OpcodeLengths.java> OPLEN 13060 slot=774 PUSH | PUSH ES | len=2
OpcodeLengths.java> OPLEN 13070 slot=775 POP | POP ES | len=2
OpcodeLengths.java> OPLEN 13080 slot=776 OR | OR byte ptr [EAX + 0x90909090],AL | len=7
OpcodeLengths.java> OPLEN 13090 slot=777 OR | OR word ptr [EAX + 0x90909090],AX | len=7
OpcodeLengths.java> OPLEN 130a0 slot=778 OR | OR AL,byte ptr [EAX + 0x90909090] | len=7
OpcodeLengths.java> OPLEN 130b0 slot=779 OR | OR AX,word ptr [EAX + 0x90909090] | len=7
OpcodeLengths.java> OPLEN 130c0 slot=780 OR | OR AL,0x80 | len=3
OpcodeLengths.java> OPLEN 130d0 slot=781 OR | OR AX,0x9080 | len=4
OpcodeLengths.java> OPLEN 130e0 slot=782 PUSH | PUSH CS | len=2
OpcodeLengths.java> OPLEN 130f0 slot=783 JO | JO 0x0001c185 | len=5
OpcodeLengths.java> OPLEN 13100 slot=784 ADC | ADC byte ptr [EAX + 0x90909090],AL | len=7
OpcodeLengths.java> OPLEN 13110 slot=785 ADC | ADC word ptr [EAX + 0x90909090],AX | len=7
OpcodeLengths.java> OPLEN 13120 slot=786 ADC | ADC AL,byte ptr [EAX + 0x90909090] | len=7
OpcodeLengths.java> OPLEN 13130 slot=787 ADC | ADC AX,word ptr [EAX + 0x90909090] | len=7
OpcodeLengths.java> OPLEN 13140 slot=788 ADC | ADC AL,0x80 | len=3
OpcodeLengths.java> OPLEN 13150 slot=789 ADC | ADC AX,0x9080 | len=4
OpcodeLengths.java> OPLEN 13160 slot=790 PUSH | PUSH SS | len=2
OpcodeLengths.java> OPLEN 13170 slot=791 POP | POP SS | len=2
OpcodeLengths.java> OPLEN 13180 slot=792 SBB | SBB byte ptr [EAX + 0x90909090],AL | len=7
OpcodeLengths.java> OPLEN 13190 slot=793 SBB | SBB word ptr [EAX + 0x90909090],AX | len=7
OpcodeLengths.java> OPLEN 131a0 slot=794 SBB | SBB AL,byte ptr [EAX + 0x90909090] | len=7
OpcodeLengths.java> OPLEN 131b0 slot=795 SBB | SBB AX,word ptr [EAX + 0x90909090] | len=7
OpcodeLengths.java> OPLEN 131c0 slot=796 SBB | SBB AL,0x80 | len=3
OpcodeLengths.java> OPLEN 131d0 slot=797 SBB | SBB AX,0x9080 | len=4
OpcodeLengths.java> OPLEN 131e0 slot=798 PUSH | PUSH DS | len=2
OpcodeLengths.java> OPLEN 131f0 slot=799 POP | POP DS | len=2
OpcodeLengths.java> OPLEN 13200 slot=800 AND | AND byte ptr [EAX + 0x90909090],AL | len=7
OpcodeLengths.java> OPLEN 13210 slot=801 AND | AND word ptr [EAX + 0x90909090],AX | len=7
OpcodeLengths.java> OPLEN 13220 slot=802 AND | AND AL,byte ptr [EAX + 0x90909090] | len=7
OpcodeLengths.java> OPLEN 13230 slot=803 AND | AND AX,word ptr [EAX + 0x90909090] | len=7
OpcodeLengths.java> OPLEN 13240 slot=804 AND | AND AL,0x80 | len=3
OpcodeLengths.java> OPLEN 13250 slot=805 AND | AND AX,0x9080 | len=4
OpcodeLengths.java> OPLEN 13260 slot=806 ADC | ADC byte ptr ES:[EAX + 0x90909090],0x90 | len=9
OpcodeLengths.java> OPLEN 13270 slot=807 DAA | DAA | len=2
OpcodeLengths.java> OPLEN 13280 slot=808 SUB | SUB byte ptr [EAX + 0x90909090],AL | len=7
OpcodeLengths.java> OPLEN 13290 slot=809 SUB | SUB word ptr [EAX + 0x90909090],AX | len=7
OpcodeLengths.java> OPLEN 132a0 slot=810 SUB | SUB AL,byte ptr [EAX + 0x90909090] | len=7
OpcodeLengths.java> OPLEN 132b0 slot=811 SUB | SUB AX,word ptr [EAX + 0x90909090] | len=7
OpcodeLengths.java> OPLEN 132c0 slot=812 SUB | SUB AL,0x80 | len=3
OpcodeLengths.java> OPLEN 132d0 slot=813 SUB | SUB AX,0x9080 | len=4
OpcodeLengths.java> OPLEN 132e0 slot=814 ADC | ADC byte ptr CS:[EAX + 0x90909090],0x90 | len=9
OpcodeLengths.java> OPLEN 132f0 slot=815 DAS | DAS | len=2
OpcodeLengths.java> OPLEN 13300 slot=816 XOR | XOR byte ptr [EAX + 0x90909090],AL | len=7
OpcodeLengths.java> OPLEN 13310 slot=817 XOR | XOR word ptr [EAX + 0x90909090],AX | len=7
OpcodeLengths.java> OPLEN 13320 slot=818 XOR | XOR AL,byte ptr [EAX + 0x90909090] | len=7
OpcodeLengths.java> OPLEN 13330 slot=819 XOR | XOR AX,word ptr [EAX + 0x90909090] | len=7
OpcodeLengths.java> OPLEN 13340 slot=820 XOR | XOR AL,0x80 | len=3
OpcodeLengths.java> OPLEN 13350 slot=821 XOR | XOR AX,0x9080 | len=4
OpcodeLengths.java> OPLEN 13360 slot=822 ADC | ADC byte ptr SS:[EAX + 0x90909090],0x90 | len=9
OpcodeLengths.java> OPLEN 13370 slot=823 AAA | AAA | len=2
OpcodeLengths.java> OPLEN 13380 slot=824 CMP | CMP byte ptr [EAX + 0x90909090],AL | len=7
OpcodeLengths.java> OPLEN 13390 slot=825 CMP | CMP word ptr [EAX + 0x90909090],AX | len=7
OpcodeLengths.java> OPLEN 133a0 slot=826 CMP | CMP AL,byte ptr [EAX + 0x90909090] | len=7
OpcodeLengths.java> OPLEN 133b0 slot=827 CMP | CMP AX,word ptr [EAX + 0x90909090] | len=7
OpcodeLengths.java> OPLEN 133c0 slot=828 CMP | CMP AL,0x80 | len=3
OpcodeLengths.java> OPLEN 133d0 slot=829 CMP | CMP AX,0x9080 | len=4
OpcodeLengths.java> OPLEN 133e0 slot=830 ADC | ADC byte ptr DS:[EAX + 0x90909090],0x90 | len=9
OpcodeLengths.java> OPLEN 133f0 slot=831 AAS | AAS | len=2
OpcodeLengths.java> OPLEN 13400 slot=832 INC | INC AX | len=2
OpcodeLengths.java> OPLEN 13410 slot=833 INC | INC CX | len=2
OpcodeLengths.java> OPLEN 13420 slot=834 INC | INC DX | len=2
OpcodeLengths.java> OPLEN 13430 slot=835 INC | INC BX | len=2
OpcodeLengths.java> OPLEN 13440 slot=836 INC | INC SP | len=2
OpcodeLengths.java> OPLEN 13450 slot=837 INC | INC BP | len=2
OpcodeLengths.java> OPLEN 13460 slot=838 INC | INC SI | len=2
OpcodeLengths.java> OPLEN 13470 slot=839 INC | INC DI | len=2
OpcodeLengths.java> OPLEN 13480 slot=840 DEC | DEC AX | len=2
OpcodeLengths.java> OPLEN 13490 slot=841 DEC | DEC CX | len=2
OpcodeLengths.java> OPLEN 134a0 slot=842 DEC | DEC DX | len=2
OpcodeLengths.java> OPLEN 134b0 slot=843 DEC | DEC BX | len=2
OpcodeLengths.java> OPLEN 134c0 slot=844 DEC | DEC SP | len=2
OpcodeLengths.java> OPLEN 134d0 slot=845 DEC | DEC BP | len=2
OpcodeLengths.java> OPLEN 134e0 slot=846 DEC | DEC SI | len=2
OpcodeLengths.java> OPLEN 134f0 slot=847 DEC | DEC DI | len=2
OpcodeLengths.java> OPLEN 13500 slot=848 PUSH | PUSH AX | len=2
OpcodeLengths.java> OPLEN 13510 slot=849 PUSH | PUSH CX | len=2
OpcodeLengths.java> OPLEN 13520 slot=850 PUSH | PUSH DX | len=2
OpcodeLengths.java> OPLEN 13530 slot=851 PUSH | PUSH BX | len=2
OpcodeLengths.java> OPLEN 13540 slot=852 PUSH | PUSH SP | len=2
OpcodeLengths.java> OPLEN 13550 slot=853 PUSH | PUSH BP | len=2
OpcodeLengths.java> OPLEN 13560 slot=854 PUSH | PUSH SI | len=2
OpcodeLengths.java> OPLEN 13570 slot=855 PUSH | PUSH DI | len=2
OpcodeLengths.java> OPLEN 13580 slot=856 POP | POP AX | len=2
OpcodeLengths.java> OPLEN 13590 slot=857 POP | POP CX | len=2
OpcodeLengths.java> OPLEN 135a0 slot=858 POP | POP DX | len=2
OpcodeLengths.java> OPLEN 135b0 slot=859 POP | POP BX | len=2
OpcodeLengths.java> OPLEN 135c0 slot=860 POP | POP SP | len=2
OpcodeLengths.java> OPLEN 135d0 slot=861 POP | POP BP | len=2
OpcodeLengths.java> OPLEN 135e0 slot=862 POP | POP SI | len=2
OpcodeLengths.java> OPLEN 135f0 slot=863 POP | POP DI | len=2
OpcodeLengths.java> OPLEN 13600 slot=864 PUSHA | PUSHA | len=2
OpcodeLengths.java> OPLEN 13610 slot=865 POPA | POPA | len=2
OpcodeLengths.java> OPLEN 13620 slot=866 BOUND | BOUND AX,word ptr [EAX + 0x90909090] | len=7
OpcodeLengths.java> OPLEN 13630 slot=867 ARPL | ARPL word ptr [EAX + 0x90909090],AX | len=7
OpcodeLengths.java> OPLEN 13640 slot=868 ADC | ADC byte ptr FS:[EAX + 0x90909090],0x90 | len=9
OpcodeLengths.java> OPLEN 13650 slot=869 ADC | ADC byte ptr GS:[EAX + 0x90909090],0x90 | len=9
OpcodeLengths.java> OPLEN 13660 slot=870 ADC | ADC byte ptr [EAX + 0x90909090],0x90 | len=9
OpcodeLengths.java> OPLEN 13670 slot=871 ADC | ADC byte ptr [BX + SI + 0x9090],0x90 | len=7
OpcodeLengths.java> OPLEN 13680 slot=872 PUSH | PUSH -0x6f80 | len=4
OpcodeLengths.java> OPLEN 13690 slot=873 IMUL | IMUL AX,word ptr [EAX + 0x90909090],-0x6f70 | len=9
OpcodeLengths.java> OPLEN 136a0 slot=874 PUSH | PUSH -0x80 | len=3
OpcodeLengths.java> OPLEN 136b0 slot=875 IMUL | IMUL AX,word ptr [EAX + 0x90909090],-0x70 | len=8
OpcodeLengths.java> OPLEN 136c0 slot=876 INSB | INSB ES:EDI,DX | len=2
OpcodeLengths.java> OPLEN 136d0 slot=877 INSW | INSW ES:EDI,DX | len=2
OpcodeLengths.java> OPLEN 136e0 slot=878 OUTSB | OUTSB DX,ESI | len=2
OpcodeLengths.java> OPLEN 136f0 slot=879 OUTSW | OUTSW DX,ESI | len=2
OpcodeLengths.java> OPLEN 13700 slot=880 JO | JO 0x00013683 | len=3
OpcodeLengths.java> OPLEN 13710 slot=881 JNO | JNO 0x00013693 | len=3
OpcodeLengths.java> OPLEN 13720 slot=882 JC | JC 0x000136a3 | len=3
OpcodeLengths.java> OPLEN 13730 slot=883 JNC | JNC 0x000136b3 | len=3
OpcodeLengths.java> OPLEN 13740 slot=884 JZ | JZ 0x000136c3 | len=3
OpcodeLengths.java> OPLEN 13750 slot=885 JNZ | JNZ 0x000136d3 | len=3
OpcodeLengths.java> OPLEN 13760 slot=886 JBE | JBE 0x000136e3 | len=3
OpcodeLengths.java> OPLEN 13770 slot=887 JA | JA 0x000136f3 | len=3
OpcodeLengths.java> OPLEN 13780 slot=888 JS | JS 0x00013703 | len=3
OpcodeLengths.java> OPLEN 13790 slot=889 JNS | JNS 0x00013713 | len=3
OpcodeLengths.java> OPLEN 137a0 slot=890 JP | JP 0x00013723 | len=3
OpcodeLengths.java> OPLEN 137b0 slot=891 JNP | JNP 0x00013733 | len=3
OpcodeLengths.java> OPLEN 137c0 slot=892 JL | JL 0x00013743 | len=3
OpcodeLengths.java> OPLEN 137d0 slot=893 JGE | JGE 0x00013753 | len=3
OpcodeLengths.java> OPLEN 137e0 slot=894 JLE | JLE 0x00013763 | len=3
OpcodeLengths.java> OPLEN 137f0 slot=895 JG | JG 0x00013773 | len=3
OpcodeLengths.java> OPLEN 13800 slot=896 ADD | ADD byte ptr [EAX + 0x90909090],0x90 | len=8
OpcodeLengths.java> OPLEN 13810 slot=897 ADD | ADD word ptr [EAX + 0x90909090],0x9090 | len=9
OpcodeLengths.java> OPLEN 13820 slot=898 ADD | ADD byte ptr [EAX + 0x90909090],0x90 | len=8
OpcodeLengths.java> OPLEN 13830 slot=899 ADD | ADD word ptr [EAX + 0x90909090],-0x70 | len=8
OpcodeLengths.java> OPLEN 13840 slot=900 TEST | TEST byte ptr [EAX + 0x90909090],AL | len=7
OpcodeLengths.java> OPLEN 13850 slot=901 TEST | TEST word ptr [EAX + 0x90909090],AX | len=7
OpcodeLengths.java> OPLEN 13860 slot=902 XCHG | XCHG byte ptr [EAX + 0x90909090],AL | len=7
OpcodeLengths.java> OPLEN 13870 slot=903 XCHG | XCHG word ptr [EAX + 0x90909090],AX | len=7
OpcodeLengths.java> OPLEN 13880 slot=904 MOV | MOV byte ptr [EAX + 0x90909090],AL | len=7
OpcodeLengths.java> OPLEN 13890 slot=905 MOV | MOV word ptr [EAX + 0x90909090],AX | len=7
OpcodeLengths.java> OPLEN 138a0 slot=906 MOV | MOV AL,byte ptr [EAX + 0x90909090] | len=7
OpcodeLengths.java> OPLEN 138b0 slot=907 MOV | MOV AX,word ptr [EAX + 0x90909090] | len=7
OpcodeLengths.java> OPLEN 138c0 slot=908 MOV | MOV word ptr [EAX + 0x90909090],ES | len=7
OpcodeLengths.java> OPLEN 138d0 slot=909 LEA | LEA AX,[EAX + 0x90909090] | len=7
OpcodeLengths.java> OPLEN 138e0 slot=910 MOV | MOV ES,word ptr [EAX + 0x90909090] | len=7
OpcodeLengths.java> OPLEN 138f0 slot=911 POP | POP word ptr [EAX + 0x90909090] | len=7
OpcodeLengths.java> OPLEN 13900 slot=912 NOP | NOP | len=2
OpcodeLengths.java> OPLEN 13910 slot=913 XCHG | XCHG AX,CX | len=2
OpcodeLengths.java> OPLEN 13920 slot=914 XCHG | XCHG AX,DX | len=2
OpcodeLengths.java> OPLEN 13930 slot=915 XCHG | XCHG AX,BX | len=2
OpcodeLengths.java> OPLEN 13940 slot=916 XCHG | XCHG AX,SP | len=2
OpcodeLengths.java> OPLEN 13950 slot=917 XCHG | XCHG AX,BP | len=2
OpcodeLengths.java> OPLEN 13960 slot=918 XCHG | XCHG AX,SI | len=2
OpcodeLengths.java> OPLEN 13970 slot=919 XCHG | XCHG AX,DI | len=2
OpcodeLengths.java> OPLEN 13980 slot=920 CBW | CBW | len=2
OpcodeLengths.java> OPLEN 13990 slot=921 CWD | CWD | len=2
OpcodeLengths.java> OPLEN 139a0 slot=922 CALLF | CALLF 0x00099980 | len=6
OpcodeLengths.java> OPLEN 139b0 slot=923 WAIT | WAIT | len=2
OpcodeLengths.java> OPLEN 139c0 slot=924 PUSHF | PUSHF | len=2
OpcodeLengths.java> OPLEN 139d0 slot=925 POPF | POPF | len=2
OpcodeLengths.java> OPLEN 139e0 slot=926 SAHF | SAHF | len=2
OpcodeLengths.java> OPLEN 139f0 slot=927 LAHF | LAHF | len=2
OpcodeLengths.java> OPLEN 13a00 slot=928 MOV | MOV AL,[0x90909080] | len=6
OpcodeLengths.java> OPLEN 13a10 slot=929 MOV | MOV AX,[0x90909080] | len=6
OpcodeLengths.java> OPLEN 13a20 slot=930 MOV | MOV [0x90909080],AL | len=6
OpcodeLengths.java> OPLEN 13a30 slot=931 MOV | MOV [0x90909080],AX | len=6
OpcodeLengths.java> OPLEN 13a40 slot=932 MOVSB | MOVSB ES:EDI,ESI | len=2
OpcodeLengths.java> OPLEN 13a50 slot=933 MOVSW | MOVSW ES:EDI,ESI | len=2
OpcodeLengths.java> OPLEN 13a60 slot=934 CMPSB | CMPSB ES:EDI,ESI | len=2
OpcodeLengths.java> OPLEN 13a70 slot=935 CMPSW | CMPSW ES:EDI,ESI | len=2
OpcodeLengths.java> OPLEN 13a80 slot=936 TEST | TEST AL,0x80 | len=3
OpcodeLengths.java> OPLEN 13a90 slot=937 TEST | TEST AX,0x9080 | len=4
OpcodeLengths.java> OPLEN 13aa0 slot=938 STOSB | STOSB ES:EDI | len=2
OpcodeLengths.java> OPLEN 13ab0 slot=939 STOSW | STOSW ES:EDI | len=2
OpcodeLengths.java> OPLEN 13ac0 slot=940 LODSB | LODSB ESI | len=2
OpcodeLengths.java> OPLEN 13ad0 slot=941 LODSW | LODSW ESI | len=2
OpcodeLengths.java> OPLEN 13ae0 slot=942 SCASB | SCASB ES:EDI | len=2
OpcodeLengths.java> OPLEN 13af0 slot=943 SCASW | SCASW ES:EDI | len=2
OpcodeLengths.java> OPLEN 13b00 slot=944 MOV | MOV AL,0x80 | len=3
OpcodeLengths.java> OPLEN 13b10 slot=945 MOV | MOV CL,0x80 | len=3
OpcodeLengths.java> OPLEN 13b20 slot=946 MOV | MOV DL,0x80 | len=3
OpcodeLengths.java> OPLEN 13b30 slot=947 MOV | MOV BL,0x80 | len=3
OpcodeLengths.java> OPLEN 13b40 slot=948 MOV | MOV AH,0x80 | len=3
OpcodeLengths.java> OPLEN 13b50 slot=949 MOV | MOV CH,0x80 | len=3
OpcodeLengths.java> OPLEN 13b60 slot=950 MOV | MOV DH,0x80 | len=3
OpcodeLengths.java> OPLEN 13b70 slot=951 MOV | MOV BH,0x80 | len=3
OpcodeLengths.java> OPLEN 13b80 slot=952 MOV | MOV AX,0x9080 | len=4
OpcodeLengths.java> OPLEN 13b90 slot=953 MOV | MOV CX,0x9080 | len=4
OpcodeLengths.java> OPLEN 13ba0 slot=954 MOV | MOV DX,0x9080 | len=4
OpcodeLengths.java> OPLEN 13bb0 slot=955 MOV | MOV BX,0x9080 | len=4
OpcodeLengths.java> OPLEN 13bc0 slot=956 MOV | MOV SP,0x9080 | len=4
OpcodeLengths.java> OPLEN 13bd0 slot=957 MOV | MOV BP,0x9080 | len=4
OpcodeLengths.java> OPLEN 13be0 slot=958 MOV | MOV SI,0x9080 | len=4
OpcodeLengths.java> OPLEN 13bf0 slot=959 MOV | MOV DI,0x9080 | len=4
OpcodeLengths.java> OPLEN 13c00 slot=960 ROL | ROL byte ptr [EAX + 0x90909090],0x90 | len=8
OpcodeLengths.java> OPLEN 13c10 slot=961 ROL | ROL word ptr [EAX + 0x90909090],0x90 | len=8
OpcodeLengths.java> OPLEN 13c20 slot=962 RET | RET 0x9080 | len=4
OpcodeLengths.java> OPLEN 13c30 slot=963 RET | RET | len=2
OpcodeLengths.java> OPLEN 13c40 slot=964 LES | LES AX,[EAX + 0x90909090] | len=7
OpcodeLengths.java> OPLEN 13c50 slot=965 LDS | LDS AX,[EAX + 0x90909090] | len=7
OpcodeLengths.java> OPLEN 13c60 slot=966 MOV | MOV byte ptr [EAX + 0x90909090],0x90 | len=8
OpcodeLengths.java> OPLEN 13c70 slot=967 MOV | MOV word ptr [EAX + 0x90909090],0x9090 | len=9
OpcodeLengths.java> OPLEN 13c80 slot=968 ENTER | ENTER 0x9080,0x10 | len=5
OpcodeLengths.java> OPLEN 13c90 slot=969 LEAVE | LEAVE | len=2
OpcodeLengths.java> OPLEN 13ca0 slot=970 RETF | RETF 0x9080 | len=4
OpcodeLengths.java> OPLEN 13cb0 slot=971 RETF | RETF | len=2
OpcodeLengths.java> OPLEN 13cc0 slot=972 INT3 | INT3 | len=2
OpcodeLengths.java> OPLEN 13cd0 slot=973 INT | INT 0x80 | len=3
OpcodeLengths.java> OPLEN 13ce0 slot=974 INTO | INTO | len=2
OpcodeLengths.java> OPLEN 13cf0 slot=975 IRET | IRET | len=2
OpcodeLengths.java> OPLEN 13d00 slot=976 ROL | ROL byte ptr [EAX + 0x90909090],0x1 | len=7
OpcodeLengths.java> OPLEN 13d10 slot=977 ROL | ROL word ptr [EAX + 0x90909090],0x1 | len=7
OpcodeLengths.java> OPLEN 13d20 slot=978 ROL | ROL byte ptr [EAX + 0x90909090],CL | len=7
OpcodeLengths.java> OPLEN 13d30 slot=979 ROL | ROL word ptr [EAX + 0x90909090],CL | len=7
OpcodeLengths.java> OPLEN 13d40 slot=980 AAM | AAM 0x80 | len=3
OpcodeLengths.java> OPLEN 13d50 slot=981 AAD | AAD 0x80 | len=3
OpcodeLengths.java> OPLEN 13d60 slot=982 SALC | SALC | len=2
OpcodeLengths.java> OPLEN 13d70 slot=983 XLAT | XLAT EBX | len=2
OpcodeLengths.java> OPLEN 13d80 slot=984 FADD | FADD float ptr [EAX + 0x90909090] | len=7
OpcodeLengths.java> OPLEN 13d90 slot=985 FLD | FLD float ptr [EAX + 0x90909090] | len=7
OpcodeLengths.java> OPLEN 13da0 slot=986 FIADD | FIADD dword ptr [EAX + 0x90909090] | len=7
OpcodeLengths.java> OPLEN 13db0 slot=987 FILD | FILD dword ptr [EAX + 0x90909090] | len=7
OpcodeLengths.java> OPLEN 13dc0 slot=988 FADD | FADD double ptr [EAX + 0x90909090] | len=7
OpcodeLengths.java> OPLEN 13dd0 slot=989 FLD | FLD double ptr [EAX + 0x90909090] | len=7
OpcodeLengths.java> OPLEN 13de0 slot=990 FIADD | FIADD word ptr [EAX + 0x90909090] | len=7
OpcodeLengths.java> OPLEN 13df0 slot=991 FILD | FILD word ptr [EAX + 0x90909090] | len=7
OpcodeLengths.java> OPLEN 13e00 slot=992 LOOPNZ | LOOPNZ 0x00013d83 | len=3
OpcodeLengths.java> OPLEN 13e10 slot=993 LOOPZ | LOOPZ 0x00013d93 | len=3
OpcodeLengths.java> OPLEN 13e20 slot=994 LOOP | LOOP 0x00013da3 | len=3
OpcodeLengths.java> OPLEN 13e30 slot=995 JECXZ | JECXZ 0x00013db3 | len=3
OpcodeLengths.java> OPLEN 13e40 slot=996 IN | IN AL,0x80 | len=3
OpcodeLengths.java> OPLEN 13e50 slot=997 IN | IN AX,0x80 | len=3
OpcodeLengths.java> OPLEN 13e60 slot=998 OUT | OUT 0x80,AL | len=3
OpcodeLengths.java> OPLEN 13e70 slot=999 OUT | OUT 0x80,AX | len=3
OpcodeLengths.java> OPLEN 13e80 slot=1000 CALL | CALL 0x0001cf04 | len=4
OpcodeLengths.java> OPLEN 13e90 slot=1001 JMP | JMP 0x0001cf14 | len=4
OpcodeLengths.java> OPLEN 13ea0 slot=1002 JMPF | JMPF 0x00099980 | len=6
OpcodeLengths.java> OPLEN 13eb0 slot=1003 JMP | JMP 0x00013e33 | len=3
OpcodeLengths.java> OPLEN 13ec0 slot=1004 IN | IN AL,DX | len=2
OpcodeLengths.java> OPLEN 13ed0 slot=1005 IN | IN AX,DX | len=2
OpcodeLengths.java> OPLEN 13ee0 slot=1006 OUT | OUT DX,AL | len=2
OpcodeLengths.java> OPLEN 13ef0 slot=1007 OUT | OUT DX,AX | len=2
OpcodeLengths.java> OPLEN 13f00 slot=1008 ADC.LOCK | ADC.LOCK byte ptr [EAX + 0x90909090],0x90 | len=9
OpcodeLengths.java> OPLEN 13f10 slot=1009 INT1 | INT1 | len=2
OpcodeLengths.java> OPLEN 13f20 slot=1010 ADC | ADC byte ptr [EAX + 0x90909090],0x90 | len=9
OpcodeLengths.java> OPLEN 13f30 slot=1011 ADC | ADC byte ptr [EAX + 0x90909090],0x90 | len=9
OpcodeLengths.java> OPLEN 13f40 slot=1012 HLT | HLT | len=2
OpcodeLengths.java> OPLEN 13f50 slot=1013 CMC | CMC | len=2
OpcodeLengths.java> OPLEN 13f60 slot=1014 TEST | TEST byte ptr [EAX + 0x90909090],0x90 | len=8
OpcodeLengths.java> OPLEN 13f70 slot=1015 TEST | TEST word ptr [EAX + 0x90909090],0x9090 | len=9
OpcodeLengths.java> OPLEN 13f80 slot=1016 CLC | CLC | len=2
OpcodeLengths.java> OPLEN 13f90 slot=1017 STC | STC | len=2
OpcodeLengths.java> OPLEN 13fa0 slot=1018 CLI | CLI | len=2
OpcodeLengths.java> OPLEN 13fb0 slot=1019 STI | STI | len=2
OpcodeLengths.java> OPLEN 13fc0 slot=1020 CLD | CLD | len=2
OpcodeLengths.java> OPLEN 13fd0 slot=1021 STD | STD | len=2
OpcodeLengths.java> OPLEN 13fe0 slot=1022 INC | INC byte ptr [EAX + 0x90909090] | len=7
OpcodeLengths.java> OPLEN 13ff0 slot=1023 INC | INC word ptr [EAX + 0x90909090] | len=7
OpcodeLengths.java> OPLEN 14000 slot=1024 ADD | ADD byte ptr [EAX],CL | len=2
OpcodeLengths.java> OPLEN 14010 slot=1025 ADD | ADD dword ptr [EAX],ECX | len=2
OpcodeLengths.java> OPLEN 14020 slot=1026 ADD | ADD CL,byte ptr [EAX] | len=2
OpcodeLengths.java> OPLEN 14030 slot=1027 ADD | ADD ECX,dword ptr [EAX] | len=2
OpcodeLengths.java> OPLEN 14040 slot=1028 ADD | ADD AL,0x8 | len=2
OpcodeLengths.java> OPLEN 14050 slot=1029 ADD | ADD EAX,0x90909008 | len=5
OpcodeLengths.java> OPLEN 14060 slot=1030 PUSH | PUSH ES | len=1
OpcodeLengths.java> OPLEN 14070 slot=1031 POP | POP ES | len=1
OpcodeLengths.java> OPLEN 14080 slot=1032 OR | OR byte ptr [EAX],CL | len=2
OpcodeLengths.java> OPLEN 14090 slot=1033 OR | OR dword ptr [EAX],ECX | len=2
OpcodeLengths.java> OPLEN 140a0 slot=1034 OR | OR CL,byte ptr [EAX] | len=2
OpcodeLengths.java> OPLEN 140b0 slot=1035 OR | OR ECX,dword ptr [EAX] | len=2
OpcodeLengths.java> OPLEN 140c0 slot=1036 OR | OR AL,0x8 | len=2
OpcodeLengths.java> OPLEN 140d0 slot=1037 OR | OR EAX,0x90909008 | len=5
OpcodeLengths.java> OPLEN 140e0 slot=1038 PUSH | PUSH CS | len=1
OpcodeLengths.java> OPLEN 140f0 slot=1039 INVD | INVD | len=2
OpcodeLengths.java> OPLEN 14100 slot=1040 ADC | ADC byte ptr [EAX],CL | len=2
OpcodeLengths.java> OPLEN 14110 slot=1041 ADC | ADC dword ptr [EAX],ECX | len=2
OpcodeLengths.java> OPLEN 14120 slot=1042 ADC | ADC CL,byte ptr [EAX] | len=2
OpcodeLengths.java> OPLEN 14130 slot=1043 ADC | ADC ECX,dword ptr [EAX] | len=2
OpcodeLengths.java> OPLEN 14140 slot=1044 ADC | ADC AL,0x8 | len=2
OpcodeLengths.java> OPLEN 14150 slot=1045 ADC | ADC EAX,0x90909008 | len=5
OpcodeLengths.java> OPLEN 14160 slot=1046 PUSH | PUSH SS | len=1
OpcodeLengths.java> OPLEN 14170 slot=1047 POP | POP SS | len=1
OpcodeLengths.java> OPLEN 14180 slot=1048 SBB | SBB byte ptr [EAX],CL | len=2
OpcodeLengths.java> OPLEN 14190 slot=1049 SBB | SBB dword ptr [EAX],ECX | len=2
OpcodeLengths.java> OPLEN 141a0 slot=1050 SBB | SBB CL,byte ptr [EAX] | len=2
OpcodeLengths.java> OPLEN 141b0 slot=1051 SBB | SBB ECX,dword ptr [EAX] | len=2
OpcodeLengths.java> OPLEN 141c0 slot=1052 SBB | SBB AL,0x8 | len=2
OpcodeLengths.java> OPLEN 141d0 slot=1053 SBB | SBB EAX,0x90909008 | len=5
OpcodeLengths.java> OPLEN 141e0 slot=1054 PUSH | PUSH DS | len=1
OpcodeLengths.java> OPLEN 141f0 slot=1055 POP | POP DS | len=1
OpcodeLengths.java> OPLEN 14200 slot=1056 AND | AND byte ptr [EAX],CL | len=2
OpcodeLengths.java> OPLEN 14210 slot=1057 AND | AND dword ptr [EAX],ECX | len=2
OpcodeLengths.java> OPLEN 14220 slot=1058 AND | AND CL,byte ptr [EAX] | len=2
OpcodeLengths.java> OPLEN 14230 slot=1059 AND | AND ECX,dword ptr [EAX] | len=2
OpcodeLengths.java> OPLEN 14240 slot=1060 AND | AND AL,0x8 | len=2
OpcodeLengths.java> OPLEN 14250 slot=1061 AND | AND EAX,0x90909008 | len=5
OpcodeLengths.java> OPLEN 14260 slot=1062 OR | OR byte ptr ES:[EAX + 0x90909090],DL | len=7
OpcodeLengths.java> OPLEN 14270 slot=1063 DAA | DAA | len=1
OpcodeLengths.java> OPLEN 14280 slot=1064 SUB | SUB byte ptr [EAX],CL | len=2
OpcodeLengths.java> OPLEN 14290 slot=1065 SUB | SUB dword ptr [EAX],ECX | len=2
OpcodeLengths.java> OPLEN 142a0 slot=1066 SUB | SUB CL,byte ptr [EAX] | len=2
OpcodeLengths.java> OPLEN 142b0 slot=1067 SUB | SUB ECX,dword ptr [EAX] | len=2
OpcodeLengths.java> OPLEN 142c0 slot=1068 SUB | SUB AL,0x8 | len=2
OpcodeLengths.java> OPLEN 142d0 slot=1069 SUB | SUB EAX,0x90909008 | len=5
OpcodeLengths.java> OPLEN 142e0 slot=1070 OR | OR byte ptr CS:[EAX + 0x90909090],DL | len=7
OpcodeLengths.java> OPLEN 142f0 slot=1071 DAS | DAS | len=1
OpcodeLengths.java> OPLEN 14300 slot=1072 XOR | XOR byte ptr [EAX],CL | len=2
OpcodeLengths.java> OPLEN 14310 slot=1073 XOR | XOR dword ptr [EAX],ECX | len=2
OpcodeLengths.java> OPLEN 14320 slot=1074 XOR | XOR CL,byte ptr [EAX] | len=2
OpcodeLengths.java> OPLEN 14330 slot=1075 XOR | XOR ECX,dword ptr [EAX] | len=2
OpcodeLengths.java> OPLEN 14340 slot=1076 XOR | XOR AL,0x8 | len=2
OpcodeLengths.java> OPLEN 14350 slot=1077 XOR | XOR EAX,0x90909008 | len=5
OpcodeLengths.java> OPLEN 14360 slot=1078 OR | OR byte ptr SS:[EAX + 0x90909090],DL | len=7
OpcodeLengths.java> OPLEN 14370 slot=1079 AAA | AAA | len=1
OpcodeLengths.java> OPLEN 14380 slot=1080 CMP | CMP byte ptr [EAX],CL | len=2
OpcodeLengths.java> OPLEN 14390 slot=1081 CMP | CMP dword ptr [EAX],ECX | len=2
OpcodeLengths.java> OPLEN 143a0 slot=1082 CMP | CMP CL,byte ptr [EAX] | len=2
OpcodeLengths.java> OPLEN 143b0 slot=1083 CMP | CMP ECX,dword ptr [EAX] | len=2
OpcodeLengths.java> OPLEN 143c0 slot=1084 CMP | CMP AL,0x8 | len=2
OpcodeLengths.java> OPLEN 143d0 slot=1085 CMP | CMP EAX,0x90909008 | len=5
OpcodeLengths.java> OPLEN 143e0 slot=1086 OR | OR byte ptr DS:[EAX + 0x90909090],DL | len=7
OpcodeLengths.java> OPLEN 143f0 slot=1087 AAS | AAS | len=1
OpcodeLengths.java> OPLEN 14400 slot=1088 INC | INC EAX | len=1
OpcodeLengths.java> OPLEN 14410 slot=1089 INC | INC ECX | len=1
OpcodeLengths.java> OPLEN 14420 slot=1090 INC | INC EDX | len=1
OpcodeLengths.java> OPLEN 14430 slot=1091 INC | INC EBX | len=1
OpcodeLengths.java> OPLEN 14440 slot=1092 INC | INC ESP | len=1
OpcodeLengths.java> OPLEN 14450 slot=1093 INC | INC EBP | len=1
OpcodeLengths.java> OPLEN 14460 slot=1094 INC | INC ESI | len=1
OpcodeLengths.java> OPLEN 14470 slot=1095 INC | INC EDI | len=1
OpcodeLengths.java> OPLEN 14480 slot=1096 DEC | DEC EAX | len=1
OpcodeLengths.java> OPLEN 14490 slot=1097 DEC | DEC ECX | len=1
OpcodeLengths.java> OPLEN 144a0 slot=1098 DEC | DEC EDX | len=1
OpcodeLengths.java> OPLEN 144b0 slot=1099 DEC | DEC EBX | len=1
OpcodeLengths.java> OPLEN 144c0 slot=1100 DEC | DEC ESP | len=1
OpcodeLengths.java> OPLEN 144d0 slot=1101 DEC | DEC EBP | len=1
OpcodeLengths.java> OPLEN 144e0 slot=1102 DEC | DEC ESI | len=1
OpcodeLengths.java> OPLEN 144f0 slot=1103 DEC | DEC EDI | len=1
OpcodeLengths.java> OPLEN 14500 slot=1104 PUSH | PUSH EAX | len=1
OpcodeLengths.java> OPLEN 14510 slot=1105 PUSH | PUSH ECX | len=1
OpcodeLengths.java> OPLEN 14520 slot=1106 PUSH | PUSH EDX | len=1
OpcodeLengths.java> OPLEN 14530 slot=1107 PUSH | PUSH EBX | len=1
OpcodeLengths.java> OPLEN 14540 slot=1108 PUSH | PUSH ESP | len=1
OpcodeLengths.java> OPLEN 14550 slot=1109 PUSH | PUSH EBP | len=1
OpcodeLengths.java> OPLEN 14560 slot=1110 PUSH | PUSH ESI | len=1
OpcodeLengths.java> OPLEN 14570 slot=1111 PUSH | PUSH EDI | len=1
OpcodeLengths.java> OPLEN 14580 slot=1112 POP | POP EAX | len=1
OpcodeLengths.java> OPLEN 14590 slot=1113 POP | POP ECX | len=1
OpcodeLengths.java> OPLEN 145a0 slot=1114 POP | POP EDX | len=1
OpcodeLengths.java> OPLEN 145b0 slot=1115 POP | POP EBX | len=1
OpcodeLengths.java> OPLEN 145c0 slot=1116 POP | POP ESP | len=1
OpcodeLengths.java> OPLEN 145d0 slot=1117 POP | POP EBP | len=1
OpcodeLengths.java> OPLEN 145e0 slot=1118 POP | POP ESI | len=1
OpcodeLengths.java> OPLEN 145f0 slot=1119 POP | POP EDI | len=1
OpcodeLengths.java> OPLEN 14600 slot=1120 PUSHAD | PUSHAD | len=1
OpcodeLengths.java> OPLEN 14610 slot=1121 POPAD | POPAD | len=1
OpcodeLengths.java> OPLEN 14620 slot=1122 BOUND | BOUND ECX,dword ptr [EAX] | len=2
OpcodeLengths.java> OPLEN 14630 slot=1123 ARPL | ARPL word ptr [EAX],CX | len=2
OpcodeLengths.java> OPLEN 14640 slot=1124 OR | OR byte ptr FS:[EAX + 0x90909090],DL | len=7
OpcodeLengths.java> OPLEN 14650 slot=1125 OR | OR byte ptr GS:[EAX + 0x90909090],DL | len=7
OpcodeLengths.java> OPLEN 14660 slot=1126 OR | OR byte ptr [EAX + 0x90909090],DL | len=7
OpcodeLengths.java> OPLEN 14670 slot=1127 OR | OR byte ptr [BX + SI + 0x9090],DL | len=5
OpcodeLengths.java> OPLEN 14680 slot=1128 PUSH | PUSH 0x90909008 | len=5
OpcodeLengths.java> OPLEN 14690 slot=1129 IMUL | IMUL ECX,dword ptr [EAX],-0x6f6f6f70 | len=6
OpcodeLengths.java> OPLEN 146a0 slot=1130 PUSH | PUSH 0x8 | len=2
OpcodeLengths.java> OPLEN 146b0 slot=1131 IMUL | IMUL ECX,dword ptr [EAX],-0x70 | len=3
OpcodeLengths.java> OPLEN 146c0 slot=1132 INSB | INSB ES:EDI,DX | len=1
OpcodeLengths.java> OPLEN 146d0 slot=1133 INSD | INSD ES:EDI,DX | len=1
OpcodeLengths.java> OPLEN 146e0 slot=1134 OUTSB | OUTSB DX,ESI | len=1
OpcodeLengths.java> OPLEN 146f0 slot=1135 OUTSD | OUTSD DX,ESI | len=1
OpcodeLengths.java> OPLEN 14700 slot=1136 JO | JO 0x0001470a | len=2
OpcodeLengths.java> OPLEN 14710 slot=1137 JNO | JNO 0x0001471a | len=2
OpcodeLengths.java> OPLEN 14720 slot=1138 JC | JC 0x0001472a | len=2
OpcodeLengths.java> OPLEN 14730 slot=1139 JNC | JNC 0x0001473a | len=2
OpcodeLengths.java> OPLEN 14740 slot=1140 JZ | JZ 0x0001474a | len=2
OpcodeLengths.java> OPLEN 14750 slot=1141 JNZ | JNZ 0x0001475a | len=2
OpcodeLengths.java> OPLEN 14760 slot=1142 JBE | JBE 0x0001476a | len=2
OpcodeLengths.java> OPLEN 14770 slot=1143 JA | JA 0x0001477a | len=2
OpcodeLengths.java> OPLEN 14780 slot=1144 JS | JS 0x0001478a | len=2
OpcodeLengths.java> OPLEN 14790 slot=1145 JNS | JNS 0x0001479a | len=2
OpcodeLengths.java> OPLEN 147a0 slot=1146 JP | JP 0x000147aa | len=2
OpcodeLengths.java> OPLEN 147b0 slot=1147 JNP | JNP 0x000147ba | len=2
OpcodeLengths.java> OPLEN 147c0 slot=1148 JL | JL 0x000147ca | len=2
OpcodeLengths.java> OPLEN 147d0 slot=1149 JGE | JGE 0x000147da | len=2
OpcodeLengths.java> OPLEN 147e0 slot=1150 JLE | JLE 0x000147ea | len=2
OpcodeLengths.java> OPLEN 147f0 slot=1151 JG | JG 0x000147fa | len=2
OpcodeLengths.java> OPLEN 14800 slot=1152 OR | OR byte ptr [EAX],0x90 | len=3
OpcodeLengths.java> OPLEN 14810 slot=1153 OR | OR dword ptr [EAX],0x90909090 | len=6
OpcodeLengths.java> OPLEN 14820 slot=1154 OR | OR byte ptr [EAX],0x90 | len=3
OpcodeLengths.java> OPLEN 14830 slot=1155 OR | OR dword ptr [EAX],0xffffff90 | len=3
OpcodeLengths.java> OPLEN 14840 slot=1156 TEST | TEST byte ptr [EAX],CL | len=2
OpcodeLengths.java> OPLEN 14850 slot=1157 TEST | TEST dword ptr [EAX],ECX | len=2
OpcodeLengths.java> OPLEN 14860 slot=1158 XCHG | XCHG byte ptr [EAX],CL | len=2
OpcodeLengths.java> OPLEN 14870 slot=1159 XCHG | XCHG dword ptr [EAX],ECX | len=2
OpcodeLengths.java> OPLEN 14880 slot=1160 MOV | MOV byte ptr [EAX],CL | len=2
OpcodeLengths.java> OPLEN 14890 slot=1161 MOV | MOV dword ptr [EAX],ECX | len=2
OpcodeLengths.java> OPLEN 148a0 slot=1162 MOV | MOV CL,byte ptr [EAX] | len=2
OpcodeLengths.java> OPLEN 148b0 slot=1163 MOV | MOV ECX,dword ptr [EAX] | len=2
OpcodeLengths.java> OPLEN 148c0 slot=1164 MOV | MOV word ptr [EAX],CS | len=2
OpcodeLengths.java> OPLEN 148d0 slot=1165 LEA | LEA ECX,[EAX] | len=2
OpcodeLengths.java> OPLEN 148e0 slot=1166 MOV | MOV CS,word ptr [EAX] | len=2
OpcodeLengths.java> OPLEN 148f0 slot=1167 NONE
OpcodeLengths.java> OPLEN 14900 slot=1168 NOP | NOP | len=1
OpcodeLengths.java> OPLEN 14910 slot=1169 XCHG | XCHG EAX,ECX | len=1
OpcodeLengths.java> OPLEN 14920 slot=1170 XCHG | XCHG EAX,EDX | len=1
OpcodeLengths.java> OPLEN 14930 slot=1171 XCHG | XCHG EAX,EBX | len=1
OpcodeLengths.java> OPLEN 14940 slot=1172 XCHG | XCHG EAX,ESP | len=1
OpcodeLengths.java> OPLEN 14950 slot=1173 XCHG | XCHG EAX,EBP | len=1
OpcodeLengths.java> OPLEN 14960 slot=1174 XCHG | XCHG EAX,ESI | len=1
OpcodeLengths.java> OPLEN 14970 slot=1175 XCHG | XCHG EAX,EDI | len=1
OpcodeLengths.java> OPLEN 14980 slot=1176 CWDE | CWDE | len=1
OpcodeLengths.java> OPLEN 14990 slot=1177 CDQ | CDQ | len=1
OpcodeLengths.java> OPLEN 149a0 slot=1178 CALLF | CALLF 0x9090:0x90909008 | len=7
OpcodeLengths.java> OPLEN 149b0 slot=1179 WAIT | WAIT | len=1
OpcodeLengths.java> OPLEN 149c0 slot=1180 PUSHFD | PUSHFD | len=1
OpcodeLengths.java> OPLEN 149d0 slot=1181 POPFD | POPFD | len=1
OpcodeLengths.java> OPLEN 149e0 slot=1182 SAHF | SAHF | len=1
OpcodeLengths.java> OPLEN 149f0 slot=1183 LAHF | LAHF | len=1
OpcodeLengths.java> OPLEN 14a00 slot=1184 MOV | MOV AL,[0x90909008] | len=5
OpcodeLengths.java> OPLEN 14a10 slot=1185 MOV | MOV EAX,[0x90909008] | len=5
OpcodeLengths.java> OPLEN 14a20 slot=1186 MOV | MOV [0x90909008],AL | len=5
OpcodeLengths.java> OPLEN 14a30 slot=1187 MOV | MOV [0x90909008],EAX | len=5
OpcodeLengths.java> OPLEN 14a40 slot=1188 MOVSB | MOVSB ES:EDI,ESI | len=1
OpcodeLengths.java> OPLEN 14a50 slot=1189 MOVSD | MOVSD ES:EDI,ESI | len=1
OpcodeLengths.java> OPLEN 14a60 slot=1190 CMPSB | CMPSB ES:EDI,ESI | len=1
OpcodeLengths.java> OPLEN 14a70 slot=1191 CMPSD | CMPSD ES:EDI,ESI | len=1
OpcodeLengths.java> OPLEN 14a80 slot=1192 TEST | TEST AL,0x8 | len=2
OpcodeLengths.java> OPLEN 14a90 slot=1193 TEST | TEST EAX,0x90909008 | len=5
OpcodeLengths.java> OPLEN 14aa0 slot=1194 STOSB | STOSB ES:EDI | len=1
OpcodeLengths.java> OPLEN 14ab0 slot=1195 STOSD | STOSD ES:EDI | len=1
OpcodeLengths.java> OPLEN 14ac0 slot=1196 LODSB | LODSB ESI | len=1
OpcodeLengths.java> OPLEN 14ad0 slot=1197 LODSD | LODSD ESI | len=1
OpcodeLengths.java> OPLEN 14ae0 slot=1198 SCASB | SCASB ES:EDI | len=1
OpcodeLengths.java> OPLEN 14af0 slot=1199 SCASD | SCASD ES:EDI | len=1
OpcodeLengths.java> OPLEN 14b00 slot=1200 MOV | MOV AL,0x8 | len=2
OpcodeLengths.java> OPLEN 14b10 slot=1201 MOV | MOV CL,0x8 | len=2
OpcodeLengths.java> OPLEN 14b20 slot=1202 MOV | MOV DL,0x8 | len=2
OpcodeLengths.java> OPLEN 14b30 slot=1203 MOV | MOV BL,0x8 | len=2
OpcodeLengths.java> OPLEN 14b40 slot=1204 MOV | MOV AH,0x8 | len=2
OpcodeLengths.java> OPLEN 14b50 slot=1205 MOV | MOV CH,0x8 | len=2
OpcodeLengths.java> OPLEN 14b60 slot=1206 MOV | MOV DH,0x8 | len=2
OpcodeLengths.java> OPLEN 14b70 slot=1207 MOV | MOV BH,0x8 | len=2
OpcodeLengths.java> OPLEN 14b80 slot=1208 MOV | MOV EAX,0x90909008 | len=5
OpcodeLengths.java> OPLEN 14b90 slot=1209 MOV | MOV ECX,0x90909008 | len=5
OpcodeLengths.java> OPLEN 14ba0 slot=1210 MOV | MOV EDX,0x90909008 | len=5
OpcodeLengths.java> OPLEN 14bb0 slot=1211 MOV | MOV EBX,0x90909008 | len=5
OpcodeLengths.java> OPLEN 14bc0 slot=1212 MOV | MOV ESP,0x90909008 | len=5
OpcodeLengths.java> OPLEN 14bd0 slot=1213 MOV | MOV EBP,0x90909008 | len=5
OpcodeLengths.java> OPLEN 14be0 slot=1214 MOV | MOV ESI,0x90909008 | len=5
OpcodeLengths.java> OPLEN 14bf0 slot=1215 MOV | MOV EDI,0x90909008 | len=5
OpcodeLengths.java> OPLEN 14c00 slot=1216 ROR | ROR byte ptr [EAX],0x90 | len=3
OpcodeLengths.java> OPLEN 14c10 slot=1217 ROR | ROR dword ptr [EAX],0x90 | len=3
OpcodeLengths.java> OPLEN 14c20 slot=1218 RET | RET 0x9008 | len=3
OpcodeLengths.java> OPLEN 14c30 slot=1219 RET | RET | len=1
OpcodeLengths.java> OPLEN 14c40 slot=1220 LES | LES ECX,[EAX] | len=2
OpcodeLengths.java> OPLEN 14c50 slot=1221 LDS | LDS ECX,[EAX] | len=2
OpcodeLengths.java> OPLEN 14c60 slot=1222 NONE
OpcodeLengths.java> OPLEN 14c70 slot=1223 NONE
OpcodeLengths.java> OPLEN 14c80 slot=1224 ENTER | ENTER 0x9008,0x10 | len=4
OpcodeLengths.java> OPLEN 14c90 slot=1225 LEAVE | LEAVE | len=1
OpcodeLengths.java> OPLEN 14ca0 slot=1226 RETF | RETF 0x9008 | len=3
OpcodeLengths.java> OPLEN 14cb0 slot=1227 RETF | RETF | len=1
OpcodeLengths.java> OPLEN 14cc0 slot=1228 INT3 | INT3 | len=1
OpcodeLengths.java> OPLEN 14cd0 slot=1229 INT | INT 0x8 | len=2
OpcodeLengths.java> OPLEN 14ce0 slot=1230 INTO | INTO | len=1
OpcodeLengths.java> OPLEN 14cf0 slot=1231 IRETD | IRETD | len=1
OpcodeLengths.java> OPLEN 14d00 slot=1232 ROR | ROR byte ptr [EAX],0x1 | len=2
OpcodeLengths.java> OPLEN 14d10 slot=1233 ROR | ROR dword ptr [EAX],0x1 | len=2
OpcodeLengths.java> OPLEN 14d20 slot=1234 ROR | ROR byte ptr [EAX],CL | len=2
OpcodeLengths.java> OPLEN 14d30 slot=1235 ROR | ROR dword ptr [EAX],CL | len=2
OpcodeLengths.java> OPLEN 14d40 slot=1236 AAM | AAM 0x8 | len=2
OpcodeLengths.java> OPLEN 14d50 slot=1237 AAD | AAD 0x8 | len=2
OpcodeLengths.java> OPLEN 14d60 slot=1238 SALC | SALC | len=1
OpcodeLengths.java> OPLEN 14d70 slot=1239 XLAT | XLAT EBX | len=1
OpcodeLengths.java> OPLEN 14d80 slot=1240 FMUL | FMUL float ptr [EAX] | len=2
OpcodeLengths.java> OPLEN 14d90 slot=1241 NONE
OpcodeLengths.java> OPLEN 14da0 slot=1242 FIMUL | FIMUL dword ptr [EAX] | len=2
OpcodeLengths.java> OPLEN 14db0 slot=1243 FISTTP | FISTTP dword ptr [EAX] | len=2
OpcodeLengths.java> OPLEN 14dc0 slot=1244 FMUL | FMUL double ptr [EAX] | len=2
OpcodeLengths.java> OPLEN 14dd0 slot=1245 FISTTP | FISTTP qword ptr [EAX] | len=2
OpcodeLengths.java> OPLEN 14de0 slot=1246 FIMUL | FIMUL word ptr [EAX] | len=2
OpcodeLengths.java> OPLEN 14df0 slot=1247 FISTTP | FISTTP word ptr [EAX] | len=2
OpcodeLengths.java> OPLEN 14e00 slot=1248 LOOPNZ | LOOPNZ 0x00014e0a | len=2
OpcodeLengths.java> OPLEN 14e10 slot=1249 LOOPZ | LOOPZ 0x00014e1a | len=2
OpcodeLengths.java> OPLEN 14e20 slot=1250 LOOP | LOOP 0x00014e2a | len=2
OpcodeLengths.java> OPLEN 14e30 slot=1251 JECXZ | JECXZ 0x00014e3a | len=2
OpcodeLengths.java> OPLEN 14e40 slot=1252 IN | IN AL,0x8 | len=2
OpcodeLengths.java> OPLEN 14e50 slot=1253 IN | IN EAX,0x8 | len=2
OpcodeLengths.java> OPLEN 14e60 slot=1254 OUT | OUT 0x8,AL | len=2
OpcodeLengths.java> OPLEN 14e70 slot=1255 OUT | OUT 0x8,EAX | len=2
OpcodeLengths.java> OPLEN 14e80 slot=1256 CALL | CALL 0x9091de8d | len=5
OpcodeLengths.java> OPLEN 14e90 slot=1257 JMP | JMP 0x9091de9d | len=5
OpcodeLengths.java> OPLEN 14ea0 slot=1258 JMPF | JMPF 0x9090:0x90909008 | len=7
OpcodeLengths.java> OPLEN 14eb0 slot=1259 JMP | JMP 0x00014eba | len=2
OpcodeLengths.java> OPLEN 14ec0 slot=1260 IN | IN AL,DX | len=1
OpcodeLengths.java> OPLEN 14ed0 slot=1261 IN | IN EAX,DX | len=1
OpcodeLengths.java> OPLEN 14ee0 slot=1262 OUT | OUT DX,AL | len=1
OpcodeLengths.java> OPLEN 14ef0 slot=1263 OUT | OUT DX,EAX | len=1
OpcodeLengths.java> OPLEN 14f00 slot=1264 OR.LOCK | OR.LOCK byte ptr [EAX + 0x90909090],DL | len=7
OpcodeLengths.java> OPLEN 14f10 slot=1265 INT1 | INT1 | len=1
OpcodeLengths.java> OPLEN 14f20 slot=1266 OR | OR byte ptr [EAX + 0x90909090],DL | len=7
OpcodeLengths.java> OPLEN 14f30 slot=1267 OR | OR byte ptr [EAX + 0x90909090],DL | len=7
OpcodeLengths.java> OPLEN 14f40 slot=1268 HLT | HLT | len=1
OpcodeLengths.java> OPLEN 14f50 slot=1269 CMC | CMC | len=1
OpcodeLengths.java> OPLEN 14f60 slot=1270 TEST | TEST byte ptr [EAX],0x90 | len=3
OpcodeLengths.java> OPLEN 14f70 slot=1271 TEST | TEST dword ptr [EAX],0x90909090 | len=6
OpcodeLengths.java> OPLEN 14f80 slot=1272 CLC | CLC | len=1
OpcodeLengths.java> OPLEN 14f90 slot=1273 STC | STC | len=1
OpcodeLengths.java> OPLEN 14fa0 slot=1274 CLI | CLI | len=1
OpcodeLengths.java> OPLEN 14fb0 slot=1275 STI | STI | len=1
OpcodeLengths.java> OPLEN 14fc0 slot=1276 CLD | CLD | len=1
OpcodeLengths.java> OPLEN 14fd0 slot=1277 STD | STD | len=1
OpcodeLengths.java> OPLEN 14fe0 slot=1278 DEC | DEC byte ptr [EAX] | len=2
OpcodeLengths.java> OPLEN 14ff0 slot=1279 DEC | DEC dword ptr [EAX] | len=2
OpcodeLengths.java> OPLEN 15000 slot=1280 ADD | ADD byte ptr [EAX],DL | len=2
OpcodeLengths.java> OPLEN 15010 slot=1281 ADD | ADD dword ptr [EAX],EDX | len=2
OpcodeLengths.java> OPLEN 15020 slot=1282 ADD | ADD DL,byte ptr [EAX] | len=2
OpcodeLengths.java> OPLEN 15030 slot=1283 ADD | ADD EDX,dword ptr [EAX] | len=2
OpcodeLengths.java> OPLEN 15040 slot=1284 ADD | ADD AL,0x10 | len=2
OpcodeLengths.java> OPLEN 15050 slot=1285 ADD | ADD EAX,0x90909010 | len=5
OpcodeLengths.java> OPLEN 15060 slot=1286 PUSH | PUSH ES | len=1
OpcodeLengths.java> OPLEN 15070 slot=1287 POP | POP ES | len=1
OpcodeLengths.java> OPLEN 15080 slot=1288 OR | OR byte ptr [EAX],DL | len=2
OpcodeLengths.java> OPLEN 15090 slot=1289 OR | OR dword ptr [EAX],EDX | len=2
OpcodeLengths.java> OPLEN 150a0 slot=1290 OR | OR DL,byte ptr [EAX] | len=2
OpcodeLengths.java> OPLEN 150b0 slot=1291 OR | OR EDX,dword ptr [EAX] | len=2
OpcodeLengths.java> OPLEN 150c0 slot=1292 OR | OR AL,0x10 | len=2
OpcodeLengths.java> OPLEN 150d0 slot=1293 OR | OR EAX,0x90909010 | len=5
OpcodeLengths.java> OPLEN 150e0 slot=1294 PUSH | PUSH CS | len=1
OpcodeLengths.java> OPLEN 150f0 slot=1295 MOVUPS | MOVUPS XMM2,xmmword ptr [EAX + 0x90909090] | len=7
OpcodeLengths.java> OPLEN 15100 slot=1296 ADC | ADC byte ptr [EAX],DL | len=2
OpcodeLengths.java> OPLEN 15110 slot=1297 ADC | ADC dword ptr [EAX],EDX | len=2
OpcodeLengths.java> OPLEN 15120 slot=1298 ADC | ADC DL,byte ptr [EAX] | len=2
OpcodeLengths.java> OPLEN 15130 slot=1299 ADC | ADC EDX,dword ptr [EAX] | len=2
OpcodeLengths.java> OPLEN 15140 slot=1300 ADC | ADC AL,0x10 | len=2
OpcodeLengths.java> OPLEN 15150 slot=1301 ADC | ADC EAX,0x90909010 | len=5
OpcodeLengths.java> OPLEN 15160 slot=1302 PUSH | PUSH SS | len=1
OpcodeLengths.java> OPLEN 15170 slot=1303 POP | POP SS | len=1
OpcodeLengths.java> OPLEN 15180 slot=1304 SBB | SBB byte ptr [EAX],DL | len=2
OpcodeLengths.java> OPLEN 15190 slot=1305 SBB | SBB dword ptr [EAX],EDX | len=2
OpcodeLengths.java> OPLEN 151a0 slot=1306 SBB | SBB DL,byte ptr [EAX] | len=2
OpcodeLengths.java> OPLEN 151b0 slot=1307 SBB | SBB EDX,dword ptr [EAX] | len=2
OpcodeLengths.java> OPLEN 151c0 slot=1308 SBB | SBB AL,0x10 | len=2
OpcodeLengths.java> OPLEN 151d0 slot=1309 SBB | SBB EAX,0x90909010 | len=5
OpcodeLengths.java> OPLEN 151e0 slot=1310 PUSH | PUSH DS | len=1
OpcodeLengths.java> OPLEN 151f0 slot=1311 POP | POP DS | len=1
OpcodeLengths.java> OPLEN 15200 slot=1312 AND | AND byte ptr [EAX],DL | len=2
OpcodeLengths.java> OPLEN 15210 slot=1313 AND | AND dword ptr [EAX],EDX | len=2
OpcodeLengths.java> OPLEN 15220 slot=1314 AND | AND DL,byte ptr [EAX] | len=2
OpcodeLengths.java> OPLEN 15230 slot=1315 AND | AND EDX,dword ptr [EAX] | len=2
OpcodeLengths.java> OPLEN 15240 slot=1316 AND | AND AL,0x10 | len=2
OpcodeLengths.java> OPLEN 15250 slot=1317 AND | AND EAX,0x90909010 | len=5
OpcodeLengths.java> OPLEN 15260 slot=1318 ADC | ADC byte ptr ES:[EAX + 0x90909090],DL | len=7
OpcodeLengths.java> OPLEN 15270 slot=1319 DAA | DAA | len=1
OpcodeLengths.java> OPLEN 15280 slot=1320 SUB | SUB byte ptr [EAX],DL | len=2
OpcodeLengths.java> OPLEN 15290 slot=1321 SUB | SUB dword ptr [EAX],EDX | len=2
OpcodeLengths.java> OPLEN 152a0 slot=1322 SUB | SUB DL,byte ptr [EAX] | len=2
OpcodeLengths.java> OPLEN 152b0 slot=1323 SUB | SUB EDX,dword ptr [EAX] | len=2
OpcodeLengths.java> OPLEN 152c0 slot=1324 SUB | SUB AL,0x10 | len=2
OpcodeLengths.java> OPLEN 152d0 slot=1325 SUB | SUB EAX,0x90909010 | len=5
OpcodeLengths.java> OPLEN 152e0 slot=1326 ADC | ADC byte ptr CS:[EAX + 0x90909090],DL | len=7
OpcodeLengths.java> OPLEN 152f0 slot=1327 DAS | DAS | len=1
OpcodeLengths.java> OPLEN 15300 slot=1328 XOR | XOR byte ptr [EAX],DL | len=2
OpcodeLengths.java> OPLEN 15310 slot=1329 XOR | XOR dword ptr [EAX],EDX | len=2
OpcodeLengths.java> OPLEN 15320 slot=1330 XOR | XOR DL,byte ptr [EAX] | len=2
OpcodeLengths.java> OPLEN 15330 slot=1331 XOR | XOR EDX,dword ptr [EAX] | len=2
OpcodeLengths.java> OPLEN 15340 slot=1332 XOR | XOR AL,0x10 | len=2
OpcodeLengths.java> OPLEN 15350 slot=1333 XOR | XOR EAX,0x90909010 | len=5
OpcodeLengths.java> OPLEN 15360 slot=1334 ADC | ADC byte ptr SS:[EAX + 0x90909090],DL | len=7
OpcodeLengths.java> OPLEN 15370 slot=1335 AAA | AAA | len=1
OpcodeLengths.java> OPLEN 15380 slot=1336 CMP | CMP byte ptr [EAX],DL | len=2
OpcodeLengths.java> OPLEN 15390 slot=1337 CMP | CMP dword ptr [EAX],EDX | len=2
OpcodeLengths.java> OPLEN 153a0 slot=1338 CMP | CMP DL,byte ptr [EAX] | len=2
OpcodeLengths.java> OPLEN 153b0 slot=1339 CMP | CMP EDX,dword ptr [EAX] | len=2
OpcodeLengths.java> OPLEN 153c0 slot=1340 CMP | CMP AL,0x10 | len=2
OpcodeLengths.java> OPLEN 153d0 slot=1341 CMP | CMP EAX,0x90909010 | len=5
OpcodeLengths.java> OPLEN 153e0 slot=1342 ADC | ADC byte ptr DS:[EAX + 0x90909090],DL | len=7
OpcodeLengths.java> OPLEN 153f0 slot=1343 AAS | AAS | len=1
OpcodeLengths.java> OPLEN 15400 slot=1344 INC | INC EAX | len=1
OpcodeLengths.java> OPLEN 15410 slot=1345 INC | INC ECX | len=1
OpcodeLengths.java> OPLEN 15420 slot=1346 INC | INC EDX | len=1
OpcodeLengths.java> OPLEN 15430 slot=1347 INC | INC EBX | len=1
OpcodeLengths.java> OPLEN 15440 slot=1348 INC | INC ESP | len=1
OpcodeLengths.java> OPLEN 15450 slot=1349 INC | INC EBP | len=1
OpcodeLengths.java> OPLEN 15460 slot=1350 INC | INC ESI | len=1
OpcodeLengths.java> OPLEN 15470 slot=1351 INC | INC EDI | len=1
OpcodeLengths.java> OPLEN 15480 slot=1352 DEC | DEC EAX | len=1
OpcodeLengths.java> OPLEN 15490 slot=1353 DEC | DEC ECX | len=1
OpcodeLengths.java> OPLEN 154a0 slot=1354 DEC | DEC EDX | len=1
OpcodeLengths.java> OPLEN 154b0 slot=1355 DEC | DEC EBX | len=1
OpcodeLengths.java> OPLEN 154c0 slot=1356 DEC | DEC ESP | len=1
OpcodeLengths.java> OPLEN 154d0 slot=1357 DEC | DEC EBP | len=1
OpcodeLengths.java> OPLEN 154e0 slot=1358 DEC | DEC ESI | len=1
OpcodeLengths.java> OPLEN 154f0 slot=1359 DEC | DEC EDI | len=1
OpcodeLengths.java> OPLEN 15500 slot=1360 PUSH | PUSH EAX | len=1
OpcodeLengths.java> OPLEN 15510 slot=1361 PUSH | PUSH ECX | len=1
OpcodeLengths.java> OPLEN 15520 slot=1362 PUSH | PUSH EDX | len=1
OpcodeLengths.java> OPLEN 15530 slot=1363 PUSH | PUSH EBX | len=1
OpcodeLengths.java> OPLEN 15540 slot=1364 PUSH | PUSH ESP | len=1
OpcodeLengths.java> OPLEN 15550 slot=1365 PUSH | PUSH EBP | len=1
OpcodeLengths.java> OPLEN 15560 slot=1366 PUSH | PUSH ESI | len=1
OpcodeLengths.java> OPLEN 15570 slot=1367 PUSH | PUSH EDI | len=1
OpcodeLengths.java> OPLEN 15580 slot=1368 POP | POP EAX | len=1
OpcodeLengths.java> OPLEN 15590 slot=1369 POP | POP ECX | len=1
OpcodeLengths.java> OPLEN 155a0 slot=1370 POP | POP EDX | len=1
OpcodeLengths.java> OPLEN 155b0 slot=1371 POP | POP EBX | len=1
OpcodeLengths.java> OPLEN 155c0 slot=1372 POP | POP ESP | len=1
OpcodeLengths.java> OPLEN 155d0 slot=1373 POP | POP EBP | len=1
OpcodeLengths.java> OPLEN 155e0 slot=1374 POP | POP ESI | len=1
OpcodeLengths.java> OPLEN 155f0 slot=1375 POP | POP EDI | len=1
OpcodeLengths.java> OPLEN 15600 slot=1376 PUSHAD | PUSHAD | len=1
OpcodeLengths.java> OPLEN 15610 slot=1377 POPAD | POPAD | len=1
OpcodeLengths.java> OPLEN 15620 slot=1378 BOUND | BOUND EDX,dword ptr [EAX] | len=2
OpcodeLengths.java> OPLEN 15630 slot=1379 ARPL | ARPL word ptr [EAX],DX | len=2
OpcodeLengths.java> OPLEN 15640 slot=1380 ADC | ADC byte ptr FS:[EAX + 0x90909090],DL | len=7
OpcodeLengths.java> OPLEN 15650 slot=1381 ADC | ADC byte ptr GS:[EAX + 0x90909090],DL | len=7
OpcodeLengths.java> OPLEN 15660 slot=1382 ADC | ADC byte ptr [EAX + 0x90909090],DL | len=7
OpcodeLengths.java> OPLEN 15670 slot=1383 ADC | ADC byte ptr [BX + SI + 0x9090],DL | len=5
OpcodeLengths.java> OPLEN 15680 slot=1384 PUSH | PUSH 0x90909010 | len=5
OpcodeLengths.java> OPLEN 15690 slot=1385 IMUL | IMUL EDX,dword ptr [EAX],-0x6f6f6f70 | len=6
OpcodeLengths.java> OPLEN 156a0 slot=1386 PUSH | PUSH 0x10 | len=2
OpcodeLengths.java> OPLEN 156b0 slot=1387 IMUL | IMUL EDX,dword ptr [EAX],-0x70 | len=3
OpcodeLengths.java> OPLEN 156c0 slot=1388 INSB | INSB ES:EDI,DX | len=1
OpcodeLengths.java> OPLEN 156d0 slot=1389 INSD | INSD ES:EDI,DX | len=1
OpcodeLengths.java> OPLEN 156e0 slot=1390 OUTSB | OUTSB DX,ESI | len=1
OpcodeLengths.java> OPLEN 156f0 slot=1391 OUTSD | OUTSD DX,ESI | len=1
OpcodeLengths.java> OPLEN 15700 slot=1392 JO | JO 0x00015712 | len=2
OpcodeLengths.java> OPLEN 15710 slot=1393 JNO | JNO 0x00015722 | len=2
OpcodeLengths.java> OPLEN 15720 slot=1394 JC | JC 0x00015732 | len=2
OpcodeLengths.java> OPLEN 15730 slot=1395 JNC | JNC 0x00015742 | len=2
OpcodeLengths.java> OPLEN 15740 slot=1396 JZ | JZ 0x00015752 | len=2
OpcodeLengths.java> OPLEN 15750 slot=1397 JNZ | JNZ 0x00015762 | len=2
OpcodeLengths.java> OPLEN 15760 slot=1398 JBE | JBE 0x00015772 | len=2
OpcodeLengths.java> OPLEN 15770 slot=1399 JA | JA 0x00015782 | len=2
OpcodeLengths.java> OPLEN 15780 slot=1400 JS | JS 0x00015792 | len=2
OpcodeLengths.java> OPLEN 15790 slot=1401 JNS | JNS 0x000157a2 | len=2
OpcodeLengths.java> OPLEN 157a0 slot=1402 JP | JP 0x000157b2 | len=2
OpcodeLengths.java> OPLEN 157b0 slot=1403 JNP | JNP 0x000157c2 | len=2
OpcodeLengths.java> OPLEN 157c0 slot=1404 JL | JL 0x000157d2 | len=2
OpcodeLengths.java> OPLEN 157d0 slot=1405 JGE | JGE 0x000157e2 | len=2
OpcodeLengths.java> OPLEN 157e0 slot=1406 JLE | JLE 0x000157f2 | len=2
OpcodeLengths.java> OPLEN 157f0 slot=1407 JG | JG 0x00015802 | len=2
OpcodeLengths.java> OPLEN 15800 slot=1408 ADC | ADC byte ptr [EAX],0x90 | len=3
OpcodeLengths.java> OPLEN 15810 slot=1409 ADC | ADC dword ptr [EAX],0x90909090 | len=6
OpcodeLengths.java> OPLEN 15820 slot=1410 ADC | ADC byte ptr [EAX],0x90 | len=3
OpcodeLengths.java> OPLEN 15830 slot=1411 ADC | ADC dword ptr [EAX],-0x70 | len=3
OpcodeLengths.java> OPLEN 15840 slot=1412 TEST | TEST byte ptr [EAX],DL | len=2
OpcodeLengths.java> OPLEN 15850 slot=1413 TEST | TEST dword ptr [EAX],EDX | len=2
OpcodeLengths.java> OPLEN 15860 slot=1414 XCHG | XCHG byte ptr [EAX],DL | len=2
OpcodeLengths.java> OPLEN 15870 slot=1415 XCHG | XCHG dword ptr [EAX],EDX | len=2
OpcodeLengths.java> OPLEN 15880 slot=1416 MOV | MOV byte ptr [EAX],DL | len=2
OpcodeLengths.java> OPLEN 15890 slot=1417 MOV | MOV dword ptr [EAX],EDX | len=2
OpcodeLengths.java> OPLEN 158a0 slot=1418 MOV | MOV DL,byte ptr [EAX] | len=2
OpcodeLengths.java> OPLEN 158b0 slot=1419 MOV | MOV EDX,dword ptr [EAX] | len=2
OpcodeLengths.java> OPLEN 158c0 slot=1420 MOV | MOV word ptr [EAX],SS | len=2
OpcodeLengths.java> OPLEN 158d0 slot=1421 LEA | LEA EDX,[EAX] | len=2
OpcodeLengths.java> OPLEN 158e0 slot=1422 MOV | MOV SS,word ptr [EAX] | len=2
OpcodeLengths.java> OPLEN 158f0 slot=1423 NONE
OpcodeLengths.java> OPLEN 15900 slot=1424 NOP | NOP | len=1
OpcodeLengths.java> OPLEN 15910 slot=1425 XCHG | XCHG EAX,ECX | len=1
OpcodeLengths.java> OPLEN 15920 slot=1426 XCHG | XCHG EAX,EDX | len=1
OpcodeLengths.java> OPLEN 15930 slot=1427 XCHG | XCHG EAX,EBX | len=1
OpcodeLengths.java> OPLEN 15940 slot=1428 XCHG | XCHG EAX,ESP | len=1
OpcodeLengths.java> OPLEN 15950 slot=1429 XCHG | XCHG EAX,EBP | len=1
OpcodeLengths.java> OPLEN 15960 slot=1430 XCHG | XCHG EAX,ESI | len=1
OpcodeLengths.java> OPLEN 15970 slot=1431 XCHG | XCHG EAX,EDI | len=1
OpcodeLengths.java> OPLEN 15980 slot=1432 CWDE | CWDE | len=1
OpcodeLengths.java> OPLEN 15990 slot=1433 CDQ | CDQ | len=1
OpcodeLengths.java> OPLEN 159a0 slot=1434 CALLF | CALLF 0x9090:0x90909010 | len=7
OpcodeLengths.java> OPLEN 159b0 slot=1435 WAIT | WAIT | len=1
OpcodeLengths.java> OPLEN 159c0 slot=1436 PUSHFD | PUSHFD | len=1
OpcodeLengths.java> OPLEN 159d0 slot=1437 POPFD | POPFD | len=1
OpcodeLengths.java> OPLEN 159e0 slot=1438 SAHF | SAHF | len=1
OpcodeLengths.java> OPLEN 159f0 slot=1439 LAHF | LAHF | len=1
OpcodeLengths.java> OPLEN 15a00 slot=1440 MOV | MOV AL,[0x90909010] | len=5
OpcodeLengths.java> OPLEN 15a10 slot=1441 MOV | MOV EAX,[0x90909010] | len=5
OpcodeLengths.java> OPLEN 15a20 slot=1442 MOV | MOV [0x90909010],AL | len=5
OpcodeLengths.java> OPLEN 15a30 slot=1443 MOV | MOV [0x90909010],EAX | len=5
OpcodeLengths.java> OPLEN 15a40 slot=1444 MOVSB | MOVSB ES:EDI,ESI | len=1
OpcodeLengths.java> OPLEN 15a50 slot=1445 MOVSD | MOVSD ES:EDI,ESI | len=1
OpcodeLengths.java> OPLEN 15a60 slot=1446 CMPSB | CMPSB ES:EDI,ESI | len=1
OpcodeLengths.java> OPLEN 15a70 slot=1447 CMPSD | CMPSD ES:EDI,ESI | len=1
OpcodeLengths.java> OPLEN 15a80 slot=1448 TEST | TEST AL,0x10 | len=2
OpcodeLengths.java> OPLEN 15a90 slot=1449 TEST | TEST EAX,0x90909010 | len=5
OpcodeLengths.java> OPLEN 15aa0 slot=1450 STOSB | STOSB ES:EDI | len=1
OpcodeLengths.java> OPLEN 15ab0 slot=1451 STOSD | STOSD ES:EDI | len=1
OpcodeLengths.java> OPLEN 15ac0 slot=1452 LODSB | LODSB ESI | len=1
OpcodeLengths.java> OPLEN 15ad0 slot=1453 LODSD | LODSD ESI | len=1
OpcodeLengths.java> OPLEN 15ae0 slot=1454 SCASB | SCASB ES:EDI | len=1
OpcodeLengths.java> OPLEN 15af0 slot=1455 SCASD | SCASD ES:EDI | len=1
OpcodeLengths.java> OPLEN 15b00 slot=1456 MOV | MOV AL,0x10 | len=2
OpcodeLengths.java> OPLEN 15b10 slot=1457 MOV | MOV CL,0x10 | len=2
OpcodeLengths.java> OPLEN 15b20 slot=1458 MOV | MOV DL,0x10 | len=2
OpcodeLengths.java> OPLEN 15b30 slot=1459 MOV | MOV BL,0x10 | len=2
OpcodeLengths.java> OPLEN 15b40 slot=1460 MOV | MOV AH,0x10 | len=2
OpcodeLengths.java> OPLEN 15b50 slot=1461 MOV | MOV CH,0x10 | len=2
OpcodeLengths.java> OPLEN 15b60 slot=1462 MOV | MOV DH,0x10 | len=2
OpcodeLengths.java> OPLEN 15b70 slot=1463 MOV | MOV BH,0x10 | len=2
OpcodeLengths.java> OPLEN 15b80 slot=1464 MOV | MOV EAX,0x90909010 | len=5
OpcodeLengths.java> OPLEN 15b90 slot=1465 MOV | MOV ECX,0x90909010 | len=5
OpcodeLengths.java> OPLEN 15ba0 slot=1466 MOV | MOV EDX,0x90909010 | len=5
OpcodeLengths.java> OPLEN 15bb0 slot=1467 MOV | MOV EBX,0x90909010 | len=5
OpcodeLengths.java> OPLEN 15bc0 slot=1468 MOV | MOV ESP,0x90909010 | len=5
OpcodeLengths.java> OPLEN 15bd0 slot=1469 MOV | MOV EBP,0x90909010 | len=5
OpcodeLengths.java> OPLEN 15be0 slot=1470 MOV | MOV ESI,0x90909010 | len=5
OpcodeLengths.java> OPLEN 15bf0 slot=1471 MOV | MOV EDI,0x90909010 | len=5
OpcodeLengths.java> OPLEN 15c00 slot=1472 RCL | RCL byte ptr [EAX],0x90 | len=3
OpcodeLengths.java> OPLEN 15c10 slot=1473 RCL | RCL dword ptr [EAX],0x90 | len=3
OpcodeLengths.java> OPLEN 15c20 slot=1474 RET | RET 0x9010 | len=3
OpcodeLengths.java> OPLEN 15c30 slot=1475 RET | RET | len=1
OpcodeLengths.java> OPLEN 15c40 slot=1476 LES | LES EDX,[EAX] | len=2
OpcodeLengths.java> OPLEN 15c50 slot=1477 LDS | LDS EDX,[EAX] | len=2
OpcodeLengths.java> OPLEN 15c60 slot=1478 NONE
OpcodeLengths.java> OPLEN 15c70 slot=1479 NONE
OpcodeLengths.java> OPLEN 15c80 slot=1480 ENTER | ENTER 0x9010,0x10 | len=4
OpcodeLengths.java> OPLEN 15c90 slot=1481 LEAVE | LEAVE | len=1
OpcodeLengths.java> OPLEN 15ca0 slot=1482 RETF | RETF 0x9010 | len=3
OpcodeLengths.java> OPLEN 15cb0 slot=1483 RETF | RETF | len=1
OpcodeLengths.java> OPLEN 15cc0 slot=1484 INT3 | INT3 | len=1
OpcodeLengths.java> OPLEN 15cd0 slot=1485 INT | INT 0x10 | len=2
OpcodeLengths.java> OPLEN 15ce0 slot=1486 INTO | INTO | len=1
OpcodeLengths.java> OPLEN 15cf0 slot=1487 IRETD | IRETD | len=1
OpcodeLengths.java> OPLEN 15d00 slot=1488 RCL | RCL byte ptr [EAX],0x1 | len=2
OpcodeLengths.java> OPLEN 15d10 slot=1489 RCL | RCL dword ptr [EAX],0x1 | len=2
OpcodeLengths.java> OPLEN 15d20 slot=1490 RCL | RCL byte ptr [EAX],CL | len=2
OpcodeLengths.java> OPLEN 15d30 slot=1491 RCL | RCL dword ptr [EAX],CL | len=2
OpcodeLengths.java> OPLEN 15d40 slot=1492 AAM | AAM 0x10 | len=2
OpcodeLengths.java> OPLEN 15d50 slot=1493 AAD | AAD 0x10 | len=2
OpcodeLengths.java> OPLEN 15d60 slot=1494 SALC | SALC | len=1
OpcodeLengths.java> OPLEN 15d70 slot=1495 XLAT | XLAT EBX | len=1
OpcodeLengths.java> OPLEN 15d80 slot=1496 FCOM | FCOM float ptr [EAX] | len=2
OpcodeLengths.java> OPLEN 15d90 slot=1497 FST | FST float ptr [EAX] | len=2
OpcodeLengths.java> OPLEN 15da0 slot=1498 FICOM | FICOM dword ptr [EAX] | len=2
OpcodeLengths.java> OPLEN 15db0 slot=1499 FIST | FIST dword ptr [EAX] | len=2
OpcodeLengths.java> OPLEN 15dc0 slot=1500 FCOM | FCOM double ptr [EAX] | len=2
OpcodeLengths.java> OPLEN 15dd0 slot=1501 FST | FST double ptr [EAX] | len=2
OpcodeLengths.java> OPLEN 15de0 slot=1502 FICOM | FICOM word ptr [EAX] | len=2
OpcodeLengths.java> OPLEN 15df0 slot=1503 FIST | FIST word ptr [EAX] | len=2
OpcodeLengths.java> OPLEN 15e00 slot=1504 LOOPNZ | LOOPNZ 0x00015e12 | len=2
OpcodeLengths.java> OPLEN 15e10 slot=1505 LOOPZ | LOOPZ 0x00015e22 | len=2
OpcodeLengths.java> OPLEN 15e20 slot=1506 LOOP | LOOP 0x00015e32 | len=2
OpcodeLengths.java> OPLEN 15e30 slot=1507 JECXZ | JECXZ 0x00015e42 | len=2
OpcodeLengths.java> OPLEN 15e40 slot=1508 IN | IN AL,0x10 | len=2
OpcodeLengths.java> OPLEN 15e50 slot=1509 IN | IN EAX,0x10 | len=2
OpcodeLengths.java> OPLEN 15e60 slot=1510 OUT | OUT 0x10,AL | len=2
OpcodeLengths.java> OPLEN 15e70 slot=1511 OUT | OUT 0x10,EAX | len=2
OpcodeLengths.java> OPLEN 15e80 slot=1512 CALL | CALL 0x9091ee95 | len=5
OpcodeLengths.java> OPLEN 15e90 slot=1513 JMP | JMP 0x9091eea5 | len=5
OpcodeLengths.java> OPLEN 15ea0 slot=1514 JMPF | JMPF 0x9090:0x90909010 | len=7
OpcodeLengths.java> OPLEN 15eb0 slot=1515 JMP | JMP 0x00015ec2 | len=2
OpcodeLengths.java> OPLEN 15ec0 slot=1516 IN | IN AL,DX | len=1
OpcodeLengths.java> OPLEN 15ed0 slot=1517 IN | IN EAX,DX | len=1
OpcodeLengths.java> OPLEN 15ee0 slot=1518 OUT | OUT DX,AL | len=1
OpcodeLengths.java> OPLEN 15ef0 slot=1519 OUT | OUT DX,EAX | len=1
OpcodeLengths.java> OPLEN 15f00 slot=1520 ADC.LOCK | ADC.LOCK byte ptr [EAX + 0x90909090],DL | len=7
OpcodeLengths.java> OPLEN 15f10 slot=1521 INT1 | INT1 | len=1
OpcodeLengths.java> OPLEN 15f20 slot=1522 ADC | ADC byte ptr [EAX + 0x90909090],DL | len=7
OpcodeLengths.java> OPLEN 15f30 slot=1523 ADC | ADC byte ptr [EAX + 0x90909090],DL | len=7
OpcodeLengths.java> OPLEN 15f40 slot=1524 HLT | HLT | len=1
OpcodeLengths.java> OPLEN 15f50 slot=1525 CMC | CMC | len=1
OpcodeLengths.java> OPLEN 15f60 slot=1526 NOT | NOT byte ptr [EAX] | len=2
OpcodeLengths.java> OPLEN 15f70 slot=1527 NOT | NOT dword ptr [EAX] | len=2
OpcodeLengths.java> OPLEN 15f80 slot=1528 CLC | CLC | len=1
OpcodeLengths.java> OPLEN 15f90 slot=1529 STC | STC | len=1
OpcodeLengths.java> OPLEN 15fa0 slot=1530 CLI | CLI | len=1
OpcodeLengths.java> OPLEN 15fb0 slot=1531 STI | STI | len=1
OpcodeLengths.java> OPLEN 15fc0 slot=1532 CLD | CLD | len=1
OpcodeLengths.java> OPLEN 15fd0 slot=1533 STD | STD | len=1
OpcodeLengths.java> OPLEN 15fe0 slot=1534 INC | INC byte ptr [EAX] | len=2
OpcodeLengths.java> OPLEN 15ff0 slot=1535 CALL | CALL dword ptr [EAX] | len=2
OpcodeLengths.java> OPLEN 16000 slot=1536 ADD | ADD byte ptr [EAX],BL | len=2
OpcodeLengths.java> OPLEN 16010 slot=1537 ADD | ADD dword ptr [EAX],EBX | len=2
OpcodeLengths.java> OPLEN 16020 slot=1538 ADD | ADD BL,byte ptr [EAX] | len=2
OpcodeLengths.java> OPLEN 16030 slot=1539 ADD | ADD EBX,dword ptr [EAX] | len=2
OpcodeLengths.java> OPLEN 16040 slot=1540 ADD | ADD AL,0x18 | len=2
OpcodeLengths.java> OPLEN 16050 slot=1541 ADD | ADD EAX,0x90909018 | len=5
OpcodeLengths.java> OPLEN 16060 slot=1542 PUSH | PUSH ES | len=1
OpcodeLengths.java> OPLEN 16070 slot=1543 POP | POP ES | len=1
OpcodeLengths.java> OPLEN 16080 slot=1544 OR | OR byte ptr [EAX],BL | len=2
OpcodeLengths.java> OPLEN 16090 slot=1545 OR | OR dword ptr [EAX],EBX | len=2
OpcodeLengths.java> OPLEN 160a0 slot=1546 OR | OR BL,byte ptr [EAX] | len=2
OpcodeLengths.java> OPLEN 160b0 slot=1547 OR | OR EBX,dword ptr [EAX] | len=2
OpcodeLengths.java> OPLEN 160c0 slot=1548 OR | OR AL,0x18 | len=2
OpcodeLengths.java> OPLEN 160d0 slot=1549 OR | OR EAX,0x90909018 | len=5
OpcodeLengths.java> OPLEN 160e0 slot=1550 PUSH | PUSH CS | len=1
OpcodeLengths.java> OPLEN 160f0 slot=1551 NOP | NOP dword ptr [EAX + 0x90909090] | len=7
OpcodeLengths.java> OPLEN 16100 slot=1552 ADC | ADC byte ptr [EAX],BL | len=2
OpcodeLengths.java> OPLEN 16110 slot=1553 ADC | ADC dword ptr [EAX],EBX | len=2
OpcodeLengths.java> OPLEN 16120 slot=1554 ADC | ADC BL,byte ptr [EAX] | len=2
OpcodeLengths.java> OPLEN 16130 slot=1555 ADC | ADC EBX,dword ptr [EAX] | len=2
OpcodeLengths.java> OPLEN 16140 slot=1556 ADC | ADC AL,0x18 | len=2
OpcodeLengths.java> OPLEN 16150 slot=1557 ADC | ADC EAX,0x90909018 | len=5
OpcodeLengths.java> OPLEN 16160 slot=1558 PUSH | PUSH SS | len=1
OpcodeLengths.java> OPLEN 16170 slot=1559 POP | POP SS | len=1
OpcodeLengths.java> OPLEN 16180 slot=1560 SBB | SBB byte ptr [EAX],BL | len=2
OpcodeLengths.java> OPLEN 16190 slot=1561 SBB | SBB dword ptr [EAX],EBX | len=2
OpcodeLengths.java> OPLEN 161a0 slot=1562 SBB | SBB BL,byte ptr [EAX] | len=2
OpcodeLengths.java> OPLEN 161b0 slot=1563 SBB | SBB EBX,dword ptr [EAX] | len=2
OpcodeLengths.java> OPLEN 161c0 slot=1564 SBB | SBB AL,0x18 | len=2
OpcodeLengths.java> OPLEN 161d0 slot=1565 SBB | SBB EAX,0x90909018 | len=5
OpcodeLengths.java> OPLEN 161e0 slot=1566 PUSH | PUSH DS | len=1
OpcodeLengths.java> OPLEN 161f0 slot=1567 POP | POP DS | len=1
OpcodeLengths.java> OPLEN 16200 slot=1568 AND | AND byte ptr [EAX],BL | len=2
OpcodeLengths.java> OPLEN 16210 slot=1569 AND | AND dword ptr [EAX],EBX | len=2
OpcodeLengths.java> OPLEN 16220 slot=1570 AND | AND BL,byte ptr [EAX] | len=2
OpcodeLengths.java> OPLEN 16230 slot=1571 AND | AND EBX,dword ptr [EAX] | len=2
OpcodeLengths.java> OPLEN 16240 slot=1572 AND | AND AL,0x18 | len=2
OpcodeLengths.java> OPLEN 16250 slot=1573 AND | AND EAX,0x90909018 | len=5
OpcodeLengths.java> OPLEN 16260 slot=1574 SBB | SBB byte ptr ES:[EAX + 0x90909090],DL | len=7
OpcodeLengths.java> OPLEN 16270 slot=1575 DAA | DAA | len=1
OpcodeLengths.java> OPLEN 16280 slot=1576 SUB | SUB byte ptr [EAX],BL | len=2
OpcodeLengths.java> OPLEN 16290 slot=1577 SUB | SUB dword ptr [EAX],EBX | len=2
OpcodeLengths.java> OPLEN 162a0 slot=1578 SUB | SUB BL,byte ptr [EAX] | len=2
OpcodeLengths.java> OPLEN 162b0 slot=1579 SUB | SUB EBX,dword ptr [EAX] | len=2
OpcodeLengths.java> OPLEN 162c0 slot=1580 SUB | SUB AL,0x18 | len=2
OpcodeLengths.java> OPLEN 162d0 slot=1581 SUB | SUB EAX,0x90909018 | len=5
OpcodeLengths.java> OPLEN 162e0 slot=1582 SBB | SBB byte ptr CS:[EAX + 0x90909090],DL | len=7
OpcodeLengths.java> OPLEN 162f0 slot=1583 DAS | DAS | len=1
OpcodeLengths.java> OPLEN 16300 slot=1584 XOR | XOR byte ptr [EAX],BL | len=2
OpcodeLengths.java> OPLEN 16310 slot=1585 XOR | XOR dword ptr [EAX],EBX | len=2
OpcodeLengths.java> OPLEN 16320 slot=1586 XOR | XOR BL,byte ptr [EAX] | len=2
OpcodeLengths.java> OPLEN 16330 slot=1587 XOR | XOR EBX,dword ptr [EAX] | len=2
OpcodeLengths.java> OPLEN 16340 slot=1588 XOR | XOR AL,0x18 | len=2
OpcodeLengths.java> OPLEN 16350 slot=1589 XOR | XOR EAX,0x90909018 | len=5
OpcodeLengths.java> OPLEN 16360 slot=1590 SBB | SBB byte ptr SS:[EAX + 0x90909090],DL | len=7
OpcodeLengths.java> OPLEN 16370 slot=1591 AAA | AAA | len=1
OpcodeLengths.java> OPLEN 16380 slot=1592 CMP | CMP byte ptr [EAX],BL | len=2
OpcodeLengths.java> OPLEN 16390 slot=1593 CMP | CMP dword ptr [EAX],EBX | len=2
OpcodeLengths.java> OPLEN 163a0 slot=1594 CMP | CMP BL,byte ptr [EAX] | len=2
OpcodeLengths.java> OPLEN 163b0 slot=1595 CMP | CMP EBX,dword ptr [EAX] | len=2
OpcodeLengths.java> OPLEN 163c0 slot=1596 CMP | CMP AL,0x18 | len=2
OpcodeLengths.java> OPLEN 163d0 slot=1597 CMP | CMP EAX,0x90909018 | len=5
OpcodeLengths.java> OPLEN 163e0 slot=1598 SBB | SBB byte ptr DS:[EAX + 0x90909090],DL | len=7
OpcodeLengths.java> OPLEN 163f0 slot=1599 AAS | AAS | len=1
OpcodeLengths.java> OPLEN 16400 slot=1600 INC | INC EAX | len=1
OpcodeLengths.java> OPLEN 16410 slot=1601 INC | INC ECX | len=1
OpcodeLengths.java> OPLEN 16420 slot=1602 INC | INC EDX | len=1
OpcodeLengths.java> OPLEN 16430 slot=1603 INC | INC EBX | len=1
OpcodeLengths.java> OPLEN 16440 slot=1604 INC | INC ESP | len=1
OpcodeLengths.java> OPLEN 16450 slot=1605 INC | INC EBP | len=1
OpcodeLengths.java> OPLEN 16460 slot=1606 INC | INC ESI | len=1
OpcodeLengths.java> OPLEN 16470 slot=1607 INC | INC EDI | len=1
OpcodeLengths.java> OPLEN 16480 slot=1608 DEC | DEC EAX | len=1
OpcodeLengths.java> OPLEN 16490 slot=1609 DEC | DEC ECX | len=1
OpcodeLengths.java> OPLEN 164a0 slot=1610 DEC | DEC EDX | len=1
OpcodeLengths.java> OPLEN 164b0 slot=1611 DEC | DEC EBX | len=1
OpcodeLengths.java> OPLEN 164c0 slot=1612 DEC | DEC ESP | len=1
OpcodeLengths.java> OPLEN 164d0 slot=1613 DEC | DEC EBP | len=1
OpcodeLengths.java> OPLEN 164e0 slot=1614 DEC | DEC ESI | len=1
OpcodeLengths.java> OPLEN 164f0 slot=1615 DEC | DEC EDI | len=1
OpcodeLengths.java> OPLEN 16500 slot=1616 PUSH | PUSH EAX | len=1
OpcodeLengths.java> OPLEN 16510 slot=1617 PUSH | PUSH ECX | len=1
OpcodeLengths.java> OPLEN 16520 slot=1618 PUSH | PUSH EDX | len=1
OpcodeLengths.java> OPLEN 16530 slot=1619 PUSH | PUSH EBX | len=1
OpcodeLengths.java> OPLEN 16540 slot=1620 PUSH | PUSH ESP | len=1
OpcodeLengths.java> OPLEN 16550 slot=1621 PUSH | PUSH EBP | len=1
OpcodeLengths.java> OPLEN 16560 slot=1622 PUSH | PUSH ESI | len=1
OpcodeLengths.java> OPLEN 16570 slot=1623 PUSH | PUSH EDI | len=1
OpcodeLengths.java> OPLEN 16580 slot=1624 POP | POP EAX | len=1
OpcodeLengths.java> OPLEN 16590 slot=1625 POP | POP ECX | len=1
OpcodeLengths.java> OPLEN 165a0 slot=1626 POP | POP EDX | len=1
OpcodeLengths.java> OPLEN 165b0 slot=1627 POP | POP EBX | len=1
OpcodeLengths.java> OPLEN 165c0 slot=1628 POP | POP ESP | len=1
OpcodeLengths.java> OPLEN 165d0 slot=1629 POP | POP EBP | len=1
OpcodeLengths.java> OPLEN 165e0 slot=1630 POP | POP ESI | len=1
OpcodeLengths.java> OPLEN 165f0 slot=1631 POP | POP EDI | len=1
OpcodeLengths.java> OPLEN 16600 slot=1632 PUSHAD | PUSHAD | len=1
OpcodeLengths.java> OPLEN 16610 slot=1633 POPAD | POPAD | len=1
OpcodeLengths.java> OPLEN 16620 slot=1634 BOUND | BOUND EBX,dword ptr [EAX] | len=2
OpcodeLengths.java> OPLEN 16630 slot=1635 ARPL | ARPL word ptr [EAX],BX | len=2
OpcodeLengths.java> OPLEN 16640 slot=1636 SBB | SBB byte ptr FS:[EAX + 0x90909090],DL | len=7
OpcodeLengths.java> OPLEN 16650 slot=1637 SBB | SBB byte ptr GS:[EAX + 0x90909090],DL | len=7
OpcodeLengths.java> OPLEN 16660 slot=1638 SBB | SBB byte ptr [EAX + 0x90909090],DL | len=7
OpcodeLengths.java> OPLEN 16670 slot=1639 SBB | SBB byte ptr [BX + SI + 0x9090],DL | len=5
OpcodeLengths.java> OPLEN 16680 slot=1640 PUSH | PUSH 0x90909018 | len=5
OpcodeLengths.java> OPLEN 16690 slot=1641 IMUL | IMUL EBX,dword ptr [EAX],-0x6f6f6f70 | len=6
OpcodeLengths.java> OPLEN 166a0 slot=1642 PUSH | PUSH 0x18 | len=2
OpcodeLengths.java> OPLEN 166b0 slot=1643 IMUL | IMUL EBX,dword ptr [EAX],-0x70 | len=3
OpcodeLengths.java> OPLEN 166c0 slot=1644 INSB | INSB ES:EDI,DX | len=1
OpcodeLengths.java> OPLEN 166d0 slot=1645 INSD | INSD ES:EDI,DX | len=1
OpcodeLengths.java> OPLEN 166e0 slot=1646 OUTSB | OUTSB DX,ESI | len=1
OpcodeLengths.java> OPLEN 166f0 slot=1647 OUTSD | OUTSD DX,ESI | len=1
OpcodeLengths.java> OPLEN 16700 slot=1648 JO | JO 0x0001671a | len=2
OpcodeLengths.java> OPLEN 16710 slot=1649 JNO | JNO 0x0001672a | len=2
OpcodeLengths.java> OPLEN 16720 slot=1650 JC | JC 0x0001673a | len=2
OpcodeLengths.java> OPLEN 16730 slot=1651 JNC | JNC 0x0001674a | len=2
OpcodeLengths.java> OPLEN 16740 slot=1652 JZ | JZ 0x0001675a | len=2
OpcodeLengths.java> OPLEN 16750 slot=1653 JNZ | JNZ 0x0001676a | len=2
OpcodeLengths.java> OPLEN 16760 slot=1654 JBE | JBE 0x0001677a | len=2
OpcodeLengths.java> OPLEN 16770 slot=1655 JA | JA 0x0001678a | len=2
OpcodeLengths.java> OPLEN 16780 slot=1656 JS | JS 0x0001679a | len=2
OpcodeLengths.java> OPLEN 16790 slot=1657 JNS | JNS 0x000167aa | len=2
OpcodeLengths.java> OPLEN 167a0 slot=1658 JP | JP 0x000167ba | len=2
OpcodeLengths.java> OPLEN 167b0 slot=1659 JNP | JNP 0x000167ca | len=2
OpcodeLengths.java> OPLEN 167c0 slot=1660 JL | JL 0x000167da | len=2
OpcodeLengths.java> OPLEN 167d0 slot=1661 JGE | JGE 0x000167ea | len=2
OpcodeLengths.java> OPLEN 167e0 slot=1662 JLE | JLE 0x000167fa | len=2
OpcodeLengths.java> OPLEN 167f0 slot=1663 JG | JG 0x0001680a | len=2
OpcodeLengths.java> OPLEN 16800 slot=1664 SBB | SBB byte ptr [EAX],0x90 | len=3
OpcodeLengths.java> OPLEN 16810 slot=1665 SBB | SBB dword ptr [EAX],0x90909090 | len=6
OpcodeLengths.java> OPLEN 16820 slot=1666 SBB | SBB byte ptr [EAX],0x90 | len=3
OpcodeLengths.java> OPLEN 16830 slot=1667 SBB | SBB dword ptr [EAX],-0x70 | len=3
OpcodeLengths.java> OPLEN 16840 slot=1668 TEST | TEST byte ptr [EAX],BL | len=2
OpcodeLengths.java> OPLEN 16850 slot=1669 TEST | TEST dword ptr [EAX],EBX | len=2
OpcodeLengths.java> OPLEN 16860 slot=1670 XCHG | XCHG byte ptr [EAX],BL | len=2
OpcodeLengths.java> OPLEN 16870 slot=1671 XCHG | XCHG dword ptr [EAX],EBX | len=2
OpcodeLengths.java> OPLEN 16880 slot=1672 MOV | MOV byte ptr [EAX],BL | len=2
OpcodeLengths.java> OPLEN 16890 slot=1673 MOV | MOV dword ptr [EAX],EBX | len=2
OpcodeLengths.java> OPLEN 168a0 slot=1674 MOV | MOV BL,byte ptr [EAX] | len=2
OpcodeLengths.java> OPLEN 168b0 slot=1675 MOV | MOV EBX,dword ptr [EAX] | len=2
OpcodeLengths.java> OPLEN 168c0 slot=1676 MOV | MOV word ptr [EAX],DS | len=2
OpcodeLengths.java> OPLEN 168d0 slot=1677 LEA | LEA EBX,[EAX] | len=2
OpcodeLengths.java> OPLEN 168e0 slot=1678 MOV | MOV DS,word ptr [EAX] | len=2
OpcodeLengths.java> OPLEN 168f0 slot=1679 NONE
OpcodeLengths.java> OPLEN 16900 slot=1680 NOP | NOP | len=1
OpcodeLengths.java> OPLEN 16910 slot=1681 XCHG | XCHG EAX,ECX | len=1
OpcodeLengths.java> OPLEN 16920 slot=1682 XCHG | XCHG EAX,EDX | len=1
OpcodeLengths.java> OPLEN 16930 slot=1683 XCHG | XCHG EAX,EBX | len=1
OpcodeLengths.java> OPLEN 16940 slot=1684 XCHG | XCHG EAX,ESP | len=1
OpcodeLengths.java> OPLEN 16950 slot=1685 XCHG | XCHG EAX,EBP | len=1
OpcodeLengths.java> OPLEN 16960 slot=1686 XCHG | XCHG EAX,ESI | len=1
OpcodeLengths.java> OPLEN 16970 slot=1687 XCHG | XCHG EAX,EDI | len=1
OpcodeLengths.java> OPLEN 16980 slot=1688 CWDE | CWDE | len=1
OpcodeLengths.java> OPLEN 16990 slot=1689 CDQ | CDQ | len=1
OpcodeLengths.java> OPLEN 169a0 slot=1690 CALLF | CALLF 0x9090:0x90909018 | len=7
OpcodeLengths.java> OPLEN 169b0 slot=1691 WAIT | WAIT | len=1
OpcodeLengths.java> OPLEN 169c0 slot=1692 PUSHFD | PUSHFD | len=1
OpcodeLengths.java> OPLEN 169d0 slot=1693 POPFD | POPFD | len=1
OpcodeLengths.java> OPLEN 169e0 slot=1694 SAHF | SAHF | len=1
OpcodeLengths.java> OPLEN 169f0 slot=1695 LAHF | LAHF | len=1
OpcodeLengths.java> OPLEN 16a00 slot=1696 MOV | MOV AL,[0x90909018] | len=5
OpcodeLengths.java> OPLEN 16a10 slot=1697 MOV | MOV EAX,[0x90909018] | len=5
OpcodeLengths.java> OPLEN 16a20 slot=1698 MOV | MOV [0x90909018],AL | len=5
OpcodeLengths.java> OPLEN 16a30 slot=1699 MOV | MOV [0x90909018],EAX | len=5
OpcodeLengths.java> OPLEN 16a40 slot=1700 MOVSB | MOVSB ES:EDI,ESI | len=1
OpcodeLengths.java> OPLEN 16a50 slot=1701 MOVSD | MOVSD ES:EDI,ESI | len=1
OpcodeLengths.java> OPLEN 16a60 slot=1702 CMPSB | CMPSB ES:EDI,ESI | len=1
OpcodeLengths.java> OPLEN 16a70 slot=1703 CMPSD | CMPSD ES:EDI,ESI | len=1
OpcodeLengths.java> OPLEN 16a80 slot=1704 TEST | TEST AL,0x18 | len=2
OpcodeLengths.java> OPLEN 16a90 slot=1705 TEST | TEST EAX,0x90909018 | len=5
OpcodeLengths.java> OPLEN 16aa0 slot=1706 STOSB | STOSB ES:EDI | len=1
OpcodeLengths.java> OPLEN 16ab0 slot=1707 STOSD | STOSD ES:EDI | len=1
OpcodeLengths.java> OPLEN 16ac0 slot=1708 LODSB | LODSB ESI | len=1
OpcodeLengths.java> OPLEN 16ad0 slot=1709 LODSD | LODSD ESI | len=1
OpcodeLengths.java> OPLEN 16ae0 slot=1710 SCASB | SCASB ES:EDI | len=1
OpcodeLengths.java> OPLEN 16af0 slot=1711 SCASD | SCASD ES:EDI | len=1
OpcodeLengths.java> OPLEN 16b00 slot=1712 MOV | MOV AL,0x18 | len=2
OpcodeLengths.java> OPLEN 16b10 slot=1713 MOV | MOV CL,0x18 | len=2
OpcodeLengths.java> OPLEN 16b20 slot=1714 MOV | MOV DL,0x18 | len=2
OpcodeLengths.java> OPLEN 16b30 slot=1715 MOV | MOV BL,0x18 | len=2
OpcodeLengths.java> OPLEN 16b40 slot=1716 MOV | MOV AH,0x18 | len=2
OpcodeLengths.java> OPLEN 16b50 slot=1717 MOV | MOV CH,0x18 | len=2
OpcodeLengths.java> OPLEN 16b60 slot=1718 MOV | MOV DH,0x18 | len=2
OpcodeLengths.java> OPLEN 16b70 slot=1719 MOV | MOV BH,0x18 | len=2
OpcodeLengths.java> OPLEN 16b80 slot=1720 MOV | MOV EAX,0x90909018 | len=5
OpcodeLengths.java> OPLEN 16b90 slot=1721 MOV | MOV ECX,0x90909018 | len=5
OpcodeLengths.java> OPLEN 16ba0 slot=1722 MOV | MOV EDX,0x90909018 | len=5
OpcodeLengths.java> OPLEN 16bb0 slot=1723 MOV | MOV EBX,0x90909018 | len=5
OpcodeLengths.java> OPLEN 16bc0 slot=1724 MOV | MOV ESP,0x90909018 | len=5
OpcodeLengths.java> OPLEN 16bd0 slot=1725 MOV | MOV EBP,0x90909018 | len=5
OpcodeLengths.java> OPLEN 16be0 slot=1726 MOV | MOV ESI,0x90909018 | len=5
OpcodeLengths.java> OPLEN 16bf0 slot=1727 MOV | MOV EDI,0x90909018 | len=5
OpcodeLengths.java> OPLEN 16c00 slot=1728 RCR | RCR byte ptr [EAX],0x90 | len=3
OpcodeLengths.java> OPLEN 16c10 slot=1729 RCR | RCR dword ptr [EAX],0x90 | len=3
OpcodeLengths.java> OPLEN 16c20 slot=1730 RET | RET 0x9018 | len=3
OpcodeLengths.java> OPLEN 16c30 slot=1731 RET | RET | len=1
OpcodeLengths.java> OPLEN 16c40 slot=1732 LES | LES EBX,[EAX] | len=2
OpcodeLengths.java> OPLEN 16c50 slot=1733 LDS | LDS EBX,[EAX] | len=2
OpcodeLengths.java> OPLEN 16c60 slot=1734 NONE
OpcodeLengths.java> OPLEN 16c70 slot=1735 NONE
OpcodeLengths.java> OPLEN 16c80 slot=1736 ENTER | ENTER 0x9018,0x10 | len=4
OpcodeLengths.java> OPLEN 16c90 slot=1737 LEAVE | LEAVE | len=1
OpcodeLengths.java> OPLEN 16ca0 slot=1738 RETF | RETF 0x9018 | len=3
OpcodeLengths.java> OPLEN 16cb0 slot=1739 RETF | RETF | len=1
OpcodeLengths.java> OPLEN 16cc0 slot=1740 INT3 | INT3 | len=1
OpcodeLengths.java> OPLEN 16cd0 slot=1741 INT | INT 0x18 | len=2
OpcodeLengths.java> OPLEN 16ce0 slot=1742 INTO | INTO | len=1
OpcodeLengths.java> OPLEN 16cf0 slot=1743 IRETD | IRETD | len=1
OpcodeLengths.java> OPLEN 16d00 slot=1744 RCR | RCR byte ptr [EAX],0x1 | len=2
OpcodeLengths.java> OPLEN 16d10 slot=1745 RCR | RCR dword ptr [EAX],0x1 | len=2
OpcodeLengths.java> OPLEN 16d20 slot=1746 RCR | RCR byte ptr [EAX],CL | len=2
OpcodeLengths.java> OPLEN 16d30 slot=1747 RCR | RCR dword ptr [EAX],CL | len=2
OpcodeLengths.java> OPLEN 16d40 slot=1748 AAM | AAM 0x18 | len=2
OpcodeLengths.java> OPLEN 16d50 slot=1749 AAD | AAD 0x18 | len=2
OpcodeLengths.java> OPLEN 16d60 slot=1750 SALC | SALC | len=1
OpcodeLengths.java> OPLEN 16d70 slot=1751 XLAT | XLAT EBX | len=1
OpcodeLengths.java> OPLEN 16d80 slot=1752 FCOMP | FCOMP float ptr [EAX] | len=2
OpcodeLengths.java> OPLEN 16d90 slot=1753 FSTP | FSTP float ptr [EAX] | len=2
OpcodeLengths.java> OPLEN 16da0 slot=1754 FICOMP | FICOMP dword ptr [EAX] | len=2
OpcodeLengths.java> OPLEN 16db0 slot=1755 FISTP | FISTP dword ptr [EAX] | len=2
OpcodeLengths.java> OPLEN 16dc0 slot=1756 FCOMP | FCOMP double ptr [EAX] | len=2
OpcodeLengths.java> OPLEN 16dd0 slot=1757 FSTP | FSTP double ptr [EAX] | len=2
OpcodeLengths.java> OPLEN 16de0 slot=1758 FICOMP | FICOMP word ptr [EAX] | len=2
OpcodeLengths.java> OPLEN 16df0 slot=1759 FISTP | FISTP word ptr [EAX] | len=2
OpcodeLengths.java> OPLEN 16e00 slot=1760 LOOPNZ | LOOPNZ 0x00016e1a | len=2
OpcodeLengths.java> OPLEN 16e10 slot=1761 LOOPZ | LOOPZ 0x00016e2a | len=2
OpcodeLengths.java> OPLEN 16e20 slot=1762 LOOP | LOOP 0x00016e3a | len=2
OpcodeLengths.java> OPLEN 16e30 slot=1763 JECXZ | JECXZ 0x00016e4a | len=2
OpcodeLengths.java> OPLEN 16e40 slot=1764 IN | IN AL,0x18 | len=2
OpcodeLengths.java> OPLEN 16e50 slot=1765 IN | IN EAX,0x18 | len=2
OpcodeLengths.java> OPLEN 16e60 slot=1766 OUT | OUT 0x18,AL | len=2
OpcodeLengths.java> OPLEN 16e70 slot=1767 OUT | OUT 0x18,EAX | len=2
OpcodeLengths.java> OPLEN 16e80 slot=1768 CALL | CALL 0x9091fe9d | len=5
OpcodeLengths.java> OPLEN 16e90 slot=1769 JMP | JMP 0x9091fead | len=5
OpcodeLengths.java> OPLEN 16ea0 slot=1770 JMPF | JMPF 0x9090:0x90909018 | len=7
OpcodeLengths.java> OPLEN 16eb0 slot=1771 JMP | JMP 0x00016eca | len=2
OpcodeLengths.java> OPLEN 16ec0 slot=1772 IN | IN AL,DX | len=1
OpcodeLengths.java> OPLEN 16ed0 slot=1773 IN | IN EAX,DX | len=1
OpcodeLengths.java> OPLEN 16ee0 slot=1774 OUT | OUT DX,AL | len=1
OpcodeLengths.java> OPLEN 16ef0 slot=1775 OUT | OUT DX,EAX | len=1
OpcodeLengths.java> OPLEN 16f00 slot=1776 SBB.LOCK | SBB.LOCK byte ptr [EAX + 0x90909090],DL | len=7
OpcodeLengths.java> OPLEN 16f10 slot=1777 INT1 | INT1 | len=1
OpcodeLengths.java> OPLEN 16f20 slot=1778 SBB | SBB byte ptr [EAX + 0x90909090],DL | len=7
OpcodeLengths.java> OPLEN 16f30 slot=1779 SBB | SBB byte ptr [EAX + 0x90909090],DL | len=7
OpcodeLengths.java> OPLEN 16f40 slot=1780 HLT | HLT | len=1
OpcodeLengths.java> OPLEN 16f50 slot=1781 CMC | CMC | len=1
OpcodeLengths.java> OPLEN 16f60 slot=1782 NEG | NEG byte ptr [EAX] | len=2
OpcodeLengths.java> OPLEN 16f70 slot=1783 NEG | NEG dword ptr [EAX] | len=2
OpcodeLengths.java> OPLEN 16f80 slot=1784 CLC | CLC | len=1
OpcodeLengths.java> OPLEN 16f90 slot=1785 STC | STC | len=1
OpcodeLengths.java> OPLEN 16fa0 slot=1786 CLI | CLI | len=1
OpcodeLengths.java> OPLEN 16fb0 slot=1787 STI | STI | len=1
OpcodeLengths.java> OPLEN 16fc0 slot=1788 CLD | CLD | len=1
OpcodeLengths.java> OPLEN 16fd0 slot=1789 STD | STD | len=1
OpcodeLengths.java> OPLEN 16fe0 slot=1790 INC | INC byte ptr [EAX] | len=2
OpcodeLengths.java> OPLEN 16ff0 slot=1791 CALLF | CALLF [EAX] | len=2
OpcodeLengths.java> OPLEN 17000 slot=1792 ADD | ADD byte ptr [EAX],AH | len=2
OpcodeLengths.java> OPLEN 17010 slot=1793 ADD | ADD dword ptr [EAX],ESP | len=2
OpcodeLengths.java> OPLEN 17020 slot=1794 ADD | ADD AH,byte ptr [EAX] | len=2
OpcodeLengths.java> OPLEN 17030 slot=1795 ADD | ADD ESP,dword ptr [EAX] | len=2
OpcodeLengths.java> OPLEN 17040 slot=1796 ADD | ADD AL,0x20 | len=2
OpcodeLengths.java> OPLEN 17050 slot=1797 ADD | ADD EAX,0x90909020 | len=5
OpcodeLengths.java> OPLEN 17060 slot=1798 PUSH | PUSH ES | len=1
OpcodeLengths.java> OPLEN 17070 slot=1799 POP | POP ES | len=1
OpcodeLengths.java> OPLEN 17080 slot=1800 OR | OR byte ptr [EAX],AH | len=2
OpcodeLengths.java> OPLEN 17090 slot=1801 OR | OR dword ptr [EAX],ESP | len=2
OpcodeLengths.java> OPLEN 170a0 slot=1802 OR | OR AH,byte ptr [EAX] | len=2
OpcodeLengths.java> OPLEN 170b0 slot=1803 OR | OR ESP,dword ptr [EAX] | len=2
OpcodeLengths.java> OPLEN 170c0 slot=1804 OR | OR AL,0x20 | len=2
OpcodeLengths.java> OPLEN 170d0 slot=1805 OR | OR EAX,0x90909020 | len=5
OpcodeLengths.java> OPLEN 170e0 slot=1806 PUSH | PUSH CS | len=1
OpcodeLengths.java> OPLEN 170f0 slot=1807 MOV | MOV EAX,CR2 | len=3
OpcodeLengths.java> OPLEN 17100 slot=1808 ADC | ADC byte ptr [EAX],AH | len=2
OpcodeLengths.java> OPLEN 17110 slot=1809 ADC | ADC dword ptr [EAX],ESP | len=2
OpcodeLengths.java> OPLEN 17120 slot=1810 ADC | ADC AH,byte ptr [EAX] | len=2
OpcodeLengths.java> OPLEN 17130 slot=1811 ADC | ADC ESP,dword ptr [EAX] | len=2
OpcodeLengths.java> OPLEN 17140 slot=1812 ADC | ADC AL,0x20 | len=2
OpcodeLengths.java> OPLEN 17150 slot=1813 ADC | ADC EAX,0x90909020 | len=5
OpcodeLengths.java> OPLEN 17160 slot=1814 PUSH | PUSH SS | len=1
OpcodeLengths.java> OPLEN 17170 slot=1815 POP | POP SS | len=1
OpcodeLengths.java> OPLEN 17180 slot=1816 SBB | SBB byte ptr [EAX],AH | len=2
OpcodeLengths.java> OPLEN 17190 slot=1817 SBB | SBB dword ptr [EAX],ESP | len=2
OpcodeLengths.java> OPLEN 171a0 slot=1818 SBB | SBB AH,byte ptr [EAX] | len=2
OpcodeLengths.java> OPLEN 171b0 slot=1819 SBB | SBB ESP,dword ptr [EAX] | len=2
OpcodeLengths.java> OPLEN 171c0 slot=1820 SBB | SBB AL,0x20 | len=2
OpcodeLengths.java> OPLEN 171d0 slot=1821 SBB | SBB EAX,0x90909020 | len=5
OpcodeLengths.java> OPLEN 171e0 slot=1822 PUSH | PUSH DS | len=1
OpcodeLengths.java> OPLEN 171f0 slot=1823 POP | POP DS | len=1
OpcodeLengths.java> OPLEN 17200 slot=1824 AND | AND byte ptr [EAX],AH | len=2
OpcodeLengths.java> OPLEN 17210 slot=1825 AND | AND dword ptr [EAX],ESP | len=2
OpcodeLengths.java> OPLEN 17220 slot=1826 AND | AND AH,byte ptr [EAX] | len=2
OpcodeLengths.java> OPLEN 17230 slot=1827 AND | AND ESP,dword ptr [EAX] | len=2
OpcodeLengths.java> OPLEN 17240 slot=1828 AND | AND AL,0x20 | len=2
OpcodeLengths.java> OPLEN 17250 slot=1829 AND | AND EAX,0x90909020 | len=5
OpcodeLengths.java> OPLEN 17260 slot=1830 AND | AND byte ptr ES:[EAX + 0x90909090],DL | len=7
OpcodeLengths.java> OPLEN 17270 slot=1831 DAA | DAA | len=1
OpcodeLengths.java> OPLEN 17280 slot=1832 SUB | SUB byte ptr [EAX],AH | len=2
OpcodeLengths.java> OPLEN 17290 slot=1833 SUB | SUB dword ptr [EAX],ESP | len=2
OpcodeLengths.java> OPLEN 172a0 slot=1834 SUB | SUB AH,byte ptr [EAX] | len=2
OpcodeLengths.java> OPLEN 172b0 slot=1835 SUB | SUB ESP,dword ptr [EAX] | len=2
OpcodeLengths.java> OPLEN 172c0 slot=1836 SUB | SUB AL,0x20 | len=2
OpcodeLengths.java> OPLEN 172d0 slot=1837 SUB | SUB EAX,0x90909020 | len=5
OpcodeLengths.java> OPLEN 172e0 slot=1838 AND | AND byte ptr CS:[EAX + 0x90909090],DL | len=7
OpcodeLengths.java> OPLEN 172f0 slot=1839 DAS | DAS | len=1
OpcodeLengths.java> OPLEN 17300 slot=1840 XOR | XOR byte ptr [EAX],AH | len=2
OpcodeLengths.java> OPLEN 17310 slot=1841 XOR | XOR dword ptr [EAX],ESP | len=2
OpcodeLengths.java> OPLEN 17320 slot=1842 XOR | XOR AH,byte ptr [EAX] | len=2
OpcodeLengths.java> OPLEN 17330 slot=1843 XOR | XOR ESP,dword ptr [EAX] | len=2
OpcodeLengths.java> OPLEN 17340 slot=1844 XOR | XOR AL,0x20 | len=2
OpcodeLengths.java> OPLEN 17350 slot=1845 XOR | XOR EAX,0x90909020 | len=5
OpcodeLengths.java> OPLEN 17360 slot=1846 AND | AND byte ptr SS:[EAX + 0x90909090],DL | len=7
OpcodeLengths.java> OPLEN 17370 slot=1847 AAA | AAA | len=1
OpcodeLengths.java> OPLEN 17380 slot=1848 CMP | CMP byte ptr [EAX],AH | len=2
OpcodeLengths.java> OPLEN 17390 slot=1849 CMP | CMP dword ptr [EAX],ESP | len=2
OpcodeLengths.java> OPLEN 173a0 slot=1850 CMP | CMP AH,byte ptr [EAX] | len=2
OpcodeLengths.java> OPLEN 173b0 slot=1851 CMP | CMP ESP,dword ptr [EAX] | len=2
OpcodeLengths.java> OPLEN 173c0 slot=1852 CMP | CMP AL,0x20 | len=2
OpcodeLengths.java> OPLEN 173d0 slot=1853 CMP | CMP EAX,0x90909020 | len=5
OpcodeLengths.java> OPLEN 173e0 slot=1854 AND | AND byte ptr DS:[EAX + 0x90909090],DL | len=7
OpcodeLengths.java> OPLEN 173f0 slot=1855 AAS | AAS | len=1
OpcodeLengths.java> OPLEN 17400 slot=1856 INC | INC EAX | len=1
OpcodeLengths.java> OPLEN 17410 slot=1857 INC | INC ECX | len=1
OpcodeLengths.java> OPLEN 17420 slot=1858 INC | INC EDX | len=1
OpcodeLengths.java> OPLEN 17430 slot=1859 INC | INC EBX | len=1
OpcodeLengths.java> OPLEN 17440 slot=1860 INC | INC ESP | len=1
OpcodeLengths.java> OPLEN 17450 slot=1861 INC | INC EBP | len=1
OpcodeLengths.java> OPLEN 17460 slot=1862 INC | INC ESI | len=1
OpcodeLengths.java> OPLEN 17470 slot=1863 INC | INC EDI | len=1
OpcodeLengths.java> OPLEN 17480 slot=1864 DEC | DEC EAX | len=1
OpcodeLengths.java> OPLEN 17490 slot=1865 DEC | DEC ECX | len=1
OpcodeLengths.java> OPLEN 174a0 slot=1866 DEC | DEC EDX | len=1
OpcodeLengths.java> OPLEN 174b0 slot=1867 DEC | DEC EBX | len=1
OpcodeLengths.java> OPLEN 174c0 slot=1868 DEC | DEC ESP | len=1
OpcodeLengths.java> OPLEN 174d0 slot=1869 DEC | DEC EBP | len=1
OpcodeLengths.java> OPLEN 174e0 slot=1870 DEC | DEC ESI | len=1
OpcodeLengths.java> OPLEN 174f0 slot=1871 DEC | DEC EDI | len=1
OpcodeLengths.java> OPLEN 17500 slot=1872 PUSH | PUSH EAX | len=1
OpcodeLengths.java> OPLEN 17510 slot=1873 PUSH | PUSH ECX | len=1
OpcodeLengths.java> OPLEN 17520 slot=1874 PUSH | PUSH EDX | len=1
OpcodeLengths.java> OPLEN 17530 slot=1875 PUSH | PUSH EBX | len=1
OpcodeLengths.java> OPLEN 17540 slot=1876 PUSH | PUSH ESP | len=1
OpcodeLengths.java> OPLEN 17550 slot=1877 PUSH | PUSH EBP | len=1
OpcodeLengths.java> OPLEN 17560 slot=1878 PUSH | PUSH ESI | len=1
OpcodeLengths.java> OPLEN 17570 slot=1879 PUSH | PUSH EDI | len=1
OpcodeLengths.java> OPLEN 17580 slot=1880 POP | POP EAX | len=1
OpcodeLengths.java> OPLEN 17590 slot=1881 POP | POP ECX | len=1
OpcodeLengths.java> OPLEN 175a0 slot=1882 POP | POP EDX | len=1
OpcodeLengths.java> OPLEN 175b0 slot=1883 POP | POP EBX | len=1
OpcodeLengths.java> OPLEN 175c0 slot=1884 POP | POP ESP | len=1
OpcodeLengths.java> OPLEN 175d0 slot=1885 POP | POP EBP | len=1
OpcodeLengths.java> OPLEN 175e0 slot=1886 POP | POP ESI | len=1
OpcodeLengths.java> OPLEN 175f0 slot=1887 POP | POP EDI | len=1
OpcodeLengths.java> OPLEN 17600 slot=1888 PUSHAD | PUSHAD | len=1
OpcodeLengths.java> OPLEN 17610 slot=1889 POPAD | POPAD | len=1
OpcodeLengths.java> OPLEN 17620 slot=1890 BOUND | BOUND ESP,dword ptr [EAX] | len=2
OpcodeLengths.java> OPLEN 17630 slot=1891 ARPL | ARPL word ptr [EAX],SP | len=2
OpcodeLengths.java> OPLEN 17640 slot=1892 AND | AND byte ptr FS:[EAX + 0x90909090],DL | len=7
OpcodeLengths.java> OPLEN 17650 slot=1893 AND | AND byte ptr GS:[EAX + 0x90909090],DL | len=7
OpcodeLengths.java> OPLEN 17660 slot=1894 AND | AND byte ptr [EAX + 0x90909090],DL | len=7
OpcodeLengths.java> OPLEN 17670 slot=1895 AND | AND byte ptr [BX + SI + 0x9090],DL | len=5
OpcodeLengths.java> OPLEN 17680 slot=1896 PUSH | PUSH 0x90909020 | len=5
OpcodeLengths.java> OPLEN 17690 slot=1897 IMUL | IMUL ESP,dword ptr [EAX],-0x6f6f6f70 | len=6
OpcodeLengths.java> OPLEN 176a0 slot=1898 PUSH | PUSH 0x20 | len=2
OpcodeLengths.java> OPLEN 176b0 slot=1899 IMUL | IMUL ESP,dword ptr [EAX],-0x70 | len=3
OpcodeLengths.java> OPLEN 176c0 slot=1900 INSB | INSB ES:EDI,DX | len=1
OpcodeLengths.java> OPLEN 176d0 slot=1901 INSD | INSD ES:EDI,DX | len=1
OpcodeLengths.java> OPLEN 176e0 slot=1902 OUTSB | OUTSB DX,ESI | len=1
OpcodeLengths.java> OPLEN 176f0 slot=1903 OUTSD | OUTSD DX,ESI | len=1
OpcodeLengths.java> OPLEN 17700 slot=1904 JO | JO 0x00017722 | len=2
OpcodeLengths.java> OPLEN 17710 slot=1905 JNO | JNO 0x00017732 | len=2
OpcodeLengths.java> OPLEN 17720 slot=1906 JC | JC 0x00017742 | len=2
OpcodeLengths.java> OPLEN 17730 slot=1907 JNC | JNC 0x00017752 | len=2
OpcodeLengths.java> OPLEN 17740 slot=1908 JZ | JZ 0x00017762 | len=2
OpcodeLengths.java> OPLEN 17750 slot=1909 JNZ | JNZ 0x00017772 | len=2
OpcodeLengths.java> OPLEN 17760 slot=1910 JBE | JBE 0x00017782 | len=2
OpcodeLengths.java> OPLEN 17770 slot=1911 JA | JA 0x00017792 | len=2
OpcodeLengths.java> OPLEN 17780 slot=1912 JS | JS 0x000177a2 | len=2
OpcodeLengths.java> OPLEN 17790 slot=1913 JNS | JNS 0x000177b2 | len=2
OpcodeLengths.java> OPLEN 177a0 slot=1914 JP | JP 0x000177c2 | len=2
OpcodeLengths.java> OPLEN 177b0 slot=1915 JNP | JNP 0x000177d2 | len=2
OpcodeLengths.java> OPLEN 177c0 slot=1916 JL | JL 0x000177e2 | len=2
OpcodeLengths.java> OPLEN 177d0 slot=1917 JGE | JGE 0x000177f2 | len=2
OpcodeLengths.java> OPLEN 177e0 slot=1918 JLE | JLE 0x00017802 | len=2
OpcodeLengths.java> OPLEN 177f0 slot=1919 JG | JG 0x00017812 | len=2
OpcodeLengths.java> OPLEN 17800 slot=1920 AND | AND byte ptr [EAX],0x90 | len=3
OpcodeLengths.java> OPLEN 17810 slot=1921 AND | AND dword ptr [EAX],0x90909090 | len=6
OpcodeLengths.java> OPLEN 17820 slot=1922 AND | AND byte ptr [EAX],0x90 | len=3
OpcodeLengths.java> OPLEN 17830 slot=1923 AND | AND dword ptr [EAX],0xffffff90 | len=3
OpcodeLengths.java> OPLEN 17840 slot=1924 TEST | TEST byte ptr [EAX],AH | len=2
OpcodeLengths.java> OPLEN 17850 slot=1925 TEST | TEST dword ptr [EAX],ESP | len=2
OpcodeLengths.java> OPLEN 17860 slot=1926 XCHG | XCHG byte ptr [EAX],AH | len=2
OpcodeLengths.java> OPLEN 17870 slot=1927 XCHG | XCHG dword ptr [EAX],ESP | len=2
OpcodeLengths.java> OPLEN 17880 slot=1928 MOV | MOV byte ptr [EAX],AH | len=2
OpcodeLengths.java> OPLEN 17890 slot=1929 MOV | MOV dword ptr [EAX],ESP | len=2
OpcodeLengths.java> OPLEN 178a0 slot=1930 MOV | MOV AH,byte ptr [EAX] | len=2
OpcodeLengths.java> OPLEN 178b0 slot=1931 MOV | MOV ESP,dword ptr [EAX] | len=2
OpcodeLengths.java> OPLEN 178c0 slot=1932 MOV | MOV word ptr [EAX],FS | len=2
OpcodeLengths.java> OPLEN 178d0 slot=1933 LEA | LEA ESP,[EAX] | len=2
OpcodeLengths.java> OPLEN 178e0 slot=1934 MOV | MOV FS,word ptr [EAX] | len=2
OpcodeLengths.java> OPLEN 178f0 slot=1935 NONE
OpcodeLengths.java> OPLEN 17900 slot=1936 NOP | NOP | len=1
OpcodeLengths.java> OPLEN 17910 slot=1937 XCHG | XCHG EAX,ECX | len=1
OpcodeLengths.java> OPLEN 17920 slot=1938 XCHG | XCHG EAX,EDX | len=1
OpcodeLengths.java> OPLEN 17930 slot=1939 XCHG | XCHG EAX,EBX | len=1
OpcodeLengths.java> OPLEN 17940 slot=1940 XCHG | XCHG EAX,ESP | len=1
OpcodeLengths.java> OPLEN 17950 slot=1941 XCHG | XCHG EAX,EBP | len=1
OpcodeLengths.java> OPLEN 17960 slot=1942 XCHG | XCHG EAX,ESI | len=1
OpcodeLengths.java> OPLEN 17970 slot=1943 XCHG | XCHG EAX,EDI | len=1
OpcodeLengths.java> OPLEN 17980 slot=1944 CWDE | CWDE | len=1
OpcodeLengths.java> OPLEN 17990 slot=1945 CDQ | CDQ | len=1
OpcodeLengths.java> OPLEN 179a0 slot=1946 CALLF | CALLF 0x9090:0x90909020 | len=7
OpcodeLengths.java> OPLEN 179b0 slot=1947 WAIT | WAIT | len=1
OpcodeLengths.java> OPLEN 179c0 slot=1948 PUSHFD | PUSHFD | len=1
OpcodeLengths.java> OPLEN 179d0 slot=1949 POPFD | POPFD | len=1
OpcodeLengths.java> OPLEN 179e0 slot=1950 SAHF | SAHF | len=1
OpcodeLengths.java> OPLEN 179f0 slot=1951 LAHF | LAHF | len=1
OpcodeLengths.java> OPLEN 17a00 slot=1952 MOV | MOV AL,[0x90909020] | len=5
OpcodeLengths.java> OPLEN 17a10 slot=1953 MOV | MOV EAX,[0x90909020] | len=5
OpcodeLengths.java> OPLEN 17a20 slot=1954 MOV | MOV [0x90909020],AL | len=5
OpcodeLengths.java> OPLEN 17a30 slot=1955 MOV | MOV [0x90909020],EAX | len=5
OpcodeLengths.java> OPLEN 17a40 slot=1956 MOVSB | MOVSB ES:EDI,ESI | len=1
OpcodeLengths.java> OPLEN 17a50 slot=1957 MOVSD | MOVSD ES:EDI,ESI | len=1
OpcodeLengths.java> OPLEN 17a60 slot=1958 CMPSB | CMPSB ES:EDI,ESI | len=1
OpcodeLengths.java> OPLEN 17a70 slot=1959 CMPSD | CMPSD ES:EDI,ESI | len=1
OpcodeLengths.java> OPLEN 17a80 slot=1960 TEST | TEST AL,0x20 | len=2
OpcodeLengths.java> OPLEN 17a90 slot=1961 TEST | TEST EAX,0x90909020 | len=5
OpcodeLengths.java> OPLEN 17aa0 slot=1962 STOSB | STOSB ES:EDI | len=1
OpcodeLengths.java> OPLEN 17ab0 slot=1963 STOSD | STOSD ES:EDI | len=1
OpcodeLengths.java> OPLEN 17ac0 slot=1964 LODSB | LODSB ESI | len=1
OpcodeLengths.java> OPLEN 17ad0 slot=1965 LODSD | LODSD ESI | len=1
OpcodeLengths.java> OPLEN 17ae0 slot=1966 SCASB | SCASB ES:EDI | len=1
OpcodeLengths.java> OPLEN 17af0 slot=1967 SCASD | SCASD ES:EDI | len=1
OpcodeLengths.java> OPLEN 17b00 slot=1968 MOV | MOV AL,0x20 | len=2
OpcodeLengths.java> OPLEN 17b10 slot=1969 MOV | MOV CL,0x20 | len=2
OpcodeLengths.java> OPLEN 17b20 slot=1970 MOV | MOV DL,0x20 | len=2
OpcodeLengths.java> OPLEN 17b30 slot=1971 MOV | MOV BL,0x20 | len=2
OpcodeLengths.java> OPLEN 17b40 slot=1972 MOV | MOV AH,0x20 | len=2
OpcodeLengths.java> OPLEN 17b50 slot=1973 MOV | MOV CH,0x20 | len=2
OpcodeLengths.java> OPLEN 17b60 slot=1974 MOV | MOV DH,0x20 | len=2
OpcodeLengths.java> OPLEN 17b70 slot=1975 MOV | MOV BH,0x20 | len=2
OpcodeLengths.java> OPLEN 17b80 slot=1976 MOV | MOV EAX,0x90909020 | len=5
OpcodeLengths.java> OPLEN 17b90 slot=1977 MOV | MOV ECX,0x90909020 | len=5
OpcodeLengths.java> OPLEN 17ba0 slot=1978 MOV | MOV EDX,0x90909020 | len=5
OpcodeLengths.java> OPLEN 17bb0 slot=1979 MOV | MOV EBX,0x90909020 | len=5
OpcodeLengths.java> OPLEN 17bc0 slot=1980 MOV | MOV ESP,0x90909020 | len=5
OpcodeLengths.java> OPLEN 17bd0 slot=1981 MOV | MOV EBP,0x90909020 | len=5
OpcodeLengths.java> OPLEN 17be0 slot=1982 MOV | MOV ESI,0x90909020 | len=5
OpcodeLengths.java> OPLEN 17bf0 slot=1983 MOV | MOV EDI,0x90909020 | len=5
OpcodeLengths.java> OPLEN 17c00 slot=1984 SHL | SHL byte ptr [EAX],0x90 | len=3
OpcodeLengths.java> OPLEN 17c10 slot=1985 SHL | SHL dword ptr [EAX],0x90 | len=3
OpcodeLengths.java> OPLEN 17c20 slot=1986 RET | RET 0x9020 | len=3
OpcodeLengths.java> OPLEN 17c30 slot=1987 RET | RET | len=1
OpcodeLengths.java> OPLEN 17c40 slot=1988 LES | LES ESP,[EAX] | len=2
OpcodeLengths.java> OPLEN 17c50 slot=1989 LDS | LDS ESP,[EAX] | len=2
OpcodeLengths.java> OPLEN 17c60 slot=1990 NONE
OpcodeLengths.java> OPLEN 17c70 slot=1991 NONE
OpcodeLengths.java> OPLEN 17c80 slot=1992 ENTER | ENTER 0x9020,0x10 | len=4
OpcodeLengths.java> OPLEN 17c90 slot=1993 LEAVE | LEAVE | len=1
OpcodeLengths.java> OPLEN 17ca0 slot=1994 RETF | RETF 0x9020 | len=3
OpcodeLengths.java> OPLEN 17cb0 slot=1995 RETF | RETF | len=1
OpcodeLengths.java> OPLEN 17cc0 slot=1996 INT3 | INT3 | len=1
OpcodeLengths.java> OPLEN 17cd0 slot=1997 INT | INT 0x20 | len=2
OpcodeLengths.java> OPLEN 17ce0 slot=1998 INTO | INTO | len=1
OpcodeLengths.java> OPLEN 17cf0 slot=1999 IRETD | IRETD | len=1
OpcodeLengths.java> OPLEN 17d00 slot=2000 SHL | SHL byte ptr [EAX],0x1 | len=2
OpcodeLengths.java> OPLEN 17d10 slot=2001 SHL | SHL dword ptr [EAX],0x1 | len=2
OpcodeLengths.java> OPLEN 17d20 slot=2002 SHL | SHL byte ptr [EAX],CL | len=2
OpcodeLengths.java> OPLEN 17d30 slot=2003 SHL | SHL dword ptr [EAX],CL | len=2
OpcodeLengths.java> OPLEN 17d40 slot=2004 AAM | AAM 0x20 | len=2
OpcodeLengths.java> OPLEN 17d50 slot=2005 AAD | AAD 0x20 | len=2
OpcodeLengths.java> OPLEN 17d60 slot=2006 SALC | SALC | len=1
OpcodeLengths.java> OPLEN 17d70 slot=2007 XLAT | XLAT EBX | len=1
OpcodeLengths.java> OPLEN 17d80 slot=2008 FSUB | FSUB float ptr [EAX] | len=2
OpcodeLengths.java> OPLEN 17d90 slot=2009 FLDENV | FLDENV [EAX] | len=2
OpcodeLengths.java> OPLEN 17da0 slot=2010 FISUB | FISUB dword ptr [EAX] | len=2
OpcodeLengths.java> OPLEN 17db0 slot=2011 NONE
OpcodeLengths.java> OPLEN 17dc0 slot=2012 FSUB | FSUB double ptr [EAX] | len=2
OpcodeLengths.java> OPLEN 17dd0 slot=2013 FRSTOR | FRSTOR [EAX] | len=2
OpcodeLengths.java> OPLEN 17de0 slot=2014 FISUB | FISUB word ptr [EAX] | len=2
OpcodeLengths.java> OPLEN 17df0 slot=2015 FBLD | FBLD tword ptr [EAX] | len=2
OpcodeLengths.java> OPLEN 17e00 slot=2016 LOOPNZ | LOOPNZ 0x00017e22 | len=2
OpcodeLengths.java> OPLEN 17e10 slot=2017 LOOPZ | LOOPZ 0x00017e32 | len=2
OpcodeLengths.java> OPLEN 17e20 slot=2018 LOOP | LOOP 0x00017e42 | len=2
OpcodeLengths.java> OPLEN 17e30 slot=2019 JECXZ | JECXZ 0x00017e52 | len=2
OpcodeLengths.java> OPLEN 17e40 slot=2020 IN | IN AL,0x20 | len=2
OpcodeLengths.java> OPLEN 17e50 slot=2021 IN | IN EAX,0x20 | len=2
OpcodeLengths.java> OPLEN 17e60 slot=2022 OUT | OUT 0x20,AL | len=2
OpcodeLengths.java> OPLEN 17e70 slot=2023 OUT | OUT 0x20,EAX | len=2
OpcodeLengths.java> OPLEN 17e80 slot=2024 CALL | CALL 0x90920ea5 | len=5
OpcodeLengths.java> OPLEN 17e90 slot=2025 JMP | JMP 0x90920eb5 | len=5
OpcodeLengths.java> OPLEN 17ea0 slot=2026 JMPF | JMPF 0x9090:0x90909020 | len=7
OpcodeLengths.java> OPLEN 17eb0 slot=2027 JMP | JMP 0x00017ed2 | len=2
OpcodeLengths.java> OPLEN 17ec0 slot=2028 IN | IN AL,DX | len=1
OpcodeLengths.java> OPLEN 17ed0 slot=2029 IN | IN EAX,DX | len=1
OpcodeLengths.java> OPLEN 17ee0 slot=2030 OUT | OUT DX,AL | len=1
OpcodeLengths.java> OPLEN 17ef0 slot=2031 OUT | OUT DX,EAX | len=1
OpcodeLengths.java> OPLEN 17f00 slot=2032 AND.LOCK | AND.LOCK byte ptr [EAX + 0x90909090],DL | len=7
OpcodeLengths.java> OPLEN 17f10 slot=2033 INT1 | INT1 | len=1
OpcodeLengths.java> OPLEN 17f20 slot=2034 AND | AND byte ptr [EAX + 0x90909090],DL | len=7
OpcodeLengths.java> OPLEN 17f30 slot=2035 AND | AND byte ptr [EAX + 0x90909090],DL | len=7
OpcodeLengths.java> OPLEN 17f40 slot=2036 HLT | HLT | len=1
OpcodeLengths.java> OPLEN 17f50 slot=2037 CMC | CMC | len=1
OpcodeLengths.java> OPLEN 17f60 slot=2038 MUL | MUL byte ptr [EAX] | len=2
OpcodeLengths.java> OPLEN 17f70 slot=2039 MUL | MUL dword ptr [EAX] | len=2
OpcodeLengths.java> OPLEN 17f80 slot=2040 CLC | CLC | len=1
OpcodeLengths.java> OPLEN 17f90 slot=2041 STC | STC | len=1
OpcodeLengths.java> OPLEN 17fa0 slot=2042 CLI | CLI | len=1
OpcodeLengths.java> OPLEN 17fb0 slot=2043 STI | STI | len=1
OpcodeLengths.java> OPLEN 17fc0 slot=2044 CLD | CLD | len=1
OpcodeLengths.java> OPLEN 17fd0 slot=2045 STD | STD | len=1
OpcodeLengths.java> OPLEN 17fe0 slot=2046 INC | INC byte ptr [EAX] | len=2
OpcodeLengths.java> OPLEN 17ff0 slot=2047 JMP | JMP dword ptr [EAX] | len=2
OpcodeLengths.java> OPLEN 18000 slot=2048 ADD | ADD byte ptr [EAX],CH | len=2
OpcodeLengths.java> OPLEN 18010 slot=2049 ADD | ADD dword ptr [EAX],EBP | len=2
OpcodeLengths.java> OPLEN 18020 slot=2050 ADD | ADD CH,byte ptr [EAX] | len=2
OpcodeLengths.java> OPLEN 18030 slot=2051 ADD | ADD EBP,dword ptr [EAX] | len=2
OpcodeLengths.java> OPLEN 18040 slot=2052 ADD | ADD AL,0x28 | len=2
OpcodeLengths.java> OPLEN 18050 slot=2053 ADD | ADD EAX,0x90909028 | len=5
OpcodeLengths.java> OPLEN 18060 slot=2054 PUSH | PUSH ES | len=1
OpcodeLengths.java> OPLEN 18070 slot=2055 POP | POP ES | len=1
OpcodeLengths.java> OPLEN 18080 slot=2056 OR | OR byte ptr [EAX],CH | len=2
OpcodeLengths.java> OPLEN 18090 slot=2057 OR | OR dword ptr [EAX],EBP | len=2
OpcodeLengths.java> OPLEN 180a0 slot=2058 OR | OR CH,byte ptr [EAX] | len=2
OpcodeLengths.java> OPLEN 180b0 slot=2059 OR | OR EBP,dword ptr [EAX] | len=2
OpcodeLengths.java> OPLEN 180c0 slot=2060 OR | OR AL,0x28 | len=2
OpcodeLengths.java> OPLEN 180d0 slot=2061 OR | OR EAX,0x90909028 | len=5
OpcodeLengths.java> OPLEN 180e0 slot=2062 PUSH | PUSH CS | len=1
OpcodeLengths.java> OPLEN 180f0 slot=2063 MOVAPS | MOVAPS XMM2,xmmword ptr [EAX + 0x90909090] | len=7
OpcodeLengths.java> OPLEN 18100 slot=2064 ADC | ADC byte ptr [EAX],CH | len=2
OpcodeLengths.java> OPLEN 18110 slot=2065 ADC | ADC dword ptr [EAX],EBP | len=2
OpcodeLengths.java> OPLEN 18120 slot=2066 ADC | ADC CH,byte ptr [EAX] | len=2
OpcodeLengths.java> OPLEN 18130 slot=2067 ADC | ADC EBP,dword ptr [EAX] | len=2
OpcodeLengths.java> OPLEN 18140 slot=2068 ADC | ADC AL,0x28 | len=2
OpcodeLengths.java> OPLEN 18150 slot=2069 ADC | ADC EAX,0x90909028 | len=5
OpcodeLengths.java> OPLEN 18160 slot=2070 PUSH | PUSH SS | len=1
OpcodeLengths.java> OPLEN 18170 slot=2071 POP | POP SS | len=1
OpcodeLengths.java> OPLEN 18180 slot=2072 SBB | SBB byte ptr [EAX],CH | len=2
OpcodeLengths.java> OPLEN 18190 slot=2073 SBB | SBB dword ptr [EAX],EBP | len=2
OpcodeLengths.java> OPLEN 181a0 slot=2074 SBB | SBB CH,byte ptr [EAX] | len=2
OpcodeLengths.java> OPLEN 181b0 slot=2075 SBB | SBB EBP,dword ptr [EAX] | len=2
OpcodeLengths.java> OPLEN 181c0 slot=2076 SBB | SBB AL,0x28 | len=2
OpcodeLengths.java> OPLEN 181d0 slot=2077 SBB | SBB EAX,0x90909028 | len=5
OpcodeLengths.java> OPLEN 181e0 slot=2078 PUSH | PUSH DS | len=1
OpcodeLengths.java> OPLEN 181f0 slot=2079 POP | POP DS | len=1
OpcodeLengths.java> OPLEN 18200 slot=2080 AND | AND byte ptr [EAX],CH | len=2
OpcodeLengths.java> OPLEN 18210 slot=2081 AND | AND dword ptr [EAX],EBP | len=2
OpcodeLengths.java> OPLEN 18220 slot=2082 AND | AND CH,byte ptr [EAX] | len=2
OpcodeLengths.java> OPLEN 18230 slot=2083 AND | AND EBP,dword ptr [EAX] | len=2
OpcodeLengths.java> OPLEN 18240 slot=2084 AND | AND AL,0x28 | len=2
OpcodeLengths.java> OPLEN 18250 slot=2085 AND | AND EAX,0x90909028 | len=5
OpcodeLengths.java> OPLEN 18260 slot=2086 SUB | SUB byte ptr ES:[EAX + 0x90909090],DL | len=7
OpcodeLengths.java> OPLEN 18270 slot=2087 DAA | DAA | len=1
OpcodeLengths.java> OPLEN 18280 slot=2088 SUB | SUB byte ptr [EAX],CH | len=2
OpcodeLengths.java> OPLEN 18290 slot=2089 SUB | SUB dword ptr [EAX],EBP | len=2
OpcodeLengths.java> OPLEN 182a0 slot=2090 SUB | SUB CH,byte ptr [EAX] | len=2
OpcodeLengths.java> OPLEN 182b0 slot=2091 SUB | SUB EBP,dword ptr [EAX] | len=2
OpcodeLengths.java> OPLEN 182c0 slot=2092 SUB | SUB AL,0x28 | len=2
OpcodeLengths.java> OPLEN 182d0 slot=2093 SUB | SUB EAX,0x90909028 | len=5
OpcodeLengths.java> OPLEN 182e0 slot=2094 SUB | SUB byte ptr CS:[EAX + 0x90909090],DL | len=7
OpcodeLengths.java> OPLEN 182f0 slot=2095 DAS | DAS | len=1
OpcodeLengths.java> OPLEN 18300 slot=2096 XOR | XOR byte ptr [EAX],CH | len=2
OpcodeLengths.java> OPLEN 18310 slot=2097 XOR | XOR dword ptr [EAX],EBP | len=2
OpcodeLengths.java> OPLEN 18320 slot=2098 XOR | XOR CH,byte ptr [EAX] | len=2
OpcodeLengths.java> OPLEN 18330 slot=2099 XOR | XOR EBP,dword ptr [EAX] | len=2
OpcodeLengths.java> OPLEN 18340 slot=2100 XOR | XOR AL,0x28 | len=2
OpcodeLengths.java> OPLEN 18350 slot=2101 XOR | XOR EAX,0x90909028 | len=5
OpcodeLengths.java> OPLEN 18360 slot=2102 SUB | SUB byte ptr SS:[EAX + 0x90909090],DL | len=7
OpcodeLengths.java> OPLEN 18370 slot=2103 AAA | AAA | len=1
OpcodeLengths.java> OPLEN 18380 slot=2104 CMP | CMP byte ptr [EAX],CH | len=2
OpcodeLengths.java> OPLEN 18390 slot=2105 CMP | CMP dword ptr [EAX],EBP | len=2
OpcodeLengths.java> OPLEN 183a0 slot=2106 CMP | CMP CH,byte ptr [EAX] | len=2
OpcodeLengths.java> OPLEN 183b0 slot=2107 CMP | CMP EBP,dword ptr [EAX] | len=2
OpcodeLengths.java> OPLEN 183c0 slot=2108 CMP | CMP AL,0x28 | len=2
OpcodeLengths.java> OPLEN 183d0 slot=2109 CMP | CMP EAX,0x90909028 | len=5
OpcodeLengths.java> OPLEN 183e0 slot=2110 SUB | SUB byte ptr DS:[EAX + 0x90909090],DL | len=7
OpcodeLengths.java> OPLEN 183f0 slot=2111 AAS | AAS | len=1
OpcodeLengths.java> OPLEN 18400 slot=2112 INC | INC EAX | len=1
OpcodeLengths.java> OPLEN 18410 slot=2113 INC | INC ECX | len=1
OpcodeLengths.java> OPLEN 18420 slot=2114 INC | INC EDX | len=1
OpcodeLengths.java> OPLEN 18430 slot=2115 INC | INC EBX | len=1
OpcodeLengths.java> OPLEN 18440 slot=2116 INC | INC ESP | len=1
OpcodeLengths.java> OPLEN 18450 slot=2117 INC | INC EBP | len=1
OpcodeLengths.java> OPLEN 18460 slot=2118 INC | INC ESI | len=1
OpcodeLengths.java> OPLEN 18470 slot=2119 INC | INC EDI | len=1
OpcodeLengths.java> OPLEN 18480 slot=2120 DEC | DEC EAX | len=1
OpcodeLengths.java> OPLEN 18490 slot=2121 DEC | DEC ECX | len=1
OpcodeLengths.java> OPLEN 184a0 slot=2122 DEC | DEC EDX | len=1
OpcodeLengths.java> OPLEN 184b0 slot=2123 DEC | DEC EBX | len=1
OpcodeLengths.java> OPLEN 184c0 slot=2124 DEC | DEC ESP | len=1
OpcodeLengths.java> OPLEN 184d0 slot=2125 DEC | DEC EBP | len=1
OpcodeLengths.java> OPLEN 184e0 slot=2126 DEC | DEC ESI | len=1
OpcodeLengths.java> OPLEN 184f0 slot=2127 DEC | DEC EDI | len=1
OpcodeLengths.java> OPLEN 18500 slot=2128 PUSH | PUSH EAX | len=1
OpcodeLengths.java> OPLEN 18510 slot=2129 PUSH | PUSH ECX | len=1
OpcodeLengths.java> OPLEN 18520 slot=2130 PUSH | PUSH EDX | len=1
OpcodeLengths.java> OPLEN 18530 slot=2131 PUSH | PUSH EBX | len=1
OpcodeLengths.java> OPLEN 18540 slot=2132 PUSH | PUSH ESP | len=1
OpcodeLengths.java> OPLEN 18550 slot=2133 PUSH | PUSH EBP | len=1
OpcodeLengths.java> OPLEN 18560 slot=2134 PUSH | PUSH ESI | len=1
OpcodeLengths.java> OPLEN 18570 slot=2135 PUSH | PUSH EDI | len=1
OpcodeLengths.java> OPLEN 18580 slot=2136 POP | POP EAX | len=1
OpcodeLengths.java> OPLEN 18590 slot=2137 POP | POP ECX | len=1
OpcodeLengths.java> OPLEN 185a0 slot=2138 POP | POP EDX | len=1
OpcodeLengths.java> OPLEN 185b0 slot=2139 POP | POP EBX | len=1
OpcodeLengths.java> OPLEN 185c0 slot=2140 POP | POP ESP | len=1
OpcodeLengths.java> OPLEN 185d0 slot=2141 POP | POP EBP | len=1
OpcodeLengths.java> OPLEN 185e0 slot=2142 POP | POP ESI | len=1
OpcodeLengths.java> OPLEN 185f0 slot=2143 POP | POP EDI | len=1
OpcodeLengths.java> OPLEN 18600 slot=2144 PUSHAD | PUSHAD | len=1
OpcodeLengths.java> OPLEN 18610 slot=2145 POPAD | POPAD | len=1
OpcodeLengths.java> OPLEN 18620 slot=2146 BOUND | BOUND EBP,dword ptr [EAX] | len=2
OpcodeLengths.java> OPLEN 18630 slot=2147 ARPL | ARPL word ptr [EAX],BP | len=2
OpcodeLengths.java> OPLEN 18640 slot=2148 SUB | SUB byte ptr FS:[EAX + 0x90909090],DL | len=7
OpcodeLengths.java> OPLEN 18650 slot=2149 SUB | SUB byte ptr GS:[EAX + 0x90909090],DL | len=7
OpcodeLengths.java> OPLEN 18660 slot=2150 SUB | SUB byte ptr [EAX + 0x90909090],DL | len=7
OpcodeLengths.java> OPLEN 18670 slot=2151 SUB | SUB byte ptr [BX + SI + 0x9090],DL | len=5
OpcodeLengths.java> OPLEN 18680 slot=2152 PUSH | PUSH 0x90909028 | len=5
OpcodeLengths.java> OPLEN 18690 slot=2153 IMUL | IMUL EBP,dword ptr [EAX],-0x6f6f6f70 | len=6
OpcodeLengths.java> OPLEN 186a0 slot=2154 PUSH | PUSH 0x28 | len=2
OpcodeLengths.java> OPLEN 186b0 slot=2155 IMUL | IMUL EBP,dword ptr [EAX],-0x70 | len=3
OpcodeLengths.java> OPLEN 186c0 slot=2156 INSB | INSB ES:EDI,DX | len=1
OpcodeLengths.java> OPLEN 186d0 slot=2157 INSD | INSD ES:EDI,DX | len=1
OpcodeLengths.java> OPLEN 186e0 slot=2158 OUTSB | OUTSB DX,ESI | len=1
OpcodeLengths.java> OPLEN 186f0 slot=2159 OUTSD | OUTSD DX,ESI | len=1
OpcodeLengths.java> OPLEN 18700 slot=2160 JO | JO 0x0001872a | len=2
OpcodeLengths.java> OPLEN 18710 slot=2161 JNO | JNO 0x0001873a | len=2
OpcodeLengths.java> OPLEN 18720 slot=2162 JC | JC 0x0001874a | len=2
OpcodeLengths.java> OPLEN 18730 slot=2163 JNC | JNC 0x0001875a | len=2
OpcodeLengths.java> OPLEN 18740 slot=2164 JZ | JZ 0x0001876a | len=2
OpcodeLengths.java> OPLEN 18750 slot=2165 JNZ | JNZ 0x0001877a | len=2
OpcodeLengths.java> OPLEN 18760 slot=2166 JBE | JBE 0x0001878a | len=2
OpcodeLengths.java> OPLEN 18770 slot=2167 JA | JA 0x0001879a | len=2
OpcodeLengths.java> OPLEN 18780 slot=2168 JS | JS 0x000187aa | len=2
OpcodeLengths.java> OPLEN 18790 slot=2169 JNS | JNS 0x000187ba | len=2
OpcodeLengths.java> OPLEN 187a0 slot=2170 JP | JP 0x000187ca | len=2
OpcodeLengths.java> OPLEN 187b0 slot=2171 JNP | JNP 0x000187da | len=2
OpcodeLengths.java> OPLEN 187c0 slot=2172 JL | JL 0x000187ea | len=2
OpcodeLengths.java> OPLEN 187d0 slot=2173 JGE | JGE 0x000187fa | len=2
OpcodeLengths.java> OPLEN 187e0 slot=2174 JLE | JLE 0x0001880a | len=2
OpcodeLengths.java> OPLEN 187f0 slot=2175 JG | JG 0x0001881a | len=2
OpcodeLengths.java> OPLEN 18800 slot=2176 SUB | SUB byte ptr [EAX],0x90 | len=3
OpcodeLengths.java> OPLEN 18810 slot=2177 SUB | SUB dword ptr [EAX],0x90909090 | len=6
OpcodeLengths.java> OPLEN 18820 slot=2178 SUB | SUB byte ptr [EAX],0x90 | len=3
OpcodeLengths.java> OPLEN 18830 slot=2179 SUB | SUB dword ptr [EAX],-0x70 | len=3
OpcodeLengths.java> OPLEN 18840 slot=2180 TEST | TEST byte ptr [EAX],CH | len=2
OpcodeLengths.java> OPLEN 18850 slot=2181 TEST | TEST dword ptr [EAX],EBP | len=2
OpcodeLengths.java> OPLEN 18860 slot=2182 XCHG | XCHG byte ptr [EAX],CH | len=2
OpcodeLengths.java> OPLEN 18870 slot=2183 XCHG | XCHG dword ptr [EAX],EBP | len=2
OpcodeLengths.java> OPLEN 18880 slot=2184 MOV | MOV byte ptr [EAX],CH | len=2
OpcodeLengths.java> OPLEN 18890 slot=2185 MOV | MOV dword ptr [EAX],EBP | len=2
OpcodeLengths.java> OPLEN 188a0 slot=2186 MOV | MOV CH,byte ptr [EAX] | len=2
OpcodeLengths.java> OPLEN 188b0 slot=2187 MOV | MOV EBP,dword ptr [EAX] | len=2
OpcodeLengths.java> OPLEN 188c0 slot=2188 MOV | MOV word ptr [EAX],GS | len=2
OpcodeLengths.java> OPLEN 188d0 slot=2189 LEA | LEA EBP,[EAX] | len=2
OpcodeLengths.java> OPLEN 188e0 slot=2190 MOV | MOV GS,word ptr [EAX] | len=2
OpcodeLengths.java> OPLEN 188f0 slot=2191 NONE
OpcodeLengths.java> OPLEN 18900 slot=2192 NOP | NOP | len=1
OpcodeLengths.java> OPLEN 18910 slot=2193 XCHG | XCHG EAX,ECX | len=1
OpcodeLengths.java> OPLEN 18920 slot=2194 XCHG | XCHG EAX,EDX | len=1
OpcodeLengths.java> OPLEN 18930 slot=2195 XCHG | XCHG EAX,EBX | len=1
OpcodeLengths.java> OPLEN 18940 slot=2196 XCHG | XCHG EAX,ESP | len=1
OpcodeLengths.java> OPLEN 18950 slot=2197 XCHG | XCHG EAX,EBP | len=1
OpcodeLengths.java> OPLEN 18960 slot=2198 XCHG | XCHG EAX,ESI | len=1
OpcodeLengths.java> OPLEN 18970 slot=2199 XCHG | XCHG EAX,EDI | len=1
OpcodeLengths.java> OPLEN 18980 slot=2200 CWDE | CWDE | len=1
OpcodeLengths.java> OPLEN 18990 slot=2201 CDQ | CDQ | len=1
OpcodeLengths.java> OPLEN 189a0 slot=2202 CALLF | CALLF 0x9090:0x90909028 | len=7
OpcodeLengths.java> OPLEN 189b0 slot=2203 WAIT | WAIT | len=1
OpcodeLengths.java> OPLEN 189c0 slot=2204 PUSHFD | PUSHFD | len=1
OpcodeLengths.java> OPLEN 189d0 slot=2205 POPFD | POPFD | len=1
OpcodeLengths.java> OPLEN 189e0 slot=2206 SAHF | SAHF | len=1
OpcodeLengths.java> OPLEN 189f0 slot=2207 LAHF | LAHF | len=1
OpcodeLengths.java> OPLEN 18a00 slot=2208 MOV | MOV AL,[0x90909028] | len=5
OpcodeLengths.java> OPLEN 18a10 slot=2209 MOV | MOV EAX,[0x90909028] | len=5
OpcodeLengths.java> OPLEN 18a20 slot=2210 MOV | MOV [0x90909028],AL | len=5
OpcodeLengths.java> OPLEN 18a30 slot=2211 MOV | MOV [0x90909028],EAX | len=5
OpcodeLengths.java> OPLEN 18a40 slot=2212 MOVSB | MOVSB ES:EDI,ESI | len=1
OpcodeLengths.java> OPLEN 18a50 slot=2213 MOVSD | MOVSD ES:EDI,ESI | len=1
OpcodeLengths.java> OPLEN 18a60 slot=2214 CMPSB | CMPSB ES:EDI,ESI | len=1
OpcodeLengths.java> OPLEN 18a70 slot=2215 CMPSD | CMPSD ES:EDI,ESI | len=1
OpcodeLengths.java> OPLEN 18a80 slot=2216 TEST | TEST AL,0x28 | len=2
OpcodeLengths.java> OPLEN 18a90 slot=2217 TEST | TEST EAX,0x90909028 | len=5
OpcodeLengths.java> OPLEN 18aa0 slot=2218 STOSB | STOSB ES:EDI | len=1
OpcodeLengths.java> OPLEN 18ab0 slot=2219 STOSD | STOSD ES:EDI | len=1
OpcodeLengths.java> OPLEN 18ac0 slot=2220 LODSB | LODSB ESI | len=1
OpcodeLengths.java> OPLEN 18ad0 slot=2221 LODSD | LODSD ESI | len=1
OpcodeLengths.java> OPLEN 18ae0 slot=2222 SCASB | SCASB ES:EDI | len=1
OpcodeLengths.java> OPLEN 18af0 slot=2223 SCASD | SCASD ES:EDI | len=1
OpcodeLengths.java> OPLEN 18b00 slot=2224 MOV | MOV AL,0x28 | len=2
OpcodeLengths.java> OPLEN 18b10 slot=2225 MOV | MOV CL,0x28 | len=2
OpcodeLengths.java> OPLEN 18b20 slot=2226 MOV | MOV DL,0x28 | len=2
OpcodeLengths.java> OPLEN 18b30 slot=2227 MOV | MOV BL,0x28 | len=2
OpcodeLengths.java> OPLEN 18b40 slot=2228 MOV | MOV AH,0x28 | len=2
OpcodeLengths.java> OPLEN 18b50 slot=2229 MOV | MOV CH,0x28 | len=2
OpcodeLengths.java> OPLEN 18b60 slot=2230 MOV | MOV DH,0x28 | len=2
OpcodeLengths.java> OPLEN 18b70 slot=2231 MOV | MOV BH,0x28 | len=2
OpcodeLengths.java> OPLEN 18b80 slot=2232 MOV | MOV EAX,0x90909028 | len=5
OpcodeLengths.java> OPLEN 18b90 slot=2233 MOV | MOV ECX,0x90909028 | len=5
OpcodeLengths.java> OPLEN 18ba0 slot=2234 MOV | MOV EDX,0x90909028 | len=5
OpcodeLengths.java> OPLEN 18bb0 slot=2235 MOV | MOV EBX,0x90909028 | len=5
OpcodeLengths.java> OPLEN 18bc0 slot=2236 MOV | MOV ESP,0x90909028 | len=5
OpcodeLengths.java> OPLEN 18bd0 slot=2237 MOV | MOV EBP,0x90909028 | len=5
OpcodeLengths.java> OPLEN 18be0 slot=2238 MOV | MOV ESI,0x90909028 | len=5
OpcodeLengths.java> OPLEN 18bf0 slot=2239 MOV | MOV EDI,0x90909028 | len=5
OpcodeLengths.java> OPLEN 18c00 slot=2240 SHR | SHR byte ptr [EAX],0x90 | len=3
OpcodeLengths.java> OPLEN 18c10 slot=2241 SHR | SHR dword ptr [EAX],0x90 | len=3
OpcodeLengths.java> OPLEN 18c20 slot=2242 RET | RET 0x9028 | len=3
OpcodeLengths.java> OPLEN 18c30 slot=2243 RET | RET | len=1
OpcodeLengths.java> OPLEN 18c40 slot=2244 LES | LES EBP,[EAX] | len=2
OpcodeLengths.java> OPLEN 18c50 slot=2245 LDS | LDS EBP,[EAX] | len=2
OpcodeLengths.java> OPLEN 18c60 slot=2246 NONE
OpcodeLengths.java> OPLEN 18c70 slot=2247 NONE
OpcodeLengths.java> OPLEN 18c80 slot=2248 ENTER | ENTER 0x9028,0x10 | len=4
OpcodeLengths.java> OPLEN 18c90 slot=2249 LEAVE | LEAVE | len=1
OpcodeLengths.java> OPLEN 18ca0 slot=2250 RETF | RETF 0x9028 | len=3
OpcodeLengths.java> OPLEN 18cb0 slot=2251 RETF | RETF | len=1
OpcodeLengths.java> OPLEN 18cc0 slot=2252 INT3 | INT3 | len=1
OpcodeLengths.java> OPLEN 18cd0 slot=2253 INT | INT 0x28 | len=2
OpcodeLengths.java> OPLEN 18ce0 slot=2254 INTO | INTO | len=1
OpcodeLengths.java> OPLEN 18cf0 slot=2255 IRETD | IRETD | len=1
OpcodeLengths.java> OPLEN 18d00 slot=2256 SHR | SHR byte ptr [EAX],0x1 | len=2
OpcodeLengths.java> OPLEN 18d10 slot=2257 SHR | SHR dword ptr [EAX],0x1 | len=2
OpcodeLengths.java> OPLEN 18d20 slot=2258 SHR | SHR byte ptr [EAX],CL | len=2
OpcodeLengths.java> OPLEN 18d30 slot=2259 SHR | SHR dword ptr [EAX],CL | len=2
OpcodeLengths.java> OPLEN 18d40 slot=2260 AAM | AAM 0x28 | len=2
OpcodeLengths.java> OPLEN 18d50 slot=2261 AAD | AAD 0x28 | len=2
OpcodeLengths.java> OPLEN 18d60 slot=2262 SALC | SALC | len=1
OpcodeLengths.java> OPLEN 18d70 slot=2263 XLAT | XLAT EBX | len=1
OpcodeLengths.java> OPLEN 18d80 slot=2264 FSUBR | FSUBR float ptr [EAX] | len=2
OpcodeLengths.java> OPLEN 18d90 slot=2265 FLDCW | FLDCW word ptr [EAX] | len=2
OpcodeLengths.java> OPLEN 18da0 slot=2266 FISUBR | FISUBR dword ptr [EAX] | len=2
OpcodeLengths.java> OPLEN 18db0 slot=2267 FLD | FLD extended double ptr [EAX] | len=2
OpcodeLengths.java> OPLEN 18dc0 slot=2268 FSUBR | FSUBR double ptr [EAX] | len=2
OpcodeLengths.java> OPLEN 18dd0 slot=2269 NONE
OpcodeLengths.java> OPLEN 18de0 slot=2270 FISUBR | FISUBR word ptr [EAX] | len=2
OpcodeLengths.java> OPLEN 18df0 slot=2271 FILD | FILD qword ptr [EAX] | len=2
OpcodeLengths.java> OPLEN 18e00 slot=2272 LOOPNZ | LOOPNZ 0x00018e2a | len=2
OpcodeLengths.java> OPLEN 18e10 slot=2273 LOOPZ | LOOPZ 0x00018e3a | len=2
OpcodeLengths.java> OPLEN 18e20 slot=2274 LOOP | LOOP 0x00018e4a | len=2
OpcodeLengths.java> OPLEN 18e30 slot=2275 JECXZ | JECXZ 0x00018e5a | len=2
OpcodeLengths.java> OPLEN 18e40 slot=2276 IN | IN AL,0x28 | len=2
OpcodeLengths.java> OPLEN 18e50 slot=2277 IN | IN EAX,0x28 | len=2
OpcodeLengths.java> OPLEN 18e60 slot=2278 OUT | OUT 0x28,AL | len=2
OpcodeLengths.java> OPLEN 18e70 slot=2279 OUT | OUT 0x28,EAX | len=2
OpcodeLengths.java> OPLEN 18e80 slot=2280 CALL | CALL 0x90921ead | len=5
OpcodeLengths.java> OPLEN 18e90 slot=2281 JMP | JMP 0x90921ebd | len=5
OpcodeLengths.java> OPLEN 18ea0 slot=2282 JMPF | JMPF 0x9090:0x90909028 | len=7
OpcodeLengths.java> OPLEN 18eb0 slot=2283 JMP | JMP 0x00018eda | len=2
OpcodeLengths.java> OPLEN 18ec0 slot=2284 IN | IN AL,DX | len=1
OpcodeLengths.java> OPLEN 18ed0 slot=2285 IN | IN EAX,DX | len=1
OpcodeLengths.java> OPLEN 18ee0 slot=2286 OUT | OUT DX,AL | len=1
OpcodeLengths.java> OPLEN 18ef0 slot=2287 OUT | OUT DX,EAX | len=1
OpcodeLengths.java> OPLEN 18f00 slot=2288 SUB.LOCK | SUB.LOCK byte ptr [EAX + 0x90909090],DL | len=7
OpcodeLengths.java> OPLEN 18f10 slot=2289 INT1 | INT1 | len=1
OpcodeLengths.java> OPLEN 18f20 slot=2290 SUB | SUB byte ptr [EAX + 0x90909090],DL | len=7
OpcodeLengths.java> OPLEN 18f30 slot=2291 SUB | SUB byte ptr [EAX + 0x90909090],DL | len=7
OpcodeLengths.java> OPLEN 18f40 slot=2292 HLT | HLT | len=1
OpcodeLengths.java> OPLEN 18f50 slot=2293 CMC | CMC | len=1
OpcodeLengths.java> OPLEN 18f60 slot=2294 IMUL | IMUL byte ptr [EAX] | len=2
OpcodeLengths.java> OPLEN 18f70 slot=2295 IMUL | IMUL dword ptr [EAX] | len=2
OpcodeLengths.java> OPLEN 18f80 slot=2296 CLC | CLC | len=1
OpcodeLengths.java> OPLEN 18f90 slot=2297 STC | STC | len=1
OpcodeLengths.java> OPLEN 18fa0 slot=2298 CLI | CLI | len=1
OpcodeLengths.java> OPLEN 18fb0 slot=2299 STI | STI | len=1
OpcodeLengths.java> OPLEN 18fc0 slot=2300 CLD | CLD | len=1
OpcodeLengths.java> OPLEN 18fd0 slot=2301 STD | STD | len=1
OpcodeLengths.java> OPLEN 18fe0 slot=2302 INC | INC byte ptr [EAX] | len=2
OpcodeLengths.java> OPLEN 18ff0 slot=2303 JMPF | JMPF [EAX] | len=2
OpcodeLengths.java> OPLEN 19000 slot=2304 ADD | ADD byte ptr [EAX],DH | len=2
OpcodeLengths.java> OPLEN 19010 slot=2305 ADD | ADD dword ptr [EAX],ESI | len=2
OpcodeLengths.java> OPLEN 19020 slot=2306 ADD | ADD DH,byte ptr [EAX] | len=2
OpcodeLengths.java> OPLEN 19030 slot=2307 ADD | ADD ESI,dword ptr [EAX] | len=2
OpcodeLengths.java> OPLEN 19040 slot=2308 ADD | ADD AL,0x30 | len=2
OpcodeLengths.java> OPLEN 19050 slot=2309 ADD | ADD EAX,0x90909030 | len=5
OpcodeLengths.java> OPLEN 19060 slot=2310 PUSH | PUSH ES | len=1
OpcodeLengths.java> OPLEN 19070 slot=2311 POP | POP ES | len=1
OpcodeLengths.java> OPLEN 19080 slot=2312 OR | OR byte ptr [EAX],DH | len=2
OpcodeLengths.java> OPLEN 19090 slot=2313 OR | OR dword ptr [EAX],ESI | len=2
OpcodeLengths.java> OPLEN 190a0 slot=2314 OR | OR DH,byte ptr [EAX] | len=2
OpcodeLengths.java> OPLEN 190b0 slot=2315 OR | OR ESI,dword ptr [EAX] | len=2
OpcodeLengths.java> OPLEN 190c0 slot=2316 OR | OR AL,0x30 | len=2
OpcodeLengths.java> OPLEN 190d0 slot=2317 OR | OR EAX,0x90909030 | len=5
OpcodeLengths.java> OPLEN 190e0 slot=2318 PUSH | PUSH CS | len=1
OpcodeLengths.java> OPLEN 190f0 slot=2319 WRMSR | WRMSR | len=2
OpcodeLengths.java> OPLEN 19100 slot=2320 ADC | ADC byte ptr [EAX],DH | len=2
OpcodeLengths.java> OPLEN 19110 slot=2321 ADC | ADC dword ptr [EAX],ESI | len=2
OpcodeLengths.java> OPLEN 19120 slot=2322 ADC | ADC DH,byte ptr [EAX] | len=2
OpcodeLengths.java> OPLEN 19130 slot=2323 ADC | ADC ESI,dword ptr [EAX] | len=2
OpcodeLengths.java> OPLEN 19140 slot=2324 ADC | ADC AL,0x30 | len=2
OpcodeLengths.java> OPLEN 19150 slot=2325 ADC | ADC EAX,0x90909030 | len=5
OpcodeLengths.java> OPLEN 19160 slot=2326 PUSH | PUSH SS | len=1
OpcodeLengths.java> OPLEN 19170 slot=2327 POP | POP SS | len=1
OpcodeLengths.java> OPLEN 19180 slot=2328 SBB | SBB byte ptr [EAX],DH | len=2
OpcodeLengths.java> OPLEN 19190 slot=2329 SBB | SBB dword ptr [EAX],ESI | len=2
OpcodeLengths.java> OPLEN 191a0 slot=2330 SBB | SBB DH,byte ptr [EAX] | len=2
OpcodeLengths.java> OPLEN 191b0 slot=2331 SBB | SBB ESI,dword ptr [EAX] | len=2
OpcodeLengths.java> OPLEN 191c0 slot=2332 SBB | SBB AL,0x30 | len=2
OpcodeLengths.java> OPLEN 191d0 slot=2333 SBB | SBB EAX,0x90909030 | len=5
OpcodeLengths.java> OPLEN 191e0 slot=2334 PUSH | PUSH DS | len=1
OpcodeLengths.java> OPLEN 191f0 slot=2335 POP | POP DS | len=1
OpcodeLengths.java> OPLEN 19200 slot=2336 AND | AND byte ptr [EAX],DH | len=2
OpcodeLengths.java> OPLEN 19210 slot=2337 AND | AND dword ptr [EAX],ESI | len=2
OpcodeLengths.java> OPLEN 19220 slot=2338 AND | AND DH,byte ptr [EAX] | len=2
OpcodeLengths.java> OPLEN 19230 slot=2339 AND | AND ESI,dword ptr [EAX] | len=2
OpcodeLengths.java> OPLEN 19240 slot=2340 AND | AND AL,0x30 | len=2
OpcodeLengths.java> OPLEN 19250 slot=2341 AND | AND EAX,0x90909030 | len=5
OpcodeLengths.java> OPLEN 19260 slot=2342 XOR | XOR byte ptr ES:[EAX + 0x90909090],DL | len=7
OpcodeLengths.java> OPLEN 19270 slot=2343 DAA | DAA | len=1
OpcodeLengths.java> OPLEN 19280 slot=2344 SUB | SUB byte ptr [EAX],DH | len=2
OpcodeLengths.java> OPLEN 19290 slot=2345 SUB | SUB dword ptr [EAX],ESI | len=2
OpcodeLengths.java> OPLEN 192a0 slot=2346 SUB | SUB DH,byte ptr [EAX] | len=2
OpcodeLengths.java> OPLEN 192b0 slot=2347 SUB | SUB ESI,dword ptr [EAX] | len=2
OpcodeLengths.java> OPLEN 192c0 slot=2348 SUB | SUB AL,0x30 | len=2
OpcodeLengths.java> OPLEN 192d0 slot=2349 SUB | SUB EAX,0x90909030 | len=5
OpcodeLengths.java> OPLEN 192e0 slot=2350 XOR | XOR byte ptr CS:[EAX + 0x90909090],DL | len=7
OpcodeLengths.java> OPLEN 192f0 slot=2351 DAS | DAS | len=1
OpcodeLengths.java> OPLEN 19300 slot=2352 XOR | XOR byte ptr [EAX],DH | len=2
OpcodeLengths.java> OPLEN 19310 slot=2353 XOR | XOR dword ptr [EAX],ESI | len=2
OpcodeLengths.java> OPLEN 19320 slot=2354 XOR | XOR DH,byte ptr [EAX] | len=2
OpcodeLengths.java> OPLEN 19330 slot=2355 XOR | XOR ESI,dword ptr [EAX] | len=2
OpcodeLengths.java> OPLEN 19340 slot=2356 XOR | XOR AL,0x30 | len=2
OpcodeLengths.java> OPLEN 19350 slot=2357 XOR | XOR EAX,0x90909030 | len=5
OpcodeLengths.java> OPLEN 19360 slot=2358 XOR | XOR byte ptr SS:[EAX + 0x90909090],DL | len=7
OpcodeLengths.java> OPLEN 19370 slot=2359 AAA | AAA | len=1
OpcodeLengths.java> OPLEN 19380 slot=2360 CMP | CMP byte ptr [EAX],DH | len=2
OpcodeLengths.java> OPLEN 19390 slot=2361 CMP | CMP dword ptr [EAX],ESI | len=2
OpcodeLengths.java> OPLEN 193a0 slot=2362 CMP | CMP DH,byte ptr [EAX] | len=2
OpcodeLengths.java> OPLEN 193b0 slot=2363 CMP | CMP ESI,dword ptr [EAX] | len=2
OpcodeLengths.java> OPLEN 193c0 slot=2364 CMP | CMP AL,0x30 | len=2
OpcodeLengths.java> OPLEN 193d0 slot=2365 CMP | CMP EAX,0x90909030 | len=5
OpcodeLengths.java> OPLEN 193e0 slot=2366 XOR | XOR byte ptr DS:[EAX + 0x90909090],DL | len=7
OpcodeLengths.java> OPLEN 193f0 slot=2367 AAS | AAS | len=1
OpcodeLengths.java> OPLEN 19400 slot=2368 INC | INC EAX | len=1
OpcodeLengths.java> OPLEN 19410 slot=2369 INC | INC ECX | len=1
OpcodeLengths.java> OPLEN 19420 slot=2370 INC | INC EDX | len=1
OpcodeLengths.java> OPLEN 19430 slot=2371 INC | INC EBX | len=1
OpcodeLengths.java> OPLEN 19440 slot=2372 INC | INC ESP | len=1
OpcodeLengths.java> OPLEN 19450 slot=2373 INC | INC EBP | len=1
OpcodeLengths.java> OPLEN 19460 slot=2374 INC | INC ESI | len=1
OpcodeLengths.java> OPLEN 19470 slot=2375 INC | INC EDI | len=1
OpcodeLengths.java> OPLEN 19480 slot=2376 DEC | DEC EAX | len=1
OpcodeLengths.java> OPLEN 19490 slot=2377 DEC | DEC ECX | len=1
OpcodeLengths.java> OPLEN 194a0 slot=2378 DEC | DEC EDX | len=1
OpcodeLengths.java> OPLEN 194b0 slot=2379 DEC | DEC EBX | len=1
OpcodeLengths.java> OPLEN 194c0 slot=2380 DEC | DEC ESP | len=1
OpcodeLengths.java> OPLEN 194d0 slot=2381 DEC | DEC EBP | len=1
OpcodeLengths.java> OPLEN 194e0 slot=2382 DEC | DEC ESI | len=1
OpcodeLengths.java> OPLEN 194f0 slot=2383 DEC | DEC EDI | len=1
OpcodeLengths.java> OPLEN 19500 slot=2384 PUSH | PUSH EAX | len=1
OpcodeLengths.java> OPLEN 19510 slot=2385 PUSH | PUSH ECX | len=1
OpcodeLengths.java> OPLEN 19520 slot=2386 PUSH | PUSH EDX | len=1
OpcodeLengths.java> OPLEN 19530 slot=2387 PUSH | PUSH EBX | len=1
OpcodeLengths.java> OPLEN 19540 slot=2388 PUSH | PUSH ESP | len=1
OpcodeLengths.java> OPLEN 19550 slot=2389 PUSH | PUSH EBP | len=1
OpcodeLengths.java> OPLEN 19560 slot=2390 PUSH | PUSH ESI | len=1
OpcodeLengths.java> OPLEN 19570 slot=2391 PUSH | PUSH EDI | len=1
OpcodeLengths.java> OPLEN 19580 slot=2392 POP | POP EAX | len=1
OpcodeLengths.java> OPLEN 19590 slot=2393 POP | POP ECX | len=1
OpcodeLengths.java> OPLEN 195a0 slot=2394 POP | POP EDX | len=1
OpcodeLengths.java> OPLEN 195b0 slot=2395 POP | POP EBX | len=1
OpcodeLengths.java> OPLEN 195c0 slot=2396 POP | POP ESP | len=1
OpcodeLengths.java> OPLEN 195d0 slot=2397 POP | POP EBP | len=1
OpcodeLengths.java> OPLEN 195e0 slot=2398 POP | POP ESI | len=1
OpcodeLengths.java> OPLEN 195f0 slot=2399 POP | POP EDI | len=1
OpcodeLengths.java> OPLEN 19600 slot=2400 PUSHAD | PUSHAD | len=1
OpcodeLengths.java> OPLEN 19610 slot=2401 POPAD | POPAD | len=1
OpcodeLengths.java> OPLEN 19620 slot=2402 BOUND | BOUND ESI,dword ptr [EAX] | len=2
OpcodeLengths.java> OPLEN 19630 slot=2403 ARPL | ARPL word ptr [EAX],SI | len=2
OpcodeLengths.java> OPLEN 19640 slot=2404 XOR | XOR byte ptr FS:[EAX + 0x90909090],DL | len=7
OpcodeLengths.java> OPLEN 19650 slot=2405 XOR | XOR byte ptr GS:[EAX + 0x90909090],DL | len=7
OpcodeLengths.java> OPLEN 19660 slot=2406 XOR | XOR byte ptr [EAX + 0x90909090],DL | len=7
OpcodeLengths.java> OPLEN 19670 slot=2407 XOR | XOR byte ptr [BX + SI + 0x9090],DL | len=5
OpcodeLengths.java> OPLEN 19680 slot=2408 PUSH | PUSH 0x90909030 | len=5
OpcodeLengths.java> OPLEN 19690 slot=2409 IMUL | IMUL ESI,dword ptr [EAX],-0x6f6f6f70 | len=6
OpcodeLengths.java> OPLEN 196a0 slot=2410 PUSH | PUSH 0x30 | len=2
OpcodeLengths.java> OPLEN 196b0 slot=2411 IMUL | IMUL ESI,dword ptr [EAX],-0x70 | len=3
OpcodeLengths.java> OPLEN 196c0 slot=2412 INSB | INSB ES:EDI,DX | len=1
OpcodeLengths.java> OPLEN 196d0 slot=2413 INSD | INSD ES:EDI,DX | len=1
OpcodeLengths.java> OPLEN 196e0 slot=2414 OUTSB | OUTSB DX,ESI | len=1
OpcodeLengths.java> OPLEN 196f0 slot=2415 OUTSD | OUTSD DX,ESI | len=1
OpcodeLengths.java> OPLEN 19700 slot=2416 JO | JO 0x00019732 | len=2
OpcodeLengths.java> OPLEN 19710 slot=2417 JNO | JNO 0x00019742 | len=2
OpcodeLengths.java> OPLEN 19720 slot=2418 JC | JC 0x00019752 | len=2
OpcodeLengths.java> OPLEN 19730 slot=2419 JNC | JNC 0x00019762 | len=2
OpcodeLengths.java> OPLEN 19740 slot=2420 JZ | JZ 0x00019772 | len=2
OpcodeLengths.java> OPLEN 19750 slot=2421 JNZ | JNZ 0x00019782 | len=2
OpcodeLengths.java> OPLEN 19760 slot=2422 JBE | JBE 0x00019792 | len=2
OpcodeLengths.java> OPLEN 19770 slot=2423 JA | JA 0x000197a2 | len=2
OpcodeLengths.java> OPLEN 19780 slot=2424 JS | JS 0x000197b2 | len=2
OpcodeLengths.java> OPLEN 19790 slot=2425 JNS | JNS 0x000197c2 | len=2
OpcodeLengths.java> OPLEN 197a0 slot=2426 JP | JP 0x000197d2 | len=2
OpcodeLengths.java> OPLEN 197b0 slot=2427 JNP | JNP 0x000197e2 | len=2
OpcodeLengths.java> OPLEN 197c0 slot=2428 JL | JL 0x000197f2 | len=2
OpcodeLengths.java> OPLEN 197d0 slot=2429 JGE | JGE 0x00019802 | len=2
OpcodeLengths.java> OPLEN 197e0 slot=2430 JLE | JLE 0x00019812 | len=2
OpcodeLengths.java> OPLEN 197f0 slot=2431 JG | JG 0x00019822 | len=2
OpcodeLengths.java> OPLEN 19800 slot=2432 XOR | XOR byte ptr [EAX],0x90 | len=3
OpcodeLengths.java> OPLEN 19810 slot=2433 XOR | XOR dword ptr [EAX],0x90909090 | len=6
OpcodeLengths.java> OPLEN 19820 slot=2434 XOR | XOR byte ptr [EAX],0x90 | len=3
OpcodeLengths.java> OPLEN 19830 slot=2435 XOR | XOR dword ptr [EAX],0xffffff90 | len=3
OpcodeLengths.java> OPLEN 19840 slot=2436 TEST | TEST byte ptr [EAX],DH | len=2
OpcodeLengths.java> OPLEN 19850 slot=2437 TEST | TEST dword ptr [EAX],ESI | len=2
OpcodeLengths.java> OPLEN 19860 slot=2438 XCHG | XCHG byte ptr [EAX],DH | len=2
OpcodeLengths.java> OPLEN 19870 slot=2439 XCHG | XCHG dword ptr [EAX],ESI | len=2
OpcodeLengths.java> OPLEN 19880 slot=2440 MOV | MOV byte ptr [EAX],DH | len=2
OpcodeLengths.java> OPLEN 19890 slot=2441 MOV | MOV dword ptr [EAX],ESI | len=2
OpcodeLengths.java> OPLEN 198a0 slot=2442 MOV | MOV DH,byte ptr [EAX] | len=2
OpcodeLengths.java> OPLEN 198b0 slot=2443 MOV | MOV ESI,dword ptr [EAX] | len=2
OpcodeLengths.java> OPLEN 198c0 slot=2444 NONE
OpcodeLengths.java> OPLEN 198d0 slot=2445 LEA | LEA ESI,[EAX] | len=2
OpcodeLengths.java> OPLEN 198e0 slot=2446 NONE
OpcodeLengths.java> OPLEN 198f0 slot=2447 NONE
OpcodeLengths.java> OPLEN 19900 slot=2448 NOP | NOP | len=1
OpcodeLengths.java> OPLEN 19910 slot=2449 XCHG | XCHG EAX,ECX | len=1
OpcodeLengths.java> OPLEN 19920 slot=2450 XCHG | XCHG EAX,EDX | len=1
OpcodeLengths.java> OPLEN 19930 slot=2451 XCHG | XCHG EAX,EBX | len=1
OpcodeLengths.java> OPLEN 19940 slot=2452 XCHG | XCHG EAX,ESP | len=1
OpcodeLengths.java> OPLEN 19950 slot=2453 XCHG | XCHG EAX,EBP | len=1
OpcodeLengths.java> OPLEN 19960 slot=2454 XCHG | XCHG EAX,ESI | len=1
OpcodeLengths.java> OPLEN 19970 slot=2455 XCHG | XCHG EAX,EDI | len=1
OpcodeLengths.java> OPLEN 19980 slot=2456 CWDE | CWDE | len=1
OpcodeLengths.java> OPLEN 19990 slot=2457 CDQ | CDQ | len=1
OpcodeLengths.java> OPLEN 199a0 slot=2458 CALLF | CALLF 0x9090:0x90909030 | len=7
OpcodeLengths.java> OPLEN 199b0 slot=2459 WAIT | WAIT | len=1
OpcodeLengths.java> OPLEN 199c0 slot=2460 PUSHFD | PUSHFD | len=1
OpcodeLengths.java> OPLEN 199d0 slot=2461 POPFD | POPFD | len=1
OpcodeLengths.java> OPLEN 199e0 slot=2462 SAHF | SAHF | len=1
OpcodeLengths.java> OPLEN 199f0 slot=2463 LAHF | LAHF | len=1
OpcodeLengths.java> OPLEN 19a00 slot=2464 MOV | MOV AL,[0x90909030] | len=5
OpcodeLengths.java> OPLEN 19a10 slot=2465 MOV | MOV EAX,[0x90909030] | len=5
OpcodeLengths.java> OPLEN 19a20 slot=2466 MOV | MOV [0x90909030],AL | len=5
OpcodeLengths.java> OPLEN 19a30 slot=2467 MOV | MOV [0x90909030],EAX | len=5
OpcodeLengths.java> OPLEN 19a40 slot=2468 MOVSB | MOVSB ES:EDI,ESI | len=1
OpcodeLengths.java> OPLEN 19a50 slot=2469 MOVSD | MOVSD ES:EDI,ESI | len=1
OpcodeLengths.java> OPLEN 19a60 slot=2470 CMPSB | CMPSB ES:EDI,ESI | len=1
OpcodeLengths.java> OPLEN 19a70 slot=2471 CMPSD | CMPSD ES:EDI,ESI | len=1
OpcodeLengths.java> OPLEN 19a80 slot=2472 TEST | TEST AL,0x30 | len=2
OpcodeLengths.java> OPLEN 19a90 slot=2473 TEST | TEST EAX,0x90909030 | len=5
OpcodeLengths.java> OPLEN 19aa0 slot=2474 STOSB | STOSB ES:EDI | len=1
OpcodeLengths.java> OPLEN 19ab0 slot=2475 STOSD | STOSD ES:EDI | len=1
OpcodeLengths.java> OPLEN 19ac0 slot=2476 LODSB | LODSB ESI | len=1
OpcodeLengths.java> OPLEN 19ad0 slot=2477 LODSD | LODSD ESI | len=1
OpcodeLengths.java> OPLEN 19ae0 slot=2478 SCASB | SCASB ES:EDI | len=1
OpcodeLengths.java> OPLEN 19af0 slot=2479 SCASD | SCASD ES:EDI | len=1
OpcodeLengths.java> OPLEN 19b00 slot=2480 MOV | MOV AL,0x30 | len=2
OpcodeLengths.java> OPLEN 19b10 slot=2481 MOV | MOV CL,0x30 | len=2
OpcodeLengths.java> OPLEN 19b20 slot=2482 MOV | MOV DL,0x30 | len=2
OpcodeLengths.java> OPLEN 19b30 slot=2483 MOV | MOV BL,0x30 | len=2
OpcodeLengths.java> OPLEN 19b40 slot=2484 MOV | MOV AH,0x30 | len=2
OpcodeLengths.java> OPLEN 19b50 slot=2485 MOV | MOV CH,0x30 | len=2
OpcodeLengths.java> OPLEN 19b60 slot=2486 MOV | MOV DH,0x30 | len=2
OpcodeLengths.java> OPLEN 19b70 slot=2487 MOV | MOV BH,0x30 | len=2
OpcodeLengths.java> OPLEN 19b80 slot=2488 MOV | MOV EAX,0x90909030 | len=5
OpcodeLengths.java> OPLEN 19b90 slot=2489 MOV | MOV ECX,0x90909030 | len=5
OpcodeLengths.java> OPLEN 19ba0 slot=2490 MOV | MOV EDX,0x90909030 | len=5
OpcodeLengths.java> OPLEN 19bb0 slot=2491 MOV | MOV EBX,0x90909030 | len=5
OpcodeLengths.java> OPLEN 19bc0 slot=2492 MOV | MOV ESP,0x90909030 | len=5
OpcodeLengths.java> OPLEN 19bd0 slot=2493 MOV | MOV EBP,0x90909030 | len=5
OpcodeLengths.java> OPLEN 19be0 slot=2494 MOV | MOV ESI,0x90909030 | len=5
OpcodeLengths.java> OPLEN 19bf0 slot=2495 MOV | MOV EDI,0x90909030 | len=5
OpcodeLengths.java> OPLEN 19c00 slot=2496 SHL | SHL byte ptr [EAX],0x90 | len=3
OpcodeLengths.java> OPLEN 19c10 slot=2497 SHL | SHL dword ptr [EAX],0x90 | len=3
OpcodeLengths.java> OPLEN 19c20 slot=2498 RET | RET 0x9030 | len=3
OpcodeLengths.java> OPLEN 19c30 slot=2499 RET | RET | len=1
OpcodeLengths.java> OPLEN 19c40 slot=2500 LES | LES ESI,[EAX] | len=2
OpcodeLengths.java> OPLEN 19c50 slot=2501 LDS | LDS ESI,[EAX] | len=2
OpcodeLengths.java> OPLEN 19c60 slot=2502 NONE
OpcodeLengths.java> OPLEN 19c70 slot=2503 NONE
OpcodeLengths.java> OPLEN 19c80 slot=2504 ENTER | ENTER 0x9030,0x10 | len=4
OpcodeLengths.java> OPLEN 19c90 slot=2505 LEAVE | LEAVE | len=1
OpcodeLengths.java> OPLEN 19ca0 slot=2506 RETF | RETF 0x9030 | len=3
OpcodeLengths.java> OPLEN 19cb0 slot=2507 RETF | RETF | len=1
OpcodeLengths.java> OPLEN 19cc0 slot=2508 INT3 | INT3 | len=1
OpcodeLengths.java> OPLEN 19cd0 slot=2509 INT | INT 0x30 | len=2
OpcodeLengths.java> OPLEN 19ce0 slot=2510 INTO | INTO | len=1
OpcodeLengths.java> OPLEN 19cf0 slot=2511 IRETD | IRETD | len=1
OpcodeLengths.java> OPLEN 19d00 slot=2512 SHL | SHL byte ptr [EAX],0x1 | len=2
OpcodeLengths.java> OPLEN 19d10 slot=2513 SHL | SHL dword ptr [EAX],0x1 | len=2
OpcodeLengths.java> OPLEN 19d20 slot=2514 SHL | SHL byte ptr [EAX],CL | len=2
OpcodeLengths.java> OPLEN 19d30 slot=2515 SHL | SHL dword ptr [EAX],CL | len=2
OpcodeLengths.java> OPLEN 19d40 slot=2516 AAM | AAM 0x30 | len=2
OpcodeLengths.java> OPLEN 19d50 slot=2517 AAD | AAD 0x30 | len=2
OpcodeLengths.java> OPLEN 19d60 slot=2518 SALC | SALC | len=1
OpcodeLengths.java> OPLEN 19d70 slot=2519 XLAT | XLAT EBX | len=1
OpcodeLengths.java> OPLEN 19d80 slot=2520 FDIV | FDIV float ptr [EAX] | len=2
OpcodeLengths.java> OPLEN 19d90 slot=2521 FNSTENV | FNSTENV [EAX] | len=2
OpcodeLengths.java> OPLEN 19da0 slot=2522 FIDIV | FIDIV dword ptr [EAX] | len=2
OpcodeLengths.java> OPLEN 19db0 slot=2523 NONE
OpcodeLengths.java> OPLEN 19dc0 slot=2524 FDIV | FDIV double ptr [EAX] | len=2
OpcodeLengths.java> OPLEN 19dd0 slot=2525 FNSAVE | FNSAVE [EAX] | len=2
OpcodeLengths.java> OPLEN 19de0 slot=2526 FIDIV | FIDIV word ptr [EAX] | len=2
OpcodeLengths.java> OPLEN 19df0 slot=2527 FBSTP | FBSTP tword ptr [EAX] | len=2
OpcodeLengths.java> OPLEN 19e00 slot=2528 LOOPNZ | LOOPNZ 0x00019e32 | len=2
OpcodeLengths.java> OPLEN 19e10 slot=2529 LOOPZ | LOOPZ 0x00019e42 | len=2
OpcodeLengths.java> OPLEN 19e20 slot=2530 LOOP | LOOP 0x00019e52 | len=2
OpcodeLengths.java> OPLEN 19e30 slot=2531 JECXZ | JECXZ 0x00019e62 | len=2
OpcodeLengths.java> OPLEN 19e40 slot=2532 IN | IN AL,0x30 | len=2
OpcodeLengths.java> OPLEN 19e50 slot=2533 IN | IN EAX,0x30 | len=2
OpcodeLengths.java> OPLEN 19e60 slot=2534 OUT | OUT 0x30,AL | len=2
OpcodeLengths.java> OPLEN 19e70 slot=2535 OUT | OUT 0x30,EAX | len=2
OpcodeLengths.java> OPLEN 19e80 slot=2536 CALL | CALL 0x90922eb5 | len=5
OpcodeLengths.java> OPLEN 19e90 slot=2537 JMP | JMP 0x90922ec5 | len=5
OpcodeLengths.java> OPLEN 19ea0 slot=2538 JMPF | JMPF 0x9090:0x90909030 | len=7
OpcodeLengths.java> OPLEN 19eb0 slot=2539 JMP | JMP 0x00019ee2 | len=2
OpcodeLengths.java> OPLEN 19ec0 slot=2540 IN | IN AL,DX | len=1
OpcodeLengths.java> OPLEN 19ed0 slot=2541 IN | IN EAX,DX | len=1
OpcodeLengths.java> OPLEN 19ee0 slot=2542 OUT | OUT DX,AL | len=1
OpcodeLengths.java> OPLEN 19ef0 slot=2543 OUT | OUT DX,EAX | len=1
OpcodeLengths.java> OPLEN 19f00 slot=2544 XOR.LOCK | XOR.LOCK byte ptr [EAX + 0x90909090],DL | len=7
OpcodeLengths.java> OPLEN 19f10 slot=2545 INT1 | INT1 | len=1
OpcodeLengths.java> OPLEN 19f20 slot=2546 XOR | XOR byte ptr [EAX + 0x90909090],DL | len=7
OpcodeLengths.java> OPLEN 19f30 slot=2547 XOR | XOR byte ptr [EAX + 0x90909090],DL | len=7
OpcodeLengths.java> OPLEN 19f40 slot=2548 HLT | HLT | len=1
OpcodeLengths.java> OPLEN 19f50 slot=2549 CMC | CMC | len=1
OpcodeLengths.java> OPLEN 19f60 slot=2550 DIV | DIV byte ptr [EAX] | len=2
OpcodeLengths.java> OPLEN 19f70 slot=2551 DIV | DIV dword ptr [EAX] | len=2
OpcodeLengths.java> OPLEN 19f80 slot=2552 CLC | CLC | len=1
OpcodeLengths.java> OPLEN 19f90 slot=2553 STC | STC | len=1
OpcodeLengths.java> OPLEN 19fa0 slot=2554 CLI | CLI | len=1
OpcodeLengths.java> OPLEN 19fb0 slot=2555 STI | STI | len=1
OpcodeLengths.java> OPLEN 19fc0 slot=2556 CLD | CLD | len=1
OpcodeLengths.java> OPLEN 19fd0 slot=2557 STD | STD | len=1
OpcodeLengths.java> OPLEN 19fe0 slot=2558 INC | INC byte ptr [EAX] | len=2
OpcodeLengths.java> OPLEN 19ff0 slot=2559 PUSH | PUSH dword ptr [EAX] | len=2
OpcodeLengths.java> OPLEN 1a000 slot=2560 ADD | ADD byte ptr [EAX],BH | len=2
OpcodeLengths.java> OPLEN 1a010 slot=2561 ADD | ADD dword ptr [EAX],EDI | len=2
OpcodeLengths.java> OPLEN 1a020 slot=2562 ADD | ADD BH,byte ptr [EAX] | len=2
OpcodeLengths.java> OPLEN 1a030 slot=2563 ADD | ADD EDI,dword ptr [EAX] | len=2
OpcodeLengths.java> OPLEN 1a040 slot=2564 ADD | ADD AL,0x38 | len=2
OpcodeLengths.java> OPLEN 1a050 slot=2565 ADD | ADD EAX,0x90909038 | len=5
OpcodeLengths.java> OPLEN 1a060 slot=2566 PUSH | PUSH ES | len=1
OpcodeLengths.java> OPLEN 1a070 slot=2567 POP | POP ES | len=1
OpcodeLengths.java> OPLEN 1a080 slot=2568 OR | OR byte ptr [EAX],BH | len=2
OpcodeLengths.java> OPLEN 1a090 slot=2569 OR | OR dword ptr [EAX],EDI | len=2
OpcodeLengths.java> OPLEN 1a0a0 slot=2570 OR | OR BH,byte ptr [EAX] | len=2
OpcodeLengths.java> OPLEN 1a0b0 slot=2571 OR | OR EDI,dword ptr [EAX] | len=2
OpcodeLengths.java> OPLEN 1a0c0 slot=2572 OR | OR AL,0x38 | len=2
OpcodeLengths.java> OPLEN 1a0d0 slot=2573 OR | OR EAX,0x90909038 | len=5
OpcodeLengths.java> OPLEN 1a0e0 slot=2574 PUSH | PUSH CS | len=1
OpcodeLengths.java> OPLEN 1a0f0 slot=2575 NONE
OpcodeLengths.java> OPLEN 1a100 slot=2576 ADC | ADC byte ptr [EAX],BH | len=2
OpcodeLengths.java> OPLEN 1a110 slot=2577 ADC | ADC dword ptr [EAX],EDI | len=2
OpcodeLengths.java> OPLEN 1a120 slot=2578 ADC | ADC BH,byte ptr [EAX] | len=2
OpcodeLengths.java> OPLEN 1a130 slot=2579 ADC | ADC EDI,dword ptr [EAX] | len=2
OpcodeLengths.java> OPLEN 1a140 slot=2580 ADC | ADC AL,0x38 | len=2
OpcodeLengths.java> OPLEN 1a150 slot=2581 ADC | ADC EAX,0x90909038 | len=5
OpcodeLengths.java> OPLEN 1a160 slot=2582 PUSH | PUSH SS | len=1
OpcodeLengths.java> OPLEN 1a170 slot=2583 POP | POP SS | len=1
OpcodeLengths.java> OPLEN 1a180 slot=2584 SBB | SBB byte ptr [EAX],BH | len=2
OpcodeLengths.java> OPLEN 1a190 slot=2585 SBB | SBB dword ptr [EAX],EDI | len=2
OpcodeLengths.java> OPLEN 1a1a0 slot=2586 SBB | SBB BH,byte ptr [EAX] | len=2
OpcodeLengths.java> OPLEN 1a1b0 slot=2587 SBB | SBB EDI,dword ptr [EAX] | len=2
OpcodeLengths.java> OPLEN 1a1c0 slot=2588 SBB | SBB AL,0x38 | len=2
OpcodeLengths.java> OPLEN 1a1d0 slot=2589 SBB | SBB EAX,0x90909038 | len=5
OpcodeLengths.java> OPLEN 1a1e0 slot=2590 PUSH | PUSH DS | len=1
OpcodeLengths.java> OPLEN 1a1f0 slot=2591 POP | POP DS | len=1
OpcodeLengths.java> OPLEN 1a200 slot=2592 AND | AND byte ptr [EAX],BH | len=2
OpcodeLengths.java> OPLEN 1a210 slot=2593 AND | AND dword ptr [EAX],EDI | len=2
OpcodeLengths.java> OPLEN 1a220 slot=2594 AND | AND BH,byte ptr [EAX] | len=2
OpcodeLengths.java> OPLEN 1a230 slot=2595 AND | AND EDI,dword ptr [EAX] | len=2
OpcodeLengths.java> OPLEN 1a240 slot=2596 AND | AND AL,0x38 | len=2
OpcodeLengths.java> OPLEN 1a250 slot=2597 AND | AND EAX,0x90909038 | len=5
OpcodeLengths.java> OPLEN 1a260 slot=2598 CMP | CMP byte ptr ES:[EAX + 0x90909090],DL | len=7
OpcodeLengths.java> OPLEN 1a270 slot=2599 DAA | DAA | len=1
OpcodeLengths.java> OPLEN 1a280 slot=2600 SUB | SUB byte ptr [EAX],BH | len=2
OpcodeLengths.java> OPLEN 1a290 slot=2601 SUB | SUB dword ptr [EAX],EDI | len=2
OpcodeLengths.java> OPLEN 1a2a0 slot=2602 SUB | SUB BH,byte ptr [EAX] | len=2
OpcodeLengths.java> OPLEN 1a2b0 slot=2603 SUB | SUB EDI,dword ptr [EAX] | len=2
OpcodeLengths.java> OPLEN 1a2c0 slot=2604 SUB | SUB AL,0x38 | len=2
OpcodeLengths.java> OPLEN 1a2d0 slot=2605 SUB | SUB EAX,0x90909038 | len=5
OpcodeLengths.java> OPLEN 1a2e0 slot=2606 CMP | CMP byte ptr CS:[EAX + 0x90909090],DL | len=7
OpcodeLengths.java> OPLEN 1a2f0 slot=2607 DAS | DAS | len=1
OpcodeLengths.java> OPLEN 1a300 slot=2608 XOR | XOR byte ptr [EAX],BH | len=2
OpcodeLengths.java> OPLEN 1a310 slot=2609 XOR | XOR dword ptr [EAX],EDI | len=2
OpcodeLengths.java> OPLEN 1a320 slot=2610 XOR | XOR BH,byte ptr [EAX] | len=2
OpcodeLengths.java> OPLEN 1a330 slot=2611 XOR | XOR EDI,dword ptr [EAX] | len=2
OpcodeLengths.java> OPLEN 1a340 slot=2612 XOR | XOR AL,0x38 | len=2
OpcodeLengths.java> OPLEN 1a350 slot=2613 XOR | XOR EAX,0x90909038 | len=5
OpcodeLengths.java> OPLEN 1a360 slot=2614 CMP | CMP byte ptr SS:[EAX + 0x90909090],DL | len=7
OpcodeLengths.java> OPLEN 1a370 slot=2615 AAA | AAA | len=1
OpcodeLengths.java> OPLEN 1a380 slot=2616 CMP | CMP byte ptr [EAX],BH | len=2
OpcodeLengths.java> OPLEN 1a390 slot=2617 CMP | CMP dword ptr [EAX],EDI | len=2
OpcodeLengths.java> OPLEN 1a3a0 slot=2618 CMP | CMP BH,byte ptr [EAX] | len=2
OpcodeLengths.java> OPLEN 1a3b0 slot=2619 CMP | CMP EDI,dword ptr [EAX] | len=2
OpcodeLengths.java> OPLEN 1a3c0 slot=2620 CMP | CMP AL,0x38 | len=2
OpcodeLengths.java> OPLEN 1a3d0 slot=2621 CMP | CMP EAX,0x90909038 | len=5
OpcodeLengths.java> OPLEN 1a3e0 slot=2622 CMP | CMP byte ptr DS:[EAX + 0x90909090],DL | len=7
OpcodeLengths.java> OPLEN 1a3f0 slot=2623 AAS | AAS | len=1
OpcodeLengths.java> OPLEN 1a400 slot=2624 INC | INC EAX | len=1
OpcodeLengths.java> OPLEN 1a410 slot=2625 INC | INC ECX | len=1
OpcodeLengths.java> OPLEN 1a420 slot=2626 INC | INC EDX | len=1
OpcodeLengths.java> OPLEN 1a430 slot=2627 INC | INC EBX | len=1
OpcodeLengths.java> OPLEN 1a440 slot=2628 INC | INC ESP | len=1
OpcodeLengths.java> OPLEN 1a450 slot=2629 INC | INC EBP | len=1
OpcodeLengths.java> OPLEN 1a460 slot=2630 INC | INC ESI | len=1
OpcodeLengths.java> OPLEN 1a470 slot=2631 INC | INC EDI | len=1
OpcodeLengths.java> OPLEN 1a480 slot=2632 DEC | DEC EAX | len=1
OpcodeLengths.java> OPLEN 1a490 slot=2633 DEC | DEC ECX | len=1
OpcodeLengths.java> OPLEN 1a4a0 slot=2634 DEC | DEC EDX | len=1
OpcodeLengths.java> OPLEN 1a4b0 slot=2635 DEC | DEC EBX | len=1
OpcodeLengths.java> OPLEN 1a4c0 slot=2636 DEC | DEC ESP | len=1
OpcodeLengths.java> OPLEN 1a4d0 slot=2637 DEC | DEC EBP | len=1
OpcodeLengths.java> OPLEN 1a4e0 slot=2638 DEC | DEC ESI | len=1
OpcodeLengths.java> OPLEN 1a4f0 slot=2639 DEC | DEC EDI | len=1
OpcodeLengths.java> OPLEN 1a500 slot=2640 PUSH | PUSH EAX | len=1
OpcodeLengths.java> OPLEN 1a510 slot=2641 PUSH | PUSH ECX | len=1
OpcodeLengths.java> OPLEN 1a520 slot=2642 PUSH | PUSH EDX | len=1
OpcodeLengths.java> OPLEN 1a530 slot=2643 PUSH | PUSH EBX | len=1
OpcodeLengths.java> OPLEN 1a540 slot=2644 PUSH | PUSH ESP | len=1
OpcodeLengths.java> OPLEN 1a550 slot=2645 PUSH | PUSH EBP | len=1
OpcodeLengths.java> OPLEN 1a560 slot=2646 PUSH | PUSH ESI | len=1
OpcodeLengths.java> OPLEN 1a570 slot=2647 PUSH | PUSH EDI | len=1
OpcodeLengths.java> OPLEN 1a580 slot=2648 POP | POP EAX | len=1
OpcodeLengths.java> OPLEN 1a590 slot=2649 POP | POP ECX | len=1
OpcodeLengths.java> OPLEN 1a5a0 slot=2650 POP | POP EDX | len=1
OpcodeLengths.java> OPLEN 1a5b0 slot=2651 POP | POP EBX | len=1
OpcodeLengths.java> OPLEN 1a5c0 slot=2652 POP | POP ESP | len=1
OpcodeLengths.java> OPLEN 1a5d0 slot=2653 POP | POP EBP | len=1
OpcodeLengths.java> OPLEN 1a5e0 slot=2654 POP | POP ESI | len=1
OpcodeLengths.java> OPLEN 1a5f0 slot=2655 POP | POP EDI | len=1
OpcodeLengths.java> OPLEN 1a600 slot=2656 PUSHAD | PUSHAD | len=1
OpcodeLengths.java> OPLEN 1a610 slot=2657 POPAD | POPAD | len=1
OpcodeLengths.java> OPLEN 1a620 slot=2658 BOUND | BOUND EDI,dword ptr [EAX] | len=2
OpcodeLengths.java> OPLEN 1a630 slot=2659 ARPL | ARPL word ptr [EAX],DI | len=2
OpcodeLengths.java> OPLEN 1a640 slot=2660 CMP | CMP byte ptr FS:[EAX + 0x90909090],DL | len=7
OpcodeLengths.java> OPLEN 1a650 slot=2661 CMP | CMP byte ptr GS:[EAX + 0x90909090],DL | len=7
OpcodeLengths.java> OPLEN 1a660 slot=2662 CMP | CMP byte ptr [EAX + 0x90909090],DL | len=7
OpcodeLengths.java> OPLEN 1a670 slot=2663 CMP | CMP byte ptr [BX + SI + 0x9090],DL | len=5
OpcodeLengths.java> OPLEN 1a680 slot=2664 PUSH | PUSH 0x90909038 | len=5
OpcodeLengths.java> OPLEN 1a690 slot=2665 IMUL | IMUL EDI,dword ptr [EAX],-0x6f6f6f70 | len=6
OpcodeLengths.java> OPLEN 1a6a0 slot=2666 PUSH | PUSH 0x38 | len=2
OpcodeLengths.java> OPLEN 1a6b0 slot=2667 IMUL | IMUL EDI,dword ptr [EAX],-0x70 | len=3
OpcodeLengths.java> OPLEN 1a6c0 slot=2668 INSB | INSB ES:EDI,DX | len=1
OpcodeLengths.java> OPLEN 1a6d0 slot=2669 INSD | INSD ES:EDI,DX | len=1
OpcodeLengths.java> OPLEN 1a6e0 slot=2670 OUTSB | OUTSB DX,ESI | len=1
OpcodeLengths.java> OPLEN 1a6f0 slot=2671 OUTSD | OUTSD DX,ESI | len=1
OpcodeLengths.java> OPLEN 1a700 slot=2672 JO | JO 0x0001a73a | len=2
OpcodeLengths.java> OPLEN 1a710 slot=2673 JNO | JNO 0x0001a74a | len=2
OpcodeLengths.java> OPLEN 1a720 slot=2674 JC | JC 0x0001a75a | len=2
OpcodeLengths.java> OPLEN 1a730 slot=2675 JNC | JNC 0x0001a76a | len=2
OpcodeLengths.java> OPLEN 1a740 slot=2676 JZ | JZ 0x0001a77a | len=2
OpcodeLengths.java> OPLEN 1a750 slot=2677 JNZ | JNZ 0x0001a78a | len=2
OpcodeLengths.java> OPLEN 1a760 slot=2678 JBE | JBE 0x0001a79a | len=2
OpcodeLengths.java> OPLEN 1a770 slot=2679 JA | JA 0x0001a7aa | len=2
OpcodeLengths.java> OPLEN 1a780 slot=2680 JS | JS 0x0001a7ba | len=2
OpcodeLengths.java> OPLEN 1a790 slot=2681 JNS | JNS 0x0001a7ca | len=2
OpcodeLengths.java> OPLEN 1a7a0 slot=2682 JP | JP 0x0001a7da | len=2
OpcodeLengths.java> OPLEN 1a7b0 slot=2683 JNP | JNP 0x0001a7ea | len=2
OpcodeLengths.java> OPLEN 1a7c0 slot=2684 JL | JL 0x0001a7fa | len=2
OpcodeLengths.java> OPLEN 1a7d0 slot=2685 JGE | JGE 0x0001a80a | len=2
OpcodeLengths.java> OPLEN 1a7e0 slot=2686 JLE | JLE 0x0001a81a | len=2
OpcodeLengths.java> OPLEN 1a7f0 slot=2687 JG | JG 0x0001a82a | len=2
OpcodeLengths.java> OPLEN 1a800 slot=2688 CMP | CMP byte ptr [EAX],0x90 | len=3
OpcodeLengths.java> OPLEN 1a810 slot=2689 CMP | CMP dword ptr [EAX],0x90909090 | len=6
OpcodeLengths.java> OPLEN 1a820 slot=2690 CMP | CMP byte ptr [EAX],0x90 | len=3
OpcodeLengths.java> OPLEN 1a830 slot=2691 CMP | CMP dword ptr [EAX],-0x70 | len=3
OpcodeLengths.java> OPLEN 1a840 slot=2692 TEST | TEST byte ptr [EAX],BH | len=2
OpcodeLengths.java> OPLEN 1a850 slot=2693 TEST | TEST dword ptr [EAX],EDI | len=2
OpcodeLengths.java> OPLEN 1a860 slot=2694 XCHG | XCHG byte ptr [EAX],BH | len=2
OpcodeLengths.java> OPLEN 1a870 slot=2695 XCHG | XCHG dword ptr [EAX],EDI | len=2
OpcodeLengths.java> OPLEN 1a880 slot=2696 MOV | MOV byte ptr [EAX],BH | len=2
OpcodeLengths.java> OPLEN 1a890 slot=2697 MOV | MOV dword ptr [EAX],EDI | len=2
OpcodeLengths.java> OPLEN 1a8a0 slot=2698 MOV | MOV BH,byte ptr [EAX] | len=2
OpcodeLengths.java> OPLEN 1a8b0 slot=2699 MOV | MOV EDI,dword ptr [EAX] | len=2
OpcodeLengths.java> OPLEN 1a8c0 slot=2700 NONE
OpcodeLengths.java> OPLEN 1a8d0 slot=2701 LEA | LEA EDI,[EAX] | len=2
OpcodeLengths.java> OPLEN 1a8e0 slot=2702 NONE
OpcodeLengths.java> OPLEN 1a8f0 slot=2703 NONE
OpcodeLengths.java> OPLEN 1a900 slot=2704 NOP | NOP | len=1
OpcodeLengths.java> OPLEN 1a910 slot=2705 XCHG | XCHG EAX,ECX | len=1
OpcodeLengths.java> OPLEN 1a920 slot=2706 XCHG | XCHG EAX,EDX | len=1
OpcodeLengths.java> OPLEN 1a930 slot=2707 XCHG | XCHG EAX,EBX | len=1
OpcodeLengths.java> OPLEN 1a940 slot=2708 XCHG | XCHG EAX,ESP | len=1
OpcodeLengths.java> OPLEN 1a950 slot=2709 XCHG | XCHG EAX,EBP | len=1
OpcodeLengths.java> OPLEN 1a960 slot=2710 XCHG | XCHG EAX,ESI | len=1
OpcodeLengths.java> OPLEN 1a970 slot=2711 XCHG | XCHG EAX,EDI | len=1
OpcodeLengths.java> OPLEN 1a980 slot=2712 CWDE | CWDE | len=1
OpcodeLengths.java> OPLEN 1a990 slot=2713 CDQ | CDQ | len=1
OpcodeLengths.java> OPLEN 1a9a0 slot=2714 CALLF | CALLF 0x9090:0x90909038 | len=7
OpcodeLengths.java> OPLEN 1a9b0 slot=2715 WAIT | WAIT | len=1
OpcodeLengths.java> OPLEN 1a9c0 slot=2716 PUSHFD | PUSHFD | len=1
OpcodeLengths.java> OPLEN 1a9d0 slot=2717 POPFD | POPFD | len=1
OpcodeLengths.java> OPLEN 1a9e0 slot=2718 SAHF | SAHF | len=1
OpcodeLengths.java> OPLEN 1a9f0 slot=2719 LAHF | LAHF | len=1
OpcodeLengths.java> OPLEN 1aa00 slot=2720 MOV | MOV AL,[0x90909038] | len=5
OpcodeLengths.java> OPLEN 1aa10 slot=2721 MOV | MOV EAX,[0x90909038] | len=5
OpcodeLengths.java> OPLEN 1aa20 slot=2722 MOV | MOV [0x90909038],AL | len=5
OpcodeLengths.java> OPLEN 1aa30 slot=2723 MOV | MOV [0x90909038],EAX | len=5
OpcodeLengths.java> OPLEN 1aa40 slot=2724 MOVSB | MOVSB ES:EDI,ESI | len=1
OpcodeLengths.java> OPLEN 1aa50 slot=2725 MOVSD | MOVSD ES:EDI,ESI | len=1
OpcodeLengths.java> OPLEN 1aa60 slot=2726 CMPSB | CMPSB ES:EDI,ESI | len=1
OpcodeLengths.java> OPLEN 1aa70 slot=2727 CMPSD | CMPSD ES:EDI,ESI | len=1
OpcodeLengths.java> OPLEN 1aa80 slot=2728 TEST | TEST AL,0x38 | len=2
OpcodeLengths.java> OPLEN 1aa90 slot=2729 TEST | TEST EAX,0x90909038 | len=5
OpcodeLengths.java> OPLEN 1aaa0 slot=2730 STOSB | STOSB ES:EDI | len=1
OpcodeLengths.java> OPLEN 1aab0 slot=2731 STOSD | STOSD ES:EDI | len=1
OpcodeLengths.java> OPLEN 1aac0 slot=2732 LODSB | LODSB ESI | len=1
OpcodeLengths.java> OPLEN 1aad0 slot=2733 LODSD | LODSD ESI | len=1
OpcodeLengths.java> OPLEN 1aae0 slot=2734 SCASB | SCASB ES:EDI | len=1
OpcodeLengths.java> OPLEN 1aaf0 slot=2735 SCASD | SCASD ES:EDI | len=1
OpcodeLengths.java> OPLEN 1ab00 slot=2736 MOV | MOV AL,0x38 | len=2
OpcodeLengths.java> OPLEN 1ab10 slot=2737 MOV | MOV CL,0x38 | len=2
OpcodeLengths.java> OPLEN 1ab20 slot=2738 MOV | MOV DL,0x38 | len=2
OpcodeLengths.java> OPLEN 1ab30 slot=2739 MOV | MOV BL,0x38 | len=2
OpcodeLengths.java> OPLEN 1ab40 slot=2740 MOV | MOV AH,0x38 | len=2
OpcodeLengths.java> OPLEN 1ab50 slot=2741 MOV | MOV CH,0x38 | len=2
OpcodeLengths.java> OPLEN 1ab60 slot=2742 MOV | MOV DH,0x38 | len=2
OpcodeLengths.java> OPLEN 1ab70 slot=2743 MOV | MOV BH,0x38 | len=2
OpcodeLengths.java> OPLEN 1ab80 slot=2744 MOV | MOV EAX,0x90909038 | len=5
OpcodeLengths.java> OPLEN 1ab90 slot=2745 MOV | MOV ECX,0x90909038 | len=5
OpcodeLengths.java> OPLEN 1aba0 slot=2746 MOV | MOV EDX,0x90909038 | len=5
OpcodeLengths.java> OPLEN 1abb0 slot=2747 MOV | MOV EBX,0x90909038 | len=5
OpcodeLengths.java> OPLEN 1abc0 slot=2748 MOV | MOV ESP,0x90909038 | len=5
OpcodeLengths.java> OPLEN 1abd0 slot=2749 MOV | MOV EBP,0x90909038 | len=5
OpcodeLengths.java> OPLEN 1abe0 slot=2750 MOV | MOV ESI,0x90909038 | len=5
OpcodeLengths.java> OPLEN 1abf0 slot=2751 MOV | MOV EDI,0x90909038 | len=5
OpcodeLengths.java> OPLEN 1ac00 slot=2752 SAR | SAR byte ptr [EAX],0x90 | len=3
OpcodeLengths.java> OPLEN 1ac10 slot=2753 SAR | SAR dword ptr [EAX],0x90 | len=3
OpcodeLengths.java> OPLEN 1ac20 slot=2754 RET | RET 0x9038 | len=3
OpcodeLengths.java> OPLEN 1ac30 slot=2755 RET | RET | len=1
OpcodeLengths.java> OPLEN 1ac40 slot=2756 LES | LES EDI,[EAX] | len=2
OpcodeLengths.java> OPLEN 1ac50 slot=2757 LDS | LDS EDI,[EAX] | len=2
OpcodeLengths.java> OPLEN 1ac60 slot=2758 NONE
OpcodeLengths.java> OPLEN 1ac70 slot=2759 NONE
OpcodeLengths.java> OPLEN 1ac80 slot=2760 ENTER | ENTER 0x9038,0x10 | len=4
OpcodeLengths.java> OPLEN 1ac90 slot=2761 LEAVE | LEAVE | len=1
OpcodeLengths.java> OPLEN 1aca0 slot=2762 RETF | RETF 0x9038 | len=3
OpcodeLengths.java> OPLEN 1acb0 slot=2763 RETF | RETF | len=1
OpcodeLengths.java> OPLEN 1acc0 slot=2764 INT3 | INT3 | len=1
OpcodeLengths.java> OPLEN 1acd0 slot=2765 INT | INT 0x38 | len=2
OpcodeLengths.java> OPLEN 1ace0 slot=2766 INTO | INTO | len=1
OpcodeLengths.java> OPLEN 1acf0 slot=2767 IRETD | IRETD | len=1
OpcodeLengths.java> OPLEN 1ad00 slot=2768 SAR | SAR byte ptr [EAX],0x1 | len=2
OpcodeLengths.java> OPLEN 1ad10 slot=2769 SAR | SAR dword ptr [EAX],0x1 | len=2
OpcodeLengths.java> OPLEN 1ad20 slot=2770 SAR | SAR byte ptr [EAX],CL | len=2
OpcodeLengths.java> OPLEN 1ad30 slot=2771 SAR | SAR dword ptr [EAX],CL | len=2
OpcodeLengths.java> OPLEN 1ad40 slot=2772 AAM | AAM 0x38 | len=2
OpcodeLengths.java> OPLEN 1ad50 slot=2773 AAD | AAD 0x38 | len=2
OpcodeLengths.java> OPLEN 1ad60 slot=2774 SALC | SALC | len=1
OpcodeLengths.java> OPLEN 1ad70 slot=2775 XLAT | XLAT EBX | len=1
OpcodeLengths.java> OPLEN 1ad80 slot=2776 FDIVR | FDIVR float ptr [EAX] | len=2
OpcodeLengths.java> OPLEN 1ad90 slot=2777 FNSTCW | FNSTCW word ptr [EAX] | len=2
OpcodeLengths.java> OPLEN 1ada0 slot=2778 FIDIVR | FIDIVR dword ptr [EAX] | len=2
OpcodeLengths.java> OPLEN 1adb0 slot=2779 FSTP | FSTP extended double ptr [EAX] | len=2
OpcodeLengths.java> OPLEN 1adc0 slot=2780 FDIVR | FDIVR double ptr [EAX] | len=2
OpcodeLengths.java> OPLEN 1add0 slot=2781 FNSTSW | FNSTSW word ptr [EAX] | len=2
OpcodeLengths.java> OPLEN 1ade0 slot=2782 FIDIVR | FIDIVR word ptr [EAX] | len=2
OpcodeLengths.java> OPLEN 1adf0 slot=2783 FISTP | FISTP qword ptr [EAX] | len=2
OpcodeLengths.java> OPLEN 1ae00 slot=2784 LOOPNZ | LOOPNZ 0x0001ae3a | len=2
OpcodeLengths.java> OPLEN 1ae10 slot=2785 LOOPZ | LOOPZ 0x0001ae4a | len=2
OpcodeLengths.java> OPLEN 1ae20 slot=2786 LOOP | LOOP 0x0001ae5a | len=2
OpcodeLengths.java> OPLEN 1ae30 slot=2787 JECXZ | JECXZ 0x0001ae6a | len=2
OpcodeLengths.java> OPLEN 1ae40 slot=2788 IN | IN AL,0x38 | len=2
OpcodeLengths.java> OPLEN 1ae50 slot=2789 IN | IN EAX,0x38 | len=2
OpcodeLengths.java> OPLEN 1ae60 slot=2790 OUT | OUT 0x38,AL | len=2
OpcodeLengths.java> OPLEN 1ae70 slot=2791 OUT | OUT 0x38,EAX | len=2
OpcodeLengths.java> OPLEN 1ae80 slot=2792 CALL | CALL 0x90923ebd | len=5
OpcodeLengths.java> OPLEN 1ae90 slot=2793 JMP | JMP 0x90923ecd | len=5
OpcodeLengths.java> OPLEN 1aea0 slot=2794 JMPF | JMPF 0x9090:0x90909038 | len=7
OpcodeLengths.java> OPLEN 1aeb0 slot=2795 JMP | JMP 0x0001aeea | len=2
OpcodeLengths.java> OPLEN 1aec0 slot=2796 IN | IN AL,DX | len=1
OpcodeLengths.java> OPLEN 1aed0 slot=2797 IN | IN EAX,DX | len=1
OpcodeLengths.java> OPLEN 1aee0 slot=2798 OUT | OUT DX,AL | len=1
OpcodeLengths.java> OPLEN 1aef0 slot=2799 OUT | OUT DX,EAX | len=1
OpcodeLengths.java> OPLEN 1af00 slot=2800 NONE
OpcodeLengths.java> OPLEN 1af10 slot=2801 INT1 | INT1 | len=1
OpcodeLengths.java> OPLEN 1af20 slot=2802 CMP | CMP byte ptr [EAX + 0x90909090],DL | len=7
OpcodeLengths.java> OPLEN 1af30 slot=2803 CMP | CMP byte ptr [EAX + 0x90909090],DL | len=7
OpcodeLengths.java> OPLEN 1af40 slot=2804 HLT | HLT | len=1
OpcodeLengths.java> OPLEN 1af50 slot=2805 CMC | CMC | len=1
OpcodeLengths.java> OPLEN 1af60 slot=2806 IDIV | IDIV byte ptr [EAX] | len=2
OpcodeLengths.java> OPLEN 1af70 slot=2807 IDIV | IDIV dword ptr [EAX] | len=2
OpcodeLengths.java> OPLEN 1af80 slot=2808 CLC | CLC | len=1
OpcodeLengths.java> OPLEN 1af90 slot=2809 STC | STC | len=1
OpcodeLengths.java> OPLEN 1afa0 slot=2810 CLI | CLI | len=1
OpcodeLengths.java> OPLEN 1afb0 slot=2811 STI | STI | len=1
OpcodeLengths.java> OPLEN 1afc0 slot=2812 CLD | CLD | len=1
OpcodeLengths.java> OPLEN 1afd0 slot=2813 STD | STD | len=1
OpcodeLengths.java> OPLEN 1afe0 slot=2814 INC | INC byte ptr [EAX] | len=2
OpcodeLengths.java> OPLEN 1aff0 slot=2815 INC | INC dword ptr [EAX] | len=2
# EXIT 2026-09-19 19:41 PDT
