# objdump screen over probe1v2_32_2026-09-19.bin (sha256 735707425b687d7fcbd517b3b3ac2c2e48bbbf65693b31de361844a3b55d8bbc), one slot per line in slot order; join key = scripts/oplen_to_tsv.probe_key over the blob bytes and layout, shared with the parser (never a copied form list; a first v2 screen used a 0F rule meant for the two-byte blob); argv: objdump -D -b binary -m <x> --insn-width=16 <x> (Binutils 2.42); a row where objdump printed only prefix bytes is NONE. Screen only; the Ghidra no-flow oracle is the expected value; disagreements are findings for the spec.
# columns: probe_bytes	objdump_len_or_NONE	objdump_text
0000	2	add    %al,(%eax)
0100	2	add    %eax,(%eax)
0200	2	add    (%eax),%al
0300	2	add    (%eax),%eax
0400	2	add    $0x0,%al
0500	5	add    $0x90909000,%eax
0600	1	push   %es
0700	1	pop    %es
0800	2	or     %al,(%eax)
0900	2	or     %eax,(%eax)
0A00	2	or     (%eax),%al
0B00	2	or     (%eax),%eax
0C00	2	or     $0x0,%al
0D00	5	or     $0x90909000,%eax
0E00	1	push   %cs
0F00	7	lldt   -0x6f6f6f70(%eax)
1000	2	adc    %al,(%eax)
1100	2	adc    %eax,(%eax)
1200	2	adc    (%eax),%al
1300	2	adc    (%eax),%eax
1400	2	adc    $0x0,%al
1500	5	adc    $0x90909000,%eax
1600	1	push   %ss
1700	1	pop    %ss
1800	2	sbb    %al,(%eax)
1900	2	sbb    %eax,(%eax)
1A00	2	sbb    (%eax),%al
1B00	2	sbb    (%eax),%eax
1C00	2	sbb    $0x0,%al
1D00	5	sbb    $0x90909000,%eax
1E00	1	push   %ds
1F00	1	pop    %ds
2000	2	and    %al,(%eax)
2100	2	and    %eax,(%eax)
2200	2	and    (%eax),%al
2300	2	and    (%eax),%eax
2400	2	and    $0x0,%al
2500	5	and    $0x90909000,%eax
2600	7	add    %dl,%es:-0x6f6f6f70(%eax)
2700	1	daa
2800	2	sub    %al,(%eax)
2900	2	sub    %eax,(%eax)
2A00	2	sub    (%eax),%al
2B00	2	sub    (%eax),%eax
2C00	2	sub    $0x0,%al
2D00	5	sub    $0x90909000,%eax
2E00	7	add    %dl,%cs:-0x6f6f6f70(%eax)
2F00	1	das
3000	2	xor    %al,(%eax)
3100	2	xor    %eax,(%eax)
3200	2	xor    (%eax),%al
3300	2	xor    (%eax),%eax
3400	2	xor    $0x0,%al
3500	5	xor    $0x90909000,%eax
3600	7	add    %dl,%ss:-0x6f6f6f70(%eax)
3700	1	aaa
3800	2	cmp    %al,(%eax)
3900	2	cmp    %eax,(%eax)
3A00	2	cmp    (%eax),%al
3B00	2	cmp    (%eax),%eax
3C00	2	cmp    $0x0,%al
3D00	5	cmp    $0x90909000,%eax
3E00	7	add    %dl,%ds:-0x6f6f6f70(%eax)
3F00	1	aas
4000	1	inc    %eax
4100	1	inc    %ecx
4200	1	inc    %edx
4300	1	inc    %ebx
4400	1	inc    %esp
4500	1	inc    %ebp
4600	1	inc    %esi
4700	1	inc    %edi
4800	1	dec    %eax
4900	1	dec    %ecx
4A00	1	dec    %edx
4B00	1	dec    %ebx
4C00	1	dec    %esp
4D00	1	dec    %ebp
4E00	1	dec    %esi
4F00	1	dec    %edi
5000	1	push   %eax
5100	1	push   %ecx
5200	1	push   %edx
5300	1	push   %ebx
5400	1	push   %esp
5500	1	push   %ebp
5600	1	push   %esi
5700	1	push   %edi
5800	1	pop    %eax
5900	1	pop    %ecx
5A00	1	pop    %edx
5B00	1	pop    %ebx
5C00	1	pop    %esp
5D00	1	pop    %ebp
5E00	1	pop    %esi
5F00	1	pop    %edi
6000	1	pusha
6100	1	popa
6200	2	bound  %eax,(%eax)
6300	2	arpl   %eax,(%eax)
6400	7	add    %dl,%fs:-0x6f6f6f70(%eax)
6500	7	add    %dl,%gs:-0x6f6f6f70(%eax)
6600	7	data16 add %dl,-0x6f6f6f70(%eax)
6700	5	add    %dl,-0x6f70(%bx,%si)
6800	5	push   $0x90909000
6900	6	imul   $0x90909090,(%eax),%eax
6A00	2	push   $0x0
6B00	3	imul   $0xffffff90,(%eax),%eax
6C00	1	insb   (%dx),%es:(%edi)
6D00	1	insl   (%dx),%es:(%edi)
6E00	1	outsb  %ds:(%esi),(%dx)
6F00	1	outsl  %ds:(%esi),(%dx)
7000	2	jo     0x2
7100	2	jno    0x2
7200	2	jb     0x2
7300	2	jae    0x2
7400	2	je     0x2
7500	2	jne    0x2
7600	2	jbe    0x2
7700	2	ja     0x2
7800	2	js     0x2
7900	2	jns    0x2
7A00	2	jp     0x2
7B00	2	jnp    0x2
7C00	2	jl     0x2
7D00	2	jge    0x2
7E00	2	jle    0x2
7F00	2	jg     0x2
8000	3	addb   $0x90,(%eax)
8100	6	addl   $0x90909090,(%eax)
8200	3	addb   $0x90,(%eax)
8300	3	addl   $0xffffff90,(%eax)
8400	2	test   %al,(%eax)
8500	2	test   %eax,(%eax)
8600	2	xchg   %al,(%eax)
8700	2	xchg   %eax,(%eax)
8800	2	mov    %al,(%eax)
8900	2	mov    %eax,(%eax)
8A00	2	mov    (%eax),%al
8B00	2	mov    (%eax),%eax
8C00	2	mov    %es,(%eax)
8D00	2	lea    (%eax),%eax
8E00	2	mov    (%eax),%es
8F00	2	pop    (%eax)
9000	1	nop
9100	1	xchg   %eax,%ecx
9200	1	xchg   %eax,%edx
9300	1	xchg   %eax,%ebx
9400	1	xchg   %eax,%esp
9500	1	xchg   %eax,%ebp
9600	1	xchg   %eax,%esi
9700	1	xchg   %eax,%edi
9800	1	cwtl
9900	1	cltd
9A00	7	lcall  $0x9090,$0x90909000
9B00	1	fwait
9C00	1	pushf
9D00	1	popf
9E00	1	sahf
9F00	1	lahf
A000	5	mov    0x90909000,%al
A100	5	mov    0x90909000,%eax
A200	5	mov    %al,0x90909000
A300	5	mov    %eax,0x90909000
A400	1	movsb  %ds:(%esi),%es:(%edi)
A500	1	movsl  %ds:(%esi),%es:(%edi)
A600	1	cmpsb  %es:(%edi),%ds:(%esi)
A700	1	cmpsl  %es:(%edi),%ds:(%esi)
A800	2	test   $0x0,%al
A900	5	test   $0x90909000,%eax
AA00	1	stos   %al,%es:(%edi)
AB00	1	stos   %eax,%es:(%edi)
AC00	1	lods   %ds:(%esi),%al
AD00	1	lods   %ds:(%esi),%eax
AE00	1	scas   %es:(%edi),%al
AF00	1	scas   %es:(%edi),%eax
B000	2	mov    $0x0,%al
B100	2	mov    $0x0,%cl
B200	2	mov    $0x0,%dl
B300	2	mov    $0x0,%bl
B400	2	mov    $0x0,%ah
B500	2	mov    $0x0,%ch
B600	2	mov    $0x0,%dh
B700	2	mov    $0x0,%bh
B800	5	mov    $0x90909000,%eax
B900	5	mov    $0x90909000,%ecx
BA00	5	mov    $0x90909000,%edx
BB00	5	mov    $0x90909000,%ebx
BC00	5	mov    $0x90909000,%esp
BD00	5	mov    $0x90909000,%ebp
BE00	5	mov    $0x90909000,%esi
BF00	5	mov    $0x90909000,%edi
C000	3	rolb   $0x90,(%eax)
C100	3	roll   $0x90,(%eax)
C200	3	ret    $0x9000
C300	1	ret
C400	2	les    (%eax),%eax
C500	2	lds    (%eax),%eax
C600	3	movb   $0x90,(%eax)
C700	6	movl   $0x90909090,(%eax)
C800	4	enter  $0x9000,$0x90
C900	1	leave
CA00	3	lret   $0x9000
CB00	1	lret
CC00	1	int3
CD00	2	int    $0x0
CE00	1	into
CF00	1	iret
D000	2	rolb   $1,(%eax)
D100	2	roll   $1,(%eax)
D200	2	rolb   %cl,(%eax)
D300	2	roll   %cl,(%eax)
D400	2	aam    $0x0
D500	2	aad    $0x0
D600	NONE	(bad)
D700	1	xlat   %ds:(%ebx)
D800	2	fadds  (%eax)
D900	2	flds   (%eax)
DA00	2	fiaddl (%eax)
DB00	2	fildl  (%eax)
DC00	2	faddl  (%eax)
DD00	2	fldl   (%eax)
DE00	2	fiadds (%eax)
DF00	2	filds  (%eax)
E000	2	loopne 0x2
E100	2	loope  0x2
E200	2	loop   0x2
E300	2	jecxz  0x2
E400	2	in     $0x0,%al
E500	2	in     $0x0,%eax
E600	2	out    %al,$0x0
E700	2	out    %eax,$0x0
E800	5	call   0x90909005
E900	5	jmp    0x90909005
EA00	7	ljmp   $0x9090,$0x90909000
EB00	2	jmp    0x2
EC00	1	in     (%dx),%al
ED00	1	in     (%dx),%eax
EE00	1	out    %al,(%dx)
EF00	1	out    %eax,(%dx)
F000	7	lock add %dl,-0x6f6f6f70(%eax)
F100	1	int1
F200	7	repnz add %dl,-0x6f6f6f70(%eax)
F300	7	repz add %dl,-0x6f6f6f70(%eax)
F400	1	hlt
F500	1	cmc
F600	3	testb  $0x90,(%eax)
F700	6	testl  $0x90909090,(%eax)
F800	1	clc
F900	1	stc
FA00	1	cli
FB00	1	sti
FC00	1	cld
FD00	1	std
FE00	2	incb   (%eax)
FF00	2	incl   (%eax)
0080	6	add    %al,-0x6f6f6f70(%eax)
0180	6	add    %eax,-0x6f6f6f70(%eax)
0280	6	add    -0x6f6f6f70(%eax),%al
0380	6	add    -0x6f6f6f70(%eax),%eax
0480	2	add    $0x80,%al
0580	5	add    $0x90909080,%eax
0680	1	push   %es
0780	1	pop    %es
0880	6	or     %al,-0x6f6f6f70(%eax)
0980	6	or     %eax,-0x6f6f6f70(%eax)
0A80	6	or     -0x6f6f6f70(%eax),%al
0B80	6	or     -0x6f6f6f70(%eax),%eax
0C80	2	or     $0x80,%al
0D80	5	or     $0x90909080,%eax
0E80	1	push   %cs
0F80	6	jo     0x90909096
1080	6	adc    %al,-0x6f6f6f70(%eax)
1180	6	adc    %eax,-0x6f6f6f70(%eax)
1280	6	adc    -0x6f6f6f70(%eax),%al
1380	6	adc    -0x6f6f6f70(%eax),%eax
1480	2	adc    $0x80,%al
1580	5	adc    $0x90909080,%eax
1680	1	push   %ss
1780	1	pop    %ss
1880	6	sbb    %al,-0x6f6f6f70(%eax)
1980	6	sbb    %eax,-0x6f6f6f70(%eax)
1A80	6	sbb    -0x6f6f6f70(%eax),%al
1B80	6	sbb    -0x6f6f6f70(%eax),%eax
1C80	2	sbb    $0x80,%al
1D80	5	sbb    $0x90909080,%eax
1E80	1	push   %ds
1F80	1	pop    %ds
2080	6	and    %al,-0x6f6f6f70(%eax)
2180	6	and    %eax,-0x6f6f6f70(%eax)
2280	6	and    -0x6f6f6f70(%eax),%al
2380	6	and    -0x6f6f6f70(%eax),%eax
2480	2	and    $0x80,%al
2580	5	and    $0x90909080,%eax
2680	8	adcb   $0x90,%es:-0x6f6f6f70(%eax)
2780	1	daa
2880	6	sub    %al,-0x6f6f6f70(%eax)
2980	6	sub    %eax,-0x6f6f6f70(%eax)
2A80	6	sub    -0x6f6f6f70(%eax),%al
2B80	6	sub    -0x6f6f6f70(%eax),%eax
2C80	2	sub    $0x80,%al
2D80	5	sub    $0x90909080,%eax
2E80	8	adcb   $0x90,%cs:-0x6f6f6f70(%eax)
2F80	1	das
3080	6	xor    %al,-0x6f6f6f70(%eax)
3180	6	xor    %eax,-0x6f6f6f70(%eax)
3280	6	xor    -0x6f6f6f70(%eax),%al
3380	6	xor    -0x6f6f6f70(%eax),%eax
3480	2	xor    $0x80,%al
3580	5	xor    $0x90909080,%eax
3680	8	adcb   $0x90,%ss:-0x6f6f6f70(%eax)
3780	1	aaa
3880	6	cmp    %al,-0x6f6f6f70(%eax)
3980	6	cmp    %eax,-0x6f6f6f70(%eax)
3A80	6	cmp    -0x6f6f6f70(%eax),%al
3B80	6	cmp    -0x6f6f6f70(%eax),%eax
3C80	2	cmp    $0x80,%al
3D80	5	cmp    $0x90909080,%eax
3E80	8	adcb   $0x90,%ds:-0x6f6f6f70(%eax)
3F80	1	aas
4080	1	inc    %eax
4180	1	inc    %ecx
4280	1	inc    %edx
4380	1	inc    %ebx
4480	1	inc    %esp
4580	1	inc    %ebp
4680	1	inc    %esi
4780	1	inc    %edi
4880	1	dec    %eax
4980	1	dec    %ecx
4A80	1	dec    %edx
4B80	1	dec    %ebx
4C80	1	dec    %esp
4D80	1	dec    %ebp
4E80	1	dec    %esi
4F80	1	dec    %edi
5080	1	push   %eax
5180	1	push   %ecx
5280	1	push   %edx
5380	1	push   %ebx
5480	1	push   %esp
5580	1	push   %ebp
5680	1	push   %esi
5780	1	push   %edi
5880	1	pop    %eax
5980	1	pop    %ecx
5A80	1	pop    %edx
5B80	1	pop    %ebx
5C80	1	pop    %esp
5D80	1	pop    %ebp
5E80	1	pop    %esi
5F80	1	pop    %edi
6080	1	pusha
6180	1	popa
6280	6	bound  %eax,-0x6f6f6f70(%eax)
6380	6	arpl   %eax,-0x6f6f6f70(%eax)
6480	8	adcb   $0x90,%fs:-0x6f6f6f70(%eax)
6580	8	adcb   $0x90,%gs:-0x6f6f6f70(%eax)
6680	8	data16 adcb $0x90,-0x6f6f6f70(%eax)
6780	6	adcb   $0x90,-0x6f70(%bx,%si)
6880	5	push   $0x90909080
6980	10	imul   $0x90909090,-0x6f6f6f70(%eax),%eax
6A80	2	push   $0xffffff80
6B80	7	imul   $0xffffff90,-0x6f6f6f70(%eax),%eax
6C80	1	insb   (%dx),%es:(%edi)
6D80	1	insl   (%dx),%es:(%edi)
6E80	1	outsb  %ds:(%esi),(%dx)
6F80	1	outsl  %ds:(%esi),(%dx)
7080	2	jo     0xffffff82
7180	2	jno    0xffffff82
7280	2	jb     0xffffff82
7380	2	jae    0xffffff82
7480	2	je     0xffffff82
7580	2	jne    0xffffff82
7680	2	jbe    0xffffff82
7780	2	ja     0xffffff82
7880	2	js     0xffffff82
7980	2	jns    0xffffff82
7A80	2	jp     0xffffff82
7B80	2	jnp    0xffffff82
7C80	2	jl     0xffffff82
7D80	2	jge    0xffffff82
7E80	2	jle    0xffffff82
7F80	2	jg     0xffffff82
8080	7	addb   $0x90,-0x6f6f6f70(%eax)
8180	10	addl   $0x90909090,-0x6f6f6f70(%eax)
8280	7	addb   $0x90,-0x6f6f6f70(%eax)
8380	7	addl   $0xffffff90,-0x6f6f6f70(%eax)
8480	6	test   %al,-0x6f6f6f70(%eax)
8580	6	test   %eax,-0x6f6f6f70(%eax)
8680	6	xchg   %al,-0x6f6f6f70(%eax)
8780	6	xchg   %eax,-0x6f6f6f70(%eax)
8880	6	mov    %al,-0x6f6f6f70(%eax)
8980	6	mov    %eax,-0x6f6f6f70(%eax)
8A80	6	mov    -0x6f6f6f70(%eax),%al
8B80	6	mov    -0x6f6f6f70(%eax),%eax
8C80	6	mov    %es,-0x6f6f6f70(%eax)
8D80	6	lea    -0x6f6f6f70(%eax),%eax
8E80	6	mov    -0x6f6f6f70(%eax),%es
8F80	6	pop    -0x6f6f6f70(%eax)
9080	1	nop
9180	1	xchg   %eax,%ecx
9280	1	xchg   %eax,%edx
9380	1	xchg   %eax,%ebx
9480	1	xchg   %eax,%esp
9580	1	xchg   %eax,%ebp
9680	1	xchg   %eax,%esi
9780	1	xchg   %eax,%edi
9880	1	cwtl
9980	1	cltd
9A80	7	lcall  $0x9090,$0x90909080
9B80	1	fwait
9C80	1	pushf
9D80	1	popf
9E80	1	sahf
9F80	1	lahf
A080	5	mov    0x90909080,%al
A180	5	mov    0x90909080,%eax
A280	5	mov    %al,0x90909080
A380	5	mov    %eax,0x90909080
A480	1	movsb  %ds:(%esi),%es:(%edi)
A580	1	movsl  %ds:(%esi),%es:(%edi)
A680	1	cmpsb  %es:(%edi),%ds:(%esi)
A780	1	cmpsl  %es:(%edi),%ds:(%esi)
A880	2	test   $0x80,%al
A980	5	test   $0x90909080,%eax
AA80	1	stos   %al,%es:(%edi)
AB80	1	stos   %eax,%es:(%edi)
AC80	1	lods   %ds:(%esi),%al
AD80	1	lods   %ds:(%esi),%eax
AE80	1	scas   %es:(%edi),%al
AF80	1	scas   %es:(%edi),%eax
B080	2	mov    $0x80,%al
B180	2	mov    $0x80,%cl
B280	2	mov    $0x80,%dl
B380	2	mov    $0x80,%bl
B480	2	mov    $0x80,%ah
B580	2	mov    $0x80,%ch
B680	2	mov    $0x80,%dh
B780	2	mov    $0x80,%bh
B880	5	mov    $0x90909080,%eax
B980	5	mov    $0x90909080,%ecx
BA80	5	mov    $0x90909080,%edx
BB80	5	mov    $0x90909080,%ebx
BC80	5	mov    $0x90909080,%esp
BD80	5	mov    $0x90909080,%ebp
BE80	5	mov    $0x90909080,%esi
BF80	5	mov    $0x90909080,%edi
C080	7	rolb   $0x90,-0x6f6f6f70(%eax)
C180	7	roll   $0x90,-0x6f6f6f70(%eax)
C280	3	ret    $0x9080
C380	1	ret
C480	6	les    -0x6f6f6f70(%eax),%eax
C580	6	lds    -0x6f6f6f70(%eax),%eax
C680	7	movb   $0x90,-0x6f6f6f70(%eax)
C780	10	movl   $0x90909090,-0x6f6f6f70(%eax)
C880	4	enter  $0x9080,$0x90
C980	1	leave
CA80	3	lret   $0x9080
CB80	1	lret
CC80	1	int3
CD80	2	int    $0x80
CE80	1	into
CF80	1	iret
D080	6	rolb   $1,-0x6f6f6f70(%eax)
D180	6	roll   $1,-0x6f6f6f70(%eax)
D280	6	rolb   %cl,-0x6f6f6f70(%eax)
D380	6	roll   %cl,-0x6f6f6f70(%eax)
D480	2	aam    $0x80
D580	2	aad    $0x80
D680	NONE	(bad)
D780	1	xlat   %ds:(%ebx)
D880	6	fadds  -0x6f6f6f70(%eax)
D980	6	flds   -0x6f6f6f70(%eax)
DA80	6	fiaddl -0x6f6f6f70(%eax)
DB80	6	fildl  -0x6f6f6f70(%eax)
DC80	6	faddl  -0x6f6f6f70(%eax)
DD80	6	fldl   -0x6f6f6f70(%eax)
DE80	6	fiadds -0x6f6f6f70(%eax)
DF80	6	filds  -0x6f6f6f70(%eax)
E080	2	loopne 0xffffff82
E180	2	loope  0xffffff82
E280	2	loop   0xffffff82
E380	2	jecxz  0xffffff82
E480	2	in     $0x80,%al
E580	2	in     $0x80,%eax
E680	2	out    %al,$0x80
E780	2	out    %eax,$0x80
E880	5	call   0x90909085
E980	5	jmp    0x90909085
EA80	7	ljmp   $0x9090,$0x90909080
EB80	2	jmp    0xffffff82
EC80	1	in     (%dx),%al
ED80	1	in     (%dx),%eax
EE80	1	out    %al,(%dx)
EF80	1	out    %eax,(%dx)
F080	8	lock adcb $0x90,-0x6f6f6f70(%eax)
F180	1	int1
F280	8	repnz adcb $0x90,-0x6f6f6f70(%eax)
F380	8	repz adcb $0x90,-0x6f6f6f70(%eax)
F480	1	hlt
F580	1	cmc
F680	7	testb  $0x90,-0x6f6f6f70(%eax)
F780	10	testl  $0x90909090,-0x6f6f6f70(%eax)
F880	1	clc
F980	1	stc
FA80	1	cli
FB80	1	sti
FC80	1	cld
FD80	1	std
FE80	6	incb   -0x6f6f6f70(%eax)
FF80	6	incl   -0x6f6f6f70(%eax)
660000	3	data16 add %al,(%eax)
660100	3	add    %ax,(%eax)
660200	3	data16 add (%eax),%al
660300	3	add    (%eax),%ax
660400	3	data16 add $0x0,%al
660500	4	add    $0x9000,%ax
660600	2	pushw  %es
660700	2	popw   %es
660800	3	data16 or %al,(%eax)
660900	3	or     %ax,(%eax)
660A00	3	data16 or (%eax),%al
660B00	3	or     (%eax),%ax
660C00	3	data16 or $0x0,%al
660D00	4	or     $0x9000,%ax
660E00	2	pushw  %cs
660F00	8	data16 lldt -0x6f6f6f70(%eax)
661000	3	data16 adc %al,(%eax)
661100	3	adc    %ax,(%eax)
661200	3	data16 adc (%eax),%al
661300	3	adc    (%eax),%ax
661400	3	data16 adc $0x0,%al
661500	4	adc    $0x9000,%ax
661600	2	pushw  %ss
661700	2	popw   %ss
661800	3	data16 sbb %al,(%eax)
661900	3	sbb    %ax,(%eax)
661A00	3	data16 sbb (%eax),%al
661B00	3	sbb    (%eax),%ax
661C00	3	data16 sbb $0x0,%al
661D00	4	sbb    $0x9000,%ax
661E00	2	pushw  %ds
661F00	2	popw   %ds
662000	3	data16 and %al,(%eax)
662100	3	and    %ax,(%eax)
662200	3	data16 and (%eax),%al
662300	3	and    (%eax),%ax
662400	3	data16 and $0x0,%al
662500	4	and    $0x9000,%ax
662600	8	data16 add %dl,%es:-0x6f6f6f70(%eax)
662700	2	data16 daa
662800	3	data16 sub %al,(%eax)
662900	3	sub    %ax,(%eax)
662A00	3	data16 sub (%eax),%al
662B00	3	sub    (%eax),%ax
662C00	3	data16 sub $0x0,%al
662D00	4	sub    $0x9000,%ax
662E00	8	data16 add %dl,%cs:-0x6f6f6f70(%eax)
662F00	2	data16 das
663000	3	data16 xor %al,(%eax)
663100	3	xor    %ax,(%eax)
663200	3	data16 xor (%eax),%al
663300	3	xor    (%eax),%ax
663400	3	data16 xor $0x0,%al
663500	4	xor    $0x9000,%ax
663600	8	data16 add %dl,%ss:-0x6f6f6f70(%eax)
663700	2	data16 aaa
663800	3	data16 cmp %al,(%eax)
663900	3	cmp    %ax,(%eax)
663A00	3	data16 cmp (%eax),%al
663B00	3	cmp    (%eax),%ax
663C00	3	data16 cmp $0x0,%al
663D00	4	cmp    $0x9000,%ax
663E00	8	data16 add %dl,%ds:-0x6f6f6f70(%eax)
663F00	2	data16 aas
664000	2	inc    %ax
664100	2	inc    %cx
664200	2	inc    %dx
664300	2	inc    %bx
664400	2	inc    %sp
664500	2	inc    %bp
664600	2	inc    %si
664700	2	inc    %di
664800	2	dec    %ax
664900	2	dec    %cx
664A00	2	dec    %dx
664B00	2	dec    %bx
664C00	2	dec    %sp
664D00	2	dec    %bp
664E00	2	dec    %si
664F00	2	dec    %di
665000	2	push   %ax
665100	2	push   %cx
665200	2	push   %dx
665300	2	push   %bx
665400	2	push   %sp
665500	2	push   %bp
665600	2	push   %si
665700	2	push   %di
665800	2	pop    %ax
665900	2	pop    %cx
665A00	2	pop    %dx
665B00	2	pop    %bx
665C00	2	pop    %sp
665D00	2	pop    %bp
665E00	2	pop    %si
665F00	2	pop    %di
666000	2	pushaw
666100	2	popaw
666200	3	bound  %ax,(%eax)
666300	3	arpl   %ax,(%eax)
666400	8	data16 add %dl,%fs:-0x6f6f6f70(%eax)
666500	8	data16 add %dl,%gs:-0x6f6f6f70(%eax)
666600	8	data16 data16 add %dl,-0x6f6f6f70(%eax)
666700	6	data16 add %dl,-0x6f70(%bx,%si)
666800	4	pushw  $0x9000
666900	5	imul   $0x9090,(%eax),%ax
666A00	3	pushw  $0x0
666B00	4	imul   $0xff90,(%eax),%ax
666C00	2	data16 insb (%dx),%es:(%edi)
666D00	2	insw   (%dx),%es:(%edi)
666E00	2	data16 outsb %ds:(%esi),(%dx)
666F00	2	outsw  %ds:(%esi),(%dx)
667000	3	data16 jo 0x3
667100	3	data16 jno 0x3
667200	3	data16 jb 0x3
667300	3	data16 jae 0x3
667400	3	data16 je 0x3
667500	3	data16 jne 0x3
667600	3	data16 jbe 0x3
667700	3	data16 ja 0x3
667800	3	data16 js 0x3
667900	3	data16 jns 0x3
667A00	3	data16 jp 0x3
667B00	3	data16 jnp 0x3
667C00	3	data16 jl 0x3
667D00	3	data16 jge 0x3
667E00	3	data16 jle 0x3
667F00	3	data16 jg 0x3
668000	4	data16 addb $0x90,(%eax)
668100	5	addw   $0x9090,(%eax)
668200	4	data16 addb $0x90,(%eax)
668300	4	addw   $0xff90,(%eax)
668400	3	data16 test %al,(%eax)
668500	3	test   %ax,(%eax)
668600	3	data16 xchg %al,(%eax)
668700	3	xchg   %ax,(%eax)
668800	3	data16 mov %al,(%eax)
668900	3	mov    %ax,(%eax)
668A00	3	data16 mov (%eax),%al
668B00	3	mov    (%eax),%ax
668C00	3	data16 mov %es,(%eax)
668D00	3	lea    (%eax),%ax
668E00	3	data16 mov (%eax),%es
668F00	3	popw   (%eax)
669000	2	xchg   %ax,%ax
669100	2	xchg   %ax,%cx
669200	2	xchg   %ax,%dx
669300	2	xchg   %ax,%bx
669400	2	xchg   %ax,%sp
669500	2	xchg   %ax,%bp
669600	2	xchg   %ax,%si
669700	2	xchg   %ax,%di
669800	2	cbtw
669900	2	cwtd
669A00	6	lcallw $0x9090,$0x9000
669B00	2	data16 fwait
669C00	2	pushfw
669D00	2	popfw
669E00	2	data16 sahf
669F00	2	data16 lahf
66A000	6	data16 mov 0x90909000,%al
66A100	6	mov    0x90909000,%ax
66A200	6	data16 mov %al,0x90909000
66A300	6	mov    %ax,0x90909000
66A400	2	data16 movsb %ds:(%esi),%es:(%edi)
66A500	2	movsw  %ds:(%esi),%es:(%edi)
66A600	2	data16 cmpsb %es:(%edi),%ds:(%esi)
66A700	2	cmpsw  %es:(%edi),%ds:(%esi)
66A800	3	data16 test $0x0,%al
66A900	4	test   $0x9000,%ax
66AA00	2	data16 stos %al,%es:(%edi)
66AB00	2	stos   %ax,%es:(%edi)
66AC00	2	data16 lods %ds:(%esi),%al
66AD00	2	lods   %ds:(%esi),%ax
66AE00	2	data16 scas %es:(%edi),%al
66AF00	2	scas   %es:(%edi),%ax
66B000	3	data16 mov $0x0,%al
66B100	3	data16 mov $0x0,%cl
66B200	3	data16 mov $0x0,%dl
66B300	3	data16 mov $0x0,%bl
66B400	3	data16 mov $0x0,%ah
66B500	3	data16 mov $0x0,%ch
66B600	3	data16 mov $0x0,%dh
66B700	3	data16 mov $0x0,%bh
66B800	4	mov    $0x9000,%ax
66B900	4	mov    $0x9000,%cx
66BA00	4	mov    $0x9000,%dx
66BB00	4	mov    $0x9000,%bx
66BC00	4	mov    $0x9000,%sp
66BD00	4	mov    $0x9000,%bp
66BE00	4	mov    $0x9000,%si
66BF00	4	mov    $0x9000,%di
66C000	4	data16 rolb $0x90,(%eax)
66C100	4	rolw   $0x90,(%eax)
66C200	4	retw   $0x9000
66C300	2	retw
66C400	3	les    (%eax),%ax
66C500	3	lds    (%eax),%ax
66C600	4	data16 movb $0x90,(%eax)
66C700	5	movw   $0x9090,(%eax)
66C800	5	enterw $0x9000,$0x90
66C900	2	leavew
66CA00	4	lretw  $0x9000
66CB00	2	lretw
66CC00	2	data16 int3
66CD00	3	data16 int $0x0
66CE00	2	data16 into
66CF00	2	iretw
66D000	3	data16 rolb $1,(%eax)
66D100	3	rolw   $1,(%eax)
66D200	3	data16 rolb %cl,(%eax)
66D300	3	rolw   %cl,(%eax)
66D400	3	data16 aam $0x0
66D500	3	data16 aad $0x0
66D600	NONE	data16 (bad)
66D700	2	data16 xlat %ds:(%ebx)
66D800	3	data16 fadds (%eax)
66D900	3	data16 flds (%eax)
66DA00	3	data16 fiaddl (%eax)
66DB00	3	data16 fildl (%eax)
66DC00	3	data16 faddl (%eax)
66DD00	3	data16 fldl (%eax)
66DE00	3	data16 fiadds (%eax)
66DF00	3	data16 filds (%eax)
66E000	3	data16 loopne 0x3
66E100	3	data16 loope 0x3
66E200	3	data16 loop 0x3
66E300	3	data16 jecxz 0x3
66E400	3	data16 in $0x0,%al
66E500	3	in     $0x0,%ax
66E600	3	data16 out %al,$0x0
66E700	3	out    %ax,$0x0
66E800	4	callw  0x9004
66E900	4	jmpw   0x9004
66EA00	6	ljmpw  $0x9090,$0x9000
66EB00	3	data16 jmp 0x3
66EC00	2	data16 in (%dx),%al
66ED00	2	in     (%dx),%ax
66EE00	2	data16 out %al,(%dx)
66EF00	2	out    %ax,(%dx)
66F000	8	data16 lock add %dl,-0x6f6f6f70(%eax)
66F100	2	data16 int1
66F200	8	data16 repnz add %dl,-0x6f6f6f70(%eax)
66F300	8	data16 repz add %dl,-0x6f6f6f70(%eax)
66F400	2	data16 hlt
66F500	2	data16 cmc
66F600	4	data16 testb $0x90,(%eax)
66F700	5	testw  $0x9090,(%eax)
66F800	2	data16 clc
66F900	2	data16 stc
66FA00	2	data16 cli
66FB00	2	data16 sti
66FC00	2	data16 cld
66FD00	2	data16 std
66FE00	3	data16 incb (%eax)
66FF00	3	incw   (%eax)
660080	7	data16 add %al,-0x6f6f6f70(%eax)
660180	7	add    %ax,-0x6f6f6f70(%eax)
660280	7	data16 add -0x6f6f6f70(%eax),%al
660380	7	add    -0x6f6f6f70(%eax),%ax
660480	3	data16 add $0x80,%al
660580	4	add    $0x9080,%ax
660680	2	pushw  %es
660780	2	popw   %es
660880	7	data16 or %al,-0x6f6f6f70(%eax)
660980	7	or     %ax,-0x6f6f6f70(%eax)
660A80	7	data16 or -0x6f6f6f70(%eax),%al
660B80	7	or     -0x6f6f6f70(%eax),%ax
660C80	3	data16 or $0x80,%al
660D80	4	or     $0x9080,%ax
660E80	2	pushw  %cs
660F80	5	jo     0x9095
661080	7	data16 adc %al,-0x6f6f6f70(%eax)
661180	7	adc    %ax,-0x6f6f6f70(%eax)
661280	7	data16 adc -0x6f6f6f70(%eax),%al
661380	7	adc    -0x6f6f6f70(%eax),%ax
661480	3	data16 adc $0x80,%al
661580	4	adc    $0x9080,%ax
661680	2	pushw  %ss
661780	2	popw   %ss
661880	7	data16 sbb %al,-0x6f6f6f70(%eax)
661980	7	sbb    %ax,-0x6f6f6f70(%eax)
661A80	7	data16 sbb -0x6f6f6f70(%eax),%al
661B80	7	sbb    -0x6f6f6f70(%eax),%ax
661C80	3	data16 sbb $0x80,%al
661D80	4	sbb    $0x9080,%ax
661E80	2	pushw  %ds
661F80	2	popw   %ds
662080	7	data16 and %al,-0x6f6f6f70(%eax)
662180	7	and    %ax,-0x6f6f6f70(%eax)
662280	7	data16 and -0x6f6f6f70(%eax),%al
662380	7	and    -0x6f6f6f70(%eax),%ax
662480	3	data16 and $0x80,%al
662580	4	and    $0x9080,%ax
662680	9	data16 adcb $0x90,%es:-0x6f6f6f70(%eax)
662780	2	data16 daa
662880	7	data16 sub %al,-0x6f6f6f70(%eax)
662980	7	sub    %ax,-0x6f6f6f70(%eax)
662A80	7	data16 sub -0x6f6f6f70(%eax),%al
662B80	7	sub    -0x6f6f6f70(%eax),%ax
662C80	3	data16 sub $0x80,%al
662D80	4	sub    $0x9080,%ax
662E80	9	data16 adcb $0x90,%cs:-0x6f6f6f70(%eax)
662F80	2	data16 das
663080	7	data16 xor %al,-0x6f6f6f70(%eax)
663180	7	xor    %ax,-0x6f6f6f70(%eax)
663280	7	data16 xor -0x6f6f6f70(%eax),%al
663380	7	xor    -0x6f6f6f70(%eax),%ax
663480	3	data16 xor $0x80,%al
663580	4	xor    $0x9080,%ax
663680	9	data16 adcb $0x90,%ss:-0x6f6f6f70(%eax)
663780	2	data16 aaa
663880	7	data16 cmp %al,-0x6f6f6f70(%eax)
663980	7	cmp    %ax,-0x6f6f6f70(%eax)
663A80	7	data16 cmp -0x6f6f6f70(%eax),%al
663B80	7	cmp    -0x6f6f6f70(%eax),%ax
663C80	3	data16 cmp $0x80,%al
663D80	4	cmp    $0x9080,%ax
663E80	9	data16 adcb $0x90,%ds:-0x6f6f6f70(%eax)
663F80	2	data16 aas
664080	2	inc    %ax
664180	2	inc    %cx
664280	2	inc    %dx
664380	2	inc    %bx
664480	2	inc    %sp
664580	2	inc    %bp
664680	2	inc    %si
664780	2	inc    %di
664880	2	dec    %ax
664980	2	dec    %cx
664A80	2	dec    %dx
664B80	2	dec    %bx
664C80	2	dec    %sp
664D80	2	dec    %bp
664E80	2	dec    %si
664F80	2	dec    %di
665080	2	push   %ax
665180	2	push   %cx
665280	2	push   %dx
665380	2	push   %bx
665480	2	push   %sp
665580	2	push   %bp
665680	2	push   %si
665780	2	push   %di
665880	2	pop    %ax
665980	2	pop    %cx
665A80	2	pop    %dx
665B80	2	pop    %bx
665C80	2	pop    %sp
665D80	2	pop    %bp
665E80	2	pop    %si
665F80	2	pop    %di
666080	2	pushaw
666180	2	popaw
666280	7	bound  %ax,-0x6f6f6f70(%eax)
666380	7	arpl   %ax,-0x6f6f6f70(%eax)
666480	9	data16 adcb $0x90,%fs:-0x6f6f6f70(%eax)
666580	9	data16 adcb $0x90,%gs:-0x6f6f6f70(%eax)
666680	9	data16 data16 adcb $0x90,-0x6f6f6f70(%eax)
666780	7	data16 adcb $0x90,-0x6f70(%bx,%si)
666880	4	pushw  $0x9080
666980	9	imul   $0x9090,-0x6f6f6f70(%eax),%ax
666A80	3	pushw  $0xff80
666B80	8	imul   $0xff90,-0x6f6f6f70(%eax),%ax
666C80	2	data16 insb (%dx),%es:(%edi)
666D80	2	insw   (%dx),%es:(%edi)
666E80	2	data16 outsb %ds:(%esi),(%dx)
666F80	2	outsw  %ds:(%esi),(%dx)
667080	3	data16 jo 0xffffff83
667180	3	data16 jno 0xffffff83
667280	3	data16 jb 0xffffff83
667380	3	data16 jae 0xffffff83
667480	3	data16 je 0xffffff83
667580	3	data16 jne 0xffffff83
667680	3	data16 jbe 0xffffff83
667780	3	data16 ja 0xffffff83
667880	3	data16 js 0xffffff83
667980	3	data16 jns 0xffffff83
667A80	3	data16 jp 0xffffff83
667B80	3	data16 jnp 0xffffff83
667C80	3	data16 jl 0xffffff83
667D80	3	data16 jge 0xffffff83
667E80	3	data16 jle 0xffffff83
667F80	3	data16 jg 0xffffff83
668080	8	data16 addb $0x90,-0x6f6f6f70(%eax)
668180	9	addw   $0x9090,-0x6f6f6f70(%eax)
668280	8	data16 addb $0x90,-0x6f6f6f70(%eax)
668380	8	addw   $0xff90,-0x6f6f6f70(%eax)
668480	7	data16 test %al,-0x6f6f6f70(%eax)
668580	7	test   %ax,-0x6f6f6f70(%eax)
668680	7	data16 xchg %al,-0x6f6f6f70(%eax)
668780	7	xchg   %ax,-0x6f6f6f70(%eax)
668880	7	data16 mov %al,-0x6f6f6f70(%eax)
668980	7	mov    %ax,-0x6f6f6f70(%eax)
668A80	7	data16 mov -0x6f6f6f70(%eax),%al
668B80	7	mov    -0x6f6f6f70(%eax),%ax
668C80	7	data16 mov %es,-0x6f6f6f70(%eax)
668D80	7	lea    -0x6f6f6f70(%eax),%ax
668E80	7	data16 mov -0x6f6f6f70(%eax),%es
668F80	7	popw   -0x6f6f6f70(%eax)
669080	2	xchg   %ax,%ax
669180	2	xchg   %ax,%cx
669280	2	xchg   %ax,%dx
669380	2	xchg   %ax,%bx
669480	2	xchg   %ax,%sp
669580	2	xchg   %ax,%bp
669680	2	xchg   %ax,%si
669780	2	xchg   %ax,%di
669880	2	cbtw
669980	2	cwtd
669A80	6	lcallw $0x9090,$0x9080
669B80	2	data16 fwait
669C80	2	pushfw
669D80	2	popfw
669E80	2	data16 sahf
669F80	2	data16 lahf
66A080	6	data16 mov 0x90909080,%al
66A180	6	mov    0x90909080,%ax
66A280	6	data16 mov %al,0x90909080
66A380	6	mov    %ax,0x90909080
66A480	2	data16 movsb %ds:(%esi),%es:(%edi)
66A580	2	movsw  %ds:(%esi),%es:(%edi)
66A680	2	data16 cmpsb %es:(%edi),%ds:(%esi)
66A780	2	cmpsw  %es:(%edi),%ds:(%esi)
66A880	3	data16 test $0x80,%al
66A980	4	test   $0x9080,%ax
66AA80	2	data16 stos %al,%es:(%edi)
66AB80	2	stos   %ax,%es:(%edi)
66AC80	2	data16 lods %ds:(%esi),%al
66AD80	2	lods   %ds:(%esi),%ax
66AE80	2	data16 scas %es:(%edi),%al
66AF80	2	scas   %es:(%edi),%ax
66B080	3	data16 mov $0x80,%al
66B180	3	data16 mov $0x80,%cl
66B280	3	data16 mov $0x80,%dl
66B380	3	data16 mov $0x80,%bl
66B480	3	data16 mov $0x80,%ah
66B580	3	data16 mov $0x80,%ch
66B680	3	data16 mov $0x80,%dh
66B780	3	data16 mov $0x80,%bh
66B880	4	mov    $0x9080,%ax
66B980	4	mov    $0x9080,%cx
66BA80	4	mov    $0x9080,%dx
66BB80	4	mov    $0x9080,%bx
66BC80	4	mov    $0x9080,%sp
66BD80	4	mov    $0x9080,%bp
66BE80	4	mov    $0x9080,%si
66BF80	4	mov    $0x9080,%di
66C080	8	data16 rolb $0x90,-0x6f6f6f70(%eax)
66C180	8	rolw   $0x90,-0x6f6f6f70(%eax)
66C280	4	retw   $0x9080
66C380	2	retw
66C480	7	les    -0x6f6f6f70(%eax),%ax
66C580	7	lds    -0x6f6f6f70(%eax),%ax
66C680	8	data16 movb $0x90,-0x6f6f6f70(%eax)
66C780	9	movw   $0x9090,-0x6f6f6f70(%eax)
66C880	5	enterw $0x9080,$0x90
66C980	2	leavew
66CA80	4	lretw  $0x9080
66CB80	2	lretw
66CC80	2	data16 int3
66CD80	3	data16 int $0x80
66CE80	2	data16 into
66CF80	2	iretw
66D080	7	data16 rolb $1,-0x6f6f6f70(%eax)
66D180	7	rolw   $1,-0x6f6f6f70(%eax)
66D280	7	data16 rolb %cl,-0x6f6f6f70(%eax)
66D380	7	rolw   %cl,-0x6f6f6f70(%eax)
66D480	3	data16 aam $0x80
66D580	3	data16 aad $0x80
66D680	NONE	data16 (bad)
66D780	2	data16 xlat %ds:(%ebx)
66D880	7	data16 fadds -0x6f6f6f70(%eax)
66D980	7	data16 flds -0x6f6f6f70(%eax)
66DA80	7	data16 fiaddl -0x6f6f6f70(%eax)
66DB80	7	data16 fildl -0x6f6f6f70(%eax)
66DC80	7	data16 faddl -0x6f6f6f70(%eax)
66DD80	7	data16 fldl -0x6f6f6f70(%eax)
66DE80	7	data16 fiadds -0x6f6f6f70(%eax)
66DF80	7	data16 filds -0x6f6f6f70(%eax)
66E080	3	data16 loopne 0xffffff83
66E180	3	data16 loope 0xffffff83
66E280	3	data16 loop 0xffffff83
66E380	3	data16 jecxz 0xffffff83
66E480	3	data16 in $0x80,%al
66E580	3	in     $0x80,%ax
66E680	3	data16 out %al,$0x80
66E780	3	out    %ax,$0x80
66E880	4	callw  0x9084
66E980	4	jmpw   0x9084
66EA80	6	ljmpw  $0x9090,$0x9080
66EB80	3	data16 jmp 0xffffff83
66EC80	2	data16 in (%dx),%al
66ED80	2	in     (%dx),%ax
66EE80	2	data16 out %al,(%dx)
66EF80	2	out    %ax,(%dx)
66F080	9	data16 lock adcb $0x90,-0x6f6f6f70(%eax)
66F180	2	data16 int1
66F280	9	data16 repnz adcb $0x90,-0x6f6f6f70(%eax)
66F380	9	data16 repz adcb $0x90,-0x6f6f6f70(%eax)
66F480	2	data16 hlt
66F580	2	data16 cmc
66F680	8	data16 testb $0x90,-0x6f6f6f70(%eax)
66F780	9	testw  $0x9090,-0x6f6f6f70(%eax)
66F880	2	data16 clc
66F980	2	data16 stc
66FA80	2	data16 cli
66FB80	2	data16 sti
66FC80	2	data16 cld
66FD80	2	data16 std
66FE80	7	data16 incb -0x6f6f6f70(%eax)
66FF80	7	incw   -0x6f6f6f70(%eax)
0008	2	add    %cl,(%eax)
0108	2	add    %ecx,(%eax)
0208	2	add    (%eax),%cl
0308	2	add    (%eax),%ecx
0408	2	add    $0x8,%al
0508	5	add    $0x90909008,%eax
0608	1	push   %es
0708	1	pop    %es
0808	2	or     %cl,(%eax)
0908	2	or     %ecx,(%eax)
0A08	2	or     (%eax),%cl
0B08	2	or     (%eax),%ecx
0C08	2	or     $0x8,%al
0D08	5	or     $0x90909008,%eax
0E08	1	push   %cs
0F08	2	invd
1008	2	adc    %cl,(%eax)
1108	2	adc    %ecx,(%eax)
1208	2	adc    (%eax),%cl
1308	2	adc    (%eax),%ecx
1408	2	adc    $0x8,%al
1508	5	adc    $0x90909008,%eax
1608	1	push   %ss
1708	1	pop    %ss
1808	2	sbb    %cl,(%eax)
1908	2	sbb    %ecx,(%eax)
1A08	2	sbb    (%eax),%cl
1B08	2	sbb    (%eax),%ecx
1C08	2	sbb    $0x8,%al
1D08	5	sbb    $0x90909008,%eax
1E08	1	push   %ds
1F08	1	pop    %ds
2008	2	and    %cl,(%eax)
2108	2	and    %ecx,(%eax)
2208	2	and    (%eax),%cl
2308	2	and    (%eax),%ecx
2408	2	and    $0x8,%al
2508	5	and    $0x90909008,%eax
2608	7	or     %dl,%es:-0x6f6f6f70(%eax)
2708	1	daa
2808	2	sub    %cl,(%eax)
2908	2	sub    %ecx,(%eax)
2A08	2	sub    (%eax),%cl
2B08	2	sub    (%eax),%ecx
2C08	2	sub    $0x8,%al
2D08	5	sub    $0x90909008,%eax
2E08	7	or     %dl,%cs:-0x6f6f6f70(%eax)
2F08	1	das
3008	2	xor    %cl,(%eax)
3108	2	xor    %ecx,(%eax)
3208	2	xor    (%eax),%cl
3308	2	xor    (%eax),%ecx
3408	2	xor    $0x8,%al
3508	5	xor    $0x90909008,%eax
3608	7	or     %dl,%ss:-0x6f6f6f70(%eax)
3708	1	aaa
3808	2	cmp    %cl,(%eax)
3908	2	cmp    %ecx,(%eax)
3A08	2	cmp    (%eax),%cl
3B08	2	cmp    (%eax),%ecx
3C08	2	cmp    $0x8,%al
3D08	5	cmp    $0x90909008,%eax
3E08	7	or     %dl,%ds:-0x6f6f6f70(%eax)
3F08	1	aas
4008	1	inc    %eax
4108	1	inc    %ecx
4208	1	inc    %edx
4308	1	inc    %ebx
4408	1	inc    %esp
4508	1	inc    %ebp
4608	1	inc    %esi
4708	1	inc    %edi
4808	1	dec    %eax
4908	1	dec    %ecx
4A08	1	dec    %edx
4B08	1	dec    %ebx
4C08	1	dec    %esp
4D08	1	dec    %ebp
4E08	1	dec    %esi
4F08	1	dec    %edi
5008	1	push   %eax
5108	1	push   %ecx
5208	1	push   %edx
5308	1	push   %ebx
5408	1	push   %esp
5508	1	push   %ebp
5608	1	push   %esi
5708	1	push   %edi
5808	1	pop    %eax
5908	1	pop    %ecx
5A08	1	pop    %edx
5B08	1	pop    %ebx
5C08	1	pop    %esp
5D08	1	pop    %ebp
5E08	1	pop    %esi
5F08	1	pop    %edi
6008	1	pusha
6108	1	popa
6208	2	bound  %ecx,(%eax)
6308	2	arpl   %ecx,(%eax)
6408	7	or     %dl,%fs:-0x6f6f6f70(%eax)
6508	7	or     %dl,%gs:-0x6f6f6f70(%eax)
6608	7	data16 or %dl,-0x6f6f6f70(%eax)
6708	5	or     %dl,-0x6f70(%bx,%si)
6808	5	push   $0x90909008
6908	6	imul   $0x90909090,(%eax),%ecx
6A08	2	push   $0x8
6B08	3	imul   $0xffffff90,(%eax),%ecx
6C08	1	insb   (%dx),%es:(%edi)
6D08	1	insl   (%dx),%es:(%edi)
6E08	1	outsb  %ds:(%esi),(%dx)
6F08	1	outsl  %ds:(%esi),(%dx)
7008	2	jo     0xa
7108	2	jno    0xa
7208	2	jb     0xa
7308	2	jae    0xa
7408	2	je     0xa
7508	2	jne    0xa
7608	2	jbe    0xa
7708	2	ja     0xa
7808	2	js     0xa
7908	2	jns    0xa
7A08	2	jp     0xa
7B08	2	jnp    0xa
7C08	2	jl     0xa
7D08	2	jge    0xa
7E08	2	jle    0xa
7F08	2	jg     0xa
8008	3	orb    $0x90,(%eax)
8108	6	orl    $0x90909090,(%eax)
8208	3	orb    $0x90,(%eax)
8308	3	orl    $0xffffff90,(%eax)
8408	2	test   %cl,(%eax)
8508	2	test   %ecx,(%eax)
8608	2	xchg   %cl,(%eax)
8708	2	xchg   %ecx,(%eax)
8808	2	mov    %cl,(%eax)
8908	2	mov    %ecx,(%eax)
8A08	2	mov    (%eax),%cl
8B08	2	mov    (%eax),%ecx
8C08	2	mov    %cs,(%eax)
8D08	2	lea    (%eax),%ecx
8E08	2	mov    (%eax),%cs
8F08	NONE	(bad)
9008	1	nop
9108	1	xchg   %eax,%ecx
9208	1	xchg   %eax,%edx
9308	1	xchg   %eax,%ebx
9408	1	xchg   %eax,%esp
9508	1	xchg   %eax,%ebp
9608	1	xchg   %eax,%esi
9708	1	xchg   %eax,%edi
9808	1	cwtl
9908	1	cltd
9A08	7	lcall  $0x9090,$0x90909008
9B08	1	fwait
9C08	1	pushf
9D08	1	popf
9E08	1	sahf
9F08	1	lahf
A008	5	mov    0x90909008,%al
A108	5	mov    0x90909008,%eax
A208	5	mov    %al,0x90909008
A308	5	mov    %eax,0x90909008
A408	1	movsb  %ds:(%esi),%es:(%edi)
A508	1	movsl  %ds:(%esi),%es:(%edi)
A608	1	cmpsb  %es:(%edi),%ds:(%esi)
A708	1	cmpsl  %es:(%edi),%ds:(%esi)
A808	2	test   $0x8,%al
A908	5	test   $0x90909008,%eax
AA08	1	stos   %al,%es:(%edi)
AB08	1	stos   %eax,%es:(%edi)
AC08	1	lods   %ds:(%esi),%al
AD08	1	lods   %ds:(%esi),%eax
AE08	1	scas   %es:(%edi),%al
AF08	1	scas   %es:(%edi),%eax
B008	2	mov    $0x8,%al
B108	2	mov    $0x8,%cl
B208	2	mov    $0x8,%dl
B308	2	mov    $0x8,%bl
B408	2	mov    $0x8,%ah
B508	2	mov    $0x8,%ch
B608	2	mov    $0x8,%dh
B708	2	mov    $0x8,%bh
B808	5	mov    $0x90909008,%eax
B908	5	mov    $0x90909008,%ecx
BA08	5	mov    $0x90909008,%edx
BB08	5	mov    $0x90909008,%ebx
BC08	5	mov    $0x90909008,%esp
BD08	5	mov    $0x90909008,%ebp
BE08	5	mov    $0x90909008,%esi
BF08	5	mov    $0x90909008,%edi
C008	3	rorb   $0x90,(%eax)
C108	3	rorl   $0x90,(%eax)
C208	3	ret    $0x9008
C308	1	ret
C408	2	les    (%eax),%ecx
C508	2	lds    (%eax),%ecx
C608	NONE	(bad)
C708	NONE	(bad)
C808	4	enter  $0x9008,$0x90
C908	1	leave
CA08	3	lret   $0x9008
CB08	1	lret
CC08	1	int3
CD08	2	int    $0x8
CE08	1	into
CF08	1	iret
D008	2	rorb   $1,(%eax)
D108	2	rorl   $1,(%eax)
D208	2	rorb   %cl,(%eax)
D308	2	rorl   %cl,(%eax)
D408	2	aam    $0x8
D508	2	aad    $0x8
D608	NONE	(bad)
D708	1	xlat   %ds:(%ebx)
D808	2	fmuls  (%eax)
D908	NONE	(bad)  (%eax)
DA08	2	fimull (%eax)
DB08	2	fisttpl (%eax)
DC08	2	fmull  (%eax)
DD08	2	fisttpll (%eax)
DE08	2	fimuls (%eax)
DF08	2	fisttps (%eax)
E008	2	loopne 0xa
E108	2	loope  0xa
E208	2	loop   0xa
E308	2	jecxz  0xa
E408	2	in     $0x8,%al
E508	2	in     $0x8,%eax
E608	2	out    %al,$0x8
E708	2	out    %eax,$0x8
E808	5	call   0x9090900d
E908	5	jmp    0x9090900d
EA08	7	ljmp   $0x9090,$0x90909008
EB08	2	jmp    0xa
EC08	1	in     (%dx),%al
ED08	1	in     (%dx),%eax
EE08	1	out    %al,(%dx)
EF08	1	out    %eax,(%dx)
F008	7	lock or %dl,-0x6f6f6f70(%eax)
F108	1	int1
F208	7	repnz or %dl,-0x6f6f6f70(%eax)
F308	7	repz or %dl,-0x6f6f6f70(%eax)
F408	1	hlt
F508	1	cmc
F608	3	testb  $0x90,(%eax)
F708	6	testl  $0x90909090,(%eax)
F808	1	clc
F908	1	stc
FA08	1	cli
FB08	1	sti
FC08	1	cld
FD08	1	std
FE08	2	decb   (%eax)
FF08	2	decl   (%eax)
0010	2	add    %dl,(%eax)
0110	2	add    %edx,(%eax)
0210	2	add    (%eax),%dl
0310	2	add    (%eax),%edx
0410	2	add    $0x10,%al
0510	5	add    $0x90909010,%eax
0610	1	push   %es
0710	1	pop    %es
0810	2	or     %dl,(%eax)
0910	2	or     %edx,(%eax)
0A10	2	or     (%eax),%dl
0B10	2	or     (%eax),%edx
0C10	2	or     $0x10,%al
0D10	5	or     $0x90909010,%eax
0E10	1	push   %cs
0F10	7	movups -0x6f6f6f70(%eax),%xmm2
1010	2	adc    %dl,(%eax)
1110	2	adc    %edx,(%eax)
1210	2	adc    (%eax),%dl
1310	2	adc    (%eax),%edx
1410	2	adc    $0x10,%al
1510	5	adc    $0x90909010,%eax
1610	1	push   %ss
1710	1	pop    %ss
1810	2	sbb    %dl,(%eax)
1910	2	sbb    %edx,(%eax)
1A10	2	sbb    (%eax),%dl
1B10	2	sbb    (%eax),%edx
1C10	2	sbb    $0x10,%al
1D10	5	sbb    $0x90909010,%eax
1E10	1	push   %ds
1F10	1	pop    %ds
2010	2	and    %dl,(%eax)
2110	2	and    %edx,(%eax)
2210	2	and    (%eax),%dl
2310	2	and    (%eax),%edx
2410	2	and    $0x10,%al
2510	5	and    $0x90909010,%eax
2610	7	adc    %dl,%es:-0x6f6f6f70(%eax)
2710	1	daa
2810	2	sub    %dl,(%eax)
2910	2	sub    %edx,(%eax)
2A10	2	sub    (%eax),%dl
2B10	2	sub    (%eax),%edx
2C10	2	sub    $0x10,%al
2D10	5	sub    $0x90909010,%eax
2E10	7	adc    %dl,%cs:-0x6f6f6f70(%eax)
2F10	1	das
3010	2	xor    %dl,(%eax)
3110	2	xor    %edx,(%eax)
3210	2	xor    (%eax),%dl
3310	2	xor    (%eax),%edx
3410	2	xor    $0x10,%al
3510	5	xor    $0x90909010,%eax
3610	7	adc    %dl,%ss:-0x6f6f6f70(%eax)
3710	1	aaa
3810	2	cmp    %dl,(%eax)
3910	2	cmp    %edx,(%eax)
3A10	2	cmp    (%eax),%dl
3B10	2	cmp    (%eax),%edx
3C10	2	cmp    $0x10,%al
3D10	5	cmp    $0x90909010,%eax
3E10	7	adc    %dl,%ds:-0x6f6f6f70(%eax)
3F10	1	aas
4010	1	inc    %eax
4110	1	inc    %ecx
4210	1	inc    %edx
4310	1	inc    %ebx
4410	1	inc    %esp
4510	1	inc    %ebp
4610	1	inc    %esi
4710	1	inc    %edi
4810	1	dec    %eax
4910	1	dec    %ecx
4A10	1	dec    %edx
4B10	1	dec    %ebx
4C10	1	dec    %esp
4D10	1	dec    %ebp
4E10	1	dec    %esi
4F10	1	dec    %edi
5010	1	push   %eax
5110	1	push   %ecx
5210	1	push   %edx
5310	1	push   %ebx
5410	1	push   %esp
5510	1	push   %ebp
5610	1	push   %esi
5710	1	push   %edi
5810	1	pop    %eax
5910	1	pop    %ecx
5A10	1	pop    %edx
5B10	1	pop    %ebx
5C10	1	pop    %esp
5D10	1	pop    %ebp
5E10	1	pop    %esi
5F10	1	pop    %edi
6010	1	pusha
6110	1	popa
6210	2	bound  %edx,(%eax)
6310	2	arpl   %edx,(%eax)
6410	7	adc    %dl,%fs:-0x6f6f6f70(%eax)
6510	7	adc    %dl,%gs:-0x6f6f6f70(%eax)
6610	7	data16 adc %dl,-0x6f6f6f70(%eax)
6710	5	adc    %dl,-0x6f70(%bx,%si)
6810	5	push   $0x90909010
6910	6	imul   $0x90909090,(%eax),%edx
6A10	2	push   $0x10
6B10	3	imul   $0xffffff90,(%eax),%edx
6C10	1	insb   (%dx),%es:(%edi)
6D10	1	insl   (%dx),%es:(%edi)
6E10	1	outsb  %ds:(%esi),(%dx)
6F10	1	outsl  %ds:(%esi),(%dx)
7010	2	jo     0x12
7110	2	jno    0x12
7210	2	jb     0x12
7310	2	jae    0x12
7410	2	je     0x12
7510	2	jne    0x12
7610	2	jbe    0x12
7710	2	ja     0x12
7810	2	js     0x12
7910	2	jns    0x12
7A10	2	jp     0x12
7B10	2	jnp    0x12
7C10	2	jl     0x12
7D10	2	jge    0x12
7E10	2	jle    0x12
7F10	2	jg     0x12
8010	3	adcb   $0x90,(%eax)
8110	6	adcl   $0x90909090,(%eax)
8210	3	adcb   $0x90,(%eax)
8310	3	adcl   $0xffffff90,(%eax)
8410	2	test   %dl,(%eax)
8510	2	test   %edx,(%eax)
8610	2	xchg   %dl,(%eax)
8710	2	xchg   %edx,(%eax)
8810	2	mov    %dl,(%eax)
8910	2	mov    %edx,(%eax)
8A10	2	mov    (%eax),%dl
8B10	2	mov    (%eax),%edx
8C10	2	mov    %ss,(%eax)
8D10	2	lea    (%eax),%edx
8E10	2	mov    (%eax),%ss
8F10	NONE	(bad)
9010	1	nop
9110	1	xchg   %eax,%ecx
9210	1	xchg   %eax,%edx
9310	1	xchg   %eax,%ebx
9410	1	xchg   %eax,%esp
9510	1	xchg   %eax,%ebp
9610	1	xchg   %eax,%esi
9710	1	xchg   %eax,%edi
9810	1	cwtl
9910	1	cltd
9A10	7	lcall  $0x9090,$0x90909010
9B10	1	fwait
9C10	1	pushf
9D10	1	popf
9E10	1	sahf
9F10	1	lahf
A010	5	mov    0x90909010,%al
A110	5	mov    0x90909010,%eax
A210	5	mov    %al,0x90909010
A310	5	mov    %eax,0x90909010
A410	1	movsb  %ds:(%esi),%es:(%edi)
A510	1	movsl  %ds:(%esi),%es:(%edi)
A610	1	cmpsb  %es:(%edi),%ds:(%esi)
A710	1	cmpsl  %es:(%edi),%ds:(%esi)
A810	2	test   $0x10,%al
A910	5	test   $0x90909010,%eax
AA10	1	stos   %al,%es:(%edi)
AB10	1	stos   %eax,%es:(%edi)
AC10	1	lods   %ds:(%esi),%al
AD10	1	lods   %ds:(%esi),%eax
AE10	1	scas   %es:(%edi),%al
AF10	1	scas   %es:(%edi),%eax
B010	2	mov    $0x10,%al
B110	2	mov    $0x10,%cl
B210	2	mov    $0x10,%dl
B310	2	mov    $0x10,%bl
B410	2	mov    $0x10,%ah
B510	2	mov    $0x10,%ch
B610	2	mov    $0x10,%dh
B710	2	mov    $0x10,%bh
B810	5	mov    $0x90909010,%eax
B910	5	mov    $0x90909010,%ecx
BA10	5	mov    $0x90909010,%edx
BB10	5	mov    $0x90909010,%ebx
BC10	5	mov    $0x90909010,%esp
BD10	5	mov    $0x90909010,%ebp
BE10	5	mov    $0x90909010,%esi
BF10	5	mov    $0x90909010,%edi
C010	3	rclb   $0x90,(%eax)
C110	3	rcll   $0x90,(%eax)
C210	3	ret    $0x9010
C310	1	ret
C410	2	les    (%eax),%edx
C510	2	lds    (%eax),%edx
C610	NONE	(bad)
C710	NONE	(bad)
C810	4	enter  $0x9010,$0x90
C910	1	leave
CA10	3	lret   $0x9010
CB10	1	lret
CC10	1	int3
CD10	2	int    $0x10
CE10	1	into
CF10	1	iret
D010	2	rclb   $1,(%eax)
D110	2	rcll   $1,(%eax)
D210	2	rclb   %cl,(%eax)
D310	2	rcll   %cl,(%eax)
D410	2	aam    $0x10
D510	2	aad    $0x10
D610	NONE	(bad)
D710	1	xlat   %ds:(%ebx)
D810	2	fcoms  (%eax)
D910	2	fsts   (%eax)
DA10	2	ficoml (%eax)
DB10	2	fistl  (%eax)
DC10	2	fcoml  (%eax)
DD10	2	fstl   (%eax)
DE10	2	ficoms (%eax)
DF10	2	fists  (%eax)
E010	2	loopne 0x12
E110	2	loope  0x12
E210	2	loop   0x12
E310	2	jecxz  0x12
E410	2	in     $0x10,%al
E510	2	in     $0x10,%eax
E610	2	out    %al,$0x10
E710	2	out    %eax,$0x10
E810	5	call   0x90909015
E910	5	jmp    0x90909015
EA10	7	ljmp   $0x9090,$0x90909010
EB10	2	jmp    0x12
EC10	1	in     (%dx),%al
ED10	1	in     (%dx),%eax
EE10	1	out    %al,(%dx)
EF10	1	out    %eax,(%dx)
F010	7	lock adc %dl,-0x6f6f6f70(%eax)
F110	1	int1
F210	7	repnz adc %dl,-0x6f6f6f70(%eax)
F310	7	repz adc %dl,-0x6f6f6f70(%eax)
F410	1	hlt
F510	1	cmc
F610	2	notb   (%eax)
F710	2	notl   (%eax)
F810	1	clc
F910	1	stc
FA10	1	cli
FB10	1	sti
FC10	1	cld
FD10	1	std
FE10	NONE	(bad)
FF10	2	call   *(%eax)
0018	2	add    %bl,(%eax)
0118	2	add    %ebx,(%eax)
0218	2	add    (%eax),%bl
0318	2	add    (%eax),%ebx
0418	2	add    $0x18,%al
0518	5	add    $0x90909018,%eax
0618	1	push   %es
0718	1	pop    %es
0818	2	or     %bl,(%eax)
0918	2	or     %ebx,(%eax)
0A18	2	or     (%eax),%bl
0B18	2	or     (%eax),%ebx
0C18	2	or     $0x18,%al
0D18	5	or     $0x90909018,%eax
0E18	1	push   %cs
0F18	7	prefetcht1 -0x6f6f6f70(%eax)
1018	2	adc    %bl,(%eax)
1118	2	adc    %ebx,(%eax)
1218	2	adc    (%eax),%bl
1318	2	adc    (%eax),%ebx
1418	2	adc    $0x18,%al
1518	5	adc    $0x90909018,%eax
1618	1	push   %ss
1718	1	pop    %ss
1818	2	sbb    %bl,(%eax)
1918	2	sbb    %ebx,(%eax)
1A18	2	sbb    (%eax),%bl
1B18	2	sbb    (%eax),%ebx
1C18	2	sbb    $0x18,%al
1D18	5	sbb    $0x90909018,%eax
1E18	1	push   %ds
1F18	1	pop    %ds
2018	2	and    %bl,(%eax)
2118	2	and    %ebx,(%eax)
2218	2	and    (%eax),%bl
2318	2	and    (%eax),%ebx
2418	2	and    $0x18,%al
2518	5	and    $0x90909018,%eax
2618	7	sbb    %dl,%es:-0x6f6f6f70(%eax)
2718	1	daa
2818	2	sub    %bl,(%eax)
2918	2	sub    %ebx,(%eax)
2A18	2	sub    (%eax),%bl
2B18	2	sub    (%eax),%ebx
2C18	2	sub    $0x18,%al
2D18	5	sub    $0x90909018,%eax
2E18	7	sbb    %dl,%cs:-0x6f6f6f70(%eax)
2F18	1	das
3018	2	xor    %bl,(%eax)
3118	2	xor    %ebx,(%eax)
3218	2	xor    (%eax),%bl
3318	2	xor    (%eax),%ebx
3418	2	xor    $0x18,%al
3518	5	xor    $0x90909018,%eax
3618	7	sbb    %dl,%ss:-0x6f6f6f70(%eax)
3718	1	aaa
3818	2	cmp    %bl,(%eax)
3918	2	cmp    %ebx,(%eax)
3A18	2	cmp    (%eax),%bl
3B18	2	cmp    (%eax),%ebx
3C18	2	cmp    $0x18,%al
3D18	5	cmp    $0x90909018,%eax
3E18	7	sbb    %dl,%ds:-0x6f6f6f70(%eax)
3F18	1	aas
4018	1	inc    %eax
4118	1	inc    %ecx
4218	1	inc    %edx
4318	1	inc    %ebx
4418	1	inc    %esp
4518	1	inc    %ebp
4618	1	inc    %esi
4718	1	inc    %edi
4818	1	dec    %eax
4918	1	dec    %ecx
4A18	1	dec    %edx
4B18	1	dec    %ebx
4C18	1	dec    %esp
4D18	1	dec    %ebp
4E18	1	dec    %esi
4F18	1	dec    %edi
5018	1	push   %eax
5118	1	push   %ecx
5218	1	push   %edx
5318	1	push   %ebx
5418	1	push   %esp
5518	1	push   %ebp
5618	1	push   %esi
5718	1	push   %edi
5818	1	pop    %eax
5918	1	pop    %ecx
5A18	1	pop    %edx
5B18	1	pop    %ebx
5C18	1	pop    %esp
5D18	1	pop    %ebp
5E18	1	pop    %esi
5F18	1	pop    %edi
6018	1	pusha
6118	1	popa
6218	2	bound  %ebx,(%eax)
6318	2	arpl   %ebx,(%eax)
6418	7	sbb    %dl,%fs:-0x6f6f6f70(%eax)
6518	7	sbb    %dl,%gs:-0x6f6f6f70(%eax)
6618	7	data16 sbb %dl,-0x6f6f6f70(%eax)
6718	5	sbb    %dl,-0x6f70(%bx,%si)
6818	5	push   $0x90909018
6918	6	imul   $0x90909090,(%eax),%ebx
6A18	2	push   $0x18
6B18	3	imul   $0xffffff90,(%eax),%ebx
6C18	1	insb   (%dx),%es:(%edi)
6D18	1	insl   (%dx),%es:(%edi)
6E18	1	outsb  %ds:(%esi),(%dx)
6F18	1	outsl  %ds:(%esi),(%dx)
7018	2	jo     0x1a
7118	2	jno    0x1a
7218	2	jb     0x1a
7318	2	jae    0x1a
7418	2	je     0x1a
7518	2	jne    0x1a
7618	2	jbe    0x1a
7718	2	ja     0x1a
7818	2	js     0x1a
7918	2	jns    0x1a
7A18	2	jp     0x1a
7B18	2	jnp    0x1a
7C18	2	jl     0x1a
7D18	2	jge    0x1a
7E18	2	jle    0x1a
7F18	2	jg     0x1a
8018	3	sbbb   $0x90,(%eax)
8118	6	sbbl   $0x90909090,(%eax)
8218	3	sbbb   $0x90,(%eax)
8318	3	sbbl   $0xffffff90,(%eax)
8418	2	test   %bl,(%eax)
8518	2	test   %ebx,(%eax)
8618	2	xchg   %bl,(%eax)
8718	2	xchg   %ebx,(%eax)
8818	2	mov    %bl,(%eax)
8918	2	mov    %ebx,(%eax)
8A18	2	mov    (%eax),%bl
8B18	2	mov    (%eax),%ebx
8C18	2	mov    %ds,(%eax)
8D18	2	lea    (%eax),%ebx
8E18	2	mov    (%eax),%ds
8F18	NONE	(bad)
9018	1	nop
9118	1	xchg   %eax,%ecx
9218	1	xchg   %eax,%edx
9318	1	xchg   %eax,%ebx
9418	1	xchg   %eax,%esp
9518	1	xchg   %eax,%ebp
9618	1	xchg   %eax,%esi
9718	1	xchg   %eax,%edi
9818	1	cwtl
9918	1	cltd
9A18	7	lcall  $0x9090,$0x90909018
9B18	1	fwait
9C18	1	pushf
9D18	1	popf
9E18	1	sahf
9F18	1	lahf
A018	5	mov    0x90909018,%al
A118	5	mov    0x90909018,%eax
A218	5	mov    %al,0x90909018
A318	5	mov    %eax,0x90909018
A418	1	movsb  %ds:(%esi),%es:(%edi)
A518	1	movsl  %ds:(%esi),%es:(%edi)
A618	1	cmpsb  %es:(%edi),%ds:(%esi)
A718	1	cmpsl  %es:(%edi),%ds:(%esi)
A818	2	test   $0x18,%al
A918	5	test   $0x90909018,%eax
AA18	1	stos   %al,%es:(%edi)
AB18	1	stos   %eax,%es:(%edi)
AC18	1	lods   %ds:(%esi),%al
AD18	1	lods   %ds:(%esi),%eax
AE18	1	scas   %es:(%edi),%al
AF18	1	scas   %es:(%edi),%eax
B018	2	mov    $0x18,%al
B118	2	mov    $0x18,%cl
B218	2	mov    $0x18,%dl
B318	2	mov    $0x18,%bl
B418	2	mov    $0x18,%ah
B518	2	mov    $0x18,%ch
B618	2	mov    $0x18,%dh
B718	2	mov    $0x18,%bh
B818	5	mov    $0x90909018,%eax
B918	5	mov    $0x90909018,%ecx
BA18	5	mov    $0x90909018,%edx
BB18	5	mov    $0x90909018,%ebx
BC18	5	mov    $0x90909018,%esp
BD18	5	mov    $0x90909018,%ebp
BE18	5	mov    $0x90909018,%esi
BF18	5	mov    $0x90909018,%edi
C018	3	rcrb   $0x90,(%eax)
C118	3	rcrl   $0x90,(%eax)
C218	3	ret    $0x9018
C318	1	ret
C418	2	les    (%eax),%ebx
C518	2	lds    (%eax),%ebx
C618	NONE	(bad)
C718	NONE	(bad)
C818	4	enter  $0x9018,$0x90
C918	1	leave
CA18	3	lret   $0x9018
CB18	1	lret
CC18	1	int3
CD18	2	int    $0x18
CE18	1	into
CF18	1	iret
D018	2	rcrb   $1,(%eax)
D118	2	rcrl   $1,(%eax)
D218	2	rcrb   %cl,(%eax)
D318	2	rcrl   %cl,(%eax)
D418	2	aam    $0x18
D518	2	aad    $0x18
D618	NONE	(bad)
D718	1	xlat   %ds:(%ebx)
D818	2	fcomps (%eax)
D918	2	fstps  (%eax)
DA18	2	ficompl (%eax)
DB18	2	fistpl (%eax)
DC18	2	fcompl (%eax)
DD18	2	fstpl  (%eax)
DE18	2	ficomps (%eax)
DF18	2	fistps (%eax)
E018	2	loopne 0x1a
E118	2	loope  0x1a
E218	2	loop   0x1a
E318	2	jecxz  0x1a
E418	2	in     $0x18,%al
E518	2	in     $0x18,%eax
E618	2	out    %al,$0x18
E718	2	out    %eax,$0x18
E818	5	call   0x9090901d
E918	5	jmp    0x9090901d
EA18	7	ljmp   $0x9090,$0x90909018
EB18	2	jmp    0x1a
EC18	1	in     (%dx),%al
ED18	1	in     (%dx),%eax
EE18	1	out    %al,(%dx)
EF18	1	out    %eax,(%dx)
F018	7	lock sbb %dl,-0x6f6f6f70(%eax)
F118	1	int1
F218	7	repnz sbb %dl,-0x6f6f6f70(%eax)
F318	7	repz sbb %dl,-0x6f6f6f70(%eax)
F418	1	hlt
F518	1	cmc
F618	2	negb   (%eax)
F718	2	negl   (%eax)
F818	1	clc
F918	1	stc
FA18	1	cli
FB18	1	sti
FC18	1	cld
FD18	1	std
FE18	NONE	(bad)
FF18	2	lcall  *(%eax)
0020	2	add    %ah,(%eax)
0120	2	add    %esp,(%eax)
0220	2	add    (%eax),%ah
0320	2	add    (%eax),%esp
0420	2	add    $0x20,%al
0520	5	add    $0x90909020,%eax
0620	1	push   %es
0720	1	pop    %es
0820	2	or     %ah,(%eax)
0920	2	or     %esp,(%eax)
0A20	2	or     (%eax),%ah
0B20	2	or     (%eax),%esp
0C20	2	or     $0x20,%al
0D20	5	or     $0x90909020,%eax
0E20	1	push   %cs
0F20	3	mov    %cr2,%eax
1020	2	adc    %ah,(%eax)
1120	2	adc    %esp,(%eax)
1220	2	adc    (%eax),%ah
1320	2	adc    (%eax),%esp
1420	2	adc    $0x20,%al
1520	5	adc    $0x90909020,%eax
1620	1	push   %ss
1720	1	pop    %ss
1820	2	sbb    %ah,(%eax)
1920	2	sbb    %esp,(%eax)
1A20	2	sbb    (%eax),%ah
1B20	2	sbb    (%eax),%esp
1C20	2	sbb    $0x20,%al
1D20	5	sbb    $0x90909020,%eax
1E20	1	push   %ds
1F20	1	pop    %ds
2020	2	and    %ah,(%eax)
2120	2	and    %esp,(%eax)
2220	2	and    (%eax),%ah
2320	2	and    (%eax),%esp
2420	2	and    $0x20,%al
2520	5	and    $0x90909020,%eax
2620	7	and    %dl,%es:-0x6f6f6f70(%eax)
2720	1	daa
2820	2	sub    %ah,(%eax)
2920	2	sub    %esp,(%eax)
2A20	2	sub    (%eax),%ah
2B20	2	sub    (%eax),%esp
2C20	2	sub    $0x20,%al
2D20	5	sub    $0x90909020,%eax
2E20	7	and    %dl,%cs:-0x6f6f6f70(%eax)
2F20	1	das
3020	2	xor    %ah,(%eax)
3120	2	xor    %esp,(%eax)
3220	2	xor    (%eax),%ah
3320	2	xor    (%eax),%esp
3420	2	xor    $0x20,%al
3520	5	xor    $0x90909020,%eax
3620	7	and    %dl,%ss:-0x6f6f6f70(%eax)
3720	1	aaa
3820	2	cmp    %ah,(%eax)
3920	2	cmp    %esp,(%eax)
3A20	2	cmp    (%eax),%ah
3B20	2	cmp    (%eax),%esp
3C20	2	cmp    $0x20,%al
3D20	5	cmp    $0x90909020,%eax
3E20	7	and    %dl,%ds:-0x6f6f6f70(%eax)
3F20	1	aas
4020	1	inc    %eax
4120	1	inc    %ecx
4220	1	inc    %edx
4320	1	inc    %ebx
4420	1	inc    %esp
4520	1	inc    %ebp
4620	1	inc    %esi
4720	1	inc    %edi
4820	1	dec    %eax
4920	1	dec    %ecx
4A20	1	dec    %edx
4B20	1	dec    %ebx
4C20	1	dec    %esp
4D20	1	dec    %ebp
4E20	1	dec    %esi
4F20	1	dec    %edi
5020	1	push   %eax
5120	1	push   %ecx
5220	1	push   %edx
5320	1	push   %ebx
5420	1	push   %esp
5520	1	push   %ebp
5620	1	push   %esi
5720	1	push   %edi
5820	1	pop    %eax
5920	1	pop    %ecx
5A20	1	pop    %edx
5B20	1	pop    %ebx
5C20	1	pop    %esp
5D20	1	pop    %ebp
5E20	1	pop    %esi
5F20	1	pop    %edi
6020	1	pusha
6120	1	popa
6220	2	bound  %esp,(%eax)
6320	2	arpl   %esp,(%eax)
6420	7	and    %dl,%fs:-0x6f6f6f70(%eax)
6520	7	and    %dl,%gs:-0x6f6f6f70(%eax)
6620	7	data16 and %dl,-0x6f6f6f70(%eax)
6720	5	and    %dl,-0x6f70(%bx,%si)
6820	5	push   $0x90909020
6920	6	imul   $0x90909090,(%eax),%esp
6A20	2	push   $0x20
6B20	3	imul   $0xffffff90,(%eax),%esp
6C20	1	insb   (%dx),%es:(%edi)
6D20	1	insl   (%dx),%es:(%edi)
6E20	1	outsb  %ds:(%esi),(%dx)
6F20	1	outsl  %ds:(%esi),(%dx)
7020	2	jo     0x22
7120	2	jno    0x22
7220	2	jb     0x22
7320	2	jae    0x22
7420	2	je     0x22
7520	2	jne    0x22
7620	2	jbe    0x22
7720	2	ja     0x22
7820	2	js     0x22
7920	2	jns    0x22
7A20	2	jp     0x22
7B20	2	jnp    0x22
7C20	2	jl     0x22
7D20	2	jge    0x22
7E20	2	jle    0x22
7F20	2	jg     0x22
8020	3	andb   $0x90,(%eax)
8120	6	andl   $0x90909090,(%eax)
8220	3	andb   $0x90,(%eax)
8320	3	andl   $0xffffff90,(%eax)
8420	2	test   %ah,(%eax)
8520	2	test   %esp,(%eax)
8620	2	xchg   %ah,(%eax)
8720	2	xchg   %esp,(%eax)
8820	2	mov    %ah,(%eax)
8920	2	mov    %esp,(%eax)
8A20	2	mov    (%eax),%ah
8B20	2	mov    (%eax),%esp
8C20	2	mov    %fs,(%eax)
8D20	2	lea    (%eax),%esp
8E20	2	mov    (%eax),%fs
8F20	NONE	(bad)
9020	1	nop
9120	1	xchg   %eax,%ecx
9220	1	xchg   %eax,%edx
9320	1	xchg   %eax,%ebx
9420	1	xchg   %eax,%esp
9520	1	xchg   %eax,%ebp
9620	1	xchg   %eax,%esi
9720	1	xchg   %eax,%edi
9820	1	cwtl
9920	1	cltd
9A20	7	lcall  $0x9090,$0x90909020
9B20	1	fwait
9C20	1	pushf
9D20	1	popf
9E20	1	sahf
9F20	1	lahf
A020	5	mov    0x90909020,%al
A120	5	mov    0x90909020,%eax
A220	5	mov    %al,0x90909020
A320	5	mov    %eax,0x90909020
A420	1	movsb  %ds:(%esi),%es:(%edi)
A520	1	movsl  %ds:(%esi),%es:(%edi)
A620	1	cmpsb  %es:(%edi),%ds:(%esi)
A720	1	cmpsl  %es:(%edi),%ds:(%esi)
A820	2	test   $0x20,%al
A920	5	test   $0x90909020,%eax
AA20	1	stos   %al,%es:(%edi)
AB20	1	stos   %eax,%es:(%edi)
AC20	1	lods   %ds:(%esi),%al
AD20	1	lods   %ds:(%esi),%eax
AE20	1	scas   %es:(%edi),%al
AF20	1	scas   %es:(%edi),%eax
B020	2	mov    $0x20,%al
B120	2	mov    $0x20,%cl
B220	2	mov    $0x20,%dl
B320	2	mov    $0x20,%bl
B420	2	mov    $0x20,%ah
B520	2	mov    $0x20,%ch
B620	2	mov    $0x20,%dh
B720	2	mov    $0x20,%bh
B820	5	mov    $0x90909020,%eax
B920	5	mov    $0x90909020,%ecx
BA20	5	mov    $0x90909020,%edx
BB20	5	mov    $0x90909020,%ebx
BC20	5	mov    $0x90909020,%esp
BD20	5	mov    $0x90909020,%ebp
BE20	5	mov    $0x90909020,%esi
BF20	5	mov    $0x90909020,%edi
C020	3	shlb   $0x90,(%eax)
C120	3	shll   $0x90,(%eax)
C220	3	ret    $0x9020
C320	1	ret
C420	2	les    (%eax),%esp
C520	2	lds    (%eax),%esp
C620	NONE	(bad)
C720	NONE	(bad)
C820	4	enter  $0x9020,$0x90
C920	1	leave
CA20	3	lret   $0x9020
CB20	1	lret
CC20	1	int3
CD20	2	int    $0x20
CE20	1	into
CF20	1	iret
D020	2	shlb   $1,(%eax)
D120	2	shll   $1,(%eax)
D220	2	shlb   %cl,(%eax)
D320	2	shll   %cl,(%eax)
D420	2	aam    $0x20
D520	2	aad    $0x20
D620	NONE	(bad)
D720	1	xlat   %ds:(%ebx)
D820	2	fsubs  (%eax)
D920	2	fldenv (%eax)
DA20	2	fisubl (%eax)
DB20	NONE	(bad)  (%eax)
DC20	2	fsubl  (%eax)
DD20	2	frstor (%eax)
DE20	2	fisubs (%eax)
DF20	2	fbld   (%eax)
E020	2	loopne 0x22
E120	2	loope  0x22
E220	2	loop   0x22
E320	2	jecxz  0x22
E420	2	in     $0x20,%al
E520	2	in     $0x20,%eax
E620	2	out    %al,$0x20
E720	2	out    %eax,$0x20
E820	5	call   0x90909025
E920	5	jmp    0x90909025
EA20	7	ljmp   $0x9090,$0x90909020
EB20	2	jmp    0x22
EC20	1	in     (%dx),%al
ED20	1	in     (%dx),%eax
EE20	1	out    %al,(%dx)
EF20	1	out    %eax,(%dx)
F020	7	lock and %dl,-0x6f6f6f70(%eax)
F120	1	int1
F220	7	repnz and %dl,-0x6f6f6f70(%eax)
F320	7	repz and %dl,-0x6f6f6f70(%eax)
F420	1	hlt
F520	1	cmc
F620	2	mulb   (%eax)
F720	2	mull   (%eax)
F820	1	clc
F920	1	stc
FA20	1	cli
FB20	1	sti
FC20	1	cld
FD20	1	std
FE20	NONE	(bad)
FF20	2	jmp    *(%eax)
0028	2	add    %ch,(%eax)
0128	2	add    %ebp,(%eax)
0228	2	add    (%eax),%ch
0328	2	add    (%eax),%ebp
0428	2	add    $0x28,%al
0528	5	add    $0x90909028,%eax
0628	1	push   %es
0728	1	pop    %es
0828	2	or     %ch,(%eax)
0928	2	or     %ebp,(%eax)
0A28	2	or     (%eax),%ch
0B28	2	or     (%eax),%ebp
0C28	2	or     $0x28,%al
0D28	5	or     $0x90909028,%eax
0E28	1	push   %cs
0F28	7	movaps -0x6f6f6f70(%eax),%xmm2
1028	2	adc    %ch,(%eax)
1128	2	adc    %ebp,(%eax)
1228	2	adc    (%eax),%ch
1328	2	adc    (%eax),%ebp
1428	2	adc    $0x28,%al
1528	5	adc    $0x90909028,%eax
1628	1	push   %ss
1728	1	pop    %ss
1828	2	sbb    %ch,(%eax)
1928	2	sbb    %ebp,(%eax)
1A28	2	sbb    (%eax),%ch
1B28	2	sbb    (%eax),%ebp
1C28	2	sbb    $0x28,%al
1D28	5	sbb    $0x90909028,%eax
1E28	1	push   %ds
1F28	1	pop    %ds
2028	2	and    %ch,(%eax)
2128	2	and    %ebp,(%eax)
2228	2	and    (%eax),%ch
2328	2	and    (%eax),%ebp
2428	2	and    $0x28,%al
2528	5	and    $0x90909028,%eax
2628	7	sub    %dl,%es:-0x6f6f6f70(%eax)
2728	1	daa
2828	2	sub    %ch,(%eax)
2928	2	sub    %ebp,(%eax)
2A28	2	sub    (%eax),%ch
2B28	2	sub    (%eax),%ebp
2C28	2	sub    $0x28,%al
2D28	5	sub    $0x90909028,%eax
2E28	7	sub    %dl,%cs:-0x6f6f6f70(%eax)
2F28	1	das
3028	2	xor    %ch,(%eax)
3128	2	xor    %ebp,(%eax)
3228	2	xor    (%eax),%ch
3328	2	xor    (%eax),%ebp
3428	2	xor    $0x28,%al
3528	5	xor    $0x90909028,%eax
3628	7	sub    %dl,%ss:-0x6f6f6f70(%eax)
3728	1	aaa
3828	2	cmp    %ch,(%eax)
3928	2	cmp    %ebp,(%eax)
3A28	2	cmp    (%eax),%ch
3B28	2	cmp    (%eax),%ebp
3C28	2	cmp    $0x28,%al
3D28	5	cmp    $0x90909028,%eax
3E28	7	sub    %dl,%ds:-0x6f6f6f70(%eax)
3F28	1	aas
4028	1	inc    %eax
4128	1	inc    %ecx
4228	1	inc    %edx
4328	1	inc    %ebx
4428	1	inc    %esp
4528	1	inc    %ebp
4628	1	inc    %esi
4728	1	inc    %edi
4828	1	dec    %eax
4928	1	dec    %ecx
4A28	1	dec    %edx
4B28	1	dec    %ebx
4C28	1	dec    %esp
4D28	1	dec    %ebp
4E28	1	dec    %esi
4F28	1	dec    %edi
5028	1	push   %eax
5128	1	push   %ecx
5228	1	push   %edx
5328	1	push   %ebx
5428	1	push   %esp
5528	1	push   %ebp
5628	1	push   %esi
5728	1	push   %edi
5828	1	pop    %eax
5928	1	pop    %ecx
5A28	1	pop    %edx
5B28	1	pop    %ebx
5C28	1	pop    %esp
5D28	1	pop    %ebp
5E28	1	pop    %esi
5F28	1	pop    %edi
6028	1	pusha
6128	1	popa
6228	2	bound  %ebp,(%eax)
6328	2	arpl   %ebp,(%eax)
6428	7	sub    %dl,%fs:-0x6f6f6f70(%eax)
6528	7	sub    %dl,%gs:-0x6f6f6f70(%eax)
6628	7	data16 sub %dl,-0x6f6f6f70(%eax)
6728	5	sub    %dl,-0x6f70(%bx,%si)
6828	5	push   $0x90909028
6928	6	imul   $0x90909090,(%eax),%ebp
6A28	2	push   $0x28
6B28	3	imul   $0xffffff90,(%eax),%ebp
6C28	1	insb   (%dx),%es:(%edi)
6D28	1	insl   (%dx),%es:(%edi)
6E28	1	outsb  %ds:(%esi),(%dx)
6F28	1	outsl  %ds:(%esi),(%dx)
7028	2	jo     0x2a
7128	2	jno    0x2a
7228	2	jb     0x2a
7328	2	jae    0x2a
7428	2	je     0x2a
7528	2	jne    0x2a
7628	2	jbe    0x2a
7728	2	ja     0x2a
7828	2	js     0x2a
7928	2	jns    0x2a
7A28	2	jp     0x2a
7B28	2	jnp    0x2a
7C28	2	jl     0x2a
7D28	2	jge    0x2a
7E28	2	jle    0x2a
7F28	2	jg     0x2a
8028	3	subb   $0x90,(%eax)
8128	6	subl   $0x90909090,(%eax)
8228	3	subb   $0x90,(%eax)
8328	3	subl   $0xffffff90,(%eax)
8428	2	test   %ch,(%eax)
8528	2	test   %ebp,(%eax)
8628	2	xchg   %ch,(%eax)
8728	2	xchg   %ebp,(%eax)
8828	2	mov    %ch,(%eax)
8928	2	mov    %ebp,(%eax)
8A28	2	mov    (%eax),%ch
8B28	2	mov    (%eax),%ebp
8C28	2	mov    %gs,(%eax)
8D28	2	lea    (%eax),%ebp
8E28	2	mov    (%eax),%gs
8F28	NONE	(bad)
9028	1	nop
9128	1	xchg   %eax,%ecx
9228	1	xchg   %eax,%edx
9328	1	xchg   %eax,%ebx
9428	1	xchg   %eax,%esp
9528	1	xchg   %eax,%ebp
9628	1	xchg   %eax,%esi
9728	1	xchg   %eax,%edi
9828	1	cwtl
9928	1	cltd
9A28	7	lcall  $0x9090,$0x90909028
9B28	1	fwait
9C28	1	pushf
9D28	1	popf
9E28	1	sahf
9F28	1	lahf
A028	5	mov    0x90909028,%al
A128	5	mov    0x90909028,%eax
A228	5	mov    %al,0x90909028
A328	5	mov    %eax,0x90909028
A428	1	movsb  %ds:(%esi),%es:(%edi)
A528	1	movsl  %ds:(%esi),%es:(%edi)
A628	1	cmpsb  %es:(%edi),%ds:(%esi)
A728	1	cmpsl  %es:(%edi),%ds:(%esi)
A828	2	test   $0x28,%al
A928	5	test   $0x90909028,%eax
AA28	1	stos   %al,%es:(%edi)
AB28	1	stos   %eax,%es:(%edi)
AC28	1	lods   %ds:(%esi),%al
AD28	1	lods   %ds:(%esi),%eax
AE28	1	scas   %es:(%edi),%al
AF28	1	scas   %es:(%edi),%eax
B028	2	mov    $0x28,%al
B128	2	mov    $0x28,%cl
B228	2	mov    $0x28,%dl
B328	2	mov    $0x28,%bl
B428	2	mov    $0x28,%ah
B528	2	mov    $0x28,%ch
B628	2	mov    $0x28,%dh
B728	2	mov    $0x28,%bh
B828	5	mov    $0x90909028,%eax
B928	5	mov    $0x90909028,%ecx
BA28	5	mov    $0x90909028,%edx
BB28	5	mov    $0x90909028,%ebx
BC28	5	mov    $0x90909028,%esp
BD28	5	mov    $0x90909028,%ebp
BE28	5	mov    $0x90909028,%esi
BF28	5	mov    $0x90909028,%edi
C028	3	shrb   $0x90,(%eax)
C128	3	shrl   $0x90,(%eax)
C228	3	ret    $0x9028
C328	1	ret
C428	2	les    (%eax),%ebp
C528	2	lds    (%eax),%ebp
C628	NONE	(bad)
C728	NONE	(bad)
C828	4	enter  $0x9028,$0x90
C928	1	leave
CA28	3	lret   $0x9028
CB28	1	lret
CC28	1	int3
CD28	2	int    $0x28
CE28	1	into
CF28	1	iret
D028	2	shrb   $1,(%eax)
D128	2	shrl   $1,(%eax)
D228	2	shrb   %cl,(%eax)
D328	2	shrl   %cl,(%eax)
D428	2	aam    $0x28
D528	2	aad    $0x28
D628	NONE	(bad)
D728	1	xlat   %ds:(%ebx)
D828	2	fsubrs (%eax)
D928	2	fldcw  (%eax)
DA28	2	fisubrl (%eax)
DB28	2	fldt   (%eax)
DC28	2	fsubrl (%eax)
DD28	NONE	(bad)  (%eax)
DE28	2	fisubrs (%eax)
DF28	2	fildll (%eax)
E028	2	loopne 0x2a
E128	2	loope  0x2a
E228	2	loop   0x2a
E328	2	jecxz  0x2a
E428	2	in     $0x28,%al
E528	2	in     $0x28,%eax
E628	2	out    %al,$0x28
E728	2	out    %eax,$0x28
E828	5	call   0x9090902d
E928	5	jmp    0x9090902d
EA28	7	ljmp   $0x9090,$0x90909028
EB28	2	jmp    0x2a
EC28	1	in     (%dx),%al
ED28	1	in     (%dx),%eax
EE28	1	out    %al,(%dx)
EF28	1	out    %eax,(%dx)
F028	7	lock sub %dl,-0x6f6f6f70(%eax)
F128	1	int1
F228	7	repnz sub %dl,-0x6f6f6f70(%eax)
F328	7	repz sub %dl,-0x6f6f6f70(%eax)
F428	1	hlt
F528	1	cmc
F628	2	imulb  (%eax)
F728	2	imull  (%eax)
F828	1	clc
F928	1	stc
FA28	1	cli
FB28	1	sti
FC28	1	cld
FD28	1	std
FE28	NONE	(bad)
FF28	2	ljmp   *(%eax)
0030	2	add    %dh,(%eax)
0130	2	add    %esi,(%eax)
0230	2	add    (%eax),%dh
0330	2	add    (%eax),%esi
0430	2	add    $0x30,%al
0530	5	add    $0x90909030,%eax
0630	1	push   %es
0730	1	pop    %es
0830	2	or     %dh,(%eax)
0930	2	or     %esi,(%eax)
0A30	2	or     (%eax),%dh
0B30	2	or     (%eax),%esi
0C30	2	or     $0x30,%al
0D30	5	or     $0x90909030,%eax
0E30	1	push   %cs
0F30	2	wrmsr
1030	2	adc    %dh,(%eax)
1130	2	adc    %esi,(%eax)
1230	2	adc    (%eax),%dh
1330	2	adc    (%eax),%esi
1430	2	adc    $0x30,%al
1530	5	adc    $0x90909030,%eax
1630	1	push   %ss
1730	1	pop    %ss
1830	2	sbb    %dh,(%eax)
1930	2	sbb    %esi,(%eax)
1A30	2	sbb    (%eax),%dh
1B30	2	sbb    (%eax),%esi
1C30	2	sbb    $0x30,%al
1D30	5	sbb    $0x90909030,%eax
1E30	1	push   %ds
1F30	1	pop    %ds
2030	2	and    %dh,(%eax)
2130	2	and    %esi,(%eax)
2230	2	and    (%eax),%dh
2330	2	and    (%eax),%esi
2430	2	and    $0x30,%al
2530	5	and    $0x90909030,%eax
2630	7	xor    %dl,%es:-0x6f6f6f70(%eax)
2730	1	daa
2830	2	sub    %dh,(%eax)
2930	2	sub    %esi,(%eax)
2A30	2	sub    (%eax),%dh
2B30	2	sub    (%eax),%esi
2C30	2	sub    $0x30,%al
2D30	5	sub    $0x90909030,%eax
2E30	7	xor    %dl,%cs:-0x6f6f6f70(%eax)
2F30	1	das
3030	2	xor    %dh,(%eax)
3130	2	xor    %esi,(%eax)
3230	2	xor    (%eax),%dh
3330	2	xor    (%eax),%esi
3430	2	xor    $0x30,%al
3530	5	xor    $0x90909030,%eax
3630	7	xor    %dl,%ss:-0x6f6f6f70(%eax)
3730	1	aaa
3830	2	cmp    %dh,(%eax)
3930	2	cmp    %esi,(%eax)
3A30	2	cmp    (%eax),%dh
3B30	2	cmp    (%eax),%esi
3C30	2	cmp    $0x30,%al
3D30	5	cmp    $0x90909030,%eax
3E30	7	xor    %dl,%ds:-0x6f6f6f70(%eax)
3F30	1	aas
4030	1	inc    %eax
4130	1	inc    %ecx
4230	1	inc    %edx
4330	1	inc    %ebx
4430	1	inc    %esp
4530	1	inc    %ebp
4630	1	inc    %esi
4730	1	inc    %edi
4830	1	dec    %eax
4930	1	dec    %ecx
4A30	1	dec    %edx
4B30	1	dec    %ebx
4C30	1	dec    %esp
4D30	1	dec    %ebp
4E30	1	dec    %esi
4F30	1	dec    %edi
5030	1	push   %eax
5130	1	push   %ecx
5230	1	push   %edx
5330	1	push   %ebx
5430	1	push   %esp
5530	1	push   %ebp
5630	1	push   %esi
5730	1	push   %edi
5830	1	pop    %eax
5930	1	pop    %ecx
5A30	1	pop    %edx
5B30	1	pop    %ebx
5C30	1	pop    %esp
5D30	1	pop    %ebp
5E30	1	pop    %esi
5F30	1	pop    %edi
6030	1	pusha
6130	1	popa
6230	2	bound  %esi,(%eax)
6330	2	arpl   %esi,(%eax)
6430	7	xor    %dl,%fs:-0x6f6f6f70(%eax)
6530	7	xor    %dl,%gs:-0x6f6f6f70(%eax)
6630	7	data16 xor %dl,-0x6f6f6f70(%eax)
6730	5	xor    %dl,-0x6f70(%bx,%si)
6830	5	push   $0x90909030
6930	6	imul   $0x90909090,(%eax),%esi
6A30	2	push   $0x30
6B30	3	imul   $0xffffff90,(%eax),%esi
6C30	1	insb   (%dx),%es:(%edi)
6D30	1	insl   (%dx),%es:(%edi)
6E30	1	outsb  %ds:(%esi),(%dx)
6F30	1	outsl  %ds:(%esi),(%dx)
7030	2	jo     0x32
7130	2	jno    0x32
7230	2	jb     0x32
7330	2	jae    0x32
7430	2	je     0x32
7530	2	jne    0x32
7630	2	jbe    0x32
7730	2	ja     0x32
7830	2	js     0x32
7930	2	jns    0x32
7A30	2	jp     0x32
7B30	2	jnp    0x32
7C30	2	jl     0x32
7D30	2	jge    0x32
7E30	2	jle    0x32
7F30	2	jg     0x32
8030	3	xorb   $0x90,(%eax)
8130	6	xorl   $0x90909090,(%eax)
8230	3	xorb   $0x90,(%eax)
8330	3	xorl   $0xffffff90,(%eax)
8430	2	test   %dh,(%eax)
8530	2	test   %esi,(%eax)
8630	2	xchg   %dh,(%eax)
8730	2	xchg   %esi,(%eax)
8830	2	mov    %dh,(%eax)
8930	2	mov    %esi,(%eax)
8A30	2	mov    (%eax),%dh
8B30	2	mov    (%eax),%esi
8C30	2	mov    %?,(%eax)
8D30	2	lea    (%eax),%esi
8E30	2	mov    (%eax),%?
8F30	NONE	(bad)
9030	1	nop
9130	1	xchg   %eax,%ecx
9230	1	xchg   %eax,%edx
9330	1	xchg   %eax,%ebx
9430	1	xchg   %eax,%esp
9530	1	xchg   %eax,%ebp
9630	1	xchg   %eax,%esi
9730	1	xchg   %eax,%edi
9830	1	cwtl
9930	1	cltd
9A30	7	lcall  $0x9090,$0x90909030
9B30	1	fwait
9C30	1	pushf
9D30	1	popf
9E30	1	sahf
9F30	1	lahf
A030	5	mov    0x90909030,%al
A130	5	mov    0x90909030,%eax
A230	5	mov    %al,0x90909030
A330	5	mov    %eax,0x90909030
A430	1	movsb  %ds:(%esi),%es:(%edi)
A530	1	movsl  %ds:(%esi),%es:(%edi)
A630	1	cmpsb  %es:(%edi),%ds:(%esi)
A730	1	cmpsl  %es:(%edi),%ds:(%esi)
A830	2	test   $0x30,%al
A930	5	test   $0x90909030,%eax
AA30	1	stos   %al,%es:(%edi)
AB30	1	stos   %eax,%es:(%edi)
AC30	1	lods   %ds:(%esi),%al
AD30	1	lods   %ds:(%esi),%eax
AE30	1	scas   %es:(%edi),%al
AF30	1	scas   %es:(%edi),%eax
B030	2	mov    $0x30,%al
B130	2	mov    $0x30,%cl
B230	2	mov    $0x30,%dl
B330	2	mov    $0x30,%bl
B430	2	mov    $0x30,%ah
B530	2	mov    $0x30,%ch
B630	2	mov    $0x30,%dh
B730	2	mov    $0x30,%bh
B830	5	mov    $0x90909030,%eax
B930	5	mov    $0x90909030,%ecx
BA30	5	mov    $0x90909030,%edx
BB30	5	mov    $0x90909030,%ebx
BC30	5	mov    $0x90909030,%esp
BD30	5	mov    $0x90909030,%ebp
BE30	5	mov    $0x90909030,%esi
BF30	5	mov    $0x90909030,%edi
C030	3	shlb   $0x90,(%eax)
C130	3	shll   $0x90,(%eax)
C230	3	ret    $0x9030
C330	1	ret
C430	2	les    (%eax),%esi
C530	2	lds    (%eax),%esi
C630	NONE	(bad)
C730	NONE	(bad)
C830	4	enter  $0x9030,$0x90
C930	1	leave
CA30	3	lret   $0x9030
CB30	1	lret
CC30	1	int3
CD30	2	int    $0x30
CE30	1	into
CF30	1	iret
D030	2	shlb   $1,(%eax)
D130	2	shll   $1,(%eax)
D230	2	shlb   %cl,(%eax)
D330	2	shll   %cl,(%eax)
D430	2	aam    $0x30
D530	2	aad    $0x30
D630	NONE	(bad)
D730	1	xlat   %ds:(%ebx)
D830	2	fdivs  (%eax)
D930	2	fnstenv (%eax)
DA30	2	fidivl (%eax)
DB30	NONE	(bad)  (%eax)
DC30	2	fdivl  (%eax)
DD30	2	fnsave (%eax)
DE30	2	fidivs (%eax)
DF30	2	fbstp  (%eax)
E030	2	loopne 0x32
E130	2	loope  0x32
E230	2	loop   0x32
E330	2	jecxz  0x32
E430	2	in     $0x30,%al
E530	2	in     $0x30,%eax
E630	2	out    %al,$0x30
E730	2	out    %eax,$0x30
E830	5	call   0x90909035
E930	5	jmp    0x90909035
EA30	7	ljmp   $0x9090,$0x90909030
EB30	2	jmp    0x32
EC30	1	in     (%dx),%al
ED30	1	in     (%dx),%eax
EE30	1	out    %al,(%dx)
EF30	1	out    %eax,(%dx)
F030	7	lock xor %dl,-0x6f6f6f70(%eax)
F130	1	int1
F230	7	repnz xor %dl,-0x6f6f6f70(%eax)
F330	7	repz xor %dl,-0x6f6f6f70(%eax)
F430	1	hlt
F530	1	cmc
F630	2	divb   (%eax)
F730	2	divl   (%eax)
F830	1	clc
F930	1	stc
FA30	1	cli
FB30	1	sti
FC30	1	cld
FD30	1	std
FE30	NONE	(bad)
FF30	2	push   (%eax)
0038	2	add    %bh,(%eax)
0138	2	add    %edi,(%eax)
0238	2	add    (%eax),%bh
0338	2	add    (%eax),%edi
0438	2	add    $0x38,%al
0538	5	add    $0x90909038,%eax
0638	1	push   %es
0738	1	pop    %es
0838	2	or     %bh,(%eax)
0938	2	or     %edi,(%eax)
0A38	2	or     (%eax),%bh
0B38	2	or     (%eax),%edi
0C38	2	or     $0x38,%al
0D38	5	or     $0x90909038,%eax
0E38	1	push   %cs
0F38	NONE	(bad)
1038	2	adc    %bh,(%eax)
1138	2	adc    %edi,(%eax)
1238	2	adc    (%eax),%bh
1338	2	adc    (%eax),%edi
1438	2	adc    $0x38,%al
1538	5	adc    $0x90909038,%eax
1638	1	push   %ss
1738	1	pop    %ss
1838	2	sbb    %bh,(%eax)
1938	2	sbb    %edi,(%eax)
1A38	2	sbb    (%eax),%bh
1B38	2	sbb    (%eax),%edi
1C38	2	sbb    $0x38,%al
1D38	5	sbb    $0x90909038,%eax
1E38	1	push   %ds
1F38	1	pop    %ds
2038	2	and    %bh,(%eax)
2138	2	and    %edi,(%eax)
2238	2	and    (%eax),%bh
2338	2	and    (%eax),%edi
2438	2	and    $0x38,%al
2538	5	and    $0x90909038,%eax
2638	7	cmp    %dl,%es:-0x6f6f6f70(%eax)
2738	1	daa
2838	2	sub    %bh,(%eax)
2938	2	sub    %edi,(%eax)
2A38	2	sub    (%eax),%bh
2B38	2	sub    (%eax),%edi
2C38	2	sub    $0x38,%al
2D38	5	sub    $0x90909038,%eax
2E38	7	cmp    %dl,%cs:-0x6f6f6f70(%eax)
2F38	1	das
3038	2	xor    %bh,(%eax)
3138	2	xor    %edi,(%eax)
3238	2	xor    (%eax),%bh
3338	2	xor    (%eax),%edi
3438	2	xor    $0x38,%al
3538	5	xor    $0x90909038,%eax
3638	7	cmp    %dl,%ss:-0x6f6f6f70(%eax)
3738	1	aaa
3838	2	cmp    %bh,(%eax)
3938	2	cmp    %edi,(%eax)
3A38	2	cmp    (%eax),%bh
3B38	2	cmp    (%eax),%edi
3C38	2	cmp    $0x38,%al
3D38	5	cmp    $0x90909038,%eax
3E38	7	cmp    %dl,%ds:-0x6f6f6f70(%eax)
3F38	1	aas
4038	1	inc    %eax
4138	1	inc    %ecx
4238	1	inc    %edx
4338	1	inc    %ebx
4438	1	inc    %esp
4538	1	inc    %ebp
4638	1	inc    %esi
4738	1	inc    %edi
4838	1	dec    %eax
4938	1	dec    %ecx
4A38	1	dec    %edx
4B38	1	dec    %ebx
4C38	1	dec    %esp
4D38	1	dec    %ebp
4E38	1	dec    %esi
4F38	1	dec    %edi
5038	1	push   %eax
5138	1	push   %ecx
5238	1	push   %edx
5338	1	push   %ebx
5438	1	push   %esp
5538	1	push   %ebp
5638	1	push   %esi
5738	1	push   %edi
5838	1	pop    %eax
5938	1	pop    %ecx
5A38	1	pop    %edx
5B38	1	pop    %ebx
5C38	1	pop    %esp
5D38	1	pop    %ebp
5E38	1	pop    %esi
5F38	1	pop    %edi
6038	1	pusha
6138	1	popa
6238	2	bound  %edi,(%eax)
6338	2	arpl   %edi,(%eax)
6438	7	cmp    %dl,%fs:-0x6f6f6f70(%eax)
6538	7	cmp    %dl,%gs:-0x6f6f6f70(%eax)
6638	7	data16 cmp %dl,-0x6f6f6f70(%eax)
6738	5	cmp    %dl,-0x6f70(%bx,%si)
6838	5	push   $0x90909038
6938	6	imul   $0x90909090,(%eax),%edi
6A38	2	push   $0x38
6B38	3	imul   $0xffffff90,(%eax),%edi
6C38	1	insb   (%dx),%es:(%edi)
6D38	1	insl   (%dx),%es:(%edi)
6E38	1	outsb  %ds:(%esi),(%dx)
6F38	1	outsl  %ds:(%esi),(%dx)
7038	2	jo     0x3a
7138	2	jno    0x3a
7238	2	jb     0x3a
7338	2	jae    0x3a
7438	2	je     0x3a
7538	2	jne    0x3a
7638	2	jbe    0x3a
7738	2	ja     0x3a
7838	2	js     0x3a
7938	2	jns    0x3a
7A38	2	jp     0x3a
7B38	2	jnp    0x3a
7C38	2	jl     0x3a
7D38	2	jge    0x3a
7E38	2	jle    0x3a
7F38	2	jg     0x3a
8038	3	cmpb   $0x90,(%eax)
8138	6	cmpl   $0x90909090,(%eax)
8238	3	cmpb   $0x90,(%eax)
8338	3	cmpl   $0xffffff90,(%eax)
8438	2	test   %bh,(%eax)
8538	2	test   %edi,(%eax)
8638	2	xchg   %bh,(%eax)
8738	2	xchg   %edi,(%eax)
8838	2	mov    %bh,(%eax)
8938	2	mov    %edi,(%eax)
8A38	2	mov    (%eax),%bh
8B38	2	mov    (%eax),%edi
8C38	2	mov    %?,(%eax)
8D38	2	lea    (%eax),%edi
8E38	2	mov    (%eax),%?
8F38	NONE	(bad)
9038	1	nop
9138	1	xchg   %eax,%ecx
9238	1	xchg   %eax,%edx
9338	1	xchg   %eax,%ebx
9438	1	xchg   %eax,%esp
9538	1	xchg   %eax,%ebp
9638	1	xchg   %eax,%esi
9738	1	xchg   %eax,%edi
9838	1	cwtl
9938	1	cltd
9A38	7	lcall  $0x9090,$0x90909038
9B38	1	fwait
9C38	1	pushf
9D38	1	popf
9E38	1	sahf
9F38	1	lahf
A038	5	mov    0x90909038,%al
A138	5	mov    0x90909038,%eax
A238	5	mov    %al,0x90909038
A338	5	mov    %eax,0x90909038
A438	1	movsb  %ds:(%esi),%es:(%edi)
A538	1	movsl  %ds:(%esi),%es:(%edi)
A638	1	cmpsb  %es:(%edi),%ds:(%esi)
A738	1	cmpsl  %es:(%edi),%ds:(%esi)
A838	2	test   $0x38,%al
A938	5	test   $0x90909038,%eax
AA38	1	stos   %al,%es:(%edi)
AB38	1	stos   %eax,%es:(%edi)
AC38	1	lods   %ds:(%esi),%al
AD38	1	lods   %ds:(%esi),%eax
AE38	1	scas   %es:(%edi),%al
AF38	1	scas   %es:(%edi),%eax
B038	2	mov    $0x38,%al
B138	2	mov    $0x38,%cl
B238	2	mov    $0x38,%dl
B338	2	mov    $0x38,%bl
B438	2	mov    $0x38,%ah
B538	2	mov    $0x38,%ch
B638	2	mov    $0x38,%dh
B738	2	mov    $0x38,%bh
B838	5	mov    $0x90909038,%eax
B938	5	mov    $0x90909038,%ecx
BA38	5	mov    $0x90909038,%edx
BB38	5	mov    $0x90909038,%ebx
BC38	5	mov    $0x90909038,%esp
BD38	5	mov    $0x90909038,%ebp
BE38	5	mov    $0x90909038,%esi
BF38	5	mov    $0x90909038,%edi
C038	3	sarb   $0x90,(%eax)
C138	3	sarl   $0x90,(%eax)
C238	3	ret    $0x9038
C338	1	ret
C438	2	les    (%eax),%edi
C538	2	lds    (%eax),%edi
C638	NONE	xabort $0x38,(bad)
C738	NONE	xbegin 0x9090903d,(bad)
C838	4	enter  $0x9038,$0x90
C938	1	leave
CA38	3	lret   $0x9038
CB38	1	lret
CC38	1	int3
CD38	2	int    $0x38
CE38	1	into
CF38	1	iret
D038	2	sarb   $1,(%eax)
D138	2	sarl   $1,(%eax)
D238	2	sarb   %cl,(%eax)
D338	2	sarl   %cl,(%eax)
D438	2	aam    $0x38
D538	2	aad    $0x38
D638	NONE	(bad)
D738	1	xlat   %ds:(%ebx)
D838	2	fdivrs (%eax)
D938	2	fnstcw (%eax)
DA38	2	fidivrl (%eax)
DB38	2	fstpt  (%eax)
DC38	2	fdivrl (%eax)
DD38	2	fnstsw (%eax)
DE38	2	fidivrs (%eax)
DF38	2	fistpll (%eax)
E038	2	loopne 0x3a
E138	2	loope  0x3a
E238	2	loop   0x3a
E338	2	jecxz  0x3a
E438	2	in     $0x38,%al
E538	2	in     $0x38,%eax
E638	2	out    %al,$0x38
E738	2	out    %eax,$0x38
E838	5	call   0x9090903d
E938	5	jmp    0x9090903d
EA38	7	ljmp   $0x9090,$0x90909038
EB38	2	jmp    0x3a
EC38	1	in     (%dx),%al
ED38	1	in     (%dx),%eax
EE38	1	out    %al,(%dx)
EF38	1	out    %eax,(%dx)
F038	7	lock cmp %dl,-0x6f6f6f70(%eax)
F138	1	int1
F238	7	repnz cmp %dl,-0x6f6f6f70(%eax)
F338	7	repz cmp %dl,-0x6f6f6f70(%eax)
F438	1	hlt
F538	1	cmc
F638	2	idivb  (%eax)
F738	2	idivl  (%eax)
F838	1	clc
F938	1	stc
FA38	1	cli
FB38	1	sti
FC38	1	cld
FD38	1	std
FE38	NONE	(bad)
FF38	NONE	(bad)
00C0	2	add    %al,%al
01C0	2	add    %eax,%eax
02C0	2	add    %al,%al
03C0	2	add    %eax,%eax
04C0	2	add    $0xc0,%al
05C0	5	add    $0x909090c0,%eax
06C0	1	push   %es
07C0	1	pop    %es
08C0	2	or     %al,%al
09C0	2	or     %eax,%eax
0AC0	2	or     %al,%al
0BC0	2	or     %eax,%eax
0CC0	2	or     $0xc0,%al
0DC0	5	or     $0x909090c0,%eax
0EC0	1	push   %cs
0FC0	7	xadd   %dl,-0x6f6f6f70(%eax)
10C0	2	adc    %al,%al
11C0	2	adc    %eax,%eax
12C0	2	adc    %al,%al
13C0	2	adc    %eax,%eax
14C0	2	adc    $0xc0,%al
15C0	5	adc    $0x909090c0,%eax
16C0	1	push   %ss
17C0	1	pop    %ss
18C0	2	sbb    %al,%al
19C0	2	sbb    %eax,%eax
1AC0	2	sbb    %al,%al
1BC0	2	sbb    %eax,%eax
1CC0	2	sbb    $0xc0,%al
1DC0	5	sbb    $0x909090c0,%eax
1EC0	1	push   %ds
1FC0	1	pop    %ds
20C0	2	and    %al,%al
21C0	2	and    %eax,%eax
22C0	2	and    %al,%al
23C0	2	and    %eax,%eax
24C0	2	and    $0xc0,%al
25C0	5	and    $0x909090c0,%eax
26C0	8	rclb   $0x90,%es:-0x6f6f6f70(%eax)
27C0	1	daa
28C0	2	sub    %al,%al
29C0	2	sub    %eax,%eax
2AC0	2	sub    %al,%al
2BC0	2	sub    %eax,%eax
2CC0	2	sub    $0xc0,%al
2DC0	5	sub    $0x909090c0,%eax
2EC0	8	rclb   $0x90,%cs:-0x6f6f6f70(%eax)
2FC0	1	das
30C0	2	xor    %al,%al
31C0	2	xor    %eax,%eax
32C0	2	xor    %al,%al
33C0	2	xor    %eax,%eax
34C0	2	xor    $0xc0,%al
35C0	5	xor    $0x909090c0,%eax
36C0	8	rclb   $0x90,%ss:-0x6f6f6f70(%eax)
37C0	1	aaa
38C0	2	cmp    %al,%al
39C0	2	cmp    %eax,%eax
3AC0	2	cmp    %al,%al
3BC0	2	cmp    %eax,%eax
3CC0	2	cmp    $0xc0,%al
3DC0	5	cmp    $0x909090c0,%eax
3EC0	8	rclb   $0x90,%ds:-0x6f6f6f70(%eax)
3FC0	1	aas
40C0	1	inc    %eax
41C0	1	inc    %ecx
42C0	1	inc    %edx
43C0	1	inc    %ebx
44C0	1	inc    %esp
45C0	1	inc    %ebp
46C0	1	inc    %esi
47C0	1	inc    %edi
48C0	1	dec    %eax
49C0	1	dec    %ecx
4AC0	1	dec    %edx
4BC0	1	dec    %ebx
4CC0	1	dec    %esp
4DC0	1	dec    %ebp
4EC0	1	dec    %esi
4FC0	1	dec    %edi
50C0	1	push   %eax
51C0	1	push   %ecx
52C0	1	push   %edx
53C0	1	push   %ebx
54C0	1	push   %esp
55C0	1	push   %ebp
56C0	1	push   %esi
57C0	1	push   %edi
58C0	1	pop    %eax
59C0	1	pop    %ecx
5AC0	1	pop    %edx
5BC0	1	pop    %ebx
5CC0	1	pop    %esp
5DC0	1	pop    %ebp
5EC0	1	pop    %esi
5FC0	1	pop    %edi
60C0	1	pusha
61C0	1	popa
62C0	NONE	(bad)
63C0	2	arpl   %eax,%eax
64C0	8	rclb   $0x90,%fs:-0x6f6f6f70(%eax)
65C0	8	rclb   $0x90,%gs:-0x6f6f6f70(%eax)
66C0	8	data16 rclb $0x90,-0x6f6f6f70(%eax)
67C0	6	rclb   $0x90,-0x6f70(%bx,%si)
68C0	5	push   $0x909090c0
69C0	6	imul   $0x90909090,%eax,%eax
6AC0	2	push   $0xffffffc0
6BC0	3	imul   $0xffffff90,%eax,%eax
6CC0	1	insb   (%dx),%es:(%edi)
6DC0	1	insl   (%dx),%es:(%edi)
6EC0	1	outsb  %ds:(%esi),(%dx)
6FC0	1	outsl  %ds:(%esi),(%dx)
70C0	2	jo     0xffffffc2
71C0	2	jno    0xffffffc2
72C0	2	jb     0xffffffc2
73C0	2	jae    0xffffffc2
74C0	2	je     0xffffffc2
75C0	2	jne    0xffffffc2
76C0	2	jbe    0xffffffc2
77C0	2	ja     0xffffffc2
78C0	2	js     0xffffffc2
79C0	2	jns    0xffffffc2
7AC0	2	jp     0xffffffc2
7BC0	2	jnp    0xffffffc2
7CC0	2	jl     0xffffffc2
7DC0	2	jge    0xffffffc2
7EC0	2	jle    0xffffffc2
7FC0	2	jg     0xffffffc2
80C0	3	add    $0x90,%al
81C0	6	add    $0x90909090,%eax
82C0	3	add    $0x90,%al
83C0	3	add    $0xffffff90,%eax
84C0	2	test   %al,%al
85C0	2	test   %eax,%eax
86C0	2	xchg   %al,%al
87C0	2	xchg   %eax,%eax
88C0	2	mov    %al,%al
89C0	2	mov    %eax,%eax
8AC0	2	mov    %al,%al
8BC0	2	mov    %eax,%eax
8CC0	2	mov    %es,%eax
8DC0	NONE	lea    (bad),%eax
8EC0	2	mov    %eax,%es
8FC0	2	pop    %eax
90C0	1	nop
91C0	1	xchg   %eax,%ecx
92C0	1	xchg   %eax,%edx
93C0	1	xchg   %eax,%ebx
94C0	1	xchg   %eax,%esp
95C0	1	xchg   %eax,%ebp
96C0	1	xchg   %eax,%esi
97C0	1	xchg   %eax,%edi
98C0	1	cwtl
99C0	1	cltd
9AC0	7	lcall  $0x9090,$0x909090c0
9BC0	1	fwait
9CC0	1	pushf
9DC0	1	popf
9EC0	1	sahf
9FC0	1	lahf
A0C0	5	mov    0x909090c0,%al
A1C0	5	mov    0x909090c0,%eax
A2C0	5	mov    %al,0x909090c0
A3C0	5	mov    %eax,0x909090c0
A4C0	1	movsb  %ds:(%esi),%es:(%edi)
A5C0	1	movsl  %ds:(%esi),%es:(%edi)
A6C0	1	cmpsb  %es:(%edi),%ds:(%esi)
A7C0	1	cmpsl  %es:(%edi),%ds:(%esi)
A8C0	2	test   $0xc0,%al
A9C0	5	test   $0x909090c0,%eax
AAC0	1	stos   %al,%es:(%edi)
ABC0	1	stos   %eax,%es:(%edi)
ACC0	1	lods   %ds:(%esi),%al
ADC0	1	lods   %ds:(%esi),%eax
AEC0	1	scas   %es:(%edi),%al
AFC0	1	scas   %es:(%edi),%eax
B0C0	2	mov    $0xc0,%al
B1C0	2	mov    $0xc0,%cl
B2C0	2	mov    $0xc0,%dl
B3C0	2	mov    $0xc0,%bl
B4C0	2	mov    $0xc0,%ah
B5C0	2	mov    $0xc0,%ch
B6C0	2	mov    $0xc0,%dh
B7C0	2	mov    $0xc0,%bh
B8C0	5	mov    $0x909090c0,%eax
B9C0	5	mov    $0x909090c0,%ecx
BAC0	5	mov    $0x909090c0,%edx
BBC0	5	mov    $0x909090c0,%ebx
BCC0	5	mov    $0x909090c0,%esp
BDC0	5	mov    $0x909090c0,%ebp
BEC0	5	mov    $0x909090c0,%esi
BFC0	5	mov    $0x909090c0,%edi
C0C0	3	rol    $0x90,%al
C1C0	3	rol    $0x90,%eax
C2C0	3	ret    $0x90c0
C3C0	1	ret
C4C0	NONE	(bad)
C5C0	NONE	(bad)
C6C0	3	mov    $0x90,%al
C7C0	6	mov    $0x90909090,%eax
C8C0	4	enter  $0x90c0,$0x90
C9C0	1	leave
CAC0	3	lret   $0x90c0
CBC0	1	lret
CCC0	1	int3
CDC0	2	int    $0xc0
CEC0	1	into
CFC0	1	iret
D0C0	2	rol    $1,%al
D1C0	2	rol    $1,%eax
D2C0	2	rol    %cl,%al
D3C0	2	rol    %cl,%eax
D4C0	2	aam    $0xc0
D5C0	2	aad    $0xc0
D6C0	NONE	(bad)
D7C0	1	xlat   %ds:(%ebx)
D8C0	2	fadd   %st(0),%st
D9C0	2	fld    %st(0)
DAC0	2	fcmovb %st(0),%st
DBC0	2	fcmovnb %st(0),%st
DCC0	2	fadd   %st,%st(0)
DDC0	2	ffree  %st(0)
DEC0	2	faddp  %st,%st(0)
DFC0	2	ffreep %st(0)
E0C0	2	loopne 0xffffffc2
E1C0	2	loope  0xffffffc2
E2C0	2	loop   0xffffffc2
E3C0	2	jecxz  0xffffffc2
E4C0	2	in     $0xc0,%al
E5C0	2	in     $0xc0,%eax
E6C0	2	out    %al,$0xc0
E7C0	2	out    %eax,$0xc0
E8C0	5	call   0x909090c5
E9C0	5	jmp    0x909090c5
EAC0	7	ljmp   $0x9090,$0x909090c0
EBC0	2	jmp    0xffffffc2
ECC0	1	in     (%dx),%al
EDC0	1	in     (%dx),%eax
EEC0	1	out    %al,(%dx)
EFC0	1	out    %eax,(%dx)
F0C0	8	lock rclb $0x90,-0x6f6f6f70(%eax)
F1C0	1	int1
F2C0	8	repnz rclb $0x90,-0x6f6f6f70(%eax)
F3C0	8	repz rclb $0x90,-0x6f6f6f70(%eax)
F4C0	1	hlt
F5C0	1	cmc
F6C0	3	test   $0x90,%al
F7C0	6	test   $0x90909090,%eax
F8C0	1	clc
F9C0	1	stc
FAC0	1	cli
FBC0	1	sti
FCC0	1	cld
FDC0	1	std
FEC0	2	inc    %al
FFC0	2	inc    %eax
00C1	2	add    %al,%cl
01C1	2	add    %eax,%ecx
02C1	2	add    %cl,%al
03C1	2	add    %ecx,%eax
04C1	2	add    $0xc1,%al
05C1	5	add    $0x909090c1,%eax
06C1	1	push   %es
07C1	1	pop    %es
08C1	2	or     %al,%cl
09C1	2	or     %eax,%ecx
0AC1	2	or     %cl,%al
0BC1	2	or     %ecx,%eax
0CC1	2	or     $0xc1,%al
0DC1	5	or     $0x909090c1,%eax
0EC1	1	push   %cs
0FC1	7	xadd   %edx,-0x6f6f6f70(%eax)
10C1	2	adc    %al,%cl
11C1	2	adc    %eax,%ecx
12C1	2	adc    %cl,%al
13C1	2	adc    %ecx,%eax
14C1	2	adc    $0xc1,%al
15C1	5	adc    $0x909090c1,%eax
16C1	1	push   %ss
17C1	1	pop    %ss
18C1	2	sbb    %al,%cl
19C1	2	sbb    %eax,%ecx
1AC1	2	sbb    %cl,%al
1BC1	2	sbb    %ecx,%eax
1CC1	2	sbb    $0xc1,%al
1DC1	5	sbb    $0x909090c1,%eax
1EC1	1	push   %ds
1FC1	1	pop    %ds
20C1	2	and    %al,%cl
21C1	2	and    %eax,%ecx
22C1	2	and    %cl,%al
23C1	2	and    %ecx,%eax
24C1	2	and    $0xc1,%al
25C1	5	and    $0x909090c1,%eax
26C1	8	rcll   $0x90,%es:-0x6f6f6f70(%eax)
27C1	1	daa
28C1	2	sub    %al,%cl
29C1	2	sub    %eax,%ecx
2AC1	2	sub    %cl,%al
2BC1	2	sub    %ecx,%eax
2CC1	2	sub    $0xc1,%al
2DC1	5	sub    $0x909090c1,%eax
2EC1	8	rcll   $0x90,%cs:-0x6f6f6f70(%eax)
2FC1	1	das
30C1	2	xor    %al,%cl
31C1	2	xor    %eax,%ecx
32C1	2	xor    %cl,%al
33C1	2	xor    %ecx,%eax
34C1	2	xor    $0xc1,%al
35C1	5	xor    $0x909090c1,%eax
36C1	8	rcll   $0x90,%ss:-0x6f6f6f70(%eax)
37C1	1	aaa
38C1	2	cmp    %al,%cl
39C1	2	cmp    %eax,%ecx
3AC1	2	cmp    %cl,%al
3BC1	2	cmp    %ecx,%eax
3CC1	2	cmp    $0xc1,%al
3DC1	5	cmp    $0x909090c1,%eax
3EC1	8	rcll   $0x90,%ds:-0x6f6f6f70(%eax)
3FC1	1	aas
40C1	1	inc    %eax
41C1	1	inc    %ecx
42C1	1	inc    %edx
43C1	1	inc    %ebx
44C1	1	inc    %esp
45C1	1	inc    %ebp
46C1	1	inc    %esi
47C1	1	inc    %edi
48C1	1	dec    %eax
49C1	1	dec    %ecx
4AC1	1	dec    %edx
4BC1	1	dec    %ebx
4CC1	1	dec    %esp
4DC1	1	dec    %ebp
4EC1	1	dec    %esi
4FC1	1	dec    %edi
50C1	1	push   %eax
51C1	1	push   %ecx
52C1	1	push   %edx
53C1	1	push   %ebx
54C1	1	push   %esp
55C1	1	push   %ebp
56C1	1	push   %esi
57C1	1	push   %edi
58C1	1	pop    %eax
59C1	1	pop    %ecx
5AC1	1	pop    %edx
5BC1	1	pop    %ebx
5CC1	1	pop    %esp
5DC1	1	pop    %ebp
5EC1	1	pop    %esi
5FC1	1	pop    %edi
60C1	1	pusha
61C1	1	popa
62C1	NONE	(bad)  {rn-bad},{bad}
63C1	2	arpl   %eax,%ecx
64C1	8	rcll   $0x90,%fs:-0x6f6f6f70(%eax)
65C1	8	rcll   $0x90,%gs:-0x6f6f6f70(%eax)
66C1	8	rclw   $0x90,-0x6f6f6f70(%eax)
67C1	6	rcll   $0x90,-0x6f70(%bx,%si)
68C1	5	push   $0x909090c1
69C1	6	imul   $0x90909090,%ecx,%eax
6AC1	2	push   $0xffffffc1
6BC1	3	imul   $0xffffff90,%ecx,%eax
6CC1	1	insb   (%dx),%es:(%edi)
6DC1	1	insl   (%dx),%es:(%edi)
6EC1	1	outsb  %ds:(%esi),(%dx)
6FC1	1	outsl  %ds:(%esi),(%dx)
70C1	2	jo     0xffffffc3
71C1	2	jno    0xffffffc3
72C1	2	jb     0xffffffc3
73C1	2	jae    0xffffffc3
74C1	2	je     0xffffffc3
75C1	2	jne    0xffffffc3
76C1	2	jbe    0xffffffc3
77C1	2	ja     0xffffffc3
78C1	2	js     0xffffffc3
79C1	2	jns    0xffffffc3
7AC1	2	jp     0xffffffc3
7BC1	2	jnp    0xffffffc3
7CC1	2	jl     0xffffffc3
7DC1	2	jge    0xffffffc3
7EC1	2	jle    0xffffffc3
7FC1	2	jg     0xffffffc3
80C1	3	add    $0x90,%cl
81C1	6	add    $0x90909090,%ecx
82C1	3	add    $0x90,%cl
83C1	3	add    $0xffffff90,%ecx
84C1	2	test   %al,%cl
85C1	2	test   %eax,%ecx
86C1	2	xchg   %al,%cl
87C1	2	xchg   %eax,%ecx
88C1	2	mov    %al,%cl
89C1	2	mov    %eax,%ecx
8AC1	2	mov    %cl,%al
8BC1	2	mov    %ecx,%eax
8CC1	2	mov    %es,%ecx
8DC1	NONE	lea    (bad),%eax
8EC1	2	mov    %ecx,%es
8FC1	2	pop    %ecx
90C1	1	nop
91C1	1	xchg   %eax,%ecx
92C1	1	xchg   %eax,%edx
93C1	1	xchg   %eax,%ebx
94C1	1	xchg   %eax,%esp
95C1	1	xchg   %eax,%ebp
96C1	1	xchg   %eax,%esi
97C1	1	xchg   %eax,%edi
98C1	1	cwtl
99C1	1	cltd
9AC1	7	lcall  $0x9090,$0x909090c1
9BC1	1	fwait
9CC1	1	pushf
9DC1	1	popf
9EC1	1	sahf
9FC1	1	lahf
A0C1	5	mov    0x909090c1,%al
A1C1	5	mov    0x909090c1,%eax
A2C1	5	mov    %al,0x909090c1
A3C1	5	mov    %eax,0x909090c1
A4C1	1	movsb  %ds:(%esi),%es:(%edi)
A5C1	1	movsl  %ds:(%esi),%es:(%edi)
A6C1	1	cmpsb  %es:(%edi),%ds:(%esi)
A7C1	1	cmpsl  %es:(%edi),%ds:(%esi)
A8C1	2	test   $0xc1,%al
A9C1	5	test   $0x909090c1,%eax
AAC1	1	stos   %al,%es:(%edi)
ABC1	1	stos   %eax,%es:(%edi)
ACC1	1	lods   %ds:(%esi),%al
ADC1	1	lods   %ds:(%esi),%eax
AEC1	1	scas   %es:(%edi),%al
AFC1	1	scas   %es:(%edi),%eax
B0C1	2	mov    $0xc1,%al
B1C1	2	mov    $0xc1,%cl
B2C1	2	mov    $0xc1,%dl
B3C1	2	mov    $0xc1,%bl
B4C1	2	mov    $0xc1,%ah
B5C1	2	mov    $0xc1,%ch
B6C1	2	mov    $0xc1,%dh
B7C1	2	mov    $0xc1,%bh
B8C1	5	mov    $0x909090c1,%eax
B9C1	5	mov    $0x909090c1,%ecx
BAC1	5	mov    $0x909090c1,%edx
BBC1	5	mov    $0x909090c1,%ebx
BCC1	5	mov    $0x909090c1,%esp
BDC1	5	mov    $0x909090c1,%ebp
BEC1	5	mov    $0x909090c1,%esi
BFC1	5	mov    $0x909090c1,%edi
C0C1	3	rol    $0x90,%cl
C1C1	3	rol    $0x90,%ecx
C2C1	3	ret    $0x90c1
C3C1	1	ret
C4C1	NONE	(bad)
C5C1	NONE	(bad)
C6C1	3	mov    $0x90,%cl
C7C1	6	mov    $0x90909090,%ecx
C8C1	4	enter  $0x90c1,$0x90
C9C1	1	leave
CAC1	3	lret   $0x90c1
CBC1	1	lret
CCC1	1	int3
CDC1	2	int    $0xc1
CEC1	1	into
CFC1	1	iret
D0C1	2	rol    $1,%cl
D1C1	2	rol    $1,%ecx
D2C1	2	rol    %cl,%cl
D3C1	2	rol    %cl,%ecx
D4C1	2	aam    $0xc1
D5C1	2	aad    $0xc1
D6C1	NONE	(bad)
D7C1	1	xlat   %ds:(%ebx)
D8C1	2	fadd   %st(1),%st
D9C1	2	fld    %st(1)
DAC1	2	fcmovb %st(1),%st
DBC1	2	fcmovnb %st(1),%st
DCC1	2	fadd   %st,%st(1)
DDC1	2	ffree  %st(1)
DEC1	2	faddp  %st,%st(1)
DFC1	2	ffreep %st(1)
E0C1	2	loopne 0xffffffc3
E1C1	2	loope  0xffffffc3
E2C1	2	loop   0xffffffc3
E3C1	2	jecxz  0xffffffc3
E4C1	2	in     $0xc1,%al
E5C1	2	in     $0xc1,%eax
E6C1	2	out    %al,$0xc1
E7C1	2	out    %eax,$0xc1
E8C1	5	call   0x909090c6
E9C1	5	jmp    0x909090c6
EAC1	7	ljmp   $0x9090,$0x909090c1
EBC1	2	jmp    0xffffffc3
ECC1	1	in     (%dx),%al
EDC1	1	in     (%dx),%eax
EEC1	1	out    %al,(%dx)
EFC1	1	out    %eax,(%dx)
F0C1	8	lock rcll $0x90,-0x6f6f6f70(%eax)
F1C1	1	int1
F2C1	8	repnz rcll $0x90,-0x6f6f6f70(%eax)
F3C1	8	repz rcll $0x90,-0x6f6f6f70(%eax)
F4C1	1	hlt
F5C1	1	cmc
F6C1	3	test   $0x90,%cl
F7C1	6	test   $0x90909090,%ecx
F8C1	1	clc
F9C1	1	stc
FAC1	1	cli
FBC1	1	sti
FCC1	1	cld
FDC1	1	std
FEC1	2	inc    %cl
FFC1	2	inc    %ecx
00C2	2	add    %al,%dl
01C2	2	add    %eax,%edx
02C2	2	add    %dl,%al
03C2	2	add    %edx,%eax
04C2	2	add    $0xc2,%al
05C2	5	add    $0x909090c2,%eax
06C2	1	push   %es
07C2	1	pop    %es
08C2	2	or     %al,%dl
09C2	2	or     %eax,%edx
0AC2	2	or     %dl,%al
0BC2	2	or     %edx,%eax
0CC2	2	or     $0xc2,%al
0DC2	5	or     $0x909090c2,%eax
0EC2	1	push   %cs
0FC2	8	cmpps  $0x90,-0x6f6f6f70(%eax),%xmm2
10C2	2	adc    %al,%dl
11C2	2	adc    %eax,%edx
12C2	2	adc    %dl,%al
13C2	2	adc    %edx,%eax
14C2	2	adc    $0xc2,%al
15C2	5	adc    $0x909090c2,%eax
16C2	1	push   %ss
17C2	1	pop    %ss
18C2	2	sbb    %al,%dl
19C2	2	sbb    %eax,%edx
1AC2	2	sbb    %dl,%al
1BC2	2	sbb    %edx,%eax
1CC2	2	sbb    $0xc2,%al
1DC2	5	sbb    $0x909090c2,%eax
1EC2	1	push   %ds
1FC2	1	pop    %ds
20C2	2	and    %al,%dl
21C2	2	and    %eax,%edx
22C2	2	and    %dl,%al
23C2	2	and    %edx,%eax
24C2	2	and    $0xc2,%al
25C2	5	and    $0x909090c2,%eax
26C2	4	es ret $0x9090
27C2	1	daa
28C2	2	sub    %al,%dl
29C2	2	sub    %eax,%edx
2AC2	2	sub    %dl,%al
2BC2	2	sub    %edx,%eax
2CC2	2	sub    $0xc2,%al
2DC2	5	sub    $0x909090c2,%eax
2EC2	4	cs ret $0x9090
2FC2	1	das
30C2	2	xor    %al,%dl
31C2	2	xor    %eax,%edx
32C2	2	xor    %dl,%al
33C2	2	xor    %edx,%eax
34C2	2	xor    $0xc2,%al
35C2	5	xor    $0x909090c2,%eax
36C2	4	ss ret $0x9090
37C2	1	aaa
38C2	2	cmp    %al,%dl
39C2	2	cmp    %eax,%edx
3AC2	2	cmp    %dl,%al
3BC2	2	cmp    %edx,%eax
3CC2	2	cmp    $0xc2,%al
3DC2	5	cmp    $0x909090c2,%eax
3EC2	4	ds ret $0x9090
3FC2	1	aas
40C2	1	inc    %eax
41C2	1	inc    %ecx
42C2	1	inc    %edx
43C2	1	inc    %ebx
44C2	1	inc    %esp
45C2	1	inc    %ebp
46C2	1	inc    %esi
47C2	1	inc    %edi
48C2	1	dec    %eax
49C2	1	dec    %ecx
4AC2	1	dec    %edx
4BC2	1	dec    %ebx
4CC2	1	dec    %esp
4DC2	1	dec    %ebp
4EC2	1	dec    %esi
4FC2	1	dec    %edi
50C2	1	push   %eax
51C2	1	push   %ecx
52C2	1	push   %edx
53C2	1	push   %ebx
54C2	1	push   %esp
55C2	1	push   %ebp
56C2	1	push   %esi
57C2	1	push   %edi
58C2	1	pop    %eax
59C2	1	pop    %ecx
5AC2	1	pop    %edx
5BC2	1	pop    %ebx
5CC2	1	pop    %esp
5DC2	1	pop    %ebp
5EC2	1	pop    %esi
5FC2	1	pop    %edi
60C2	1	pusha
61C2	1	popa
62C2	NONE	(bad)  {rn-bad},{bad}
63C2	2	arpl   %eax,%edx
64C2	4	fs ret $0x9090
65C2	4	gs ret $0x9090
66C2	4	retw   $0x9090
67C2	4	addr16 ret $0x9090
68C2	5	push   $0x909090c2
69C2	6	imul   $0x90909090,%edx,%eax
6AC2	2	push   $0xffffffc2
6BC2	3	imul   $0xffffff90,%edx,%eax
6CC2	1	insb   (%dx),%es:(%edi)
6DC2	1	insl   (%dx),%es:(%edi)
6EC2	1	outsb  %ds:(%esi),(%dx)
6FC2	1	outsl  %ds:(%esi),(%dx)
70C2	2	jo     0xffffffc4
71C2	2	jno    0xffffffc4
72C2	2	jb     0xffffffc4
73C2	2	jae    0xffffffc4
74C2	2	je     0xffffffc4
75C2	2	jne    0xffffffc4
76C2	2	jbe    0xffffffc4
77C2	2	ja     0xffffffc4
78C2	2	js     0xffffffc4
79C2	2	jns    0xffffffc4
7AC2	2	jp     0xffffffc4
7BC2	2	jnp    0xffffffc4
7CC2	2	jl     0xffffffc4
7DC2	2	jge    0xffffffc4
7EC2	2	jle    0xffffffc4
7FC2	2	jg     0xffffffc4
80C2	3	add    $0x90,%dl
81C2	6	add    $0x90909090,%edx
82C2	3	add    $0x90,%dl
83C2	3	add    $0xffffff90,%edx
84C2	2	test   %al,%dl
85C2	2	test   %eax,%edx
86C2	2	xchg   %al,%dl
87C2	2	xchg   %eax,%edx
88C2	2	mov    %al,%dl
89C2	2	mov    %eax,%edx
8AC2	2	mov    %dl,%al
8BC2	2	mov    %edx,%eax
8CC2	2	mov    %es,%edx
8DC2	NONE	lea    (bad),%eax
8EC2	2	mov    %edx,%es
8FC2	2	pop    %edx
90C2	1	nop
91C2	1	xchg   %eax,%ecx
92C2	1	xchg   %eax,%edx
93C2	1	xchg   %eax,%ebx
94C2	1	xchg   %eax,%esp
95C2	1	xchg   %eax,%ebp
96C2	1	xchg   %eax,%esi
97C2	1	xchg   %eax,%edi
98C2	1	cwtl
99C2	1	cltd
9AC2	7	lcall  $0x9090,$0x909090c2
9BC2	1	fwait
9CC2	1	pushf
9DC2	1	popf
9EC2	1	sahf
9FC2	1	lahf
A0C2	5	mov    0x909090c2,%al
A1C2	5	mov    0x909090c2,%eax
A2C2	5	mov    %al,0x909090c2
A3C2	5	mov    %eax,0x909090c2
A4C2	1	movsb  %ds:(%esi),%es:(%edi)
A5C2	1	movsl  %ds:(%esi),%es:(%edi)
A6C2	1	cmpsb  %es:(%edi),%ds:(%esi)
A7C2	1	cmpsl  %es:(%edi),%ds:(%esi)
A8C2	2	test   $0xc2,%al
A9C2	5	test   $0x909090c2,%eax
AAC2	1	stos   %al,%es:(%edi)
ABC2	1	stos   %eax,%es:(%edi)
ACC2	1	lods   %ds:(%esi),%al
ADC2	1	lods   %ds:(%esi),%eax
AEC2	1	scas   %es:(%edi),%al
AFC2	1	scas   %es:(%edi),%eax
B0C2	2	mov    $0xc2,%al
B1C2	2	mov    $0xc2,%cl
B2C2	2	mov    $0xc2,%dl
B3C2	2	mov    $0xc2,%bl
B4C2	2	mov    $0xc2,%ah
B5C2	2	mov    $0xc2,%ch
B6C2	2	mov    $0xc2,%dh
B7C2	2	mov    $0xc2,%bh
B8C2	5	mov    $0x909090c2,%eax
B9C2	5	mov    $0x909090c2,%ecx
BAC2	5	mov    $0x909090c2,%edx
BBC2	5	mov    $0x909090c2,%ebx
BCC2	5	mov    $0x909090c2,%esp
BDC2	5	mov    $0x909090c2,%ebp
BEC2	5	mov    $0x909090c2,%esi
BFC2	5	mov    $0x909090c2,%edi
C0C2	3	rol    $0x90,%dl
C1C2	3	rol    $0x90,%edx
C2C2	3	ret    $0x90c2
C3C2	1	ret
C4C2	NONE	(bad)
C5C2	NONE	(bad)
C6C2	3	mov    $0x90,%dl
C7C2	6	mov    $0x90909090,%edx
C8C2	4	enter  $0x90c2,$0x90
C9C2	1	leave
CAC2	3	lret   $0x90c2
CBC2	1	lret
CCC2	1	int3
CDC2	2	int    $0xc2
CEC2	1	into
CFC2	1	iret
D0C2	2	rol    $1,%dl
D1C2	2	rol    $1,%edx
D2C2	2	rol    %cl,%dl
D3C2	2	rol    %cl,%edx
D4C2	2	aam    $0xc2
D5C2	2	aad    $0xc2
D6C2	NONE	(bad)
D7C2	1	xlat   %ds:(%ebx)
D8C2	2	fadd   %st(2),%st
D9C2	2	fld    %st(2)
DAC2	2	fcmovb %st(2),%st
DBC2	2	fcmovnb %st(2),%st
DCC2	2	fadd   %st,%st(2)
DDC2	2	ffree  %st(2)
DEC2	2	faddp  %st,%st(2)
DFC2	2	ffreep %st(2)
E0C2	2	loopne 0xffffffc4
E1C2	2	loope  0xffffffc4
E2C2	2	loop   0xffffffc4
E3C2	2	jecxz  0xffffffc4
E4C2	2	in     $0xc2,%al
E5C2	2	in     $0xc2,%eax
E6C2	2	out    %al,$0xc2
E7C2	2	out    %eax,$0xc2
E8C2	5	call   0x909090c7
E9C2	5	jmp    0x909090c7
EAC2	7	ljmp   $0x9090,$0x909090c2
EBC2	2	jmp    0xffffffc4
ECC2	1	in     (%dx),%al
EDC2	1	in     (%dx),%eax
EEC2	1	out    %al,(%dx)
EFC2	1	out    %eax,(%dx)
F0C2	4	lock ret $0x9090
F1C2	1	int1
F2C2	4	bnd ret $0x9090
F3C2	4	repz ret $0x9090
F4C2	1	hlt
F5C2	1	cmc
F6C2	3	test   $0x90,%dl
F7C2	6	test   $0x90909090,%edx
F8C2	1	clc
F9C2	1	stc
FAC2	1	cli
FBC2	1	sti
FCC2	1	cld
FDC2	1	std
FEC2	2	inc    %dl
FFC2	2	inc    %edx
00C3	2	add    %al,%bl
01C3	2	add    %eax,%ebx
02C3	2	add    %bl,%al
03C3	2	add    %ebx,%eax
04C3	2	add    $0xc3,%al
05C3	5	add    $0x909090c3,%eax
06C3	1	push   %es
07C3	1	pop    %es
08C3	2	or     %al,%bl
09C3	2	or     %eax,%ebx
0AC3	2	or     %bl,%al
0BC3	2	or     %ebx,%eax
0CC3	2	or     $0xc3,%al
0DC3	5	or     $0x909090c3,%eax
0EC3	1	push   %cs
0FC3	7	movnti %edx,-0x6f6f6f70(%eax)
10C3	2	adc    %al,%bl
11C3	2	adc    %eax,%ebx
12C3	2	adc    %bl,%al
13C3	2	adc    %ebx,%eax
14C3	2	adc    $0xc3,%al
15C3	5	adc    $0x909090c3,%eax
16C3	1	push   %ss
17C3	1	pop    %ss
18C3	2	sbb    %al,%bl
19C3	2	sbb    %eax,%ebx
1AC3	2	sbb    %bl,%al
1BC3	2	sbb    %ebx,%eax
1CC3	2	sbb    $0xc3,%al
1DC3	5	sbb    $0x909090c3,%eax
1EC3	1	push   %ds
1FC3	1	pop    %ds
20C3	2	and    %al,%bl
21C3	2	and    %eax,%ebx
22C3	2	and    %bl,%al
23C3	2	and    %ebx,%eax
24C3	2	and    $0xc3,%al
25C3	5	and    $0x909090c3,%eax
26C3	2	es ret
27C3	1	daa
28C3	2	sub    %al,%bl
29C3	2	sub    %eax,%ebx
2AC3	2	sub    %bl,%al
2BC3	2	sub    %ebx,%eax
2CC3	2	sub    $0xc3,%al
2DC3	5	sub    $0x909090c3,%eax
2EC3	2	cs ret
2FC3	1	das
30C3	2	xor    %al,%bl
31C3	2	xor    %eax,%ebx
32C3	2	xor    %bl,%al
33C3	2	xor    %ebx,%eax
34C3	2	xor    $0xc3,%al
35C3	5	xor    $0x909090c3,%eax
36C3	2	ss ret
37C3	1	aaa
38C3	2	cmp    %al,%bl
39C3	2	cmp    %eax,%ebx
3AC3	2	cmp    %bl,%al
3BC3	2	cmp    %ebx,%eax
3CC3	2	cmp    $0xc3,%al
3DC3	5	cmp    $0x909090c3,%eax
3EC3	2	ds ret
3FC3	1	aas
40C3	1	inc    %eax
41C3	1	inc    %ecx
42C3	1	inc    %edx
43C3	1	inc    %ebx
44C3	1	inc    %esp
45C3	1	inc    %ebp
46C3	1	inc    %esi
47C3	1	inc    %edi
48C3	1	dec    %eax
49C3	1	dec    %ecx
4AC3	1	dec    %edx
4BC3	1	dec    %ebx
4CC3	1	dec    %esp
4DC3	1	dec    %ebp
4EC3	1	dec    %esi
4FC3	1	dec    %edi
50C3	1	push   %eax
51C3	1	push   %ecx
52C3	1	push   %edx
53C3	1	push   %ebx
54C3	1	push   %esp
55C3	1	push   %ebp
56C3	1	push   %esi
57C3	1	push   %edi
58C3	1	pop    %eax
59C3	1	pop    %ecx
5AC3	1	pop    %edx
5BC3	1	pop    %ebx
5CC3	1	pop    %esp
5DC3	1	pop    %ebp
5EC3	1	pop    %esi
5FC3	1	pop    %edi
60C3	1	pusha
61C3	1	popa
62C3	NONE	(bad)  {rn-bad},{bad}
63C3	2	arpl   %eax,%ebx
64C3	2	fs ret
65C3	2	gs ret
66C3	2	retw
67C3	2	addr16 ret
68C3	5	push   $0x909090c3
69C3	6	imul   $0x90909090,%ebx,%eax
6AC3	2	push   $0xffffffc3
6BC3	3	imul   $0xffffff90,%ebx,%eax
6CC3	1	insb   (%dx),%es:(%edi)
6DC3	1	insl   (%dx),%es:(%edi)
6EC3	1	outsb  %ds:(%esi),(%dx)
6FC3	1	outsl  %ds:(%esi),(%dx)
70C3	2	jo     0xffffffc5
71C3	2	jno    0xffffffc5
72C3	2	jb     0xffffffc5
73C3	2	jae    0xffffffc5
74C3	2	je     0xffffffc5
75C3	2	jne    0xffffffc5
76C3	2	jbe    0xffffffc5
77C3	2	ja     0xffffffc5
78C3	2	js     0xffffffc5
79C3	2	jns    0xffffffc5
7AC3	2	jp     0xffffffc5
7BC3	2	jnp    0xffffffc5
7CC3	2	jl     0xffffffc5
7DC3	2	jge    0xffffffc5
7EC3	2	jle    0xffffffc5
7FC3	2	jg     0xffffffc5
80C3	3	add    $0x90,%bl
81C3	6	add    $0x90909090,%ebx
82C3	3	add    $0x90,%bl
83C3	3	add    $0xffffff90,%ebx
84C3	2	test   %al,%bl
85C3	2	test   %eax,%ebx
86C3	2	xchg   %al,%bl
87C3	2	xchg   %eax,%ebx
88C3	2	mov    %al,%bl
89C3	2	mov    %eax,%ebx
8AC3	2	mov    %bl,%al
8BC3	2	mov    %ebx,%eax
8CC3	2	mov    %es,%ebx
8DC3	NONE	lea    (bad),%eax
8EC3	2	mov    %ebx,%es
8FC3	2	pop    %ebx
90C3	1	nop
91C3	1	xchg   %eax,%ecx
92C3	1	xchg   %eax,%edx
93C3	1	xchg   %eax,%ebx
94C3	1	xchg   %eax,%esp
95C3	1	xchg   %eax,%ebp
96C3	1	xchg   %eax,%esi
97C3	1	xchg   %eax,%edi
98C3	1	cwtl
99C3	1	cltd
9AC3	7	lcall  $0x9090,$0x909090c3
9BC3	1	fwait
9CC3	1	pushf
9DC3	1	popf
9EC3	1	sahf
9FC3	1	lahf
A0C3	5	mov    0x909090c3,%al
A1C3	5	mov    0x909090c3,%eax
A2C3	5	mov    %al,0x909090c3
A3C3	5	mov    %eax,0x909090c3
A4C3	1	movsb  %ds:(%esi),%es:(%edi)
A5C3	1	movsl  %ds:(%esi),%es:(%edi)
A6C3	1	cmpsb  %es:(%edi),%ds:(%esi)
A7C3	1	cmpsl  %es:(%edi),%ds:(%esi)
A8C3	2	test   $0xc3,%al
A9C3	5	test   $0x909090c3,%eax
AAC3	1	stos   %al,%es:(%edi)
ABC3	1	stos   %eax,%es:(%edi)
ACC3	1	lods   %ds:(%esi),%al
ADC3	1	lods   %ds:(%esi),%eax
AEC3	1	scas   %es:(%edi),%al
AFC3	1	scas   %es:(%edi),%eax
B0C3	2	mov    $0xc3,%al
B1C3	2	mov    $0xc3,%cl
B2C3	2	mov    $0xc3,%dl
B3C3	2	mov    $0xc3,%bl
B4C3	2	mov    $0xc3,%ah
B5C3	2	mov    $0xc3,%ch
B6C3	2	mov    $0xc3,%dh
B7C3	2	mov    $0xc3,%bh
B8C3	5	mov    $0x909090c3,%eax
B9C3	5	mov    $0x909090c3,%ecx
BAC3	5	mov    $0x909090c3,%edx
BBC3	5	mov    $0x909090c3,%ebx
BCC3	5	mov    $0x909090c3,%esp
BDC3	5	mov    $0x909090c3,%ebp
BEC3	5	mov    $0x909090c3,%esi
BFC3	5	mov    $0x909090c3,%edi
C0C3	3	rol    $0x90,%bl
C1C3	3	rol    $0x90,%ebx
C2C3	3	ret    $0x90c3
C3C3	1	ret
C4C3	NONE	(bad)
C5C3	NONE	(bad)
C6C3	3	mov    $0x90,%bl
C7C3	6	mov    $0x90909090,%ebx
C8C3	4	enter  $0x90c3,$0x90
C9C3	1	leave
CAC3	3	lret   $0x90c3
CBC3	1	lret
CCC3	1	int3
CDC3	2	int    $0xc3
CEC3	1	into
CFC3	1	iret
D0C3	2	rol    $1,%bl
D1C3	2	rol    $1,%ebx
D2C3	2	rol    %cl,%bl
D3C3	2	rol    %cl,%ebx
D4C3	2	aam    $0xc3
D5C3	2	aad    $0xc3
D6C3	NONE	(bad)
D7C3	1	xlat   %ds:(%ebx)
D8C3	2	fadd   %st(3),%st
D9C3	2	fld    %st(3)
DAC3	2	fcmovb %st(3),%st
DBC3	2	fcmovnb %st(3),%st
DCC3	2	fadd   %st,%st(3)
DDC3	2	ffree  %st(3)
DEC3	2	faddp  %st,%st(3)
DFC3	2	ffreep %st(3)
E0C3	2	loopne 0xffffffc5
E1C3	2	loope  0xffffffc5
E2C3	2	loop   0xffffffc5
E3C3	2	jecxz  0xffffffc5
E4C3	2	in     $0xc3,%al
E5C3	2	in     $0xc3,%eax
E6C3	2	out    %al,$0xc3
E7C3	2	out    %eax,$0xc3
E8C3	5	call   0x909090c8
E9C3	5	jmp    0x909090c8
EAC3	7	ljmp   $0x9090,$0x909090c3
EBC3	2	jmp    0xffffffc5
ECC3	1	in     (%dx),%al
EDC3	1	in     (%dx),%eax
EEC3	1	out    %al,(%dx)
EFC3	1	out    %eax,(%dx)
F0C3	2	lock ret
F1C3	1	int1
F2C3	2	bnd ret
F3C3	2	repz ret
F4C3	1	hlt
F5C3	1	cmc
F6C3	3	test   $0x90,%bl
F7C3	6	test   $0x90909090,%ebx
F8C3	1	clc
F9C3	1	stc
FAC3	1	cli
FBC3	1	sti
FCC3	1	cld
FDC3	1	std
FEC3	2	inc    %bl
FFC3	2	inc    %ebx
00C4	2	add    %al,%ah
01C4	2	add    %eax,%esp
02C4	2	add    %ah,%al
03C4	2	add    %esp,%eax
04C4	2	add    $0xc4,%al
05C4	5	add    $0x909090c4,%eax
06C4	1	push   %es
07C4	1	pop    %es
08C4	2	or     %al,%ah
09C4	2	or     %eax,%esp
0AC4	2	or     %ah,%al
0BC4	2	or     %esp,%eax
0CC4	2	or     $0xc4,%al
0DC4	5	or     $0x909090c4,%eax
0EC4	1	push   %cs
0FC4	8	pinsrw $0x90,-0x6f6f6f70(%eax),%mm2
10C4	2	adc    %al,%ah
11C4	2	adc    %eax,%esp
12C4	2	adc    %ah,%al
13C4	2	adc    %esp,%eax
14C4	2	adc    $0xc4,%al
15C4	5	adc    $0x909090c4,%eax
16C4	1	push   %ss
17C4	1	pop    %ss
18C4	2	sbb    %al,%ah
19C4	2	sbb    %eax,%esp
1AC4	2	sbb    %ah,%al
1BC4	2	sbb    %esp,%eax
1CC4	2	sbb    $0xc4,%al
1DC4	5	sbb    $0x909090c4,%eax
1EC4	1	push   %ds
1FC4	1	pop    %ds
20C4	2	and    %al,%ah
21C4	2	and    %eax,%esp
22C4	2	and    %ah,%al
23C4	2	and    %esp,%eax
24C4	2	and    $0xc4,%al
25C4	5	and    $0x909090c4,%eax
26C4	7	les    %es:-0x6f6f6f70(%eax),%edx
27C4	1	daa
28C4	2	sub    %al,%ah
29C4	2	sub    %eax,%esp
2AC4	2	sub    %ah,%al
2BC4	2	sub    %esp,%eax
2CC4	2	sub    $0xc4,%al
2DC4	5	sub    $0x909090c4,%eax
2EC4	7	les    %cs:-0x6f6f6f70(%eax),%edx
2FC4	1	das
30C4	2	xor    %al,%ah
31C4	2	xor    %eax,%esp
32C4	2	xor    %ah,%al
33C4	2	xor    %esp,%eax
34C4	2	xor    $0xc4,%al
35C4	5	xor    $0x909090c4,%eax
36C4	7	les    %ss:-0x6f6f6f70(%eax),%edx
37C4	1	aaa
38C4	2	cmp    %al,%ah
39C4	2	cmp    %eax,%esp
3AC4	2	cmp    %ah,%al
3BC4	2	cmp    %esp,%eax
3CC4	2	cmp    $0xc4,%al
3DC4	5	cmp    $0x909090c4,%eax
3EC4	7	les    %ds:-0x6f6f6f70(%eax),%edx
3FC4	1	aas
40C4	1	inc    %eax
41C4	1	inc    %ecx
42C4	1	inc    %edx
43C4	1	inc    %ebx
44C4	1	inc    %esp
45C4	1	inc    %ebp
46C4	1	inc    %esi
47C4	1	inc    %edi
48C4	1	dec    %eax
49C4	1	dec    %ecx
4AC4	1	dec    %edx
4BC4	1	dec    %ebx
4CC4	1	dec    %esp
4DC4	1	dec    %ebp
4EC4	1	dec    %esi
4FC4	1	dec    %edi
50C4	1	push   %eax
51C4	1	push   %ecx
52C4	1	push   %edx
53C4	1	push   %ebx
54C4	1	push   %esp
55C4	1	push   %ebp
56C4	1	push   %esi
57C4	1	push   %edi
58C4	1	pop    %eax
59C4	1	pop    %ecx
5AC4	1	pop    %edx
5BC4	1	pop    %ebx
5CC4	1	pop    %esp
5DC4	1	pop    %ebp
5EC4	1	pop    %esi
5FC4	1	pop    %edi
60C4	1	pusha
61C4	1	popa
62C4	NONE	(bad)
63C4	2	arpl   %eax,%esp
64C4	7	les    %fs:-0x6f6f6f70(%eax),%edx
65C4	7	les    %gs:-0x6f6f6f70(%eax),%edx
66C4	7	les    -0x6f6f6f70(%eax),%dx
67C4	5	les    -0x6f70(%bx,%si),%edx
68C4	5	push   $0x909090c4
69C4	6	imul   $0x90909090,%esp,%eax
6AC4	2	push   $0xffffffc4
6BC4	3	imul   $0xffffff90,%esp,%eax
6CC4	1	insb   (%dx),%es:(%edi)
6DC4	1	insl   (%dx),%es:(%edi)
6EC4	1	outsb  %ds:(%esi),(%dx)
6FC4	1	outsl  %ds:(%esi),(%dx)
70C4	2	jo     0xffffffc6
71C4	2	jno    0xffffffc6
72C4	2	jb     0xffffffc6
73C4	2	jae    0xffffffc6
74C4	2	je     0xffffffc6
75C4	2	jne    0xffffffc6
76C4	2	jbe    0xffffffc6
77C4	2	ja     0xffffffc6
78C4	2	js     0xffffffc6
79C4	2	jns    0xffffffc6
7AC4	2	jp     0xffffffc6
7BC4	2	jnp    0xffffffc6
7CC4	2	jl     0xffffffc6
7DC4	2	jge    0xffffffc6
7EC4	2	jle    0xffffffc6
7FC4	2	jg     0xffffffc6
80C4	3	add    $0x90,%ah
81C4	6	add    $0x90909090,%esp
82C4	3	add    $0x90,%ah
83C4	3	add    $0xffffff90,%esp
84C4	2	test   %al,%ah
85C4	2	test   %eax,%esp
86C4	2	xchg   %al,%ah
87C4	2	xchg   %eax,%esp
88C4	2	mov    %al,%ah
89C4	2	mov    %eax,%esp
8AC4	2	mov    %ah,%al
8BC4	2	mov    %esp,%eax
8CC4	2	mov    %es,%esp
8DC4	NONE	lea    (bad),%eax
8EC4	2	mov    %esp,%es
8FC4	2	pop    %esp
90C4	1	nop
91C4	1	xchg   %eax,%ecx
92C4	1	xchg   %eax,%edx
93C4	1	xchg   %eax,%ebx
94C4	1	xchg   %eax,%esp
95C4	1	xchg   %eax,%ebp
96C4	1	xchg   %eax,%esi
97C4	1	xchg   %eax,%edi
98C4	1	cwtl
99C4	1	cltd
9AC4	7	lcall  $0x9090,$0x909090c4
9BC4	1	fwait
9CC4	1	pushf
9DC4	1	popf
9EC4	1	sahf
9FC4	1	lahf
A0C4	5	mov    0x909090c4,%al
A1C4	5	mov    0x909090c4,%eax
A2C4	5	mov    %al,0x909090c4
A3C4	5	mov    %eax,0x909090c4
A4C4	1	movsb  %ds:(%esi),%es:(%edi)
A5C4	1	movsl  %ds:(%esi),%es:(%edi)
A6C4	1	cmpsb  %es:(%edi),%ds:(%esi)
A7C4	1	cmpsl  %es:(%edi),%ds:(%esi)
A8C4	2	test   $0xc4,%al
A9C4	5	test   $0x909090c4,%eax
AAC4	1	stos   %al,%es:(%edi)
ABC4	1	stos   %eax,%es:(%edi)
ACC4	1	lods   %ds:(%esi),%al
ADC4	1	lods   %ds:(%esi),%eax
AEC4	1	scas   %es:(%edi),%al
AFC4	1	scas   %es:(%edi),%eax
B0C4	2	mov    $0xc4,%al
B1C4	2	mov    $0xc4,%cl
B2C4	2	mov    $0xc4,%dl
B3C4	2	mov    $0xc4,%bl
B4C4	2	mov    $0xc4,%ah
B5C4	2	mov    $0xc4,%ch
B6C4	2	mov    $0xc4,%dh
B7C4	2	mov    $0xc4,%bh
B8C4	5	mov    $0x909090c4,%eax
B9C4	5	mov    $0x909090c4,%ecx
BAC4	5	mov    $0x909090c4,%edx
BBC4	5	mov    $0x909090c4,%ebx
BCC4	5	mov    $0x909090c4,%esp
BDC4	5	mov    $0x909090c4,%ebp
BEC4	5	mov    $0x909090c4,%esi
BFC4	5	mov    $0x909090c4,%edi
C0C4	3	rol    $0x90,%ah
C1C4	3	rol    $0x90,%esp
C2C4	3	ret    $0x90c4
C3C4	1	ret
C4C4	NONE	(bad)
C5C4	NONE	(bad)
C6C4	3	mov    $0x90,%ah
C7C4	6	mov    $0x90909090,%esp
C8C4	4	enter  $0x90c4,$0x90
C9C4	1	leave
CAC4	3	lret   $0x90c4
CBC4	1	lret
CCC4	1	int3
CDC4	2	int    $0xc4
CEC4	1	into
CFC4	1	iret
D0C4	2	rol    $1,%ah
D1C4	2	rol    $1,%esp
D2C4	2	rol    %cl,%ah
D3C4	2	rol    %cl,%esp
D4C4	2	aam    $0xc4
D5C4	2	aad    $0xc4
D6C4	NONE	(bad)
D7C4	1	xlat   %ds:(%ebx)
D8C4	2	fadd   %st(4),%st
D9C4	2	fld    %st(4)
DAC4	2	fcmovb %st(4),%st
DBC4	2	fcmovnb %st(4),%st
DCC4	2	fadd   %st,%st(4)
DDC4	2	ffree  %st(4)
DEC4	2	faddp  %st,%st(4)
DFC4	2	ffreep %st(4)
E0C4	2	loopne 0xffffffc6
E1C4	2	loope  0xffffffc6
E2C4	2	loop   0xffffffc6
E3C4	2	jecxz  0xffffffc6
E4C4	2	in     $0xc4,%al
E5C4	2	in     $0xc4,%eax
E6C4	2	out    %al,$0xc4
E7C4	2	out    %eax,$0xc4
E8C4	5	call   0x909090c9
E9C4	5	jmp    0x909090c9
EAC4	7	ljmp   $0x9090,$0x909090c4
EBC4	2	jmp    0xffffffc6
ECC4	1	in     (%dx),%al
EDC4	1	in     (%dx),%eax
EEC4	1	out    %al,(%dx)
EFC4	1	out    %eax,(%dx)
F0C4	7	lock les -0x6f6f6f70(%eax),%edx
F1C4	1	int1
F2C4	7	repnz les -0x6f6f6f70(%eax),%edx
F3C4	7	repz les -0x6f6f6f70(%eax),%edx
F4C4	1	hlt
F5C4	1	cmc
F6C4	3	test   $0x90,%ah
F7C4	6	test   $0x90909090,%esp
F8C4	1	clc
F9C4	1	stc
FAC4	1	cli
FBC4	1	sti
FCC4	1	cld
FDC4	1	std
FEC4	2	inc    %ah
FFC4	2	inc    %esp
00C5	2	add    %al,%ch
01C5	2	add    %eax,%ebp
02C5	2	add    %ch,%al
03C5	2	add    %ebp,%eax
04C5	2	add    $0xc5,%al
05C5	5	add    $0x909090c5,%eax
06C5	1	push   %es
07C5	1	pop    %es
08C5	2	or     %al,%ch
09C5	2	or     %eax,%ebp
0AC5	2	or     %ch,%al
0BC5	2	or     %ebp,%eax
0CC5	2	or     $0xc5,%al
0DC5	5	or     $0x909090c5,%eax
0EC5	1	push   %cs
0FC5	NONE	pextrw $0xc5,(bad),%edx
10C5	2	adc    %al,%ch
11C5	2	adc    %eax,%ebp
12C5	2	adc    %ch,%al
13C5	2	adc    %ebp,%eax
14C5	2	adc    $0xc5,%al
15C5	5	adc    $0x909090c5,%eax
16C5	1	push   %ss
17C5	1	pop    %ss
18C5	2	sbb    %al,%ch
19C5	2	sbb    %eax,%ebp
1AC5	2	sbb    %ch,%al
1BC5	2	sbb    %ebp,%eax
1CC5	2	sbb    $0xc5,%al
1DC5	5	sbb    $0x909090c5,%eax
1EC5	1	push   %ds
1FC5	1	pop    %ds
20C5	2	and    %al,%ch
21C5	2	and    %eax,%ebp
22C5	2	and    %ch,%al
23C5	2	and    %ebp,%eax
24C5	2	and    $0xc5,%al
25C5	5	and    $0x909090c5,%eax
26C5	7	lds    %es:-0x6f6f6f70(%eax),%edx
27C5	1	daa
28C5	2	sub    %al,%ch
29C5	2	sub    %eax,%ebp
2AC5	2	sub    %ch,%al
2BC5	2	sub    %ebp,%eax
2CC5	2	sub    $0xc5,%al
2DC5	5	sub    $0x909090c5,%eax
2EC5	7	lds    %cs:-0x6f6f6f70(%eax),%edx
2FC5	1	das
30C5	2	xor    %al,%ch
31C5	2	xor    %eax,%ebp
32C5	2	xor    %ch,%al
33C5	2	xor    %ebp,%eax
34C5	2	xor    $0xc5,%al
35C5	5	xor    $0x909090c5,%eax
36C5	7	lds    %ss:-0x6f6f6f70(%eax),%edx
37C5	1	aaa
38C5	2	cmp    %al,%ch
39C5	2	cmp    %eax,%ebp
3AC5	2	cmp    %ch,%al
3BC5	2	cmp    %ebp,%eax
3CC5	2	cmp    $0xc5,%al
3DC5	5	cmp    $0x909090c5,%eax
3EC5	7	lds    %ds:-0x6f6f6f70(%eax),%edx
3FC5	1	aas
40C5	1	inc    %eax
41C5	1	inc    %ecx
42C5	1	inc    %edx
43C5	1	inc    %ebx
44C5	1	inc    %esp
45C5	1	inc    %ebp
46C5	1	inc    %esi
47C5	1	inc    %edi
48C5	1	dec    %eax
49C5	1	dec    %ecx
4AC5	1	dec    %edx
4BC5	1	dec    %ebx
4CC5	1	dec    %esp
4DC5	1	dec    %ebp
4EC5	1	dec    %esi
4FC5	1	dec    %edi
50C5	1	push   %eax
51C5	1	push   %ecx
52C5	1	push   %edx
53C5	1	push   %ebx
54C5	1	push   %esp
55C5	1	push   %ebp
56C5	1	push   %esi
57C5	1	push   %edi
58C5	1	pop    %eax
59C5	1	pop    %ecx
5AC5	1	pop    %edx
5BC5	1	pop    %ebx
5CC5	1	pop    %esp
5DC5	1	pop    %ebp
5EC5	1	pop    %esi
5FC5	1	pop    %edi
60C5	1	pusha
61C5	1	popa
62C5	NONE	(bad)  {rn-bad},{bad}
63C5	2	arpl   %eax,%ebp
64C5	7	lds    %fs:-0x6f6f6f70(%eax),%edx
65C5	7	lds    %gs:-0x6f6f6f70(%eax),%edx
66C5	7	lds    -0x6f6f6f70(%eax),%dx
67C5	5	lds    -0x6f70(%bx,%si),%edx
68C5	5	push   $0x909090c5
69C5	6	imul   $0x90909090,%ebp,%eax
6AC5	2	push   $0xffffffc5
6BC5	3	imul   $0xffffff90,%ebp,%eax
6CC5	1	insb   (%dx),%es:(%edi)
6DC5	1	insl   (%dx),%es:(%edi)
6EC5	1	outsb  %ds:(%esi),(%dx)
6FC5	1	outsl  %ds:(%esi),(%dx)
70C5	2	jo     0xffffffc7
71C5	2	jno    0xffffffc7
72C5	2	jb     0xffffffc7
73C5	2	jae    0xffffffc7
74C5	2	je     0xffffffc7
75C5	2	jne    0xffffffc7
76C5	2	jbe    0xffffffc7
77C5	2	ja     0xffffffc7
78C5	2	js     0xffffffc7
79C5	2	jns    0xffffffc7
7AC5	2	jp     0xffffffc7
7BC5	2	jnp    0xffffffc7
7CC5	2	jl     0xffffffc7
7DC5	2	jge    0xffffffc7
7EC5	2	jle    0xffffffc7
7FC5	2	jg     0xffffffc7
80C5	3	add    $0x90,%ch
81C5	6	add    $0x90909090,%ebp
82C5	3	add    $0x90,%ch
83C5	3	add    $0xffffff90,%ebp
84C5	2	test   %al,%ch
85C5	2	test   %eax,%ebp
86C5	2	xchg   %al,%ch
87C5	2	xchg   %eax,%ebp
88C5	2	mov    %al,%ch
89C5	2	mov    %eax,%ebp
8AC5	2	mov    %ch,%al
8BC5	2	mov    %ebp,%eax
8CC5	2	mov    %es,%ebp
8DC5	NONE	lea    (bad),%eax
8EC5	2	mov    %ebp,%es
8FC5	2	pop    %ebp
90C5	1	nop
91C5	1	xchg   %eax,%ecx
92C5	1	xchg   %eax,%edx
93C5	1	xchg   %eax,%ebx
94C5	1	xchg   %eax,%esp
95C5	1	xchg   %eax,%ebp
96C5	1	xchg   %eax,%esi
97C5	1	xchg   %eax,%edi
98C5	1	cwtl
99C5	1	cltd
9AC5	7	lcall  $0x9090,$0x909090c5
9BC5	1	fwait
9CC5	1	pushf
9DC5	1	popf
9EC5	1	sahf
9FC5	1	lahf
A0C5	5	mov    0x909090c5,%al
A1C5	5	mov    0x909090c5,%eax
A2C5	5	mov    %al,0x909090c5
A3C5	5	mov    %eax,0x909090c5
A4C5	1	movsb  %ds:(%esi),%es:(%edi)
A5C5	1	movsl  %ds:(%esi),%es:(%edi)
A6C5	1	cmpsb  %es:(%edi),%ds:(%esi)
A7C5	1	cmpsl  %es:(%edi),%ds:(%esi)
A8C5	2	test   $0xc5,%al
A9C5	5	test   $0x909090c5,%eax
AAC5	1	stos   %al,%es:(%edi)
ABC5	1	stos   %eax,%es:(%edi)
ACC5	1	lods   %ds:(%esi),%al
ADC5	1	lods   %ds:(%esi),%eax
AEC5	1	scas   %es:(%edi),%al
AFC5	1	scas   %es:(%edi),%eax
B0C5	2	mov    $0xc5,%al
B1C5	2	mov    $0xc5,%cl
B2C5	2	mov    $0xc5,%dl
B3C5	2	mov    $0xc5,%bl
B4C5	2	mov    $0xc5,%ah
B5C5	2	mov    $0xc5,%ch
B6C5	2	mov    $0xc5,%dh
B7C5	2	mov    $0xc5,%bh
B8C5	5	mov    $0x909090c5,%eax
B9C5	5	mov    $0x909090c5,%ecx
BAC5	5	mov    $0x909090c5,%edx
BBC5	5	mov    $0x909090c5,%ebx
BCC5	5	mov    $0x909090c5,%esp
BDC5	5	mov    $0x909090c5,%ebp
BEC5	5	mov    $0x909090c5,%esi
BFC5	5	mov    $0x909090c5,%edi
C0C5	3	rol    $0x90,%ch
C1C5	3	rol    $0x90,%ebp
C2C5	3	ret    $0x90c5
C3C5	1	ret
C4C5	NONE	(bad)
C5C5	NONE	(bad)
C6C5	3	mov    $0x90,%ch
C7C5	6	mov    $0x90909090,%ebp
C8C5	4	enter  $0x90c5,$0x90
C9C5	1	leave
CAC5	3	lret   $0x90c5
CBC5	1	lret
CCC5	1	int3
CDC5	2	int    $0xc5
CEC5	1	into
CFC5	1	iret
D0C5	2	rol    $1,%ch
D1C5	2	rol    $1,%ebp
D2C5	2	rol    %cl,%ch
D3C5	2	rol    %cl,%ebp
D4C5	2	aam    $0xc5
D5C5	2	aad    $0xc5
D6C5	NONE	(bad)
D7C5	1	xlat   %ds:(%ebx)
D8C5	2	fadd   %st(5),%st
D9C5	2	fld    %st(5)
DAC5	2	fcmovb %st(5),%st
DBC5	2	fcmovnb %st(5),%st
DCC5	2	fadd   %st,%st(5)
DDC5	2	ffree  %st(5)
DEC5	2	faddp  %st,%st(5)
DFC5	2	ffreep %st(5)
E0C5	2	loopne 0xffffffc7
E1C5	2	loope  0xffffffc7
E2C5	2	loop   0xffffffc7
E3C5	2	jecxz  0xffffffc7
E4C5	2	in     $0xc5,%al
E5C5	2	in     $0xc5,%eax
E6C5	2	out    %al,$0xc5
E7C5	2	out    %eax,$0xc5
E8C5	5	call   0x909090ca
E9C5	5	jmp    0x909090ca
EAC5	7	ljmp   $0x9090,$0x909090c5
EBC5	2	jmp    0xffffffc7
ECC5	1	in     (%dx),%al
EDC5	1	in     (%dx),%eax
EEC5	1	out    %al,(%dx)
EFC5	1	out    %eax,(%dx)
F0C5	7	lock lds -0x6f6f6f70(%eax),%edx
F1C5	1	int1
F2C5	7	repnz lds -0x6f6f6f70(%eax),%edx
F3C5	7	repz lds -0x6f6f6f70(%eax),%edx
F4C5	1	hlt
F5C5	1	cmc
F6C5	3	test   $0x90,%ch
F7C5	6	test   $0x90909090,%ebp
F8C5	1	clc
F9C5	1	stc
FAC5	1	cli
FBC5	1	sti
FCC5	1	cld
FDC5	1	std
FEC5	2	inc    %ch
FFC5	2	inc    %ebp
00C6	2	add    %al,%dh
01C6	2	add    %eax,%esi
02C6	2	add    %dh,%al
03C6	2	add    %esi,%eax
04C6	2	add    $0xc6,%al
05C6	5	add    $0x909090c6,%eax
06C6	1	push   %es
07C6	1	pop    %es
08C6	2	or     %al,%dh
09C6	2	or     %eax,%esi
0AC6	2	or     %dh,%al
0BC6	2	or     %esi,%eax
0CC6	2	or     $0xc6,%al
0DC6	5	or     $0x909090c6,%eax
0EC6	1	push   %cs
0FC6	8	shufps $0x90,-0x6f6f6f70(%eax),%xmm2
10C6	2	adc    %al,%dh
11C6	2	adc    %eax,%esi
12C6	2	adc    %dh,%al
13C6	2	adc    %esi,%eax
14C6	2	adc    $0xc6,%al
15C6	5	adc    $0x909090c6,%eax
16C6	1	push   %ss
17C6	1	pop    %ss
18C6	2	sbb    %al,%dh
19C6	2	sbb    %eax,%esi
1AC6	2	sbb    %dh,%al
1BC6	2	sbb    %esi,%eax
1CC6	2	sbb    $0xc6,%al
1DC6	5	sbb    $0x909090c6,%eax
1EC6	1	push   %ds
1FC6	1	pop    %ds
20C6	2	and    %al,%dh
21C6	2	and    %eax,%esi
22C6	2	and    %dh,%al
23C6	2	and    %esi,%eax
24C6	2	and    $0xc6,%al
25C6	5	and    $0x909090c6,%eax
26C6	NONE	es (bad)
27C6	1	daa
28C6	2	sub    %al,%dh
29C6	2	sub    %eax,%esi
2AC6	2	sub    %dh,%al
2BC6	2	sub    %esi,%eax
2CC6	2	sub    $0xc6,%al
2DC6	5	sub    $0x909090c6,%eax
2EC6	NONE	cs (bad)
2FC6	1	das
30C6	2	xor    %al,%dh
31C6	2	xor    %eax,%esi
32C6	2	xor    %dh,%al
33C6	2	xor    %esi,%eax
34C6	2	xor    $0xc6,%al
35C6	5	xor    $0x909090c6,%eax
36C6	NONE	ss (bad)
37C6	1	aaa
38C6	2	cmp    %al,%dh
39C6	2	cmp    %eax,%esi
3AC6	2	cmp    %dh,%al
3BC6	2	cmp    %esi,%eax
3CC6	2	cmp    $0xc6,%al
3DC6	5	cmp    $0x909090c6,%eax
3EC6	NONE	ds (bad)
3FC6	1	aas
40C6	1	inc    %eax
41C6	1	inc    %ecx
42C6	1	inc    %edx
43C6	1	inc    %ebx
44C6	1	inc    %esp
45C6	1	inc    %ebp
46C6	1	inc    %esi
47C6	1	inc    %edi
48C6	1	dec    %eax
49C6	1	dec    %ecx
4AC6	1	dec    %edx
4BC6	1	dec    %ebx
4CC6	1	dec    %esp
4DC6	1	dec    %ebp
4EC6	1	dec    %esi
4FC6	1	dec    %edi
50C6	1	push   %eax
51C6	1	push   %ecx
52C6	1	push   %edx
53C6	1	push   %ebx
54C6	1	push   %esp
55C6	1	push   %ebp
56C6	1	push   %esi
57C6	1	push   %edi
58C6	1	pop    %eax
59C6	1	pop    %ecx
5AC6	1	pop    %edx
5BC6	1	pop    %ebx
5CC6	1	pop    %esp
5DC6	1	pop    %ebp
5EC6	1	pop    %esi
5FC6	1	pop    %edi
60C6	1	pusha
61C6	1	popa
62C6	NONE	(bad)  {rn-bad},{bad}
63C6	2	arpl   %eax,%esi
64C6	NONE	fs (bad)
65C6	NONE	gs (bad)
66C6	NONE	data16 (bad)
67C6	NONE	addr16 (bad)
68C6	5	push   $0x909090c6
69C6	6	imul   $0x90909090,%esi,%eax
6AC6	2	push   $0xffffffc6
6BC6	3	imul   $0xffffff90,%esi,%eax
6CC6	1	insb   (%dx),%es:(%edi)
6DC6	1	insl   (%dx),%es:(%edi)
6EC6	1	outsb  %ds:(%esi),(%dx)
6FC6	1	outsl  %ds:(%esi),(%dx)
70C6	2	jo     0xffffffc8
71C6	2	jno    0xffffffc8
72C6	2	jb     0xffffffc8
73C6	2	jae    0xffffffc8
74C6	2	je     0xffffffc8
75C6	2	jne    0xffffffc8
76C6	2	jbe    0xffffffc8
77C6	2	ja     0xffffffc8
78C6	2	js     0xffffffc8
79C6	2	jns    0xffffffc8
7AC6	2	jp     0xffffffc8
7BC6	2	jnp    0xffffffc8
7CC6	2	jl     0xffffffc8
7DC6	2	jge    0xffffffc8
7EC6	2	jle    0xffffffc8
7FC6	2	jg     0xffffffc8
80C6	3	add    $0x90,%dh
81C6	6	add    $0x90909090,%esi
82C6	3	add    $0x90,%dh
83C6	3	add    $0xffffff90,%esi
84C6	2	test   %al,%dh
85C6	2	test   %eax,%esi
86C6	2	xchg   %al,%dh
87C6	2	xchg   %eax,%esi
88C6	2	mov    %al,%dh
89C6	2	mov    %eax,%esi
8AC6	2	mov    %dh,%al
8BC6	2	mov    %esi,%eax
8CC6	2	mov    %es,%esi
8DC6	NONE	lea    (bad),%eax
8EC6	2	mov    %esi,%es
8FC6	2	pop    %esi
90C6	1	nop
91C6	1	xchg   %eax,%ecx
92C6	1	xchg   %eax,%edx
93C6	1	xchg   %eax,%ebx
94C6	1	xchg   %eax,%esp
95C6	1	xchg   %eax,%ebp
96C6	1	xchg   %eax,%esi
97C6	1	xchg   %eax,%edi
98C6	1	cwtl
99C6	1	cltd
9AC6	7	lcall  $0x9090,$0x909090c6
9BC6	1	fwait
9CC6	1	pushf
9DC6	1	popf
9EC6	1	sahf
9FC6	1	lahf
A0C6	5	mov    0x909090c6,%al
A1C6	5	mov    0x909090c6,%eax
A2C6	5	mov    %al,0x909090c6
A3C6	5	mov    %eax,0x909090c6
A4C6	1	movsb  %ds:(%esi),%es:(%edi)
A5C6	1	movsl  %ds:(%esi),%es:(%edi)
A6C6	1	cmpsb  %es:(%edi),%ds:(%esi)
A7C6	1	cmpsl  %es:(%edi),%ds:(%esi)
A8C6	2	test   $0xc6,%al
A9C6	5	test   $0x909090c6,%eax
AAC6	1	stos   %al,%es:(%edi)
ABC6	1	stos   %eax,%es:(%edi)
ACC6	1	lods   %ds:(%esi),%al
ADC6	1	lods   %ds:(%esi),%eax
AEC6	1	scas   %es:(%edi),%al
AFC6	1	scas   %es:(%edi),%eax
B0C6	2	mov    $0xc6,%al
B1C6	2	mov    $0xc6,%cl
B2C6	2	mov    $0xc6,%dl
B3C6	2	mov    $0xc6,%bl
B4C6	2	mov    $0xc6,%ah
B5C6	2	mov    $0xc6,%ch
B6C6	2	mov    $0xc6,%dh
B7C6	2	mov    $0xc6,%bh
B8C6	5	mov    $0x909090c6,%eax
B9C6	5	mov    $0x909090c6,%ecx
BAC6	5	mov    $0x909090c6,%edx
BBC6	5	mov    $0x909090c6,%ebx
BCC6	5	mov    $0x909090c6,%esp
BDC6	5	mov    $0x909090c6,%ebp
BEC6	5	mov    $0x909090c6,%esi
BFC6	5	mov    $0x909090c6,%edi
C0C6	3	rol    $0x90,%dh
C1C6	3	rol    $0x90,%esi
C2C6	3	ret    $0x90c6
C3C6	1	ret
C4C6	NONE	(bad)
C5C6	NONE	(bad)
C6C6	3	mov    $0x90,%dh
C7C6	6	mov    $0x90909090,%esi
C8C6	4	enter  $0x90c6,$0x90
C9C6	1	leave
CAC6	3	lret   $0x90c6
CBC6	1	lret
CCC6	1	int3
CDC6	2	int    $0xc6
CEC6	1	into
CFC6	1	iret
D0C6	2	rol    $1,%dh
D1C6	2	rol    $1,%esi
D2C6	2	rol    %cl,%dh
D3C6	2	rol    %cl,%esi
D4C6	2	aam    $0xc6
D5C6	2	aad    $0xc6
D6C6	NONE	(bad)
D7C6	1	xlat   %ds:(%ebx)
D8C6	2	fadd   %st(6),%st
D9C6	2	fld    %st(6)
DAC6	2	fcmovb %st(6),%st
DBC6	2	fcmovnb %st(6),%st
DCC6	2	fadd   %st,%st(6)
DDC6	2	ffree  %st(6)
DEC6	2	faddp  %st,%st(6)
DFC6	2	ffreep %st(6)
E0C6	2	loopne 0xffffffc8
E1C6	2	loope  0xffffffc8
E2C6	2	loop   0xffffffc8
E3C6	2	jecxz  0xffffffc8
E4C6	2	in     $0xc6,%al
E5C6	2	in     $0xc6,%eax
E6C6	2	out    %al,$0xc6
E7C6	2	out    %eax,$0xc6
E8C6	5	call   0x909090cb
E9C6	5	jmp    0x909090cb
EAC6	7	ljmp   $0x9090,$0x909090c6
EBC6	2	jmp    0xffffffc8
ECC6	1	in     (%dx),%al
EDC6	1	in     (%dx),%eax
EEC6	1	out    %al,(%dx)
EFC6	1	out    %eax,(%dx)
F0C6	NONE	lock (bad)
F1C6	1	int1
F2C6	NONE	repnz (bad)
F3C6	NONE	repz (bad)
F4C6	1	hlt
F5C6	1	cmc
F6C6	3	test   $0x90,%dh
F7C6	6	test   $0x90909090,%esi
F8C6	1	clc
F9C6	1	stc
FAC6	1	cli
FBC6	1	sti
FCC6	1	cld
FDC6	1	std
FEC6	2	inc    %dh
FFC6	2	inc    %esi
00C7	2	add    %al,%bh
01C7	2	add    %eax,%edi
02C7	2	add    %bh,%al
03C7	2	add    %edi,%eax
04C7	2	add    $0xc7,%al
05C7	5	add    $0x909090c7,%eax
06C7	1	push   %es
07C7	1	pop    %es
08C7	2	or     %al,%bh
09C7	2	or     %eax,%edi
0AC7	2	or     %bh,%al
0BC7	2	or     %edi,%eax
0CC7	2	or     $0xc7,%al
0DC7	5	or     $0x909090c7,%eax
0EC7	1	push   %cs
0FC7	NONE	(bad)
10C7	2	adc    %al,%bh
11C7	2	adc    %eax,%edi
12C7	2	adc    %bh,%al
13C7	2	adc    %edi,%eax
14C7	2	adc    $0xc7,%al
15C7	5	adc    $0x909090c7,%eax
16C7	1	push   %ss
17C7	1	pop    %ss
18C7	2	sbb    %al,%bh
19C7	2	sbb    %eax,%edi
1AC7	2	sbb    %bh,%al
1BC7	2	sbb    %edi,%eax
1CC7	2	sbb    $0xc7,%al
1DC7	5	sbb    $0x909090c7,%eax
1EC7	1	push   %ds
1FC7	1	pop    %ds
20C7	2	and    %al,%bh
21C7	2	and    %eax,%edi
22C7	2	and    %bh,%al
23C7	2	and    %edi,%eax
24C7	2	and    $0xc7,%al
25C7	5	and    $0x909090c7,%eax
26C7	NONE	es (bad)
27C7	1	daa
28C7	2	sub    %al,%bh
29C7	2	sub    %eax,%edi
2AC7	2	sub    %bh,%al
2BC7	2	sub    %edi,%eax
2CC7	2	sub    $0xc7,%al
2DC7	5	sub    $0x909090c7,%eax
2EC7	NONE	cs (bad)
2FC7	1	das
30C7	2	xor    %al,%bh
31C7	2	xor    %eax,%edi
32C7	2	xor    %bh,%al
33C7	2	xor    %edi,%eax
34C7	2	xor    $0xc7,%al
35C7	5	xor    $0x909090c7,%eax
36C7	NONE	ss (bad)
37C7	1	aaa
38C7	2	cmp    %al,%bh
39C7	2	cmp    %eax,%edi
3AC7	2	cmp    %bh,%al
3BC7	2	cmp    %edi,%eax
3CC7	2	cmp    $0xc7,%al
3DC7	5	cmp    $0x909090c7,%eax
3EC7	NONE	ds (bad)
3FC7	1	aas
40C7	1	inc    %eax
41C7	1	inc    %ecx
42C7	1	inc    %edx
43C7	1	inc    %ebx
44C7	1	inc    %esp
45C7	1	inc    %ebp
46C7	1	inc    %esi
47C7	1	inc    %edi
48C7	1	dec    %eax
49C7	1	dec    %ecx
4AC7	1	dec    %edx
4BC7	1	dec    %ebx
4CC7	1	dec    %esp
4DC7	1	dec    %ebp
4EC7	1	dec    %esi
4FC7	1	dec    %edi
50C7	1	push   %eax
51C7	1	push   %ecx
52C7	1	push   %edx
53C7	1	push   %ebx
54C7	1	push   %esp
55C7	1	push   %ebp
56C7	1	push   %esi
57C7	1	push   %edi
58C7	1	pop    %eax
59C7	1	pop    %ecx
5AC7	1	pop    %edx
5BC7	1	pop    %ebx
5CC7	1	pop    %esp
5DC7	1	pop    %ebp
5EC7	1	pop    %esi
5FC7	1	pop    %edi
60C7	1	pusha
61C7	1	popa
62C7	NONE	(bad)  {rn-bad},{bad}
63C7	2	arpl   %eax,%edi
64C7	NONE	fs (bad)
65C7	NONE	gs (bad)
66C7	NONE	data16 (bad)
67C7	NONE	addr16 (bad)
68C7	5	push   $0x909090c7
69C7	6	imul   $0x90909090,%edi,%eax
6AC7	2	push   $0xffffffc7
6BC7	3	imul   $0xffffff90,%edi,%eax
6CC7	1	insb   (%dx),%es:(%edi)
6DC7	1	insl   (%dx),%es:(%edi)
6EC7	1	outsb  %ds:(%esi),(%dx)
6FC7	1	outsl  %ds:(%esi),(%dx)
70C7	2	jo     0xffffffc9
71C7	2	jno    0xffffffc9
72C7	2	jb     0xffffffc9
73C7	2	jae    0xffffffc9
74C7	2	je     0xffffffc9
75C7	2	jne    0xffffffc9
76C7	2	jbe    0xffffffc9
77C7	2	ja     0xffffffc9
78C7	2	js     0xffffffc9
79C7	2	jns    0xffffffc9
7AC7	2	jp     0xffffffc9
7BC7	2	jnp    0xffffffc9
7CC7	2	jl     0xffffffc9
7DC7	2	jge    0xffffffc9
7EC7	2	jle    0xffffffc9
7FC7	2	jg     0xffffffc9
80C7	3	add    $0x90,%bh
81C7	6	add    $0x90909090,%edi
82C7	3	add    $0x90,%bh
83C7	3	add    $0xffffff90,%edi
84C7	2	test   %al,%bh
85C7	2	test   %eax,%edi
86C7	2	xchg   %al,%bh
87C7	2	xchg   %eax,%edi
88C7	2	mov    %al,%bh
89C7	2	mov    %eax,%edi
8AC7	2	mov    %bh,%al
8BC7	2	mov    %edi,%eax
8CC7	2	mov    %es,%edi
8DC7	NONE	lea    (bad),%eax
8EC7	2	mov    %edi,%es
8FC7	2	pop    %edi
90C7	1	nop
91C7	1	xchg   %eax,%ecx
92C7	1	xchg   %eax,%edx
93C7	1	xchg   %eax,%ebx
94C7	1	xchg   %eax,%esp
95C7	1	xchg   %eax,%ebp
96C7	1	xchg   %eax,%esi
97C7	1	xchg   %eax,%edi
98C7	1	cwtl
99C7	1	cltd
9AC7	7	lcall  $0x9090,$0x909090c7
9BC7	1	fwait
9CC7	1	pushf
9DC7	1	popf
9EC7	1	sahf
9FC7	1	lahf
A0C7	5	mov    0x909090c7,%al
A1C7	5	mov    0x909090c7,%eax
A2C7	5	mov    %al,0x909090c7
A3C7	5	mov    %eax,0x909090c7
A4C7	1	movsb  %ds:(%esi),%es:(%edi)
A5C7	1	movsl  %ds:(%esi),%es:(%edi)
A6C7	1	cmpsb  %es:(%edi),%ds:(%esi)
A7C7	1	cmpsl  %es:(%edi),%ds:(%esi)
A8C7	2	test   $0xc7,%al
A9C7	5	test   $0x909090c7,%eax
AAC7	1	stos   %al,%es:(%edi)
ABC7	1	stos   %eax,%es:(%edi)
ACC7	1	lods   %ds:(%esi),%al
ADC7	1	lods   %ds:(%esi),%eax
AEC7	1	scas   %es:(%edi),%al
AFC7	1	scas   %es:(%edi),%eax
B0C7	2	mov    $0xc7,%al
B1C7	2	mov    $0xc7,%cl
B2C7	2	mov    $0xc7,%dl
B3C7	2	mov    $0xc7,%bl
B4C7	2	mov    $0xc7,%ah
B5C7	2	mov    $0xc7,%ch
B6C7	2	mov    $0xc7,%dh
B7C7	2	mov    $0xc7,%bh
B8C7	5	mov    $0x909090c7,%eax
B9C7	5	mov    $0x909090c7,%ecx
BAC7	5	mov    $0x909090c7,%edx
BBC7	5	mov    $0x909090c7,%ebx
BCC7	5	mov    $0x909090c7,%esp
BDC7	5	mov    $0x909090c7,%ebp
BEC7	5	mov    $0x909090c7,%esi
BFC7	5	mov    $0x909090c7,%edi
C0C7	3	rol    $0x90,%bh
C1C7	3	rol    $0x90,%edi
C2C7	3	ret    $0x90c7
C3C7	1	ret
C4C7	NONE	(bad)
C5C7	NONE	(bad)
C6C7	3	mov    $0x90,%bh
C7C7	6	mov    $0x90909090,%edi
C8C7	4	enter  $0x90c7,$0x90
C9C7	1	leave
CAC7	3	lret   $0x90c7
CBC7	1	lret
CCC7	1	int3
CDC7	2	int    $0xc7
CEC7	1	into
CFC7	1	iret
D0C7	2	rol    $1,%bh
D1C7	2	rol    $1,%edi
D2C7	2	rol    %cl,%bh
D3C7	2	rol    %cl,%edi
D4C7	2	aam    $0xc7
D5C7	2	aad    $0xc7
D6C7	NONE	(bad)
D7C7	1	xlat   %ds:(%ebx)
D8C7	2	fadd   %st(7),%st
D9C7	2	fld    %st(7)
DAC7	2	fcmovb %st(7),%st
DBC7	2	fcmovnb %st(7),%st
DCC7	2	fadd   %st,%st(7)
DDC7	2	ffree  %st(7)
DEC7	2	faddp  %st,%st(7)
DFC7	2	ffreep %st(7)
E0C7	2	loopne 0xffffffc9
E1C7	2	loope  0xffffffc9
E2C7	2	loop   0xffffffc9
E3C7	2	jecxz  0xffffffc9
E4C7	2	in     $0xc7,%al
E5C7	2	in     $0xc7,%eax
E6C7	2	out    %al,$0xc7
E7C7	2	out    %eax,$0xc7
E8C7	5	call   0x909090cc
E9C7	5	jmp    0x909090cc
EAC7	7	ljmp   $0x9090,$0x909090c7
EBC7	2	jmp    0xffffffc9
ECC7	1	in     (%dx),%al
EDC7	1	in     (%dx),%eax
EEC7	1	out    %al,(%dx)
EFC7	1	out    %eax,(%dx)
F0C7	NONE	lock (bad)
F1C7	1	int1
F2C7	NONE	repnz (bad)
F3C7	NONE	repz (bad)
F4C7	1	hlt
F5C7	1	cmc
F6C7	3	test   $0x90,%bh
F7C7	6	test   $0x90909090,%edi
F8C7	1	clc
F9C7	1	stc
FAC7	1	cli
FBC7	1	sti
FCC7	1	cld
FDC7	1	std
FEC7	2	inc    %bh
FFC7	2	inc    %edi
00C8	2	add    %cl,%al
01C8	2	add    %ecx,%eax
02C8	2	add    %al,%cl
03C8	2	add    %eax,%ecx
04C8	2	add    $0xc8,%al
05C8	5	add    $0x909090c8,%eax
06C8	1	push   %es
07C8	1	pop    %es
08C8	2	or     %cl,%al
09C8	2	or     %ecx,%eax
0AC8	2	or     %al,%cl
0BC8	2	or     %eax,%ecx
0CC8	2	or     $0xc8,%al
0DC8	5	or     $0x909090c8,%eax
0EC8	1	push   %cs
0FC8	2	bswap  %eax
10C8	2	adc    %cl,%al
11C8	2	adc    %ecx,%eax
12C8	2	adc    %al,%cl
13C8	2	adc    %eax,%ecx
14C8	2	adc    $0xc8,%al
15C8	5	adc    $0x909090c8,%eax
16C8	1	push   %ss
17C8	1	pop    %ss
18C8	2	sbb    %cl,%al
19C8	2	sbb    %ecx,%eax
1AC8	2	sbb    %al,%cl
1BC8	2	sbb    %eax,%ecx
1CC8	2	sbb    $0xc8,%al
1DC8	5	sbb    $0x909090c8,%eax
1EC8	1	push   %ds
1FC8	1	pop    %ds
20C8	2	and    %cl,%al
21C8	2	and    %ecx,%eax
22C8	2	and    %al,%cl
23C8	2	and    %eax,%ecx
24C8	2	and    $0xc8,%al
25C8	5	and    $0x909090c8,%eax
26C8	5	es enter $0x9090,$0x90
27C8	1	daa
28C8	2	sub    %cl,%al
29C8	2	sub    %ecx,%eax
2AC8	2	sub    %al,%cl
2BC8	2	sub    %eax,%ecx
2CC8	2	sub    $0xc8,%al
2DC8	5	sub    $0x909090c8,%eax
2EC8	5	cs enter $0x9090,$0x90
2FC8	1	das
30C8	2	xor    %cl,%al
31C8	2	xor    %ecx,%eax
32C8	2	xor    %al,%cl
33C8	2	xor    %eax,%ecx
34C8	2	xor    $0xc8,%al
35C8	5	xor    $0x909090c8,%eax
36C8	5	ss enter $0x9090,$0x90
37C8	1	aaa
38C8	2	cmp    %cl,%al
39C8	2	cmp    %ecx,%eax
3AC8	2	cmp    %al,%cl
3BC8	2	cmp    %eax,%ecx
3CC8	2	cmp    $0xc8,%al
3DC8	5	cmp    $0x909090c8,%eax
3EC8	5	ds enter $0x9090,$0x90
3FC8	1	aas
40C8	1	inc    %eax
41C8	1	inc    %ecx
42C8	1	inc    %edx
43C8	1	inc    %ebx
44C8	1	inc    %esp
45C8	1	inc    %ebp
46C8	1	inc    %esi
47C8	1	inc    %edi
48C8	1	dec    %eax
49C8	1	dec    %ecx
4AC8	1	dec    %edx
4BC8	1	dec    %ebx
4CC8	1	dec    %esp
4DC8	1	dec    %ebp
4EC8	1	dec    %esi
4FC8	1	dec    %edi
50C8	1	push   %eax
51C8	1	push   %ecx
52C8	1	push   %edx
53C8	1	push   %ebx
54C8	1	push   %esp
55C8	1	push   %ebp
56C8	1	push   %esi
57C8	1	push   %edi
58C8	1	pop    %eax
59C8	1	pop    %ecx
5AC8	1	pop    %edx
5BC8	1	pop    %ebx
5CC8	1	pop    %esp
5DC8	1	pop    %ebp
5EC8	1	pop    %esi
5FC8	1	pop    %edi
60C8	1	pusha
61C8	1	popa
62C8	NONE	(bad)
63C8	2	arpl   %ecx,%eax
64C8	5	fs enter $0x9090,$0x90
65C8	5	gs enter $0x9090,$0x90
66C8	5	enterw $0x9090,$0x90
67C8	5	addr16 enter $0x9090,$0x90
68C8	5	push   $0x909090c8
69C8	6	imul   $0x90909090,%eax,%ecx
6AC8	2	push   $0xffffffc8
6BC8	3	imul   $0xffffff90,%eax,%ecx
6CC8	1	insb   (%dx),%es:(%edi)
6DC8	1	insl   (%dx),%es:(%edi)
6EC8	1	outsb  %ds:(%esi),(%dx)
6FC8	1	outsl  %ds:(%esi),(%dx)
70C8	2	jo     0xffffffca
71C8	2	jno    0xffffffca
72C8	2	jb     0xffffffca
73C8	2	jae    0xffffffca
74C8	2	je     0xffffffca
75C8	2	jne    0xffffffca
76C8	2	jbe    0xffffffca
77C8	2	ja     0xffffffca
78C8	2	js     0xffffffca
79C8	2	jns    0xffffffca
7AC8	2	jp     0xffffffca
7BC8	2	jnp    0xffffffca
7CC8	2	jl     0xffffffca
7DC8	2	jge    0xffffffca
7EC8	2	jle    0xffffffca
7FC8	2	jg     0xffffffca
80C8	3	or     $0x90,%al
81C8	6	or     $0x90909090,%eax
82C8	3	or     $0x90,%al
83C8	3	or     $0xffffff90,%eax
84C8	2	test   %cl,%al
85C8	2	test   %ecx,%eax
86C8	2	xchg   %cl,%al
87C8	2	xchg   %ecx,%eax
88C8	2	mov    %cl,%al
89C8	2	mov    %ecx,%eax
8AC8	2	mov    %al,%cl
8BC8	2	mov    %eax,%ecx
8CC8	2	mov    %cs,%eax
8DC8	NONE	lea    (bad),%ecx
8EC8	2	mov    %eax,%cs
8FC8	NONE	(bad)
90C8	1	nop
91C8	1	xchg   %eax,%ecx
92C8	1	xchg   %eax,%edx
93C8	1	xchg   %eax,%ebx
94C8	1	xchg   %eax,%esp
95C8	1	xchg   %eax,%ebp
96C8	1	xchg   %eax,%esi
97C8	1	xchg   %eax,%edi
98C8	1	cwtl
99C8	1	cltd
9AC8	7	lcall  $0x9090,$0x909090c8
9BC8	1	fwait
9CC8	1	pushf
9DC8	1	popf
9EC8	1	sahf
9FC8	1	lahf
A0C8	5	mov    0x909090c8,%al
A1C8	5	mov    0x909090c8,%eax
A2C8	5	mov    %al,0x909090c8
A3C8	5	mov    %eax,0x909090c8
A4C8	1	movsb  %ds:(%esi),%es:(%edi)
A5C8	1	movsl  %ds:(%esi),%es:(%edi)
A6C8	1	cmpsb  %es:(%edi),%ds:(%esi)
A7C8	1	cmpsl  %es:(%edi),%ds:(%esi)
A8C8	2	test   $0xc8,%al
A9C8	5	test   $0x909090c8,%eax
AAC8	1	stos   %al,%es:(%edi)
ABC8	1	stos   %eax,%es:(%edi)
ACC8	1	lods   %ds:(%esi),%al
ADC8	1	lods   %ds:(%esi),%eax
AEC8	1	scas   %es:(%edi),%al
AFC8	1	scas   %es:(%edi),%eax
B0C8	2	mov    $0xc8,%al
B1C8	2	mov    $0xc8,%cl
B2C8	2	mov    $0xc8,%dl
B3C8	2	mov    $0xc8,%bl
B4C8	2	mov    $0xc8,%ah
B5C8	2	mov    $0xc8,%ch
B6C8	2	mov    $0xc8,%dh
B7C8	2	mov    $0xc8,%bh
B8C8	5	mov    $0x909090c8,%eax
B9C8	5	mov    $0x909090c8,%ecx
BAC8	5	mov    $0x909090c8,%edx
BBC8	5	mov    $0x909090c8,%ebx
BCC8	5	mov    $0x909090c8,%esp
BDC8	5	mov    $0x909090c8,%ebp
BEC8	5	mov    $0x909090c8,%esi
BFC8	5	mov    $0x909090c8,%edi
C0C8	3	ror    $0x90,%al
C1C8	3	ror    $0x90,%eax
C2C8	3	ret    $0x90c8
C3C8	1	ret
C4C8	NONE	(bad)
C5C8	NONE	(bad)
C6C8	NONE	(bad)
C7C8	NONE	(bad)
C8C8	4	enter  $0x90c8,$0x90
C9C8	1	leave
CAC8	3	lret   $0x90c8
CBC8	1	lret
CCC8	1	int3
CDC8	2	int    $0xc8
CEC8	1	into
CFC8	1	iret
D0C8	2	ror    $1,%al
D1C8	2	ror    $1,%eax
D2C8	2	ror    %cl,%al
D3C8	2	ror    %cl,%eax
D4C8	2	aam    $0xc8
D5C8	2	aad    $0xc8
D6C8	NONE	(bad)
D7C8	1	xlat   %ds:(%ebx)
D8C8	2	fmul   %st(0),%st
D9C8	2	fxch   %st(0)
DAC8	2	fcmove %st(0),%st
DBC8	2	fcmovne %st(0),%st
DCC8	2	fmul   %st,%st(0)
DDC8	NONE	(bad)
DEC8	2	fmulp  %st,%st(0)
DFC8	NONE	(bad)
E0C8	2	loopne 0xffffffca
E1C8	2	loope  0xffffffca
E2C8	2	loop   0xffffffca
E3C8	2	jecxz  0xffffffca
E4C8	2	in     $0xc8,%al
E5C8	2	in     $0xc8,%eax
E6C8	2	out    %al,$0xc8
E7C8	2	out    %eax,$0xc8
E8C8	5	call   0x909090cd
E9C8	5	jmp    0x909090cd
EAC8	7	ljmp   $0x9090,$0x909090c8
EBC8	2	jmp    0xffffffca
ECC8	1	in     (%dx),%al
EDC8	1	in     (%dx),%eax
EEC8	1	out    %al,(%dx)
EFC8	1	out    %eax,(%dx)
F0C8	5	lock enter $0x9090,$0x90
F1C8	1	int1
F2C8	5	repnz enter $0x9090,$0x90
F3C8	5	repz enter $0x9090,$0x90
F4C8	1	hlt
F5C8	1	cmc
F6C8	3	test   $0x90,%al
F7C8	6	test   $0x90909090,%eax
F8C8	1	clc
F9C8	1	stc
FAC8	1	cli
FBC8	1	sti
FCC8	1	cld
FDC8	1	std
FEC8	2	dec    %al
FFC8	2	dec    %eax
00C9	2	add    %cl,%cl
01C9	2	add    %ecx,%ecx
02C9	2	add    %cl,%cl
03C9	2	add    %ecx,%ecx
04C9	2	add    $0xc9,%al
05C9	5	add    $0x909090c9,%eax
06C9	1	push   %es
07C9	1	pop    %es
08C9	2	or     %cl,%cl
09C9	2	or     %ecx,%ecx
0AC9	2	or     %cl,%cl
0BC9	2	or     %ecx,%ecx
0CC9	2	or     $0xc9,%al
0DC9	5	or     $0x909090c9,%eax
0EC9	1	push   %cs
0FC9	2	bswap  %ecx
10C9	2	adc    %cl,%cl
11C9	2	adc    %ecx,%ecx
12C9	2	adc    %cl,%cl
13C9	2	adc    %ecx,%ecx
14C9	2	adc    $0xc9,%al
15C9	5	adc    $0x909090c9,%eax
16C9	1	push   %ss
17C9	1	pop    %ss
18C9	2	sbb    %cl,%cl
19C9	2	sbb    %ecx,%ecx
1AC9	2	sbb    %cl,%cl
1BC9	2	sbb    %ecx,%ecx
1CC9	2	sbb    $0xc9,%al
1DC9	5	sbb    $0x909090c9,%eax
1EC9	1	push   %ds
1FC9	1	pop    %ds
20C9	2	and    %cl,%cl
21C9	2	and    %ecx,%ecx
22C9	2	and    %cl,%cl
23C9	2	and    %ecx,%ecx
24C9	2	and    $0xc9,%al
25C9	5	and    $0x909090c9,%eax
26C9	2	es leave
27C9	1	daa
28C9	2	sub    %cl,%cl
29C9	2	sub    %ecx,%ecx
2AC9	2	sub    %cl,%cl
2BC9	2	sub    %ecx,%ecx
2CC9	2	sub    $0xc9,%al
2DC9	5	sub    $0x909090c9,%eax
2EC9	2	cs leave
2FC9	1	das
30C9	2	xor    %cl,%cl
31C9	2	xor    %ecx,%ecx
32C9	2	xor    %cl,%cl
33C9	2	xor    %ecx,%ecx
34C9	2	xor    $0xc9,%al
35C9	5	xor    $0x909090c9,%eax
36C9	2	ss leave
37C9	1	aaa
38C9	2	cmp    %cl,%cl
39C9	2	cmp    %ecx,%ecx
3AC9	2	cmp    %cl,%cl
3BC9	2	cmp    %ecx,%ecx
3CC9	2	cmp    $0xc9,%al
3DC9	5	cmp    $0x909090c9,%eax
3EC9	2	ds leave
3FC9	1	aas
40C9	1	inc    %eax
41C9	1	inc    %ecx
42C9	1	inc    %edx
43C9	1	inc    %ebx
44C9	1	inc    %esp
45C9	1	inc    %ebp
46C9	1	inc    %esi
47C9	1	inc    %edi
48C9	1	dec    %eax
49C9	1	dec    %ecx
4AC9	1	dec    %edx
4BC9	1	dec    %ebx
4CC9	1	dec    %esp
4DC9	1	dec    %ebp
4EC9	1	dec    %esi
4FC9	1	dec    %edi
50C9	1	push   %eax
51C9	1	push   %ecx
52C9	1	push   %edx
53C9	1	push   %ebx
54C9	1	push   %esp
55C9	1	push   %ebp
56C9	1	push   %esi
57C9	1	push   %edi
58C9	1	pop    %eax
59C9	1	pop    %ecx
5AC9	1	pop    %edx
5BC9	1	pop    %ebx
5CC9	1	pop    %esp
5DC9	1	pop    %ebp
5EC9	1	pop    %esi
5FC9	1	pop    %edi
60C9	1	pusha
61C9	1	popa
62C9	NONE	(bad)  {rn-bad},{bad}
63C9	2	arpl   %ecx,%ecx
64C9	2	fs leave
65C9	2	gs leave
66C9	2	leavew
67C9	2	addr16 leave
68C9	5	push   $0x909090c9
69C9	6	imul   $0x90909090,%ecx,%ecx
6AC9	2	push   $0xffffffc9
6BC9	3	imul   $0xffffff90,%ecx,%ecx
6CC9	1	insb   (%dx),%es:(%edi)
6DC9	1	insl   (%dx),%es:(%edi)
6EC9	1	outsb  %ds:(%esi),(%dx)
6FC9	1	outsl  %ds:(%esi),(%dx)
70C9	2	jo     0xffffffcb
71C9	2	jno    0xffffffcb
72C9	2	jb     0xffffffcb
73C9	2	jae    0xffffffcb
74C9	2	je     0xffffffcb
75C9	2	jne    0xffffffcb
76C9	2	jbe    0xffffffcb
77C9	2	ja     0xffffffcb
78C9	2	js     0xffffffcb
79C9	2	jns    0xffffffcb
7AC9	2	jp     0xffffffcb
7BC9	2	jnp    0xffffffcb
7CC9	2	jl     0xffffffcb
7DC9	2	jge    0xffffffcb
7EC9	2	jle    0xffffffcb
7FC9	2	jg     0xffffffcb
80C9	3	or     $0x90,%cl
81C9	6	or     $0x90909090,%ecx
82C9	3	or     $0x90,%cl
83C9	3	or     $0xffffff90,%ecx
84C9	2	test   %cl,%cl
85C9	2	test   %ecx,%ecx
86C9	2	xchg   %cl,%cl
87C9	2	xchg   %ecx,%ecx
88C9	2	mov    %cl,%cl
89C9	2	mov    %ecx,%ecx
8AC9	2	mov    %cl,%cl
8BC9	2	mov    %ecx,%ecx
8CC9	2	mov    %cs,%ecx
8DC9	NONE	lea    (bad),%ecx
8EC9	2	mov    %ecx,%cs
8FC9	9	vprotb -0x6f6f6f70(%eax),%xmm5,%xmm2
90C9	1	nop
91C9	1	xchg   %eax,%ecx
92C9	1	xchg   %eax,%edx
93C9	1	xchg   %eax,%ebx
94C9	1	xchg   %eax,%esp
95C9	1	xchg   %eax,%ebp
96C9	1	xchg   %eax,%esi
97C9	1	xchg   %eax,%edi
98C9	1	cwtl
99C9	1	cltd
9AC9	7	lcall  $0x9090,$0x909090c9
9BC9	1	fwait
9CC9	1	pushf
9DC9	1	popf
9EC9	1	sahf
9FC9	1	lahf
A0C9	5	mov    0x909090c9,%al
A1C9	5	mov    0x909090c9,%eax
A2C9	5	mov    %al,0x909090c9
A3C9	5	mov    %eax,0x909090c9
A4C9	1	movsb  %ds:(%esi),%es:(%edi)
A5C9	1	movsl  %ds:(%esi),%es:(%edi)
A6C9	1	cmpsb  %es:(%edi),%ds:(%esi)
A7C9	1	cmpsl  %es:(%edi),%ds:(%esi)
A8C9	2	test   $0xc9,%al
A9C9	5	test   $0x909090c9,%eax
AAC9	1	stos   %al,%es:(%edi)
ABC9	1	stos   %eax,%es:(%edi)
ACC9	1	lods   %ds:(%esi),%al
ADC9	1	lods   %ds:(%esi),%eax
AEC9	1	scas   %es:(%edi),%al
AFC9	1	scas   %es:(%edi),%eax
B0C9	2	mov    $0xc9,%al
B1C9	2	mov    $0xc9,%cl
B2C9	2	mov    $0xc9,%dl
B3C9	2	mov    $0xc9,%bl
B4C9	2	mov    $0xc9,%ah
B5C9	2	mov    $0xc9,%ch
B6C9	2	mov    $0xc9,%dh
B7C9	2	mov    $0xc9,%bh
B8C9	5	mov    $0x909090c9,%eax
B9C9	5	mov    $0x909090c9,%ecx
BAC9	5	mov    $0x909090c9,%edx
BBC9	5	mov    $0x909090c9,%ebx
BCC9	5	mov    $0x909090c9,%esp
BDC9	5	mov    $0x909090c9,%ebp
BEC9	5	mov    $0x909090c9,%esi
BFC9	5	mov    $0x909090c9,%edi
C0C9	3	ror    $0x90,%cl
C1C9	3	ror    $0x90,%ecx
C2C9	3	ret    $0x90c9
C3C9	1	ret
C4C9	NONE	(bad)
C5C9	NONE	(bad)
C6C9	NONE	(bad)
C7C9	NONE	(bad)
C8C9	4	enter  $0x90c9,$0x90
C9C9	1	leave
CAC9	3	lret   $0x90c9
CBC9	1	lret
CCC9	1	int3
CDC9	2	int    $0xc9
CEC9	1	into
CFC9	1	iret
D0C9	2	ror    $1,%cl
D1C9	2	ror    $1,%ecx
D2C9	2	ror    %cl,%cl
D3C9	2	ror    %cl,%ecx
D4C9	2	aam    $0xc9
D5C9	2	aad    $0xc9
D6C9	NONE	(bad)
D7C9	1	xlat   %ds:(%ebx)
D8C9	2	fmul   %st(1),%st
D9C9	2	fxch   %st(1)
DAC9	2	fcmove %st(1),%st
DBC9	2	fcmovne %st(1),%st
DCC9	2	fmul   %st,%st(1)
DDC9	NONE	(bad)
DEC9	2	fmulp  %st,%st(1)
DFC9	NONE	(bad)
E0C9	2	loopne 0xffffffcb
E1C9	2	loope  0xffffffcb
E2C9	2	loop   0xffffffcb
E3C9	2	jecxz  0xffffffcb
E4C9	2	in     $0xc9,%al
E5C9	2	in     $0xc9,%eax
E6C9	2	out    %al,$0xc9
E7C9	2	out    %eax,$0xc9
E8C9	5	call   0x909090ce
E9C9	5	jmp    0x909090ce
EAC9	7	ljmp   $0x9090,$0x909090c9
EBC9	2	jmp    0xffffffcb
ECC9	1	in     (%dx),%al
EDC9	1	in     (%dx),%eax
EEC9	1	out    %al,(%dx)
EFC9	1	out    %eax,(%dx)
F0C9	2	lock leave
F1C9	1	int1
F2C9	2	repnz leave
F3C9	2	repz leave
F4C9	1	hlt
F5C9	1	cmc
F6C9	3	test   $0x90,%cl
F7C9	6	test   $0x90909090,%ecx
F8C9	1	clc
F9C9	1	stc
FAC9	1	cli
FBC9	1	sti
FCC9	1	cld
FDC9	1	std
FEC9	2	dec    %cl
FFC9	2	dec    %ecx
00CA	2	add    %cl,%dl
01CA	2	add    %ecx,%edx
02CA	2	add    %dl,%cl
03CA	2	add    %edx,%ecx
04CA	2	add    $0xca,%al
05CA	5	add    $0x909090ca,%eax
06CA	1	push   %es
07CA	1	pop    %es
08CA	2	or     %cl,%dl
09CA	2	or     %ecx,%edx
0ACA	2	or     %dl,%cl
0BCA	2	or     %edx,%ecx
0CCA	2	or     $0xca,%al
0DCA	5	or     $0x909090ca,%eax
0ECA	1	push   %cs
0FCA	2	bswap  %edx
10CA	2	adc    %cl,%dl
11CA	2	adc    %ecx,%edx
12CA	2	adc    %dl,%cl
13CA	2	adc    %edx,%ecx
14CA	2	adc    $0xca,%al
15CA	5	adc    $0x909090ca,%eax
16CA	1	push   %ss
17CA	1	pop    %ss
18CA	2	sbb    %cl,%dl
19CA	2	sbb    %ecx,%edx
1ACA	2	sbb    %dl,%cl
1BCA	2	sbb    %edx,%ecx
1CCA	2	sbb    $0xca,%al
1DCA	5	sbb    $0x909090ca,%eax
1ECA	1	push   %ds
1FCA	1	pop    %ds
20CA	2	and    %cl,%dl
21CA	2	and    %ecx,%edx
22CA	2	and    %dl,%cl
23CA	2	and    %edx,%ecx
24CA	2	and    $0xca,%al
25CA	5	and    $0x909090ca,%eax
26CA	4	es lret $0x9090
27CA	1	daa
28CA	2	sub    %cl,%dl
29CA	2	sub    %ecx,%edx
2ACA	2	sub    %dl,%cl
2BCA	2	sub    %edx,%ecx
2CCA	2	sub    $0xca,%al
2DCA	5	sub    $0x909090ca,%eax
2ECA	4	cs lret $0x9090
2FCA	1	das
30CA	2	xor    %cl,%dl
31CA	2	xor    %ecx,%edx
32CA	2	xor    %dl,%cl
33CA	2	xor    %edx,%ecx
34CA	2	xor    $0xca,%al
35CA	5	xor    $0x909090ca,%eax
36CA	4	ss lret $0x9090
37CA	1	aaa
38CA	2	cmp    %cl,%dl
39CA	2	cmp    %ecx,%edx
3ACA	2	cmp    %dl,%cl
3BCA	2	cmp    %edx,%ecx
3CCA	2	cmp    $0xca,%al
3DCA	5	cmp    $0x909090ca,%eax
3ECA	4	ds lret $0x9090
3FCA	1	aas
40CA	1	inc    %eax
41CA	1	inc    %ecx
42CA	1	inc    %edx
43CA	1	inc    %ebx
44CA	1	inc    %esp
45CA	1	inc    %ebp
46CA	1	inc    %esi
47CA	1	inc    %edi
48CA	1	dec    %eax
49CA	1	dec    %ecx
4ACA	1	dec    %edx
4BCA	1	dec    %ebx
4CCA	1	dec    %esp
4DCA	1	dec    %ebp
4ECA	1	dec    %esi
4FCA	1	dec    %edi
50CA	1	push   %eax
51CA	1	push   %ecx
52CA	1	push   %edx
53CA	1	push   %ebx
54CA	1	push   %esp
55CA	1	push   %ebp
56CA	1	push   %esi
57CA	1	push   %edi
58CA	1	pop    %eax
59CA	1	pop    %ecx
5ACA	1	pop    %edx
5BCA	1	pop    %ebx
5CCA	1	pop    %esp
5DCA	1	pop    %ebp
5ECA	1	pop    %esi
5FCA	1	pop    %edi
60CA	1	pusha
61CA	1	popa
62CA	NONE	(bad)  {rn-bad},{bad}
63CA	2	arpl   %ecx,%edx
64CA	4	fs lret $0x9090
65CA	4	gs lret $0x9090
66CA	4	lretw  $0x9090
67CA	4	addr16 lret $0x9090
68CA	5	push   $0x909090ca
69CA	6	imul   $0x90909090,%edx,%ecx
6ACA	2	push   $0xffffffca
6BCA	3	imul   $0xffffff90,%edx,%ecx
6CCA	1	insb   (%dx),%es:(%edi)
6DCA	1	insl   (%dx),%es:(%edi)
6ECA	1	outsb  %ds:(%esi),(%dx)
6FCA	1	outsl  %ds:(%esi),(%dx)
70CA	2	jo     0xffffffcc
71CA	2	jno    0xffffffcc
72CA	2	jb     0xffffffcc
73CA	2	jae    0xffffffcc
74CA	2	je     0xffffffcc
75CA	2	jne    0xffffffcc
76CA	2	jbe    0xffffffcc
77CA	2	ja     0xffffffcc
78CA	2	js     0xffffffcc
79CA	2	jns    0xffffffcc
7ACA	2	jp     0xffffffcc
7BCA	2	jnp    0xffffffcc
7CCA	2	jl     0xffffffcc
7DCA	2	jge    0xffffffcc
7ECA	2	jle    0xffffffcc
7FCA	2	jg     0xffffffcc
80CA	3	or     $0x90,%dl
81CA	6	or     $0x90909090,%edx
82CA	3	or     $0x90,%dl
83CA	3	or     $0xffffff90,%edx
84CA	2	test   %cl,%dl
85CA	2	test   %ecx,%edx
86CA	2	xchg   %cl,%dl
87CA	2	xchg   %ecx,%edx
88CA	2	mov    %cl,%dl
89CA	2	mov    %ecx,%edx
8ACA	2	mov    %dl,%cl
8BCA	2	mov    %edx,%ecx
8CCA	2	mov    %cs,%edx
8DCA	NONE	lea    (bad),%ecx
8ECA	2	mov    %edx,%cs
8FCA	NONE	(bad)
90CA	1	nop
91CA	1	xchg   %eax,%ecx
92CA	1	xchg   %eax,%edx
93CA	1	xchg   %eax,%ebx
94CA	1	xchg   %eax,%esp
95CA	1	xchg   %eax,%ebp
96CA	1	xchg   %eax,%esi
97CA	1	xchg   %eax,%edi
98CA	1	cwtl
99CA	1	cltd
9ACA	7	lcall  $0x9090,$0x909090ca
9BCA	1	fwait
9CCA	1	pushf
9DCA	1	popf
9ECA	1	sahf
9FCA	1	lahf
A0CA	5	mov    0x909090ca,%al
A1CA	5	mov    0x909090ca,%eax
A2CA	5	mov    %al,0x909090ca
A3CA	5	mov    %eax,0x909090ca
A4CA	1	movsb  %ds:(%esi),%es:(%edi)
A5CA	1	movsl  %ds:(%esi),%es:(%edi)
A6CA	1	cmpsb  %es:(%edi),%ds:(%esi)
A7CA	1	cmpsl  %es:(%edi),%ds:(%esi)
A8CA	2	test   $0xca,%al
A9CA	5	test   $0x909090ca,%eax
AACA	1	stos   %al,%es:(%edi)
ABCA	1	stos   %eax,%es:(%edi)
ACCA	1	lods   %ds:(%esi),%al
ADCA	1	lods   %ds:(%esi),%eax
AECA	1	scas   %es:(%edi),%al
AFCA	1	scas   %es:(%edi),%eax
B0CA	2	mov    $0xca,%al
B1CA	2	mov    $0xca,%cl
B2CA	2	mov    $0xca,%dl
B3CA	2	mov    $0xca,%bl
B4CA	2	mov    $0xca,%ah
B5CA	2	mov    $0xca,%ch
B6CA	2	mov    $0xca,%dh
B7CA	2	mov    $0xca,%bh
B8CA	5	mov    $0x909090ca,%eax
B9CA	5	mov    $0x909090ca,%ecx
BACA	5	mov    $0x909090ca,%edx
BBCA	5	mov    $0x909090ca,%ebx
BCCA	5	mov    $0x909090ca,%esp
BDCA	5	mov    $0x909090ca,%ebp
BECA	5	mov    $0x909090ca,%esi
BFCA	5	mov    $0x909090ca,%edi
C0CA	3	ror    $0x90,%dl
C1CA	3	ror    $0x90,%edx
C2CA	3	ret    $0x90ca
C3CA	1	ret
C4CA	NONE	(bad)
C5CA	NONE	(bad)
C6CA	NONE	(bad)
C7CA	NONE	(bad)
C8CA	4	enter  $0x90ca,$0x90
C9CA	1	leave
CACA	3	lret   $0x90ca
CBCA	1	lret
CCCA	1	int3
CDCA	2	int    $0xca
CECA	1	into
CFCA	1	iret
D0CA	2	ror    $1,%dl
D1CA	2	ror    $1,%edx
D2CA	2	ror    %cl,%dl
D3CA	2	ror    %cl,%edx
D4CA	2	aam    $0xca
D5CA	2	aad    $0xca
D6CA	NONE	(bad)
D7CA	1	xlat   %ds:(%ebx)
D8CA	2	fmul   %st(2),%st
D9CA	2	fxch   %st(2)
DACA	2	fcmove %st(2),%st
DBCA	2	fcmovne %st(2),%st
DCCA	2	fmul   %st,%st(2)
DDCA	NONE	(bad)
DECA	2	fmulp  %st,%st(2)
DFCA	NONE	(bad)
E0CA	2	loopne 0xffffffcc
E1CA	2	loope  0xffffffcc
E2CA	2	loop   0xffffffcc
E3CA	2	jecxz  0xffffffcc
E4CA	2	in     $0xca,%al
E5CA	2	in     $0xca,%eax
E6CA	2	out    %al,$0xca
E7CA	2	out    %eax,$0xca
E8CA	5	call   0x909090cf
E9CA	5	jmp    0x909090cf
EACA	7	ljmp   $0x9090,$0x909090ca
EBCA	2	jmp    0xffffffcc
ECCA	1	in     (%dx),%al
EDCA	1	in     (%dx),%eax
EECA	1	out    %al,(%dx)
EFCA	1	out    %eax,(%dx)
F0CA	4	lock lret $0x9090
F1CA	1	int1
F2CA	4	repnz lret $0x9090
F3CA	4	repz lret $0x9090
F4CA	1	hlt
F5CA	1	cmc
F6CA	3	test   $0x90,%dl
F7CA	6	test   $0x90909090,%edx
F8CA	1	clc
F9CA	1	stc
FACA	1	cli
FBCA	1	sti
FCCA	1	cld
FDCA	1	std
FECA	2	dec    %dl
FFCA	2	dec    %edx
00CB	2	add    %cl,%bl
01CB	2	add    %ecx,%ebx
02CB	2	add    %bl,%cl
03CB	2	add    %ebx,%ecx
04CB	2	add    $0xcb,%al
05CB	5	add    $0x909090cb,%eax
06CB	1	push   %es
07CB	1	pop    %es
08CB	2	or     %cl,%bl
09CB	2	or     %ecx,%ebx
0ACB	2	or     %bl,%cl
0BCB	2	or     %ebx,%ecx
0CCB	2	or     $0xcb,%al
0DCB	5	or     $0x909090cb,%eax
0ECB	1	push   %cs
0FCB	2	bswap  %ebx
10CB	2	adc    %cl,%bl
11CB	2	adc    %ecx,%ebx
12CB	2	adc    %bl,%cl
13CB	2	adc    %ebx,%ecx
14CB	2	adc    $0xcb,%al
15CB	5	adc    $0x909090cb,%eax
16CB	1	push   %ss
17CB	1	pop    %ss
18CB	2	sbb    %cl,%bl
19CB	2	sbb    %ecx,%ebx
1ACB	2	sbb    %bl,%cl
1BCB	2	sbb    %ebx,%ecx
1CCB	2	sbb    $0xcb,%al
1DCB	5	sbb    $0x909090cb,%eax
1ECB	1	push   %ds
1FCB	1	pop    %ds
20CB	2	and    %cl,%bl
21CB	2	and    %ecx,%ebx
22CB	2	and    %bl,%cl
23CB	2	and    %ebx,%ecx
24CB	2	and    $0xcb,%al
25CB	5	and    $0x909090cb,%eax
26CB	2	es lret
27CB	1	daa
28CB	2	sub    %cl,%bl
29CB	2	sub    %ecx,%ebx
2ACB	2	sub    %bl,%cl
2BCB	2	sub    %ebx,%ecx
2CCB	2	sub    $0xcb,%al
2DCB	5	sub    $0x909090cb,%eax
2ECB	2	cs lret
2FCB	1	das
30CB	2	xor    %cl,%bl
31CB	2	xor    %ecx,%ebx
32CB	2	xor    %bl,%cl
33CB	2	xor    %ebx,%ecx
34CB	2	xor    $0xcb,%al
35CB	5	xor    $0x909090cb,%eax
36CB	2	ss lret
37CB	1	aaa
38CB	2	cmp    %cl,%bl
39CB	2	cmp    %ecx,%ebx
3ACB	2	cmp    %bl,%cl
3BCB	2	cmp    %ebx,%ecx
3CCB	2	cmp    $0xcb,%al
3DCB	5	cmp    $0x909090cb,%eax
3ECB	2	ds lret
3FCB	1	aas
40CB	1	inc    %eax
41CB	1	inc    %ecx
42CB	1	inc    %edx
43CB	1	inc    %ebx
44CB	1	inc    %esp
45CB	1	inc    %ebp
46CB	1	inc    %esi
47CB	1	inc    %edi
48CB	1	dec    %eax
49CB	1	dec    %ecx
4ACB	1	dec    %edx
4BCB	1	dec    %ebx
4CCB	1	dec    %esp
4DCB	1	dec    %ebp
4ECB	1	dec    %esi
4FCB	1	dec    %edi
50CB	1	push   %eax
51CB	1	push   %ecx
52CB	1	push   %edx
53CB	1	push   %ebx
54CB	1	push   %esp
55CB	1	push   %ebp
56CB	1	push   %esi
57CB	1	push   %edi
58CB	1	pop    %eax
59CB	1	pop    %ecx
5ACB	1	pop    %edx
5BCB	1	pop    %ebx
5CCB	1	pop    %esp
5DCB	1	pop    %ebp
5ECB	1	pop    %esi
5FCB	1	pop    %edi
60CB	1	pusha
61CB	1	popa
62CB	NONE	(bad)  {rn-bad},{bad}
63CB	2	arpl   %ecx,%ebx
64CB	2	fs lret
65CB	2	gs lret
66CB	2	lretw
67CB	2	addr16 lret
68CB	5	push   $0x909090cb
69CB	6	imul   $0x90909090,%ebx,%ecx
6ACB	2	push   $0xffffffcb
6BCB	3	imul   $0xffffff90,%ebx,%ecx
6CCB	1	insb   (%dx),%es:(%edi)
6DCB	1	insl   (%dx),%es:(%edi)
6ECB	1	outsb  %ds:(%esi),(%dx)
6FCB	1	outsl  %ds:(%esi),(%dx)
70CB	2	jo     0xffffffcd
71CB	2	jno    0xffffffcd
72CB	2	jb     0xffffffcd
73CB	2	jae    0xffffffcd
74CB	2	je     0xffffffcd
75CB	2	jne    0xffffffcd
76CB	2	jbe    0xffffffcd
77CB	2	ja     0xffffffcd
78CB	2	js     0xffffffcd
79CB	2	jns    0xffffffcd
7ACB	2	jp     0xffffffcd
7BCB	2	jnp    0xffffffcd
7CCB	2	jl     0xffffffcd
7DCB	2	jge    0xffffffcd
7ECB	2	jle    0xffffffcd
7FCB	2	jg     0xffffffcd
80CB	3	or     $0x90,%bl
81CB	6	or     $0x90909090,%ebx
82CB	3	or     $0x90,%bl
83CB	3	or     $0xffffff90,%ebx
84CB	2	test   %cl,%bl
85CB	2	test   %ecx,%ebx
86CB	2	xchg   %cl,%bl
87CB	2	xchg   %ecx,%ebx
88CB	2	mov    %cl,%bl
89CB	2	mov    %ecx,%ebx
8ACB	2	mov    %bl,%cl
8BCB	2	mov    %ebx,%ecx
8CCB	2	mov    %cs,%ebx
8DCB	NONE	lea    (bad),%ecx
8ECB	2	mov    %ebx,%cs
8FCB	NONE	(bad)
90CB	1	nop
91CB	1	xchg   %eax,%ecx
92CB	1	xchg   %eax,%edx
93CB	1	xchg   %eax,%ebx
94CB	1	xchg   %eax,%esp
95CB	1	xchg   %eax,%ebp
96CB	1	xchg   %eax,%esi
97CB	1	xchg   %eax,%edi
98CB	1	cwtl
99CB	1	cltd
9ACB	7	lcall  $0x9090,$0x909090cb
9BCB	1	fwait
9CCB	1	pushf
9DCB	1	popf
9ECB	1	sahf
9FCB	1	lahf
A0CB	5	mov    0x909090cb,%al
A1CB	5	mov    0x909090cb,%eax
A2CB	5	mov    %al,0x909090cb
A3CB	5	mov    %eax,0x909090cb
A4CB	1	movsb  %ds:(%esi),%es:(%edi)
A5CB	1	movsl  %ds:(%esi),%es:(%edi)
A6CB	1	cmpsb  %es:(%edi),%ds:(%esi)
A7CB	1	cmpsl  %es:(%edi),%ds:(%esi)
A8CB	2	test   $0xcb,%al
A9CB	5	test   $0x909090cb,%eax
AACB	1	stos   %al,%es:(%edi)
ABCB	1	stos   %eax,%es:(%edi)
ACCB	1	lods   %ds:(%esi),%al
ADCB	1	lods   %ds:(%esi),%eax
AECB	1	scas   %es:(%edi),%al
AFCB	1	scas   %es:(%edi),%eax
B0CB	2	mov    $0xcb,%al
B1CB	2	mov    $0xcb,%cl
B2CB	2	mov    $0xcb,%dl
B3CB	2	mov    $0xcb,%bl
B4CB	2	mov    $0xcb,%ah
B5CB	2	mov    $0xcb,%ch
B6CB	2	mov    $0xcb,%dh
B7CB	2	mov    $0xcb,%bh
B8CB	5	mov    $0x909090cb,%eax
B9CB	5	mov    $0x909090cb,%ecx
BACB	5	mov    $0x909090cb,%edx
BBCB	5	mov    $0x909090cb,%ebx
BCCB	5	mov    $0x909090cb,%esp
BDCB	5	mov    $0x909090cb,%ebp
BECB	5	mov    $0x909090cb,%esi
BFCB	5	mov    $0x909090cb,%edi
C0CB	3	ror    $0x90,%bl
C1CB	3	ror    $0x90,%ebx
C2CB	3	ret    $0x90cb
C3CB	1	ret
C4CB	NONE	(bad)
C5CB	NONE	(bad)
C6CB	NONE	(bad)
C7CB	NONE	(bad)
C8CB	4	enter  $0x90cb,$0x90
C9CB	1	leave
CACB	3	lret   $0x90cb
CBCB	1	lret
CCCB	1	int3
CDCB	2	int    $0xcb
CECB	1	into
CFCB	1	iret
D0CB	2	ror    $1,%bl
D1CB	2	ror    $1,%ebx
D2CB	2	ror    %cl,%bl
D3CB	2	ror    %cl,%ebx
D4CB	2	aam    $0xcb
D5CB	2	aad    $0xcb
D6CB	NONE	(bad)
D7CB	1	xlat   %ds:(%ebx)
D8CB	2	fmul   %st(3),%st
D9CB	2	fxch   %st(3)
DACB	2	fcmove %st(3),%st
DBCB	2	fcmovne %st(3),%st
DCCB	2	fmul   %st,%st(3)
DDCB	NONE	(bad)
DECB	2	fmulp  %st,%st(3)
DFCB	NONE	(bad)
E0CB	2	loopne 0xffffffcd
E1CB	2	loope  0xffffffcd
E2CB	2	loop   0xffffffcd
E3CB	2	jecxz  0xffffffcd
E4CB	2	in     $0xcb,%al
E5CB	2	in     $0xcb,%eax
E6CB	2	out    %al,$0xcb
E7CB	2	out    %eax,$0xcb
E8CB	5	call   0x909090d0
E9CB	5	jmp    0x909090d0
EACB	7	ljmp   $0x9090,$0x909090cb
EBCB	2	jmp    0xffffffcd
ECCB	1	in     (%dx),%al
EDCB	1	in     (%dx),%eax
EECB	1	out    %al,(%dx)
EFCB	1	out    %eax,(%dx)
F0CB	2	lock lret
F1CB	1	int1
F2CB	2	repnz lret
F3CB	2	repz lret
F4CB	1	hlt
F5CB	1	cmc
F6CB	3	test   $0x90,%bl
F7CB	6	test   $0x90909090,%ebx
F8CB	1	clc
F9CB	1	stc
FACB	1	cli
FBCB	1	sti
FCCB	1	cld
FDCB	1	std
FECB	2	dec    %bl
FFCB	2	dec    %ebx
00CC	2	add    %cl,%ah
01CC	2	add    %ecx,%esp
02CC	2	add    %ah,%cl
03CC	2	add    %esp,%ecx
04CC	2	add    $0xcc,%al
05CC	5	add    $0x909090cc,%eax
06CC	1	push   %es
07CC	1	pop    %es
08CC	2	or     %cl,%ah
09CC	2	or     %ecx,%esp
0ACC	2	or     %ah,%cl
0BCC	2	or     %esp,%ecx
0CCC	2	or     $0xcc,%al
0DCC	5	or     $0x909090cc,%eax
0ECC	1	push   %cs
0FCC	2	bswap  %esp
10CC	2	adc    %cl,%ah
11CC	2	adc    %ecx,%esp
12CC	2	adc    %ah,%cl
13CC	2	adc    %esp,%ecx
14CC	2	adc    $0xcc,%al
15CC	5	adc    $0x909090cc,%eax
16CC	1	push   %ss
17CC	1	pop    %ss
18CC	2	sbb    %cl,%ah
19CC	2	sbb    %ecx,%esp
1ACC	2	sbb    %ah,%cl
1BCC	2	sbb    %esp,%ecx
1CCC	2	sbb    $0xcc,%al
1DCC	5	sbb    $0x909090cc,%eax
1ECC	1	push   %ds
1FCC	1	pop    %ds
20CC	2	and    %cl,%ah
21CC	2	and    %ecx,%esp
22CC	2	and    %ah,%cl
23CC	2	and    %esp,%ecx
24CC	2	and    $0xcc,%al
25CC	5	and    $0x909090cc,%eax
26CC	2	es int3
27CC	1	daa
28CC	2	sub    %cl,%ah
29CC	2	sub    %ecx,%esp
2ACC	2	sub    %ah,%cl
2BCC	2	sub    %esp,%ecx
2CCC	2	sub    $0xcc,%al
2DCC	5	sub    $0x909090cc,%eax
2ECC	2	cs int3
2FCC	1	das
30CC	2	xor    %cl,%ah
31CC	2	xor    %ecx,%esp
32CC	2	xor    %ah,%cl
33CC	2	xor    %esp,%ecx
34CC	2	xor    $0xcc,%al
35CC	5	xor    $0x909090cc,%eax
36CC	2	ss int3
37CC	1	aaa
38CC	2	cmp    %cl,%ah
39CC	2	cmp    %ecx,%esp
3ACC	2	cmp    %ah,%cl
3BCC	2	cmp    %esp,%ecx
3CCC	2	cmp    $0xcc,%al
3DCC	5	cmp    $0x909090cc,%eax
3ECC	2	ds int3
3FCC	1	aas
40CC	1	inc    %eax
41CC	1	inc    %ecx
42CC	1	inc    %edx
43CC	1	inc    %ebx
44CC	1	inc    %esp
45CC	1	inc    %ebp
46CC	1	inc    %esi
47CC	1	inc    %edi
48CC	1	dec    %eax
49CC	1	dec    %ecx
4ACC	1	dec    %edx
4BCC	1	dec    %ebx
4CCC	1	dec    %esp
4DCC	1	dec    %ebp
4ECC	1	dec    %esi
4FCC	1	dec    %edi
50CC	1	push   %eax
51CC	1	push   %ecx
52CC	1	push   %edx
53CC	1	push   %ebx
54CC	1	push   %esp
55CC	1	push   %ebp
56CC	1	push   %esi
57CC	1	push   %edi
58CC	1	pop    %eax
59CC	1	pop    %ecx
5ACC	1	pop    %edx
5BCC	1	pop    %ebx
5CCC	1	pop    %esp
5DCC	1	pop    %ebp
5ECC	1	pop    %esi
5FCC	1	pop    %edi
60CC	1	pusha
61CC	1	popa
62CC	NONE	(bad)
63CC	2	arpl   %ecx,%esp
64CC	2	fs int3
65CC	2	gs int3
66CC	2	data16 int3
67CC	2	addr16 int3
68CC	5	push   $0x909090cc
69CC	6	imul   $0x90909090,%esp,%ecx
6ACC	2	push   $0xffffffcc
6BCC	3	imul   $0xffffff90,%esp,%ecx
6CCC	1	insb   (%dx),%es:(%edi)
6DCC	1	insl   (%dx),%es:(%edi)
6ECC	1	outsb  %ds:(%esi),(%dx)
6FCC	1	outsl  %ds:(%esi),(%dx)
70CC	2	jo     0xffffffce
71CC	2	jno    0xffffffce
72CC	2	jb     0xffffffce
73CC	2	jae    0xffffffce
74CC	2	je     0xffffffce
75CC	2	jne    0xffffffce
76CC	2	jbe    0xffffffce
77CC	2	ja     0xffffffce
78CC	2	js     0xffffffce
79CC	2	jns    0xffffffce
7ACC	2	jp     0xffffffce
7BCC	2	jnp    0xffffffce
7CCC	2	jl     0xffffffce
7DCC	2	jge    0xffffffce
7ECC	2	jle    0xffffffce
7FCC	2	jg     0xffffffce
80CC	3	or     $0x90,%ah
81CC	6	or     $0x90909090,%esp
82CC	3	or     $0x90,%ah
83CC	3	or     $0xffffff90,%esp
84CC	2	test   %cl,%ah
85CC	2	test   %ecx,%esp
86CC	2	xchg   %cl,%ah
87CC	2	xchg   %ecx,%esp
88CC	2	mov    %cl,%ah
89CC	2	mov    %ecx,%esp
8ACC	2	mov    %ah,%cl
8BCC	2	mov    %esp,%ecx
8CCC	2	mov    %cs,%esp
8DCC	NONE	lea    (bad),%ecx
8ECC	2	mov    %esp,%cs
8FCC	NONE	(bad)
90CC	1	nop
91CC	1	xchg   %eax,%ecx
92CC	1	xchg   %eax,%edx
93CC	1	xchg   %eax,%ebx
94CC	1	xchg   %eax,%esp
95CC	1	xchg   %eax,%ebp
96CC	1	xchg   %eax,%esi
97CC	1	xchg   %eax,%edi
98CC	1	cwtl
99CC	1	cltd
9ACC	7	lcall  $0x9090,$0x909090cc
9BCC	1	fwait
9CCC	1	pushf
9DCC	1	popf
9ECC	1	sahf
9FCC	1	lahf
A0CC	5	mov    0x909090cc,%al
A1CC	5	mov    0x909090cc,%eax
A2CC	5	mov    %al,0x909090cc
A3CC	5	mov    %eax,0x909090cc
A4CC	1	movsb  %ds:(%esi),%es:(%edi)
A5CC	1	movsl  %ds:(%esi),%es:(%edi)
A6CC	1	cmpsb  %es:(%edi),%ds:(%esi)
A7CC	1	cmpsl  %es:(%edi),%ds:(%esi)
A8CC	2	test   $0xcc,%al
A9CC	5	test   $0x909090cc,%eax
AACC	1	stos   %al,%es:(%edi)
ABCC	1	stos   %eax,%es:(%edi)
ACCC	1	lods   %ds:(%esi),%al
ADCC	1	lods   %ds:(%esi),%eax
AECC	1	scas   %es:(%edi),%al
AFCC	1	scas   %es:(%edi),%eax
B0CC	2	mov    $0xcc,%al
B1CC	2	mov    $0xcc,%cl
B2CC	2	mov    $0xcc,%dl
B3CC	2	mov    $0xcc,%bl
B4CC	2	mov    $0xcc,%ah
B5CC	2	mov    $0xcc,%ch
B6CC	2	mov    $0xcc,%dh
B7CC	2	mov    $0xcc,%bh
B8CC	5	mov    $0x909090cc,%eax
B9CC	5	mov    $0x909090cc,%ecx
BACC	5	mov    $0x909090cc,%edx
BBCC	5	mov    $0x909090cc,%ebx
BCCC	5	mov    $0x909090cc,%esp
BDCC	5	mov    $0x909090cc,%ebp
BECC	5	mov    $0x909090cc,%esi
BFCC	5	mov    $0x909090cc,%edi
C0CC	3	ror    $0x90,%ah
C1CC	3	ror    $0x90,%esp
C2CC	3	ret    $0x90cc
C3CC	1	ret
C4CC	NONE	(bad)
C5CC	NONE	(bad)
C6CC	NONE	(bad)
C7CC	NONE	(bad)
C8CC	4	enter  $0x90cc,$0x90
C9CC	1	leave
CACC	3	lret   $0x90cc
CBCC	1	lret
CCCC	1	int3
CDCC	2	int    $0xcc
CECC	1	into
CFCC	1	iret
D0CC	2	ror    $1,%ah
D1CC	2	ror    $1,%esp
D2CC	2	ror    %cl,%ah
D3CC	2	ror    %cl,%esp
D4CC	2	aam    $0xcc
D5CC	2	aad    $0xcc
D6CC	NONE	(bad)
D7CC	1	xlat   %ds:(%ebx)
D8CC	2	fmul   %st(4),%st
D9CC	2	fxch   %st(4)
DACC	2	fcmove %st(4),%st
DBCC	2	fcmovne %st(4),%st
DCCC	2	fmul   %st,%st(4)
DDCC	NONE	(bad)
DECC	2	fmulp  %st,%st(4)
DFCC	NONE	(bad)
E0CC	2	loopne 0xffffffce
E1CC	2	loope  0xffffffce
E2CC	2	loop   0xffffffce
E3CC	2	jecxz  0xffffffce
E4CC	2	in     $0xcc,%al
E5CC	2	in     $0xcc,%eax
E6CC	2	out    %al,$0xcc
E7CC	2	out    %eax,$0xcc
E8CC	5	call   0x909090d1
E9CC	5	jmp    0x909090d1
EACC	7	ljmp   $0x9090,$0x909090cc
EBCC	2	jmp    0xffffffce
ECCC	1	in     (%dx),%al
EDCC	1	in     (%dx),%eax
EECC	1	out    %al,(%dx)
EFCC	1	out    %eax,(%dx)
F0CC	2	lock int3
F1CC	1	int1
F2CC	2	repnz int3
F3CC	2	repz int3
F4CC	1	hlt
F5CC	1	cmc
F6CC	3	test   $0x90,%ah
F7CC	6	test   $0x90909090,%esp
F8CC	1	clc
F9CC	1	stc
FACC	1	cli
FBCC	1	sti
FCCC	1	cld
FDCC	1	std
FECC	2	dec    %ah
FFCC	2	dec    %esp
00CD	2	add    %cl,%ch
01CD	2	add    %ecx,%ebp
02CD	2	add    %ch,%cl
03CD	2	add    %ebp,%ecx
04CD	2	add    $0xcd,%al
05CD	5	add    $0x909090cd,%eax
06CD	1	push   %es
07CD	1	pop    %es
08CD	2	or     %cl,%ch
09CD	2	or     %ecx,%ebp
0ACD	2	or     %ch,%cl
0BCD	2	or     %ebp,%ecx
0CCD	2	or     $0xcd,%al
0DCD	5	or     $0x909090cd,%eax
0ECD	1	push   %cs
0FCD	2	bswap  %ebp
10CD	2	adc    %cl,%ch
11CD	2	adc    %ecx,%ebp
12CD	2	adc    %ch,%cl
13CD	2	adc    %ebp,%ecx
14CD	2	adc    $0xcd,%al
15CD	5	adc    $0x909090cd,%eax
16CD	1	push   %ss
17CD	1	pop    %ss
18CD	2	sbb    %cl,%ch
19CD	2	sbb    %ecx,%ebp
1ACD	2	sbb    %ch,%cl
1BCD	2	sbb    %ebp,%ecx
1CCD	2	sbb    $0xcd,%al
1DCD	5	sbb    $0x909090cd,%eax
1ECD	1	push   %ds
1FCD	1	pop    %ds
20CD	2	and    %cl,%ch
21CD	2	and    %ecx,%ebp
22CD	2	and    %ch,%cl
23CD	2	and    %ebp,%ecx
24CD	2	and    $0xcd,%al
25CD	5	and    $0x909090cd,%eax
26CD	3	es int $0x90
27CD	1	daa
28CD	2	sub    %cl,%ch
29CD	2	sub    %ecx,%ebp
2ACD	2	sub    %ch,%cl
2BCD	2	sub    %ebp,%ecx
2CCD	2	sub    $0xcd,%al
2DCD	5	sub    $0x909090cd,%eax
2ECD	3	cs int $0x90
2FCD	1	das
30CD	2	xor    %cl,%ch
31CD	2	xor    %ecx,%ebp
32CD	2	xor    %ch,%cl
33CD	2	xor    %ebp,%ecx
34CD	2	xor    $0xcd,%al
35CD	5	xor    $0x909090cd,%eax
36CD	3	ss int $0x90
37CD	1	aaa
38CD	2	cmp    %cl,%ch
39CD	2	cmp    %ecx,%ebp
3ACD	2	cmp    %ch,%cl
3BCD	2	cmp    %ebp,%ecx
3CCD	2	cmp    $0xcd,%al
3DCD	5	cmp    $0x909090cd,%eax
3ECD	3	ds int $0x90
3FCD	1	aas
40CD	1	inc    %eax
41CD	1	inc    %ecx
42CD	1	inc    %edx
43CD	1	inc    %ebx
44CD	1	inc    %esp
45CD	1	inc    %ebp
46CD	1	inc    %esi
47CD	1	inc    %edi
48CD	1	dec    %eax
49CD	1	dec    %ecx
4ACD	1	dec    %edx
4BCD	1	dec    %ebx
4CCD	1	dec    %esp
4DCD	1	dec    %ebp
4ECD	1	dec    %esi
4FCD	1	dec    %edi
50CD	1	push   %eax
51CD	1	push   %ecx
52CD	1	push   %edx
53CD	1	push   %ebx
54CD	1	push   %esp
55CD	1	push   %ebp
56CD	1	push   %esi
57CD	1	push   %edi
58CD	1	pop    %eax
59CD	1	pop    %ecx
5ACD	1	pop    %edx
5BCD	1	pop    %ebx
5CCD	1	pop    %esp
5DCD	1	pop    %ebp
5ECD	1	pop    %esi
5FCD	1	pop    %edi
60CD	1	pusha
61CD	1	popa
62CD	NONE	(bad)  {rn-bad},{bad}
63CD	2	arpl   %ecx,%ebp
64CD	3	fs int $0x90
65CD	3	gs int $0x90
66CD	3	data16 int $0x90
67CD	3	addr16 int $0x90
68CD	5	push   $0x909090cd
69CD	6	imul   $0x90909090,%ebp,%ecx
6ACD	2	push   $0xffffffcd
6BCD	3	imul   $0xffffff90,%ebp,%ecx
6CCD	1	insb   (%dx),%es:(%edi)
6DCD	1	insl   (%dx),%es:(%edi)
6ECD	1	outsb  %ds:(%esi),(%dx)
6FCD	1	outsl  %ds:(%esi),(%dx)
70CD	2	jo     0xffffffcf
71CD	2	jno    0xffffffcf
72CD	2	jb     0xffffffcf
73CD	2	jae    0xffffffcf
74CD	2	je     0xffffffcf
75CD	2	jne    0xffffffcf
76CD	2	jbe    0xffffffcf
77CD	2	ja     0xffffffcf
78CD	2	js     0xffffffcf
79CD	2	jns    0xffffffcf
7ACD	2	jp     0xffffffcf
7BCD	2	jnp    0xffffffcf
7CCD	2	jl     0xffffffcf
7DCD	2	jge    0xffffffcf
7ECD	2	jle    0xffffffcf
7FCD	2	jg     0xffffffcf
80CD	3	or     $0x90,%ch
81CD	6	or     $0x90909090,%ebp
82CD	3	or     $0x90,%ch
83CD	3	or     $0xffffff90,%ebp
84CD	2	test   %cl,%ch
85CD	2	test   %ecx,%ebp
86CD	2	xchg   %cl,%ch
87CD	2	xchg   %ecx,%ebp
88CD	2	mov    %cl,%ch
89CD	2	mov    %ecx,%ebp
8ACD	2	mov    %ch,%cl
8BCD	2	mov    %ebp,%ecx
8CCD	2	mov    %cs,%ebp
8DCD	NONE	lea    (bad),%ecx
8ECD	2	mov    %ebp,%cs
8FCD	NONE	(bad)
90CD	1	nop
91CD	1	xchg   %eax,%ecx
92CD	1	xchg   %eax,%edx
93CD	1	xchg   %eax,%ebx
94CD	1	xchg   %eax,%esp
95CD	1	xchg   %eax,%ebp
96CD	1	xchg   %eax,%esi
97CD	1	xchg   %eax,%edi
98CD	1	cwtl
99CD	1	cltd
9ACD	7	lcall  $0x9090,$0x909090cd
9BCD	1	fwait
9CCD	1	pushf
9DCD	1	popf
9ECD	1	sahf
9FCD	1	lahf
A0CD	5	mov    0x909090cd,%al
A1CD	5	mov    0x909090cd,%eax
A2CD	5	mov    %al,0x909090cd
A3CD	5	mov    %eax,0x909090cd
A4CD	1	movsb  %ds:(%esi),%es:(%edi)
A5CD	1	movsl  %ds:(%esi),%es:(%edi)
A6CD	1	cmpsb  %es:(%edi),%ds:(%esi)
A7CD	1	cmpsl  %es:(%edi),%ds:(%esi)
A8CD	2	test   $0xcd,%al
A9CD	5	test   $0x909090cd,%eax
AACD	1	stos   %al,%es:(%edi)
ABCD	1	stos   %eax,%es:(%edi)
ACCD	1	lods   %ds:(%esi),%al
ADCD	1	lods   %ds:(%esi),%eax
AECD	1	scas   %es:(%edi),%al
AFCD	1	scas   %es:(%edi),%eax
B0CD	2	mov    $0xcd,%al
B1CD	2	mov    $0xcd,%cl
B2CD	2	mov    $0xcd,%dl
B3CD	2	mov    $0xcd,%bl
B4CD	2	mov    $0xcd,%ah
B5CD	2	mov    $0xcd,%ch
B6CD	2	mov    $0xcd,%dh
B7CD	2	mov    $0xcd,%bh
B8CD	5	mov    $0x909090cd,%eax
B9CD	5	mov    $0x909090cd,%ecx
BACD	5	mov    $0x909090cd,%edx
BBCD	5	mov    $0x909090cd,%ebx
BCCD	5	mov    $0x909090cd,%esp
BDCD	5	mov    $0x909090cd,%ebp
BECD	5	mov    $0x909090cd,%esi
BFCD	5	mov    $0x909090cd,%edi
C0CD	3	ror    $0x90,%ch
C1CD	3	ror    $0x90,%ebp
C2CD	3	ret    $0x90cd
C3CD	1	ret
C4CD	NONE	(bad)
C5CD	NONE	(bad)
C6CD	NONE	(bad)
C7CD	NONE	(bad)
C8CD	4	enter  $0x90cd,$0x90
C9CD	1	leave
CACD	3	lret   $0x90cd
CBCD	1	lret
CCCD	1	int3
CDCD	2	int    $0xcd
CECD	1	into
CFCD	1	iret
D0CD	2	ror    $1,%ch
D1CD	2	ror    $1,%ebp
D2CD	2	ror    %cl,%ch
D3CD	2	ror    %cl,%ebp
D4CD	2	aam    $0xcd
D5CD	2	aad    $0xcd
D6CD	NONE	(bad)
D7CD	1	xlat   %ds:(%ebx)
D8CD	2	fmul   %st(5),%st
D9CD	2	fxch   %st(5)
DACD	2	fcmove %st(5),%st
DBCD	2	fcmovne %st(5),%st
DCCD	2	fmul   %st,%st(5)
DDCD	NONE	(bad)
DECD	2	fmulp  %st,%st(5)
DFCD	NONE	(bad)
E0CD	2	loopne 0xffffffcf
E1CD	2	loope  0xffffffcf
E2CD	2	loop   0xffffffcf
E3CD	2	jecxz  0xffffffcf
E4CD	2	in     $0xcd,%al
E5CD	2	in     $0xcd,%eax
E6CD	2	out    %al,$0xcd
E7CD	2	out    %eax,$0xcd
E8CD	5	call   0x909090d2
E9CD	5	jmp    0x909090d2
EACD	7	ljmp   $0x9090,$0x909090cd
EBCD	2	jmp    0xffffffcf
ECCD	1	in     (%dx),%al
EDCD	1	in     (%dx),%eax
EECD	1	out    %al,(%dx)
EFCD	1	out    %eax,(%dx)
F0CD	3	lock int $0x90
F1CD	1	int1
F2CD	3	repnz int $0x90
F3CD	3	repz int $0x90
F4CD	1	hlt
F5CD	1	cmc
F6CD	3	test   $0x90,%ch
F7CD	6	test   $0x90909090,%ebp
F8CD	1	clc
F9CD	1	stc
FACD	1	cli
FBCD	1	sti
FCCD	1	cld
FDCD	1	std
FECD	2	dec    %ch
FFCD	2	dec    %ebp
00CE	2	add    %cl,%dh
01CE	2	add    %ecx,%esi
02CE	2	add    %dh,%cl
03CE	2	add    %esi,%ecx
04CE	2	add    $0xce,%al
05CE	5	add    $0x909090ce,%eax
06CE	1	push   %es
07CE	1	pop    %es
08CE	2	or     %cl,%dh
09CE	2	or     %ecx,%esi
0ACE	2	or     %dh,%cl
0BCE	2	or     %esi,%ecx
0CCE	2	or     $0xce,%al
0DCE	5	or     $0x909090ce,%eax
0ECE	1	push   %cs
0FCE	2	bswap  %esi
10CE	2	adc    %cl,%dh
11CE	2	adc    %ecx,%esi
12CE	2	adc    %dh,%cl
13CE	2	adc    %esi,%ecx
14CE	2	adc    $0xce,%al
15CE	5	adc    $0x909090ce,%eax
16CE	1	push   %ss
17CE	1	pop    %ss
18CE	2	sbb    %cl,%dh
19CE	2	sbb    %ecx,%esi
1ACE	2	sbb    %dh,%cl
1BCE	2	sbb    %esi,%ecx
1CCE	2	sbb    $0xce,%al
1DCE	5	sbb    $0x909090ce,%eax
1ECE	1	push   %ds
1FCE	1	pop    %ds
20CE	2	and    %cl,%dh
21CE	2	and    %ecx,%esi
22CE	2	and    %dh,%cl
23CE	2	and    %esi,%ecx
24CE	2	and    $0xce,%al
25CE	5	and    $0x909090ce,%eax
26CE	2	es into
27CE	1	daa
28CE	2	sub    %cl,%dh
29CE	2	sub    %ecx,%esi
2ACE	2	sub    %dh,%cl
2BCE	2	sub    %esi,%ecx
2CCE	2	sub    $0xce,%al
2DCE	5	sub    $0x909090ce,%eax
2ECE	2	cs into
2FCE	1	das
30CE	2	xor    %cl,%dh
31CE	2	xor    %ecx,%esi
32CE	2	xor    %dh,%cl
33CE	2	xor    %esi,%ecx
34CE	2	xor    $0xce,%al
35CE	5	xor    $0x909090ce,%eax
36CE	2	ss into
37CE	1	aaa
38CE	2	cmp    %cl,%dh
39CE	2	cmp    %ecx,%esi
3ACE	2	cmp    %dh,%cl
3BCE	2	cmp    %esi,%ecx
3CCE	2	cmp    $0xce,%al
3DCE	5	cmp    $0x909090ce,%eax
3ECE	2	ds into
3FCE	1	aas
40CE	1	inc    %eax
41CE	1	inc    %ecx
42CE	1	inc    %edx
43CE	1	inc    %ebx
44CE	1	inc    %esp
45CE	1	inc    %ebp
46CE	1	inc    %esi
47CE	1	inc    %edi
48CE	1	dec    %eax
49CE	1	dec    %ecx
4ACE	1	dec    %edx
4BCE	1	dec    %ebx
4CCE	1	dec    %esp
4DCE	1	dec    %ebp
4ECE	1	dec    %esi
4FCE	1	dec    %edi
50CE	1	push   %eax
51CE	1	push   %ecx
52CE	1	push   %edx
53CE	1	push   %ebx
54CE	1	push   %esp
55CE	1	push   %ebp
56CE	1	push   %esi
57CE	1	push   %edi
58CE	1	pop    %eax
59CE	1	pop    %ecx
5ACE	1	pop    %edx
5BCE	1	pop    %ebx
5CCE	1	pop    %esp
5DCE	1	pop    %ebp
5ECE	1	pop    %esi
5FCE	1	pop    %edi
60CE	1	pusha
61CE	1	popa
62CE	NONE	(bad)  {rn-bad},{bad}
63CE	2	arpl   %ecx,%esi
64CE	2	fs into
65CE	2	gs into
66CE	2	data16 into
67CE	2	addr16 into
68CE	5	push   $0x909090ce
69CE	6	imul   $0x90909090,%esi,%ecx
6ACE	2	push   $0xffffffce
6BCE	3	imul   $0xffffff90,%esi,%ecx
6CCE	1	insb   (%dx),%es:(%edi)
6DCE	1	insl   (%dx),%es:(%edi)
6ECE	1	outsb  %ds:(%esi),(%dx)
6FCE	1	outsl  %ds:(%esi),(%dx)
70CE	2	jo     0xffffffd0
71CE	2	jno    0xffffffd0
72CE	2	jb     0xffffffd0
73CE	2	jae    0xffffffd0
74CE	2	je     0xffffffd0
75CE	2	jne    0xffffffd0
76CE	2	jbe    0xffffffd0
77CE	2	ja     0xffffffd0
78CE	2	js     0xffffffd0
79CE	2	jns    0xffffffd0
7ACE	2	jp     0xffffffd0
7BCE	2	jnp    0xffffffd0
7CCE	2	jl     0xffffffd0
7DCE	2	jge    0xffffffd0
7ECE	2	jle    0xffffffd0
7FCE	2	jg     0xffffffd0
80CE	3	or     $0x90,%dh
81CE	6	or     $0x90909090,%esi
82CE	3	or     $0x90,%dh
83CE	3	or     $0xffffff90,%esi
84CE	2	test   %cl,%dh
85CE	2	test   %ecx,%esi
86CE	2	xchg   %cl,%dh
87CE	2	xchg   %ecx,%esi
88CE	2	mov    %cl,%dh
89CE	2	mov    %ecx,%esi
8ACE	2	mov    %dh,%cl
8BCE	2	mov    %esi,%ecx
8CCE	2	mov    %cs,%esi
8DCE	NONE	lea    (bad),%ecx
8ECE	2	mov    %esi,%cs
8FCE	NONE	(bad)
90CE	1	nop
91CE	1	xchg   %eax,%ecx
92CE	1	xchg   %eax,%edx
93CE	1	xchg   %eax,%ebx
94CE	1	xchg   %eax,%esp
95CE	1	xchg   %eax,%ebp
96CE	1	xchg   %eax,%esi
97CE	1	xchg   %eax,%edi
98CE	1	cwtl
99CE	1	cltd
9ACE	7	lcall  $0x9090,$0x909090ce
9BCE	1	fwait
9CCE	1	pushf
9DCE	1	popf
9ECE	1	sahf
9FCE	1	lahf
A0CE	5	mov    0x909090ce,%al
A1CE	5	mov    0x909090ce,%eax
A2CE	5	mov    %al,0x909090ce
A3CE	5	mov    %eax,0x909090ce
A4CE	1	movsb  %ds:(%esi),%es:(%edi)
A5CE	1	movsl  %ds:(%esi),%es:(%edi)
A6CE	1	cmpsb  %es:(%edi),%ds:(%esi)
A7CE	1	cmpsl  %es:(%edi),%ds:(%esi)
A8CE	2	test   $0xce,%al
A9CE	5	test   $0x909090ce,%eax
AACE	1	stos   %al,%es:(%edi)
ABCE	1	stos   %eax,%es:(%edi)
ACCE	1	lods   %ds:(%esi),%al
ADCE	1	lods   %ds:(%esi),%eax
AECE	1	scas   %es:(%edi),%al
AFCE	1	scas   %es:(%edi),%eax
B0CE	2	mov    $0xce,%al
B1CE	2	mov    $0xce,%cl
B2CE	2	mov    $0xce,%dl
B3CE	2	mov    $0xce,%bl
B4CE	2	mov    $0xce,%ah
B5CE	2	mov    $0xce,%ch
B6CE	2	mov    $0xce,%dh
B7CE	2	mov    $0xce,%bh
B8CE	5	mov    $0x909090ce,%eax
B9CE	5	mov    $0x909090ce,%ecx
BACE	5	mov    $0x909090ce,%edx
BBCE	5	mov    $0x909090ce,%ebx
BCCE	5	mov    $0x909090ce,%esp
BDCE	5	mov    $0x909090ce,%ebp
BECE	5	mov    $0x909090ce,%esi
BFCE	5	mov    $0x909090ce,%edi
C0CE	3	ror    $0x90,%dh
C1CE	3	ror    $0x90,%esi
C2CE	3	ret    $0x90ce
C3CE	1	ret
C4CE	NONE	(bad)
C5CE	NONE	(bad)
C6CE	NONE	(bad)
C7CE	NONE	(bad)
C8CE	4	enter  $0x90ce,$0x90
C9CE	1	leave
CACE	3	lret   $0x90ce
CBCE	1	lret
CCCE	1	int3
CDCE	2	int    $0xce
CECE	1	into
CFCE	1	iret
D0CE	2	ror    $1,%dh
D1CE	2	ror    $1,%esi
D2CE	2	ror    %cl,%dh
D3CE	2	ror    %cl,%esi
D4CE	2	aam    $0xce
D5CE	2	aad    $0xce
D6CE	NONE	(bad)
D7CE	1	xlat   %ds:(%ebx)
D8CE	2	fmul   %st(6),%st
D9CE	2	fxch   %st(6)
DACE	2	fcmove %st(6),%st
DBCE	2	fcmovne %st(6),%st
DCCE	2	fmul   %st,%st(6)
DDCE	NONE	(bad)
DECE	2	fmulp  %st,%st(6)
DFCE	NONE	(bad)
E0CE	2	loopne 0xffffffd0
E1CE	2	loope  0xffffffd0
E2CE	2	loop   0xffffffd0
E3CE	2	jecxz  0xffffffd0
E4CE	2	in     $0xce,%al
E5CE	2	in     $0xce,%eax
E6CE	2	out    %al,$0xce
E7CE	2	out    %eax,$0xce
E8CE	5	call   0x909090d3
E9CE	5	jmp    0x909090d3
EACE	7	ljmp   $0x9090,$0x909090ce
EBCE	2	jmp    0xffffffd0
ECCE	1	in     (%dx),%al
EDCE	1	in     (%dx),%eax
EECE	1	out    %al,(%dx)
EFCE	1	out    %eax,(%dx)
F0CE	2	lock into
F1CE	1	int1
F2CE	2	repnz into
F3CE	2	repz into
F4CE	1	hlt
F5CE	1	cmc
F6CE	3	test   $0x90,%dh
F7CE	6	test   $0x90909090,%esi
F8CE	1	clc
F9CE	1	stc
FACE	1	cli
FBCE	1	sti
FCCE	1	cld
FDCE	1	std
FECE	2	dec    %dh
FFCE	2	dec    %esi
00CF	2	add    %cl,%bh
01CF	2	add    %ecx,%edi
02CF	2	add    %bh,%cl
03CF	2	add    %edi,%ecx
04CF	2	add    $0xcf,%al
05CF	5	add    $0x909090cf,%eax
06CF	1	push   %es
07CF	1	pop    %es
08CF	2	or     %cl,%bh
09CF	2	or     %ecx,%edi
0ACF	2	or     %bh,%cl
0BCF	2	or     %edi,%ecx
0CCF	2	or     $0xcf,%al
0DCF	5	or     $0x909090cf,%eax
0ECF	1	push   %cs
0FCF	2	bswap  %edi
10CF	2	adc    %cl,%bh
11CF	2	adc    %ecx,%edi
12CF	2	adc    %bh,%cl
13CF	2	adc    %edi,%ecx
14CF	2	adc    $0xcf,%al
15CF	5	adc    $0x909090cf,%eax
16CF	1	push   %ss
17CF	1	pop    %ss
18CF	2	sbb    %cl,%bh
19CF	2	sbb    %ecx,%edi
1ACF	2	sbb    %bh,%cl
1BCF	2	sbb    %edi,%ecx
1CCF	2	sbb    $0xcf,%al
1DCF	5	sbb    $0x909090cf,%eax
1ECF	1	push   %ds
1FCF	1	pop    %ds
20CF	2	and    %cl,%bh
21CF	2	and    %ecx,%edi
22CF	2	and    %bh,%cl
23CF	2	and    %edi,%ecx
24CF	2	and    $0xcf,%al
25CF	5	and    $0x909090cf,%eax
26CF	2	es iret
27CF	1	daa
28CF	2	sub    %cl,%bh
29CF	2	sub    %ecx,%edi
2ACF	2	sub    %bh,%cl
2BCF	2	sub    %edi,%ecx
2CCF	2	sub    $0xcf,%al
2DCF	5	sub    $0x909090cf,%eax
2ECF	2	cs iret
2FCF	1	das
30CF	2	xor    %cl,%bh
31CF	2	xor    %ecx,%edi
32CF	2	xor    %bh,%cl
33CF	2	xor    %edi,%ecx
34CF	2	xor    $0xcf,%al
35CF	5	xor    $0x909090cf,%eax
36CF	2	ss iret
37CF	1	aaa
38CF	2	cmp    %cl,%bh
39CF	2	cmp    %ecx,%edi
3ACF	2	cmp    %bh,%cl
3BCF	2	cmp    %edi,%ecx
3CCF	2	cmp    $0xcf,%al
3DCF	5	cmp    $0x909090cf,%eax
3ECF	2	ds iret
3FCF	1	aas
40CF	1	inc    %eax
41CF	1	inc    %ecx
42CF	1	inc    %edx
43CF	1	inc    %ebx
44CF	1	inc    %esp
45CF	1	inc    %ebp
46CF	1	inc    %esi
47CF	1	inc    %edi
48CF	1	dec    %eax
49CF	1	dec    %ecx
4ACF	1	dec    %edx
4BCF	1	dec    %ebx
4CCF	1	dec    %esp
4DCF	1	dec    %ebp
4ECF	1	dec    %esi
4FCF	1	dec    %edi
50CF	1	push   %eax
51CF	1	push   %ecx
52CF	1	push   %edx
53CF	1	push   %ebx
54CF	1	push   %esp
55CF	1	push   %ebp
56CF	1	push   %esi
57CF	1	push   %edi
58CF	1	pop    %eax
59CF	1	pop    %ecx
5ACF	1	pop    %edx
5BCF	1	pop    %ebx
5CCF	1	pop    %esp
5DCF	1	pop    %ebp
5ECF	1	pop    %esi
5FCF	1	pop    %edi
60CF	1	pusha
61CF	1	popa
62CF	NONE	(bad)  {rn-bad},{bad}
63CF	2	arpl   %ecx,%edi
64CF	2	fs iret
65CF	2	gs iret
66CF	2	iretw
67CF	2	addr16 iret
68CF	5	push   $0x909090cf
69CF	6	imul   $0x90909090,%edi,%ecx
6ACF	2	push   $0xffffffcf
6BCF	3	imul   $0xffffff90,%edi,%ecx
6CCF	1	insb   (%dx),%es:(%edi)
6DCF	1	insl   (%dx),%es:(%edi)
6ECF	1	outsb  %ds:(%esi),(%dx)
6FCF	1	outsl  %ds:(%esi),(%dx)
70CF	2	jo     0xffffffd1
71CF	2	jno    0xffffffd1
72CF	2	jb     0xffffffd1
73CF	2	jae    0xffffffd1
74CF	2	je     0xffffffd1
75CF	2	jne    0xffffffd1
76CF	2	jbe    0xffffffd1
77CF	2	ja     0xffffffd1
78CF	2	js     0xffffffd1
79CF	2	jns    0xffffffd1
7ACF	2	jp     0xffffffd1
7BCF	2	jnp    0xffffffd1
7CCF	2	jl     0xffffffd1
7DCF	2	jge    0xffffffd1
7ECF	2	jle    0xffffffd1
7FCF	2	jg     0xffffffd1
80CF	3	or     $0x90,%bh
81CF	6	or     $0x90909090,%edi
82CF	3	or     $0x90,%bh
83CF	3	or     $0xffffff90,%edi
84CF	2	test   %cl,%bh
85CF	2	test   %ecx,%edi
86CF	2	xchg   %cl,%bh
87CF	2	xchg   %ecx,%edi
88CF	2	mov    %cl,%bh
89CF	2	mov    %ecx,%edi
8ACF	2	mov    %bh,%cl
8BCF	2	mov    %edi,%ecx
8CCF	2	mov    %cs,%edi
8DCF	NONE	lea    (bad),%ecx
8ECF	2	mov    %edi,%cs
8FCF	NONE	(bad)
90CF	1	nop
91CF	1	xchg   %eax,%ecx
92CF	1	xchg   %eax,%edx
93CF	1	xchg   %eax,%ebx
94CF	1	xchg   %eax,%esp
95CF	1	xchg   %eax,%ebp
96CF	1	xchg   %eax,%esi
97CF	1	xchg   %eax,%edi
98CF	1	cwtl
99CF	1	cltd
9ACF	7	lcall  $0x9090,$0x909090cf
9BCF	1	fwait
9CCF	1	pushf
9DCF	1	popf
9ECF	1	sahf
9FCF	1	lahf
A0CF	5	mov    0x909090cf,%al
A1CF	5	mov    0x909090cf,%eax
A2CF	5	mov    %al,0x909090cf
A3CF	5	mov    %eax,0x909090cf
A4CF	1	movsb  %ds:(%esi),%es:(%edi)
A5CF	1	movsl  %ds:(%esi),%es:(%edi)
A6CF	1	cmpsb  %es:(%edi),%ds:(%esi)
A7CF	1	cmpsl  %es:(%edi),%ds:(%esi)
A8CF	2	test   $0xcf,%al
A9CF	5	test   $0x909090cf,%eax
AACF	1	stos   %al,%es:(%edi)
ABCF	1	stos   %eax,%es:(%edi)
ACCF	1	lods   %ds:(%esi),%al
ADCF	1	lods   %ds:(%esi),%eax
AECF	1	scas   %es:(%edi),%al
AFCF	1	scas   %es:(%edi),%eax
B0CF	2	mov    $0xcf,%al
B1CF	2	mov    $0xcf,%cl
B2CF	2	mov    $0xcf,%dl
B3CF	2	mov    $0xcf,%bl
B4CF	2	mov    $0xcf,%ah
B5CF	2	mov    $0xcf,%ch
B6CF	2	mov    $0xcf,%dh
B7CF	2	mov    $0xcf,%bh
B8CF	5	mov    $0x909090cf,%eax
B9CF	5	mov    $0x909090cf,%ecx
BACF	5	mov    $0x909090cf,%edx
BBCF	5	mov    $0x909090cf,%ebx
BCCF	5	mov    $0x909090cf,%esp
BDCF	5	mov    $0x909090cf,%ebp
BECF	5	mov    $0x909090cf,%esi
BFCF	5	mov    $0x909090cf,%edi
C0CF	3	ror    $0x90,%bh
C1CF	3	ror    $0x90,%edi
C2CF	3	ret    $0x90cf
C3CF	1	ret
C4CF	NONE	(bad)
C5CF	NONE	(bad)
C6CF	NONE	(bad)
C7CF	NONE	(bad)
C8CF	4	enter  $0x90cf,$0x90
C9CF	1	leave
CACF	3	lret   $0x90cf
CBCF	1	lret
CCCF	1	int3
CDCF	2	int    $0xcf
CECF	1	into
CFCF	1	iret
D0CF	2	ror    $1,%bh
D1CF	2	ror    $1,%edi
D2CF	2	ror    %cl,%bh
D3CF	2	ror    %cl,%edi
D4CF	2	aam    $0xcf
D5CF	2	aad    $0xcf
D6CF	NONE	(bad)
D7CF	1	xlat   %ds:(%ebx)
D8CF	2	fmul   %st(7),%st
D9CF	2	fxch   %st(7)
DACF	2	fcmove %st(7),%st
DBCF	2	fcmovne %st(7),%st
DCCF	2	fmul   %st,%st(7)
DDCF	NONE	(bad)
DECF	2	fmulp  %st,%st(7)
DFCF	NONE	(bad)
E0CF	2	loopne 0xffffffd1
E1CF	2	loope  0xffffffd1
E2CF	2	loop   0xffffffd1
E3CF	2	jecxz  0xffffffd1
E4CF	2	in     $0xcf,%al
E5CF	2	in     $0xcf,%eax
E6CF	2	out    %al,$0xcf
E7CF	2	out    %eax,$0xcf
E8CF	5	call   0x909090d4
E9CF	5	jmp    0x909090d4
EACF	7	ljmp   $0x9090,$0x909090cf
EBCF	2	jmp    0xffffffd1
ECCF	1	in     (%dx),%al
EDCF	1	in     (%dx),%eax
EECF	1	out    %al,(%dx)
EFCF	1	out    %eax,(%dx)
F0CF	2	lock iret
F1CF	1	int1
F2CF	2	repnz iret
F3CF	2	repz iret
F4CF	1	hlt
F5CF	1	cmc
F6CF	3	test   $0x90,%bh
F7CF	6	test   $0x90909090,%edi
F8CF	1	clc
F9CF	1	stc
FACF	1	cli
FBCF	1	sti
FCCF	1	cld
FDCF	1	std
FECF	2	dec    %bh
FFCF	2	dec    %edi
00D0	2	add    %dl,%al
01D0	2	add    %edx,%eax
02D0	2	add    %al,%dl
03D0	2	add    %eax,%edx
04D0	2	add    $0xd0,%al
05D0	5	add    $0x909090d0,%eax
06D0	1	push   %es
07D0	1	pop    %es
08D0	2	or     %dl,%al
09D0	2	or     %edx,%eax
0AD0	2	or     %al,%dl
0BD0	2	or     %eax,%edx
0CD0	2	or     $0xd0,%al
0DD0	5	or     $0x909090d0,%eax
0ED0	1	push   %cs
0FD0	NONE	(bad)
10D0	2	adc    %dl,%al
11D0	2	adc    %edx,%eax
12D0	2	adc    %al,%dl
13D0	2	adc    %eax,%edx
14D0	2	adc    $0xd0,%al
15D0	5	adc    $0x909090d0,%eax
16D0	1	push   %ss
17D0	1	pop    %ss
18D0	2	sbb    %dl,%al
19D0	2	sbb    %edx,%eax
1AD0	2	sbb    %al,%dl
1BD0	2	sbb    %eax,%edx
1CD0	2	sbb    $0xd0,%al
1DD0	5	sbb    $0x909090d0,%eax
1ED0	1	push   %ds
1FD0	1	pop    %ds
20D0	2	and    %dl,%al
21D0	2	and    %edx,%eax
22D0	2	and    %al,%dl
23D0	2	and    %eax,%edx
24D0	2	and    $0xd0,%al
25D0	5	and    $0x909090d0,%eax
26D0	7	rclb   $1,%es:-0x6f6f6f70(%eax)
27D0	1	daa
28D0	2	sub    %dl,%al
29D0	2	sub    %edx,%eax
2AD0	2	sub    %al,%dl
2BD0	2	sub    %eax,%edx
2CD0	2	sub    $0xd0,%al
2DD0	5	sub    $0x909090d0,%eax
2ED0	7	rclb   $1,%cs:-0x6f6f6f70(%eax)
2FD0	1	das
30D0	2	xor    %dl,%al
31D0	2	xor    %edx,%eax
32D0	2	xor    %al,%dl
33D0	2	xor    %eax,%edx
34D0	2	xor    $0xd0,%al
35D0	5	xor    $0x909090d0,%eax
36D0	7	rclb   $1,%ss:-0x6f6f6f70(%eax)
37D0	1	aaa
38D0	2	cmp    %dl,%al
39D0	2	cmp    %edx,%eax
3AD0	2	cmp    %al,%dl
3BD0	2	cmp    %eax,%edx
3CD0	2	cmp    $0xd0,%al
3DD0	5	cmp    $0x909090d0,%eax
3ED0	7	rclb   $1,%ds:-0x6f6f6f70(%eax)
3FD0	1	aas
40D0	1	inc    %eax
41D0	1	inc    %ecx
42D0	1	inc    %edx
43D0	1	inc    %ebx
44D0	1	inc    %esp
45D0	1	inc    %ebp
46D0	1	inc    %esi
47D0	1	inc    %edi
48D0	1	dec    %eax
49D0	1	dec    %ecx
4AD0	1	dec    %edx
4BD0	1	dec    %ebx
4CD0	1	dec    %esp
4DD0	1	dec    %ebp
4ED0	1	dec    %esi
4FD0	1	dec    %edi
50D0	1	push   %eax
51D0	1	push   %ecx
52D0	1	push   %edx
53D0	1	push   %ebx
54D0	1	push   %esp
55D0	1	push   %ebp
56D0	1	push   %esi
57D0	1	push   %edi
58D0	1	pop    %eax
59D0	1	pop    %ecx
5AD0	1	pop    %edx
5BD0	1	pop    %ebx
5CD0	1	pop    %esp
5DD0	1	pop    %ebp
5ED0	1	pop    %esi
5FD0	1	pop    %edi
60D0	1	pusha
61D0	1	popa
62D0	NONE	(bad)
63D0	2	arpl   %edx,%eax
64D0	7	rclb   $1,%fs:-0x6f6f6f70(%eax)
65D0	7	rclb   $1,%gs:-0x6f6f6f70(%eax)
66D0	7	data16 rclb $1,-0x6f6f6f70(%eax)
67D0	5	rclb   $1,-0x6f70(%bx,%si)
68D0	5	push   $0x909090d0
69D0	6	imul   $0x90909090,%eax,%edx
6AD0	2	push   $0xffffffd0
6BD0	3	imul   $0xffffff90,%eax,%edx
6CD0	1	insb   (%dx),%es:(%edi)
6DD0	1	insl   (%dx),%es:(%edi)
6ED0	1	outsb  %ds:(%esi),(%dx)
6FD0	1	outsl  %ds:(%esi),(%dx)
70D0	2	jo     0xffffffd2
71D0	2	jno    0xffffffd2
72D0	2	jb     0xffffffd2
73D0	2	jae    0xffffffd2
74D0	2	je     0xffffffd2
75D0	2	jne    0xffffffd2
76D0	2	jbe    0xffffffd2
77D0	2	ja     0xffffffd2
78D0	2	js     0xffffffd2
79D0	2	jns    0xffffffd2
7AD0	2	jp     0xffffffd2
7BD0	2	jnp    0xffffffd2
7CD0	2	jl     0xffffffd2
7DD0	2	jge    0xffffffd2
7ED0	2	jle    0xffffffd2
7FD0	2	jg     0xffffffd2
80D0	3	adc    $0x90,%al
81D0	6	adc    $0x90909090,%eax
82D0	3	adc    $0x90,%al
83D0	3	adc    $0xffffff90,%eax
84D0	2	test   %dl,%al
85D0	2	test   %edx,%eax
86D0	2	xchg   %dl,%al
87D0	2	xchg   %edx,%eax
88D0	2	mov    %dl,%al
89D0	2	mov    %edx,%eax
8AD0	2	mov    %al,%dl
8BD0	2	mov    %eax,%edx
8CD0	2	mov    %ss,%eax
8DD0	NONE	lea    (bad),%edx
8ED0	2	mov    %eax,%ss
8FD0	NONE	(bad)
90D0	1	nop
91D0	1	xchg   %eax,%ecx
92D0	1	xchg   %eax,%edx
93D0	1	xchg   %eax,%ebx
94D0	1	xchg   %eax,%esp
95D0	1	xchg   %eax,%ebp
96D0	1	xchg   %eax,%esi
97D0	1	xchg   %eax,%edi
98D0	1	cwtl
99D0	1	cltd
9AD0	7	lcall  $0x9090,$0x909090d0
9BD0	1	fwait
9CD0	1	pushf
9DD0	1	popf
9ED0	1	sahf
9FD0	1	lahf
A0D0	5	mov    0x909090d0,%al
A1D0	5	mov    0x909090d0,%eax
A2D0	5	mov    %al,0x909090d0
A3D0	5	mov    %eax,0x909090d0
A4D0	1	movsb  %ds:(%esi),%es:(%edi)
A5D0	1	movsl  %ds:(%esi),%es:(%edi)
A6D0	1	cmpsb  %es:(%edi),%ds:(%esi)
A7D0	1	cmpsl  %es:(%edi),%ds:(%esi)
A8D0	2	test   $0xd0,%al
A9D0	5	test   $0x909090d0,%eax
AAD0	1	stos   %al,%es:(%edi)
ABD0	1	stos   %eax,%es:(%edi)
ACD0	1	lods   %ds:(%esi),%al
ADD0	1	lods   %ds:(%esi),%eax
AED0	1	scas   %es:(%edi),%al
AFD0	1	scas   %es:(%edi),%eax
B0D0	2	mov    $0xd0,%al
B1D0	2	mov    $0xd0,%cl
B2D0	2	mov    $0xd0,%dl
B3D0	2	mov    $0xd0,%bl
B4D0	2	mov    $0xd0,%ah
B5D0	2	mov    $0xd0,%ch
B6D0	2	mov    $0xd0,%dh
B7D0	2	mov    $0xd0,%bh
B8D0	5	mov    $0x909090d0,%eax
B9D0	5	mov    $0x909090d0,%ecx
BAD0	5	mov    $0x909090d0,%edx
BBD0	5	mov    $0x909090d0,%ebx
BCD0	5	mov    $0x909090d0,%esp
BDD0	5	mov    $0x909090d0,%ebp
BED0	5	mov    $0x909090d0,%esi
BFD0	5	mov    $0x909090d0,%edi
C0D0	3	rcl    $0x90,%al
C1D0	3	rcl    $0x90,%eax
C2D0	3	ret    $0x90d0
C3D0	1	ret
C4D0	NONE	(bad)
C5D0	NONE	(bad)
C6D0	NONE	(bad)
C7D0	NONE	(bad)
C8D0	4	enter  $0x90d0,$0x90
C9D0	1	leave
CAD0	3	lret   $0x90d0
CBD0	1	lret
CCD0	1	int3
CDD0	2	int    $0xd0
CED0	1	into
CFD0	1	iret
D0D0	2	rcl    $1,%al
D1D0	2	rcl    $1,%eax
D2D0	2	rcl    %cl,%al
D3D0	2	rcl    %cl,%eax
D4D0	2	aam    $0xd0
D5D0	2	aad    $0xd0
D6D0	NONE	(bad)
D7D0	1	xlat   %ds:(%ebx)
D8D0	2	fcom   %st(0)
D9D0	2	fnop
DAD0	2	fcmovbe %st(0),%st
DBD0	2	fcmovnbe %st(0),%st
DCD0	NONE	(bad)
DDD0	2	fst    %st(0)
DED0	NONE	(bad)
DFD0	NONE	(bad)
E0D0	2	loopne 0xffffffd2
E1D0	2	loope  0xffffffd2
E2D0	2	loop   0xffffffd2
E3D0	2	jecxz  0xffffffd2
E4D0	2	in     $0xd0,%al
E5D0	2	in     $0xd0,%eax
E6D0	2	out    %al,$0xd0
E7D0	2	out    %eax,$0xd0
E8D0	5	call   0x909090d5
E9D0	5	jmp    0x909090d5
EAD0	7	ljmp   $0x9090,$0x909090d0
EBD0	2	jmp    0xffffffd2
ECD0	1	in     (%dx),%al
EDD0	1	in     (%dx),%eax
EED0	1	out    %al,(%dx)
EFD0	1	out    %eax,(%dx)
F0D0	7	lock rclb $1,-0x6f6f6f70(%eax)
F1D0	1	int1
F2D0	7	repnz rclb $1,-0x6f6f6f70(%eax)
F3D0	7	repz rclb $1,-0x6f6f6f70(%eax)
F4D0	1	hlt
F5D0	1	cmc
F6D0	2	not    %al
F7D0	2	not    %eax
F8D0	1	clc
F9D0	1	stc
FAD0	1	cli
FBD0	1	sti
FCD0	1	cld
FDD0	1	std
FED0	NONE	(bad)
FFD0	2	call   *%eax
00D1	2	add    %dl,%cl
01D1	2	add    %edx,%ecx
02D1	2	add    %cl,%dl
03D1	2	add    %ecx,%edx
04D1	2	add    $0xd1,%al
05D1	5	add    $0x909090d1,%eax
06D1	1	push   %es
07D1	1	pop    %es
08D1	2	or     %dl,%cl
09D1	2	or     %edx,%ecx
0AD1	2	or     %cl,%dl
0BD1	2	or     %ecx,%edx
0CD1	2	or     $0xd1,%al
0DD1	5	or     $0x909090d1,%eax
0ED1	1	push   %cs
0FD1	7	psrlw  -0x6f6f6f70(%eax),%mm2
10D1	2	adc    %dl,%cl
11D1	2	adc    %edx,%ecx
12D1	2	adc    %cl,%dl
13D1	2	adc    %ecx,%edx
14D1	2	adc    $0xd1,%al
15D1	5	adc    $0x909090d1,%eax
16D1	1	push   %ss
17D1	1	pop    %ss
18D1	2	sbb    %dl,%cl
19D1	2	sbb    %edx,%ecx
1AD1	2	sbb    %cl,%dl
1BD1	2	sbb    %ecx,%edx
1CD1	2	sbb    $0xd1,%al
1DD1	5	sbb    $0x909090d1,%eax
1ED1	1	push   %ds
1FD1	1	pop    %ds
20D1	2	and    %dl,%cl
21D1	2	and    %edx,%ecx
22D1	2	and    %cl,%dl
23D1	2	and    %ecx,%edx
24D1	2	and    $0xd1,%al
25D1	5	and    $0x909090d1,%eax
26D1	7	rcll   $1,%es:-0x6f6f6f70(%eax)
27D1	1	daa
28D1	2	sub    %dl,%cl
29D1	2	sub    %edx,%ecx
2AD1	2	sub    %cl,%dl
2BD1	2	sub    %ecx,%edx
2CD1	2	sub    $0xd1,%al
2DD1	5	sub    $0x909090d1,%eax
2ED1	7	rcll   $1,%cs:-0x6f6f6f70(%eax)
2FD1	1	das
30D1	2	xor    %dl,%cl
31D1	2	xor    %edx,%ecx
32D1	2	xor    %cl,%dl
33D1	2	xor    %ecx,%edx
34D1	2	xor    $0xd1,%al
35D1	5	xor    $0x909090d1,%eax
36D1	7	rcll   $1,%ss:-0x6f6f6f70(%eax)
37D1	1	aaa
38D1	2	cmp    %dl,%cl
39D1	2	cmp    %edx,%ecx
3AD1	2	cmp    %cl,%dl
3BD1	2	cmp    %ecx,%edx
3CD1	2	cmp    $0xd1,%al
3DD1	5	cmp    $0x909090d1,%eax
3ED1	7	rcll   $1,%ds:-0x6f6f6f70(%eax)
3FD1	1	aas
40D1	1	inc    %eax
41D1	1	inc    %ecx
42D1	1	inc    %edx
43D1	1	inc    %ebx
44D1	1	inc    %esp
45D1	1	inc    %ebp
46D1	1	inc    %esi
47D1	1	inc    %edi
48D1	1	dec    %eax
49D1	1	dec    %ecx
4AD1	1	dec    %edx
4BD1	1	dec    %ebx
4CD1	1	dec    %esp
4DD1	1	dec    %ebp
4ED1	1	dec    %esi
4FD1	1	dec    %edi
50D1	1	push   %eax
51D1	1	push   %ecx
52D1	1	push   %edx
53D1	1	push   %ebx
54D1	1	push   %esp
55D1	1	push   %ebp
56D1	1	push   %esi
57D1	1	push   %edi
58D1	1	pop    %eax
59D1	1	pop    %ecx
5AD1	1	pop    %edx
5BD1	1	pop    %ebx
5CD1	1	pop    %esp
5DD1	1	pop    %ebp
5ED1	1	pop    %esi
5FD1	1	pop    %edi
60D1	1	pusha
61D1	1	popa
62D1	NONE	(bad)  {rn-bad},{bad}
63D1	2	arpl   %edx,%ecx
64D1	7	rcll   $1,%fs:-0x6f6f6f70(%eax)
65D1	7	rcll   $1,%gs:-0x6f6f6f70(%eax)
66D1	7	rclw   $1,-0x6f6f6f70(%eax)
67D1	5	rcll   $1,-0x6f70(%bx,%si)
68D1	5	push   $0x909090d1
69D1	6	imul   $0x90909090,%ecx,%edx
6AD1	2	push   $0xffffffd1
6BD1	3	imul   $0xffffff90,%ecx,%edx
6CD1	1	insb   (%dx),%es:(%edi)
6DD1	1	insl   (%dx),%es:(%edi)
6ED1	1	outsb  %ds:(%esi),(%dx)
6FD1	1	outsl  %ds:(%esi),(%dx)
70D1	2	jo     0xffffffd3
71D1	2	jno    0xffffffd3
72D1	2	jb     0xffffffd3
73D1	2	jae    0xffffffd3
74D1	2	je     0xffffffd3
75D1	2	jne    0xffffffd3
76D1	2	jbe    0xffffffd3
77D1	2	ja     0xffffffd3
78D1	2	js     0xffffffd3
79D1	2	jns    0xffffffd3
7AD1	2	jp     0xffffffd3
7BD1	2	jnp    0xffffffd3
7CD1	2	jl     0xffffffd3
7DD1	2	jge    0xffffffd3
7ED1	2	jle    0xffffffd3
7FD1	2	jg     0xffffffd3
80D1	3	adc    $0x90,%cl
81D1	6	adc    $0x90909090,%ecx
82D1	3	adc    $0x90,%cl
83D1	3	adc    $0xffffff90,%ecx
84D1	2	test   %dl,%cl
85D1	2	test   %edx,%ecx
86D1	2	xchg   %dl,%cl
87D1	2	xchg   %edx,%ecx
88D1	2	mov    %dl,%cl
89D1	2	mov    %edx,%ecx
8AD1	2	mov    %cl,%dl
8BD1	2	mov    %ecx,%edx
8CD1	2	mov    %ss,%ecx
8DD1	NONE	lea    (bad),%edx
8ED1	2	mov    %ecx,%ss
8FD1	NONE	(bad)
90D1	1	nop
91D1	1	xchg   %eax,%ecx
92D1	1	xchg   %eax,%edx
93D1	1	xchg   %eax,%ebx
94D1	1	xchg   %eax,%esp
95D1	1	xchg   %eax,%ebp
96D1	1	xchg   %eax,%esi
97D1	1	xchg   %eax,%edi
98D1	1	cwtl
99D1	1	cltd
9AD1	7	lcall  $0x9090,$0x909090d1
9BD1	1	fwait
9CD1	1	pushf
9DD1	1	popf
9ED1	1	sahf
9FD1	1	lahf
A0D1	5	mov    0x909090d1,%al
A1D1	5	mov    0x909090d1,%eax
A2D1	5	mov    %al,0x909090d1
A3D1	5	mov    %eax,0x909090d1
A4D1	1	movsb  %ds:(%esi),%es:(%edi)
A5D1	1	movsl  %ds:(%esi),%es:(%edi)
A6D1	1	cmpsb  %es:(%edi),%ds:(%esi)
A7D1	1	cmpsl  %es:(%edi),%ds:(%esi)
A8D1	2	test   $0xd1,%al
A9D1	5	test   $0x909090d1,%eax
AAD1	1	stos   %al,%es:(%edi)
ABD1	1	stos   %eax,%es:(%edi)
ACD1	1	lods   %ds:(%esi),%al
ADD1	1	lods   %ds:(%esi),%eax
AED1	1	scas   %es:(%edi),%al
AFD1	1	scas   %es:(%edi),%eax
B0D1	2	mov    $0xd1,%al
B1D1	2	mov    $0xd1,%cl
B2D1	2	mov    $0xd1,%dl
B3D1	2	mov    $0xd1,%bl
B4D1	2	mov    $0xd1,%ah
B5D1	2	mov    $0xd1,%ch
B6D1	2	mov    $0xd1,%dh
B7D1	2	mov    $0xd1,%bh
B8D1	5	mov    $0x909090d1,%eax
B9D1	5	mov    $0x909090d1,%ecx
BAD1	5	mov    $0x909090d1,%edx
BBD1	5	mov    $0x909090d1,%ebx
BCD1	5	mov    $0x909090d1,%esp
BDD1	5	mov    $0x909090d1,%ebp
BED1	5	mov    $0x909090d1,%esi
BFD1	5	mov    $0x909090d1,%edi
C0D1	3	rcl    $0x90,%cl
C1D1	3	rcl    $0x90,%ecx
C2D1	3	ret    $0x90d1
C3D1	1	ret
C4D1	NONE	(bad)
C5D1	NONE	(bad)
C6D1	NONE	(bad)
C7D1	NONE	(bad)
C8D1	4	enter  $0x90d1,$0x90
C9D1	1	leave
CAD1	3	lret   $0x90d1
CBD1	1	lret
CCD1	1	int3
CDD1	2	int    $0xd1
CED1	1	into
CFD1	1	iret
D0D1	2	rcl    $1,%cl
D1D1	2	rcl    $1,%ecx
D2D1	2	rcl    %cl,%cl
D3D1	2	rcl    %cl,%ecx
D4D1	2	aam    $0xd1
D5D1	2	aad    $0xd1
D6D1	NONE	(bad)
D7D1	1	xlat   %ds:(%ebx)
D8D1	2	fcom   %st(1)
D9D1	NONE	(bad)
DAD1	2	fcmovbe %st(1),%st
DBD1	2	fcmovnbe %st(1),%st
DCD1	NONE	(bad)
DDD1	2	fst    %st(1)
DED1	NONE	(bad)
DFD1	NONE	(bad)
E0D1	2	loopne 0xffffffd3
E1D1	2	loope  0xffffffd3
E2D1	2	loop   0xffffffd3
E3D1	2	jecxz  0xffffffd3
E4D1	2	in     $0xd1,%al
E5D1	2	in     $0xd1,%eax
E6D1	2	out    %al,$0xd1
E7D1	2	out    %eax,$0xd1
E8D1	5	call   0x909090d6
E9D1	5	jmp    0x909090d6
EAD1	7	ljmp   $0x9090,$0x909090d1
EBD1	2	jmp    0xffffffd3
ECD1	1	in     (%dx),%al
EDD1	1	in     (%dx),%eax
EED1	1	out    %al,(%dx)
EFD1	1	out    %eax,(%dx)
F0D1	7	lock rcll $1,-0x6f6f6f70(%eax)
F1D1	1	int1
F2D1	7	repnz rcll $1,-0x6f6f6f70(%eax)
F3D1	7	repz rcll $1,-0x6f6f6f70(%eax)
F4D1	1	hlt
F5D1	1	cmc
F6D1	2	not    %cl
F7D1	2	not    %ecx
F8D1	1	clc
F9D1	1	stc
FAD1	1	cli
FBD1	1	sti
FCD1	1	cld
FDD1	1	std
FED1	NONE	(bad)
FFD1	2	call   *%ecx
00D2	2	add    %dl,%dl
01D2	2	add    %edx,%edx
02D2	2	add    %dl,%dl
03D2	2	add    %edx,%edx
04D2	2	add    $0xd2,%al
05D2	5	add    $0x909090d2,%eax
06D2	1	push   %es
07D2	1	pop    %es
08D2	2	or     %dl,%dl
09D2	2	or     %edx,%edx
0AD2	2	or     %dl,%dl
0BD2	2	or     %edx,%edx
0CD2	2	or     $0xd2,%al
0DD2	5	or     $0x909090d2,%eax
0ED2	1	push   %cs
0FD2	7	psrld  -0x6f6f6f70(%eax),%mm2
10D2	2	adc    %dl,%dl
11D2	2	adc    %edx,%edx
12D2	2	adc    %dl,%dl
13D2	2	adc    %edx,%edx
14D2	2	adc    $0xd2,%al
15D2	5	adc    $0x909090d2,%eax
16D2	1	push   %ss
17D2	1	pop    %ss
18D2	2	sbb    %dl,%dl
19D2	2	sbb    %edx,%edx
1AD2	2	sbb    %dl,%dl
1BD2	2	sbb    %edx,%edx
1CD2	2	sbb    $0xd2,%al
1DD2	5	sbb    $0x909090d2,%eax
1ED2	1	push   %ds
1FD2	1	pop    %ds
20D2	2	and    %dl,%dl
21D2	2	and    %edx,%edx
22D2	2	and    %dl,%dl
23D2	2	and    %edx,%edx
24D2	2	and    $0xd2,%al
25D2	5	and    $0x909090d2,%eax
26D2	7	rclb   %cl,%es:-0x6f6f6f70(%eax)
27D2	1	daa
28D2	2	sub    %dl,%dl
29D2	2	sub    %edx,%edx
2AD2	2	sub    %dl,%dl
2BD2	2	sub    %edx,%edx
2CD2	2	sub    $0xd2,%al
2DD2	5	sub    $0x909090d2,%eax
2ED2	7	rclb   %cl,%cs:-0x6f6f6f70(%eax)
2FD2	1	das
30D2	2	xor    %dl,%dl
31D2	2	xor    %edx,%edx
32D2	2	xor    %dl,%dl
33D2	2	xor    %edx,%edx
34D2	2	xor    $0xd2,%al
35D2	5	xor    $0x909090d2,%eax
36D2	7	rclb   %cl,%ss:-0x6f6f6f70(%eax)
37D2	1	aaa
38D2	2	cmp    %dl,%dl
39D2	2	cmp    %edx,%edx
3AD2	2	cmp    %dl,%dl
3BD2	2	cmp    %edx,%edx
3CD2	2	cmp    $0xd2,%al
3DD2	5	cmp    $0x909090d2,%eax
3ED2	7	rclb   %cl,%ds:-0x6f6f6f70(%eax)
3FD2	1	aas
40D2	1	inc    %eax
41D2	1	inc    %ecx
42D2	1	inc    %edx
43D2	1	inc    %ebx
44D2	1	inc    %esp
45D2	1	inc    %ebp
46D2	1	inc    %esi
47D2	1	inc    %edi
48D2	1	dec    %eax
49D2	1	dec    %ecx
4AD2	1	dec    %edx
4BD2	1	dec    %ebx
4CD2	1	dec    %esp
4DD2	1	dec    %ebp
4ED2	1	dec    %esi
4FD2	1	dec    %edi
50D2	1	push   %eax
51D2	1	push   %ecx
52D2	1	push   %edx
53D2	1	push   %ebx
54D2	1	push   %esp
55D2	1	push   %ebp
56D2	1	push   %esi
57D2	1	push   %edi
58D2	1	pop    %eax
59D2	1	pop    %ecx
5AD2	1	pop    %edx
5BD2	1	pop    %ebx
5CD2	1	pop    %esp
5DD2	1	pop    %ebp
5ED2	1	pop    %esi
5FD2	1	pop    %edi
60D2	1	pusha
61D2	1	popa
62D2	NONE	(bad)  {rn-bad},{bad}
63D2	2	arpl   %edx,%edx
64D2	7	rclb   %cl,%fs:-0x6f6f6f70(%eax)
65D2	7	rclb   %cl,%gs:-0x6f6f6f70(%eax)
66D2	7	data16 rclb %cl,-0x6f6f6f70(%eax)
67D2	5	rclb   %cl,-0x6f70(%bx,%si)
68D2	5	push   $0x909090d2
69D2	6	imul   $0x90909090,%edx,%edx
6AD2	2	push   $0xffffffd2
6BD2	3	imul   $0xffffff90,%edx,%edx
6CD2	1	insb   (%dx),%es:(%edi)
6DD2	1	insl   (%dx),%es:(%edi)
6ED2	1	outsb  %ds:(%esi),(%dx)
6FD2	1	outsl  %ds:(%esi),(%dx)
70D2	2	jo     0xffffffd4
71D2	2	jno    0xffffffd4
72D2	2	jb     0xffffffd4
73D2	2	jae    0xffffffd4
74D2	2	je     0xffffffd4
75D2	2	jne    0xffffffd4
76D2	2	jbe    0xffffffd4
77D2	2	ja     0xffffffd4
78D2	2	js     0xffffffd4
79D2	2	jns    0xffffffd4
7AD2	2	jp     0xffffffd4
7BD2	2	jnp    0xffffffd4
7CD2	2	jl     0xffffffd4
7DD2	2	jge    0xffffffd4
7ED2	2	jle    0xffffffd4
7FD2	2	jg     0xffffffd4
80D2	3	adc    $0x90,%dl
81D2	6	adc    $0x90909090,%edx
82D2	3	adc    $0x90,%dl
83D2	3	adc    $0xffffff90,%edx
84D2	2	test   %dl,%dl
85D2	2	test   %edx,%edx
86D2	2	xchg   %dl,%dl
87D2	2	xchg   %edx,%edx
88D2	2	mov    %dl,%dl
89D2	2	mov    %edx,%edx
8AD2	2	mov    %dl,%dl
8BD2	2	mov    %edx,%edx
8CD2	2	mov    %ss,%edx
8DD2	NONE	lea    (bad),%edx
8ED2	2	mov    %edx,%ss
8FD2	NONE	(bad)
90D2	1	nop
91D2	1	xchg   %eax,%ecx
92D2	1	xchg   %eax,%edx
93D2	1	xchg   %eax,%ebx
94D2	1	xchg   %eax,%esp
95D2	1	xchg   %eax,%ebp
96D2	1	xchg   %eax,%esi
97D2	1	xchg   %eax,%edi
98D2	1	cwtl
99D2	1	cltd
9AD2	7	lcall  $0x9090,$0x909090d2
9BD2	1	fwait
9CD2	1	pushf
9DD2	1	popf
9ED2	1	sahf
9FD2	1	lahf
A0D2	5	mov    0x909090d2,%al
A1D2	5	mov    0x909090d2,%eax
A2D2	5	mov    %al,0x909090d2
A3D2	5	mov    %eax,0x909090d2
A4D2	1	movsb  %ds:(%esi),%es:(%edi)
A5D2	1	movsl  %ds:(%esi),%es:(%edi)
A6D2	1	cmpsb  %es:(%edi),%ds:(%esi)
A7D2	1	cmpsl  %es:(%edi),%ds:(%esi)
A8D2	2	test   $0xd2,%al
A9D2	5	test   $0x909090d2,%eax
AAD2	1	stos   %al,%es:(%edi)
ABD2	1	stos   %eax,%es:(%edi)
ACD2	1	lods   %ds:(%esi),%al
ADD2	1	lods   %ds:(%esi),%eax
AED2	1	scas   %es:(%edi),%al
AFD2	1	scas   %es:(%edi),%eax
B0D2	2	mov    $0xd2,%al
B1D2	2	mov    $0xd2,%cl
B2D2	2	mov    $0xd2,%dl
B3D2	2	mov    $0xd2,%bl
B4D2	2	mov    $0xd2,%ah
B5D2	2	mov    $0xd2,%ch
B6D2	2	mov    $0xd2,%dh
B7D2	2	mov    $0xd2,%bh
B8D2	5	mov    $0x909090d2,%eax
B9D2	5	mov    $0x909090d2,%ecx
BAD2	5	mov    $0x909090d2,%edx
BBD2	5	mov    $0x909090d2,%ebx
BCD2	5	mov    $0x909090d2,%esp
BDD2	5	mov    $0x909090d2,%ebp
BED2	5	mov    $0x909090d2,%esi
BFD2	5	mov    $0x909090d2,%edi
C0D2	3	rcl    $0x90,%dl
C1D2	3	rcl    $0x90,%edx
C2D2	3	ret    $0x90d2
C3D2	1	ret
C4D2	NONE	(bad)
C5D2	NONE	(bad)
C6D2	NONE	(bad)
C7D2	NONE	(bad)
C8D2	4	enter  $0x90d2,$0x90
C9D2	1	leave
CAD2	3	lret   $0x90d2
CBD2	1	lret
CCD2	1	int3
CDD2	2	int    $0xd2
CED2	1	into
CFD2	1	iret
D0D2	2	rcl    $1,%dl
D1D2	2	rcl    $1,%edx
D2D2	2	rcl    %cl,%dl
D3D2	2	rcl    %cl,%edx
D4D2	2	aam    $0xd2
D5D2	2	aad    $0xd2
D6D2	NONE	(bad)
D7D2	1	xlat   %ds:(%ebx)
D8D2	2	fcom   %st(2)
D9D2	NONE	(bad)
DAD2	2	fcmovbe %st(2),%st
DBD2	2	fcmovnbe %st(2),%st
DCD2	NONE	(bad)
DDD2	2	fst    %st(2)
DED2	NONE	(bad)
DFD2	NONE	(bad)
E0D2	2	loopne 0xffffffd4
E1D2	2	loope  0xffffffd4
E2D2	2	loop   0xffffffd4
E3D2	2	jecxz  0xffffffd4
E4D2	2	in     $0xd2,%al
E5D2	2	in     $0xd2,%eax
E6D2	2	out    %al,$0xd2
E7D2	2	out    %eax,$0xd2
E8D2	5	call   0x909090d7
E9D2	5	jmp    0x909090d7
EAD2	7	ljmp   $0x9090,$0x909090d2
EBD2	2	jmp    0xffffffd4
ECD2	1	in     (%dx),%al
EDD2	1	in     (%dx),%eax
EED2	1	out    %al,(%dx)
EFD2	1	out    %eax,(%dx)
F0D2	7	lock rclb %cl,-0x6f6f6f70(%eax)
F1D2	1	int1
F2D2	7	repnz rclb %cl,-0x6f6f6f70(%eax)
F3D2	7	repz rclb %cl,-0x6f6f6f70(%eax)
F4D2	1	hlt
F5D2	1	cmc
F6D2	2	not    %dl
F7D2	2	not    %edx
F8D2	1	clc
F9D2	1	stc
FAD2	1	cli
FBD2	1	sti
FCD2	1	cld
FDD2	1	std
FED2	NONE	(bad)
FFD2	2	call   *%edx
00D3	2	add    %dl,%bl
01D3	2	add    %edx,%ebx
02D3	2	add    %bl,%dl
03D3	2	add    %ebx,%edx
04D3	2	add    $0xd3,%al
05D3	5	add    $0x909090d3,%eax
06D3	1	push   %es
07D3	1	pop    %es
08D3	2	or     %dl,%bl
09D3	2	or     %edx,%ebx
0AD3	2	or     %bl,%dl
0BD3	2	or     %ebx,%edx
0CD3	2	or     $0xd3,%al
0DD3	5	or     $0x909090d3,%eax
0ED3	1	push   %cs
0FD3	7	psrlq  -0x6f6f6f70(%eax),%mm2
10D3	2	adc    %dl,%bl
11D3	2	adc    %edx,%ebx
12D3	2	adc    %bl,%dl
13D3	2	adc    %ebx,%edx
14D3	2	adc    $0xd3,%al
15D3	5	adc    $0x909090d3,%eax
16D3	1	push   %ss
17D3	1	pop    %ss
18D3	2	sbb    %dl,%bl
19D3	2	sbb    %edx,%ebx
1AD3	2	sbb    %bl,%dl
1BD3	2	sbb    %ebx,%edx
1CD3	2	sbb    $0xd3,%al
1DD3	5	sbb    $0x909090d3,%eax
1ED3	1	push   %ds
1FD3	1	pop    %ds
20D3	2	and    %dl,%bl
21D3	2	and    %edx,%ebx
22D3	2	and    %bl,%dl
23D3	2	and    %ebx,%edx
24D3	2	and    $0xd3,%al
25D3	5	and    $0x909090d3,%eax
26D3	7	rcll   %cl,%es:-0x6f6f6f70(%eax)
27D3	1	daa
28D3	2	sub    %dl,%bl
29D3	2	sub    %edx,%ebx
2AD3	2	sub    %bl,%dl
2BD3	2	sub    %ebx,%edx
2CD3	2	sub    $0xd3,%al
2DD3	5	sub    $0x909090d3,%eax
2ED3	7	rcll   %cl,%cs:-0x6f6f6f70(%eax)
2FD3	1	das
30D3	2	xor    %dl,%bl
31D3	2	xor    %edx,%ebx
32D3	2	xor    %bl,%dl
33D3	2	xor    %ebx,%edx
34D3	2	xor    $0xd3,%al
35D3	5	xor    $0x909090d3,%eax
36D3	7	rcll   %cl,%ss:-0x6f6f6f70(%eax)
37D3	1	aaa
38D3	2	cmp    %dl,%bl
39D3	2	cmp    %edx,%ebx
3AD3	2	cmp    %bl,%dl
3BD3	2	cmp    %ebx,%edx
3CD3	2	cmp    $0xd3,%al
3DD3	5	cmp    $0x909090d3,%eax
3ED3	7	rcll   %cl,%ds:-0x6f6f6f70(%eax)
3FD3	1	aas
40D3	1	inc    %eax
41D3	1	inc    %ecx
42D3	1	inc    %edx
43D3	1	inc    %ebx
44D3	1	inc    %esp
45D3	1	inc    %ebp
46D3	1	inc    %esi
47D3	1	inc    %edi
48D3	1	dec    %eax
49D3	1	dec    %ecx
4AD3	1	dec    %edx
4BD3	1	dec    %ebx
4CD3	1	dec    %esp
4DD3	1	dec    %ebp
4ED3	1	dec    %esi
4FD3	1	dec    %edi
50D3	1	push   %eax
51D3	1	push   %ecx
52D3	1	push   %edx
53D3	1	push   %ebx
54D3	1	push   %esp
55D3	1	push   %ebp
56D3	1	push   %esi
57D3	1	push   %edi
58D3	1	pop    %eax
59D3	1	pop    %ecx
5AD3	1	pop    %edx
5BD3	1	pop    %ebx
5CD3	1	pop    %esp
5DD3	1	pop    %ebp
5ED3	1	pop    %esi
5FD3	1	pop    %edi
60D3	1	pusha
61D3	1	popa
62D3	NONE	(bad)  {rn-bad},{bad}
63D3	2	arpl   %edx,%ebx
64D3	7	rcll   %cl,%fs:-0x6f6f6f70(%eax)
65D3	7	rcll   %cl,%gs:-0x6f6f6f70(%eax)
66D3	7	rclw   %cl,-0x6f6f6f70(%eax)
67D3	5	rcll   %cl,-0x6f70(%bx,%si)
68D3	5	push   $0x909090d3
69D3	6	imul   $0x90909090,%ebx,%edx
6AD3	2	push   $0xffffffd3
6BD3	3	imul   $0xffffff90,%ebx,%edx
6CD3	1	insb   (%dx),%es:(%edi)
6DD3	1	insl   (%dx),%es:(%edi)
6ED3	1	outsb  %ds:(%esi),(%dx)
6FD3	1	outsl  %ds:(%esi),(%dx)
70D3	2	jo     0xffffffd5
71D3	2	jno    0xffffffd5
72D3	2	jb     0xffffffd5
73D3	2	jae    0xffffffd5
74D3	2	je     0xffffffd5
75D3	2	jne    0xffffffd5
76D3	2	jbe    0xffffffd5
77D3	2	ja     0xffffffd5
78D3	2	js     0xffffffd5
79D3	2	jns    0xffffffd5
7AD3	2	jp     0xffffffd5
7BD3	2	jnp    0xffffffd5
7CD3	2	jl     0xffffffd5
7DD3	2	jge    0xffffffd5
7ED3	2	jle    0xffffffd5
7FD3	2	jg     0xffffffd5
80D3	3	adc    $0x90,%bl
81D3	6	adc    $0x90909090,%ebx
82D3	3	adc    $0x90,%bl
83D3	3	adc    $0xffffff90,%ebx
84D3	2	test   %dl,%bl
85D3	2	test   %edx,%ebx
86D3	2	xchg   %dl,%bl
87D3	2	xchg   %edx,%ebx
88D3	2	mov    %dl,%bl
89D3	2	mov    %edx,%ebx
8AD3	2	mov    %bl,%dl
8BD3	2	mov    %ebx,%edx
8CD3	2	mov    %ss,%ebx
8DD3	NONE	lea    (bad),%edx
8ED3	2	mov    %ebx,%ss
8FD3	NONE	(bad)
90D3	1	nop
91D3	1	xchg   %eax,%ecx
92D3	1	xchg   %eax,%edx
93D3	1	xchg   %eax,%ebx
94D3	1	xchg   %eax,%esp
95D3	1	xchg   %eax,%ebp
96D3	1	xchg   %eax,%esi
97D3	1	xchg   %eax,%edi
98D3	1	cwtl
99D3	1	cltd
9AD3	7	lcall  $0x9090,$0x909090d3
9BD3	1	fwait
9CD3	1	pushf
9DD3	1	popf
9ED3	1	sahf
9FD3	1	lahf
A0D3	5	mov    0x909090d3,%al
A1D3	5	mov    0x909090d3,%eax
A2D3	5	mov    %al,0x909090d3
A3D3	5	mov    %eax,0x909090d3
A4D3	1	movsb  %ds:(%esi),%es:(%edi)
A5D3	1	movsl  %ds:(%esi),%es:(%edi)
A6D3	1	cmpsb  %es:(%edi),%ds:(%esi)
A7D3	1	cmpsl  %es:(%edi),%ds:(%esi)
A8D3	2	test   $0xd3,%al
A9D3	5	test   $0x909090d3,%eax
AAD3	1	stos   %al,%es:(%edi)
ABD3	1	stos   %eax,%es:(%edi)
ACD3	1	lods   %ds:(%esi),%al
ADD3	1	lods   %ds:(%esi),%eax
AED3	1	scas   %es:(%edi),%al
AFD3	1	scas   %es:(%edi),%eax
B0D3	2	mov    $0xd3,%al
B1D3	2	mov    $0xd3,%cl
B2D3	2	mov    $0xd3,%dl
B3D3	2	mov    $0xd3,%bl
B4D3	2	mov    $0xd3,%ah
B5D3	2	mov    $0xd3,%ch
B6D3	2	mov    $0xd3,%dh
B7D3	2	mov    $0xd3,%bh
B8D3	5	mov    $0x909090d3,%eax
B9D3	5	mov    $0x909090d3,%ecx
BAD3	5	mov    $0x909090d3,%edx
BBD3	5	mov    $0x909090d3,%ebx
BCD3	5	mov    $0x909090d3,%esp
BDD3	5	mov    $0x909090d3,%ebp
BED3	5	mov    $0x909090d3,%esi
BFD3	5	mov    $0x909090d3,%edi
C0D3	3	rcl    $0x90,%bl
C1D3	3	rcl    $0x90,%ebx
C2D3	3	ret    $0x90d3
C3D3	1	ret
C4D3	NONE	(bad)
C5D3	NONE	(bad)
C6D3	NONE	(bad)
C7D3	NONE	(bad)
C8D3	4	enter  $0x90d3,$0x90
C9D3	1	leave
CAD3	3	lret   $0x90d3
CBD3	1	lret
CCD3	1	int3
CDD3	2	int    $0xd3
CED3	1	into
CFD3	1	iret
D0D3	2	rcl    $1,%bl
D1D3	2	rcl    $1,%ebx
D2D3	2	rcl    %cl,%bl
D3D3	2	rcl    %cl,%ebx
D4D3	2	aam    $0xd3
D5D3	2	aad    $0xd3
D6D3	NONE	(bad)
D7D3	1	xlat   %ds:(%ebx)
D8D3	2	fcom   %st(3)
D9D3	NONE	(bad)
DAD3	2	fcmovbe %st(3),%st
DBD3	2	fcmovnbe %st(3),%st
DCD3	NONE	(bad)
DDD3	2	fst    %st(3)
DED3	NONE	(bad)
DFD3	NONE	(bad)
E0D3	2	loopne 0xffffffd5
E1D3	2	loope  0xffffffd5
E2D3	2	loop   0xffffffd5
E3D3	2	jecxz  0xffffffd5
E4D3	2	in     $0xd3,%al
E5D3	2	in     $0xd3,%eax
E6D3	2	out    %al,$0xd3
E7D3	2	out    %eax,$0xd3
E8D3	5	call   0x909090d8
E9D3	5	jmp    0x909090d8
EAD3	7	ljmp   $0x9090,$0x909090d3
EBD3	2	jmp    0xffffffd5
ECD3	1	in     (%dx),%al
EDD3	1	in     (%dx),%eax
EED3	1	out    %al,(%dx)
EFD3	1	out    %eax,(%dx)
F0D3	7	lock rcll %cl,-0x6f6f6f70(%eax)
F1D3	1	int1
F2D3	7	repnz rcll %cl,-0x6f6f6f70(%eax)
F3D3	7	repz rcll %cl,-0x6f6f6f70(%eax)
F4D3	1	hlt
F5D3	1	cmc
F6D3	2	not    %bl
F7D3	2	not    %ebx
F8D3	1	clc
F9D3	1	stc
FAD3	1	cli
FBD3	1	sti
FCD3	1	cld
FDD3	1	std
FED3	NONE	(bad)
FFD3	2	call   *%ebx
00D4	2	add    %dl,%ah
01D4	2	add    %edx,%esp
02D4	2	add    %ah,%dl
03D4	2	add    %esp,%edx
04D4	2	add    $0xd4,%al
05D4	5	add    $0x909090d4,%eax
06D4	1	push   %es
07D4	1	pop    %es
08D4	2	or     %dl,%ah
09D4	2	or     %edx,%esp
0AD4	2	or     %ah,%dl
0BD4	2	or     %esp,%edx
0CD4	2	or     $0xd4,%al
0DD4	5	or     $0x909090d4,%eax
0ED4	1	push   %cs
0FD4	7	paddq  -0x6f6f6f70(%eax),%mm2
10D4	2	adc    %dl,%ah
11D4	2	adc    %edx,%esp
12D4	2	adc    %ah,%dl
13D4	2	adc    %esp,%edx
14D4	2	adc    $0xd4,%al
15D4	5	adc    $0x909090d4,%eax
16D4	1	push   %ss
17D4	1	pop    %ss
18D4	2	sbb    %dl,%ah
19D4	2	sbb    %edx,%esp
1AD4	2	sbb    %ah,%dl
1BD4	2	sbb    %esp,%edx
1CD4	2	sbb    $0xd4,%al
1DD4	5	sbb    $0x909090d4,%eax
1ED4	1	push   %ds
1FD4	1	pop    %ds
20D4	2	and    %dl,%ah
21D4	2	and    %edx,%esp
22D4	2	and    %ah,%dl
23D4	2	and    %esp,%edx
24D4	2	and    $0xd4,%al
25D4	5	and    $0x909090d4,%eax
26D4	3	es aam $0x90
27D4	1	daa
28D4	2	sub    %dl,%ah
29D4	2	sub    %edx,%esp
2AD4	2	sub    %ah,%dl
2BD4	2	sub    %esp,%edx
2CD4	2	sub    $0xd4,%al
2DD4	5	sub    $0x909090d4,%eax
2ED4	3	cs aam $0x90
2FD4	1	das
30D4	2	xor    %dl,%ah
31D4	2	xor    %edx,%esp
32D4	2	xor    %ah,%dl
33D4	2	xor    %esp,%edx
34D4	2	xor    $0xd4,%al
35D4	5	xor    $0x909090d4,%eax
36D4	3	ss aam $0x90
37D4	1	aaa
38D4	2	cmp    %dl,%ah
39D4	2	cmp    %edx,%esp
3AD4	2	cmp    %ah,%dl
3BD4	2	cmp    %esp,%edx
3CD4	2	cmp    $0xd4,%al
3DD4	5	cmp    $0x909090d4,%eax
3ED4	3	ds aam $0x90
3FD4	1	aas
40D4	1	inc    %eax
41D4	1	inc    %ecx
42D4	1	inc    %edx
43D4	1	inc    %ebx
44D4	1	inc    %esp
45D4	1	inc    %ebp
46D4	1	inc    %esi
47D4	1	inc    %edi
48D4	1	dec    %eax
49D4	1	dec    %ecx
4AD4	1	dec    %edx
4BD4	1	dec    %ebx
4CD4	1	dec    %esp
4DD4	1	dec    %ebp
4ED4	1	dec    %esi
4FD4	1	dec    %edi
50D4	1	push   %eax
51D4	1	push   %ecx
52D4	1	push   %edx
53D4	1	push   %ebx
54D4	1	push   %esp
55D4	1	push   %ebp
56D4	1	push   %esi
57D4	1	push   %edi
58D4	1	pop    %eax
59D4	1	pop    %ecx
5AD4	1	pop    %edx
5BD4	1	pop    %ebx
5CD4	1	pop    %esp
5DD4	1	pop    %ebp
5ED4	1	pop    %esi
5FD4	1	pop    %edi
60D4	1	pusha
61D4	1	popa
62D4	NONE	(bad)
63D4	2	arpl   %edx,%esp
64D4	3	fs aam $0x90
65D4	3	gs aam $0x90
66D4	3	data16 aam $0x90
67D4	3	addr16 aam $0x90
68D4	5	push   $0x909090d4
69D4	6	imul   $0x90909090,%esp,%edx
6AD4	2	push   $0xffffffd4
6BD4	3	imul   $0xffffff90,%esp,%edx
6CD4	1	insb   (%dx),%es:(%edi)
6DD4	1	insl   (%dx),%es:(%edi)
6ED4	1	outsb  %ds:(%esi),(%dx)
6FD4	1	outsl  %ds:(%esi),(%dx)
70D4	2	jo     0xffffffd6
71D4	2	jno    0xffffffd6
72D4	2	jb     0xffffffd6
73D4	2	jae    0xffffffd6
74D4	2	je     0xffffffd6
75D4	2	jne    0xffffffd6
76D4	2	jbe    0xffffffd6
77D4	2	ja     0xffffffd6
78D4	2	js     0xffffffd6
79D4	2	jns    0xffffffd6
7AD4	2	jp     0xffffffd6
7BD4	2	jnp    0xffffffd6
7CD4	2	jl     0xffffffd6
7DD4	2	jge    0xffffffd6
7ED4	2	jle    0xffffffd6
7FD4	2	jg     0xffffffd6
80D4	3	adc    $0x90,%ah
81D4	6	adc    $0x90909090,%esp
82D4	3	adc    $0x90,%ah
83D4	3	adc    $0xffffff90,%esp
84D4	2	test   %dl,%ah
85D4	2	test   %edx,%esp
86D4	2	xchg   %dl,%ah
87D4	2	xchg   %edx,%esp
88D4	2	mov    %dl,%ah
89D4	2	mov    %edx,%esp
8AD4	2	mov    %ah,%dl
8BD4	2	mov    %esp,%edx
8CD4	2	mov    %ss,%esp
8DD4	NONE	lea    (bad),%edx
8ED4	2	mov    %esp,%ss
8FD4	NONE	(bad)
90D4	1	nop
91D4	1	xchg   %eax,%ecx
92D4	1	xchg   %eax,%edx
93D4	1	xchg   %eax,%ebx
94D4	1	xchg   %eax,%esp
95D4	1	xchg   %eax,%ebp
96D4	1	xchg   %eax,%esi
97D4	1	xchg   %eax,%edi
98D4	1	cwtl
99D4	1	cltd
9AD4	7	lcall  $0x9090,$0x909090d4
9BD4	1	fwait
9CD4	1	pushf
9DD4	1	popf
9ED4	1	sahf
9FD4	1	lahf
A0D4	5	mov    0x909090d4,%al
A1D4	5	mov    0x909090d4,%eax
A2D4	5	mov    %al,0x909090d4
A3D4	5	mov    %eax,0x909090d4
A4D4	1	movsb  %ds:(%esi),%es:(%edi)
A5D4	1	movsl  %ds:(%esi),%es:(%edi)
A6D4	1	cmpsb  %es:(%edi),%ds:(%esi)
A7D4	1	cmpsl  %es:(%edi),%ds:(%esi)
A8D4	2	test   $0xd4,%al
A9D4	5	test   $0x909090d4,%eax
AAD4	1	stos   %al,%es:(%edi)
ABD4	1	stos   %eax,%es:(%edi)
ACD4	1	lods   %ds:(%esi),%al
ADD4	1	lods   %ds:(%esi),%eax
AED4	1	scas   %es:(%edi),%al
AFD4	1	scas   %es:(%edi),%eax
B0D4	2	mov    $0xd4,%al
B1D4	2	mov    $0xd4,%cl
B2D4	2	mov    $0xd4,%dl
B3D4	2	mov    $0xd4,%bl
B4D4	2	mov    $0xd4,%ah
B5D4	2	mov    $0xd4,%ch
B6D4	2	mov    $0xd4,%dh
B7D4	2	mov    $0xd4,%bh
B8D4	5	mov    $0x909090d4,%eax
B9D4	5	mov    $0x909090d4,%ecx
BAD4	5	mov    $0x909090d4,%edx
BBD4	5	mov    $0x909090d4,%ebx
BCD4	5	mov    $0x909090d4,%esp
BDD4	5	mov    $0x909090d4,%ebp
BED4	5	mov    $0x909090d4,%esi
BFD4	5	mov    $0x909090d4,%edi
C0D4	3	rcl    $0x90,%ah
C1D4	3	rcl    $0x90,%esp
C2D4	3	ret    $0x90d4
C3D4	1	ret
C4D4	NONE	(bad)
C5D4	NONE	(bad)
C6D4	NONE	(bad)
C7D4	NONE	(bad)
C8D4	4	enter  $0x90d4,$0x90
C9D4	1	leave
CAD4	3	lret   $0x90d4
CBD4	1	lret
CCD4	1	int3
CDD4	2	int    $0xd4
CED4	1	into
CFD4	1	iret
D0D4	2	rcl    $1,%ah
D1D4	2	rcl    $1,%esp
D2D4	2	rcl    %cl,%ah
D3D4	2	rcl    %cl,%esp
D4D4	2	aam    $0xd4
D5D4	2	aad    $0xd4
D6D4	NONE	(bad)
D7D4	1	xlat   %ds:(%ebx)
D8D4	2	fcom   %st(4)
D9D4	NONE	(bad)
DAD4	2	fcmovbe %st(4),%st
DBD4	2	fcmovnbe %st(4),%st
DCD4	NONE	(bad)
DDD4	2	fst    %st(4)
DED4	NONE	(bad)
DFD4	NONE	(bad)
E0D4	2	loopne 0xffffffd6
E1D4	2	loope  0xffffffd6
E2D4	2	loop   0xffffffd6
E3D4	2	jecxz  0xffffffd6
E4D4	2	in     $0xd4,%al
E5D4	2	in     $0xd4,%eax
E6D4	2	out    %al,$0xd4
E7D4	2	out    %eax,$0xd4
E8D4	5	call   0x909090d9
E9D4	5	jmp    0x909090d9
EAD4	7	ljmp   $0x9090,$0x909090d4
EBD4	2	jmp    0xffffffd6
ECD4	1	in     (%dx),%al
EDD4	1	in     (%dx),%eax
EED4	1	out    %al,(%dx)
EFD4	1	out    %eax,(%dx)
F0D4	3	lock aam $0x90
F1D4	1	int1
F2D4	3	repnz aam $0x90
F3D4	3	repz aam $0x90
F4D4	1	hlt
F5D4	1	cmc
F6D4	2	not    %ah
F7D4	2	not    %esp
F8D4	1	clc
F9D4	1	stc
FAD4	1	cli
FBD4	1	sti
FCD4	1	cld
FDD4	1	std
FED4	NONE	(bad)
FFD4	2	call   *%esp
00D5	2	add    %dl,%ch
01D5	2	add    %edx,%ebp
02D5	2	add    %ch,%dl
03D5	2	add    %ebp,%edx
04D5	2	add    $0xd5,%al
05D5	5	add    $0x909090d5,%eax
06D5	1	push   %es
07D5	1	pop    %es
08D5	2	or     %dl,%ch
09D5	2	or     %edx,%ebp
0AD5	2	or     %ch,%dl
0BD5	2	or     %ebp,%edx
0CD5	2	or     $0xd5,%al
0DD5	5	or     $0x909090d5,%eax
0ED5	1	push   %cs
0FD5	7	pmullw -0x6f6f6f70(%eax),%mm2
10D5	2	adc    %dl,%ch
11D5	2	adc    %edx,%ebp
12D5	2	adc    %ch,%dl
13D5	2	adc    %ebp,%edx
14D5	2	adc    $0xd5,%al
15D5	5	adc    $0x909090d5,%eax
16D5	1	push   %ss
17D5	1	pop    %ss
18D5	2	sbb    %dl,%ch
19D5	2	sbb    %edx,%ebp
1AD5	2	sbb    %ch,%dl
1BD5	2	sbb    %ebp,%edx
1CD5	2	sbb    $0xd5,%al
1DD5	5	sbb    $0x909090d5,%eax
1ED5	1	push   %ds
1FD5	1	pop    %ds
20D5	2	and    %dl,%ch
21D5	2	and    %edx,%ebp
22D5	2	and    %ch,%dl
23D5	2	and    %ebp,%edx
24D5	2	and    $0xd5,%al
25D5	5	and    $0x909090d5,%eax
26D5	3	es aad $0x90
27D5	1	daa
28D5	2	sub    %dl,%ch
29D5	2	sub    %edx,%ebp
2AD5	2	sub    %ch,%dl
2BD5	2	sub    %ebp,%edx
2CD5	2	sub    $0xd5,%al
2DD5	5	sub    $0x909090d5,%eax
2ED5	3	cs aad $0x90
2FD5	1	das
30D5	2	xor    %dl,%ch
31D5	2	xor    %edx,%ebp
32D5	2	xor    %ch,%dl
33D5	2	xor    %ebp,%edx
34D5	2	xor    $0xd5,%al
35D5	5	xor    $0x909090d5,%eax
36D5	3	ss aad $0x90
37D5	1	aaa
38D5	2	cmp    %dl,%ch
39D5	2	cmp    %edx,%ebp
3AD5	2	cmp    %ch,%dl
3BD5	2	cmp    %ebp,%edx
3CD5	2	cmp    $0xd5,%al
3DD5	5	cmp    $0x909090d5,%eax
3ED5	3	ds aad $0x90
3FD5	1	aas
40D5	1	inc    %eax
41D5	1	inc    %ecx
42D5	1	inc    %edx
43D5	1	inc    %ebx
44D5	1	inc    %esp
45D5	1	inc    %ebp
46D5	1	inc    %esi
47D5	1	inc    %edi
48D5	1	dec    %eax
49D5	1	dec    %ecx
4AD5	1	dec    %edx
4BD5	1	dec    %ebx
4CD5	1	dec    %esp
4DD5	1	dec    %ebp
4ED5	1	dec    %esi
4FD5	1	dec    %edi
50D5	1	push   %eax
51D5	1	push   %ecx
52D5	1	push   %edx
53D5	1	push   %ebx
54D5	1	push   %esp
55D5	1	push   %ebp
56D5	1	push   %esi
57D5	1	push   %edi
58D5	1	pop    %eax
59D5	1	pop    %ecx
5AD5	1	pop    %edx
5BD5	1	pop    %ebx
5CD5	1	pop    %esp
5DD5	1	pop    %ebp
5ED5	1	pop    %esi
5FD5	1	pop    %edi
60D5	1	pusha
61D5	1	popa
62D5	NONE	(bad)  {rn-bad},{bad}
63D5	2	arpl   %edx,%ebp
64D5	3	fs aad $0x90
65D5	3	gs aad $0x90
66D5	3	data16 aad $0x90
67D5	3	addr16 aad $0x90
68D5	5	push   $0x909090d5
69D5	6	imul   $0x90909090,%ebp,%edx
6AD5	2	push   $0xffffffd5
6BD5	3	imul   $0xffffff90,%ebp,%edx
6CD5	1	insb   (%dx),%es:(%edi)
6DD5	1	insl   (%dx),%es:(%edi)
6ED5	1	outsb  %ds:(%esi),(%dx)
6FD5	1	outsl  %ds:(%esi),(%dx)
70D5	2	jo     0xffffffd7
71D5	2	jno    0xffffffd7
72D5	2	jb     0xffffffd7
73D5	2	jae    0xffffffd7
74D5	2	je     0xffffffd7
75D5	2	jne    0xffffffd7
76D5	2	jbe    0xffffffd7
77D5	2	ja     0xffffffd7
78D5	2	js     0xffffffd7
79D5	2	jns    0xffffffd7
7AD5	2	jp     0xffffffd7
7BD5	2	jnp    0xffffffd7
7CD5	2	jl     0xffffffd7
7DD5	2	jge    0xffffffd7
7ED5	2	jle    0xffffffd7
7FD5	2	jg     0xffffffd7
80D5	3	adc    $0x90,%ch
81D5	6	adc    $0x90909090,%ebp
82D5	3	adc    $0x90,%ch
83D5	3	adc    $0xffffff90,%ebp
84D5	2	test   %dl,%ch
85D5	2	test   %edx,%ebp
86D5	2	xchg   %dl,%ch
87D5	2	xchg   %edx,%ebp
88D5	2	mov    %dl,%ch
89D5	2	mov    %edx,%ebp
8AD5	2	mov    %ch,%dl
8BD5	2	mov    %ebp,%edx
8CD5	2	mov    %ss,%ebp
8DD5	NONE	lea    (bad),%edx
8ED5	2	mov    %ebp,%ss
8FD5	NONE	(bad)
90D5	1	nop
91D5	1	xchg   %eax,%ecx
92D5	1	xchg   %eax,%edx
93D5	1	xchg   %eax,%ebx
94D5	1	xchg   %eax,%esp
95D5	1	xchg   %eax,%ebp
96D5	1	xchg   %eax,%esi
97D5	1	xchg   %eax,%edi
98D5	1	cwtl
99D5	1	cltd
9AD5	7	lcall  $0x9090,$0x909090d5
9BD5	1	fwait
9CD5	1	pushf
9DD5	1	popf
9ED5	1	sahf
9FD5	1	lahf
A0D5	5	mov    0x909090d5,%al
A1D5	5	mov    0x909090d5,%eax
A2D5	5	mov    %al,0x909090d5
A3D5	5	mov    %eax,0x909090d5
A4D5	1	movsb  %ds:(%esi),%es:(%edi)
A5D5	1	movsl  %ds:(%esi),%es:(%edi)
A6D5	1	cmpsb  %es:(%edi),%ds:(%esi)
A7D5	1	cmpsl  %es:(%edi),%ds:(%esi)
A8D5	2	test   $0xd5,%al
A9D5	5	test   $0x909090d5,%eax
AAD5	1	stos   %al,%es:(%edi)
ABD5	1	stos   %eax,%es:(%edi)
ACD5	1	lods   %ds:(%esi),%al
ADD5	1	lods   %ds:(%esi),%eax
AED5	1	scas   %es:(%edi),%al
AFD5	1	scas   %es:(%edi),%eax
B0D5	2	mov    $0xd5,%al
B1D5	2	mov    $0xd5,%cl
B2D5	2	mov    $0xd5,%dl
B3D5	2	mov    $0xd5,%bl
B4D5	2	mov    $0xd5,%ah
B5D5	2	mov    $0xd5,%ch
B6D5	2	mov    $0xd5,%dh
B7D5	2	mov    $0xd5,%bh
B8D5	5	mov    $0x909090d5,%eax
B9D5	5	mov    $0x909090d5,%ecx
BAD5	5	mov    $0x909090d5,%edx
BBD5	5	mov    $0x909090d5,%ebx
BCD5	5	mov    $0x909090d5,%esp
BDD5	5	mov    $0x909090d5,%ebp
BED5	5	mov    $0x909090d5,%esi
BFD5	5	mov    $0x909090d5,%edi
C0D5	3	rcl    $0x90,%ch
C1D5	3	rcl    $0x90,%ebp
C2D5	3	ret    $0x90d5
C3D5	1	ret
C4D5	NONE	(bad)
C5D5	NONE	(bad)
C6D5	NONE	(bad)
C7D5	NONE	(bad)
C8D5	4	enter  $0x90d5,$0x90
C9D5	1	leave
CAD5	3	lret   $0x90d5
CBD5	1	lret
CCD5	1	int3
CDD5	2	int    $0xd5
CED5	1	into
CFD5	1	iret
D0D5	2	rcl    $1,%ch
D1D5	2	rcl    $1,%ebp
D2D5	2	rcl    %cl,%ch
D3D5	2	rcl    %cl,%ebp
D4D5	2	aam    $0xd5
D5D5	2	aad    $0xd5
D6D5	NONE	(bad)
D7D5	1	xlat   %ds:(%ebx)
D8D5	2	fcom   %st(5)
D9D5	NONE	(bad)
DAD5	2	fcmovbe %st(5),%st
DBD5	2	fcmovnbe %st(5),%st
DCD5	NONE	(bad)
DDD5	2	fst    %st(5)
DED5	NONE	(bad)
DFD5	NONE	(bad)
E0D5	2	loopne 0xffffffd7
E1D5	2	loope  0xffffffd7
E2D5	2	loop   0xffffffd7
E3D5	2	jecxz  0xffffffd7
E4D5	2	in     $0xd5,%al
E5D5	2	in     $0xd5,%eax
E6D5	2	out    %al,$0xd5
E7D5	2	out    %eax,$0xd5
E8D5	5	call   0x909090da
E9D5	5	jmp    0x909090da
EAD5	7	ljmp   $0x9090,$0x909090d5
EBD5	2	jmp    0xffffffd7
ECD5	1	in     (%dx),%al
EDD5	1	in     (%dx),%eax
EED5	1	out    %al,(%dx)
EFD5	1	out    %eax,(%dx)
F0D5	3	lock aad $0x90
F1D5	1	int1
F2D5	3	repnz aad $0x90
F3D5	3	repz aad $0x90
F4D5	1	hlt
F5D5	1	cmc
F6D5	2	not    %ch
F7D5	2	not    %ebp
F8D5	1	clc
F9D5	1	stc
FAD5	1	cli
FBD5	1	sti
FCD5	1	cld
FDD5	1	std
FED5	NONE	(bad)
FFD5	2	call   *%ebp
00D6	2	add    %dl,%dh
01D6	2	add    %edx,%esi
02D6	2	add    %dh,%dl
03D6	2	add    %esi,%edx
04D6	2	add    $0xd6,%al
05D6	5	add    $0x909090d6,%eax
06D6	1	push   %es
07D6	1	pop    %es
08D6	2	or     %dl,%dh
09D6	2	or     %edx,%esi
0AD6	2	or     %dh,%dl
0BD6	2	or     %esi,%edx
0CD6	2	or     $0xd6,%al
0DD6	5	or     $0x909090d6,%eax
0ED6	1	push   %cs
0FD6	NONE	(bad)
10D6	2	adc    %dl,%dh
11D6	2	adc    %edx,%esi
12D6	2	adc    %dh,%dl
13D6	2	adc    %esi,%edx
14D6	2	adc    $0xd6,%al
15D6	5	adc    $0x909090d6,%eax
16D6	1	push   %ss
17D6	1	pop    %ss
18D6	2	sbb    %dl,%dh
19D6	2	sbb    %edx,%esi
1AD6	2	sbb    %dh,%dl
1BD6	2	sbb    %esi,%edx
1CD6	2	sbb    $0xd6,%al
1DD6	5	sbb    $0x909090d6,%eax
1ED6	1	push   %ds
1FD6	1	pop    %ds
20D6	2	and    %dl,%dh
21D6	2	and    %edx,%esi
22D6	2	and    %dh,%dl
23D6	2	and    %esi,%edx
24D6	2	and    $0xd6,%al
25D6	5	and    $0x909090d6,%eax
26D6	NONE	es (bad)
27D6	1	daa
28D6	2	sub    %dl,%dh
29D6	2	sub    %edx,%esi
2AD6	2	sub    %dh,%dl
2BD6	2	sub    %esi,%edx
2CD6	2	sub    $0xd6,%al
2DD6	5	sub    $0x909090d6,%eax
2ED6	NONE	cs (bad)
2FD6	1	das
30D6	2	xor    %dl,%dh
31D6	2	xor    %edx,%esi
32D6	2	xor    %dh,%dl
33D6	2	xor    %esi,%edx
34D6	2	xor    $0xd6,%al
35D6	5	xor    $0x909090d6,%eax
36D6	NONE	ss (bad)
37D6	1	aaa
38D6	2	cmp    %dl,%dh
39D6	2	cmp    %edx,%esi
3AD6	2	cmp    %dh,%dl
3BD6	2	cmp    %esi,%edx
3CD6	2	cmp    $0xd6,%al
3DD6	5	cmp    $0x909090d6,%eax
3ED6	NONE	ds (bad)
3FD6	1	aas
40D6	1	inc    %eax
41D6	1	inc    %ecx
42D6	1	inc    %edx
43D6	1	inc    %ebx
44D6	1	inc    %esp
45D6	1	inc    %ebp
46D6	1	inc    %esi
47D6	1	inc    %edi
48D6	1	dec    %eax
49D6	1	dec    %ecx
4AD6	1	dec    %edx
4BD6	1	dec    %ebx
4CD6	1	dec    %esp
4DD6	1	dec    %ebp
4ED6	1	dec    %esi
4FD6	1	dec    %edi
50D6	1	push   %eax
51D6	1	push   %ecx
52D6	1	push   %edx
53D6	1	push   %ebx
54D6	1	push   %esp
55D6	1	push   %ebp
56D6	1	push   %esi
57D6	1	push   %edi
58D6	1	pop    %eax
59D6	1	pop    %ecx
5AD6	1	pop    %edx
5BD6	1	pop    %ebx
5CD6	1	pop    %esp
5DD6	1	pop    %ebp
5ED6	1	pop    %esi
5FD6	1	pop    %edi
60D6	1	pusha
61D6	1	popa
62D6	NONE	(bad)  {rn-bad},{bad}
63D6	2	arpl   %edx,%esi
64D6	NONE	fs (bad)
65D6	NONE	gs (bad)
66D6	NONE	data16 (bad)
67D6	NONE	addr16 (bad)
68D6	5	push   $0x909090d6
69D6	6	imul   $0x90909090,%esi,%edx
6AD6	2	push   $0xffffffd6
6BD6	3	imul   $0xffffff90,%esi,%edx
6CD6	1	insb   (%dx),%es:(%edi)
6DD6	1	insl   (%dx),%es:(%edi)
6ED6	1	outsb  %ds:(%esi),(%dx)
6FD6	1	outsl  %ds:(%esi),(%dx)
70D6	2	jo     0xffffffd8
71D6	2	jno    0xffffffd8
72D6	2	jb     0xffffffd8
73D6	2	jae    0xffffffd8
74D6	2	je     0xffffffd8
75D6	2	jne    0xffffffd8
76D6	2	jbe    0xffffffd8
77D6	2	ja     0xffffffd8
78D6	2	js     0xffffffd8
79D6	2	jns    0xffffffd8
7AD6	2	jp     0xffffffd8
7BD6	2	jnp    0xffffffd8
7CD6	2	jl     0xffffffd8
7DD6	2	jge    0xffffffd8
7ED6	2	jle    0xffffffd8
7FD6	2	jg     0xffffffd8
80D6	3	adc    $0x90,%dh
81D6	6	adc    $0x90909090,%esi
82D6	3	adc    $0x90,%dh
83D6	3	adc    $0xffffff90,%esi
84D6	2	test   %dl,%dh
85D6	2	test   %edx,%esi
86D6	2	xchg   %dl,%dh
87D6	2	xchg   %edx,%esi
88D6	2	mov    %dl,%dh
89D6	2	mov    %edx,%esi
8AD6	2	mov    %dh,%dl
8BD6	2	mov    %esi,%edx
8CD6	2	mov    %ss,%esi
8DD6	NONE	lea    (bad),%edx
8ED6	2	mov    %esi,%ss
8FD6	NONE	(bad)
90D6	1	nop
91D6	1	xchg   %eax,%ecx
92D6	1	xchg   %eax,%edx
93D6	1	xchg   %eax,%ebx
94D6	1	xchg   %eax,%esp
95D6	1	xchg   %eax,%ebp
96D6	1	xchg   %eax,%esi
97D6	1	xchg   %eax,%edi
98D6	1	cwtl
99D6	1	cltd
9AD6	7	lcall  $0x9090,$0x909090d6
9BD6	1	fwait
9CD6	1	pushf
9DD6	1	popf
9ED6	1	sahf
9FD6	1	lahf
A0D6	5	mov    0x909090d6,%al
A1D6	5	mov    0x909090d6,%eax
A2D6	5	mov    %al,0x909090d6
A3D6	5	mov    %eax,0x909090d6
A4D6	1	movsb  %ds:(%esi),%es:(%edi)
A5D6	1	movsl  %ds:(%esi),%es:(%edi)
A6D6	1	cmpsb  %es:(%edi),%ds:(%esi)
A7D6	1	cmpsl  %es:(%edi),%ds:(%esi)
A8D6	2	test   $0xd6,%al
A9D6	5	test   $0x909090d6,%eax
AAD6	1	stos   %al,%es:(%edi)
ABD6	1	stos   %eax,%es:(%edi)
ACD6	1	lods   %ds:(%esi),%al
ADD6	1	lods   %ds:(%esi),%eax
AED6	1	scas   %es:(%edi),%al
AFD6	1	scas   %es:(%edi),%eax
B0D6	2	mov    $0xd6,%al
B1D6	2	mov    $0xd6,%cl
B2D6	2	mov    $0xd6,%dl
B3D6	2	mov    $0xd6,%bl
B4D6	2	mov    $0xd6,%ah
B5D6	2	mov    $0xd6,%ch
B6D6	2	mov    $0xd6,%dh
B7D6	2	mov    $0xd6,%bh
B8D6	5	mov    $0x909090d6,%eax
B9D6	5	mov    $0x909090d6,%ecx
BAD6	5	mov    $0x909090d6,%edx
BBD6	5	mov    $0x909090d6,%ebx
BCD6	5	mov    $0x909090d6,%esp
BDD6	5	mov    $0x909090d6,%ebp
BED6	5	mov    $0x909090d6,%esi
BFD6	5	mov    $0x909090d6,%edi
C0D6	3	rcl    $0x90,%dh
C1D6	3	rcl    $0x90,%esi
C2D6	3	ret    $0x90d6
C3D6	1	ret
C4D6	NONE	(bad)
C5D6	NONE	(bad)
C6D6	NONE	(bad)
C7D6	NONE	(bad)
C8D6	4	enter  $0x90d6,$0x90
C9D6	1	leave
CAD6	3	lret   $0x90d6
CBD6	1	lret
CCD6	1	int3
CDD6	2	int    $0xd6
CED6	1	into
CFD6	1	iret
D0D6	2	rcl    $1,%dh
D1D6	2	rcl    $1,%esi
D2D6	2	rcl    %cl,%dh
D3D6	2	rcl    %cl,%esi
D4D6	2	aam    $0xd6
D5D6	2	aad    $0xd6
D6D6	NONE	(bad)
D7D6	1	xlat   %ds:(%ebx)
D8D6	2	fcom   %st(6)
D9D6	NONE	(bad)
DAD6	2	fcmovbe %st(6),%st
DBD6	2	fcmovnbe %st(6),%st
DCD6	NONE	(bad)
DDD6	2	fst    %st(6)
DED6	NONE	(bad)
DFD6	NONE	(bad)
E0D6	2	loopne 0xffffffd8
E1D6	2	loope  0xffffffd8
E2D6	2	loop   0xffffffd8
E3D6	2	jecxz  0xffffffd8
E4D6	2	in     $0xd6,%al
E5D6	2	in     $0xd6,%eax
E6D6	2	out    %al,$0xd6
E7D6	2	out    %eax,$0xd6
E8D6	5	call   0x909090db
E9D6	5	jmp    0x909090db
EAD6	7	ljmp   $0x9090,$0x909090d6
EBD6	2	jmp    0xffffffd8
ECD6	1	in     (%dx),%al
EDD6	1	in     (%dx),%eax
EED6	1	out    %al,(%dx)
EFD6	1	out    %eax,(%dx)
F0D6	NONE	lock (bad)
F1D6	1	int1
F2D6	NONE	repnz (bad)
F3D6	NONE	repz (bad)
F4D6	1	hlt
F5D6	1	cmc
F6D6	2	not    %dh
F7D6	2	not    %esi
F8D6	1	clc
F9D6	1	stc
FAD6	1	cli
FBD6	1	sti
FCD6	1	cld
FDD6	1	std
FED6	NONE	(bad)
FFD6	2	call   *%esi
00D7	2	add    %dl,%bh
01D7	2	add    %edx,%edi
02D7	2	add    %bh,%dl
03D7	2	add    %edi,%edx
04D7	2	add    $0xd7,%al
05D7	5	add    $0x909090d7,%eax
06D7	1	push   %es
07D7	1	pop    %es
08D7	2	or     %dl,%bh
09D7	2	or     %edx,%edi
0AD7	2	or     %bh,%dl
0BD7	2	or     %edi,%edx
0CD7	2	or     $0xd7,%al
0DD7	5	or     $0x909090d7,%eax
0ED7	1	push   %cs
0FD7	NONE	pmovmskb (bad),%edx
10D7	2	adc    %dl,%bh
11D7	2	adc    %edx,%edi
12D7	2	adc    %bh,%dl
13D7	2	adc    %edi,%edx
14D7	2	adc    $0xd7,%al
15D7	5	adc    $0x909090d7,%eax
16D7	1	push   %ss
17D7	1	pop    %ss
18D7	2	sbb    %dl,%bh
19D7	2	sbb    %edx,%edi
1AD7	2	sbb    %bh,%dl
1BD7	2	sbb    %edi,%edx
1CD7	2	sbb    $0xd7,%al
1DD7	5	sbb    $0x909090d7,%eax
1ED7	1	push   %ds
1FD7	1	pop    %ds
20D7	2	and    %dl,%bh
21D7	2	and    %edx,%edi
22D7	2	and    %bh,%dl
23D7	2	and    %edi,%edx
24D7	2	and    $0xd7,%al
25D7	5	and    $0x909090d7,%eax
26D7	2	xlat   %es:(%ebx)
27D7	1	daa
28D7	2	sub    %dl,%bh
29D7	2	sub    %edx,%edi
2AD7	2	sub    %bh,%dl
2BD7	2	sub    %edi,%edx
2CD7	2	sub    $0xd7,%al
2DD7	5	sub    $0x909090d7,%eax
2ED7	2	xlat   %cs:(%ebx)
2FD7	1	das
30D7	2	xor    %dl,%bh
31D7	2	xor    %edx,%edi
32D7	2	xor    %bh,%dl
33D7	2	xor    %edi,%edx
34D7	2	xor    $0xd7,%al
35D7	5	xor    $0x909090d7,%eax
36D7	2	xlat   %ss:(%ebx)
37D7	1	aaa
38D7	2	cmp    %dl,%bh
39D7	2	cmp    %edx,%edi
3AD7	2	cmp    %bh,%dl
3BD7	2	cmp    %edi,%edx
3CD7	2	cmp    $0xd7,%al
3DD7	5	cmp    $0x909090d7,%eax
3ED7	2	xlat   %ds:(%ebx)
3FD7	1	aas
40D7	1	inc    %eax
41D7	1	inc    %ecx
42D7	1	inc    %edx
43D7	1	inc    %ebx
44D7	1	inc    %esp
45D7	1	inc    %ebp
46D7	1	inc    %esi
47D7	1	inc    %edi
48D7	1	dec    %eax
49D7	1	dec    %ecx
4AD7	1	dec    %edx
4BD7	1	dec    %ebx
4CD7	1	dec    %esp
4DD7	1	dec    %ebp
4ED7	1	dec    %esi
4FD7	1	dec    %edi
50D7	1	push   %eax
51D7	1	push   %ecx
52D7	1	push   %edx
53D7	1	push   %ebx
54D7	1	push   %esp
55D7	1	push   %ebp
56D7	1	push   %esi
57D7	1	push   %edi
58D7	1	pop    %eax
59D7	1	pop    %ecx
5AD7	1	pop    %edx
5BD7	1	pop    %ebx
5CD7	1	pop    %esp
5DD7	1	pop    %ebp
5ED7	1	pop    %esi
5FD7	1	pop    %edi
60D7	1	pusha
61D7	1	popa
62D7	NONE	(bad)  {rn-bad},{bad}
63D7	2	arpl   %edx,%edi
64D7	2	xlat   %fs:(%ebx)
65D7	2	xlat   %gs:(%ebx)
66D7	2	data16 xlat %ds:(%ebx)
67D7	2	xlat   %ds:(%bx)
68D7	5	push   $0x909090d7
69D7	6	imul   $0x90909090,%edi,%edx
6AD7	2	push   $0xffffffd7
6BD7	3	imul   $0xffffff90,%edi,%edx
6CD7	1	insb   (%dx),%es:(%edi)
6DD7	1	insl   (%dx),%es:(%edi)
6ED7	1	outsb  %ds:(%esi),(%dx)
6FD7	1	outsl  %ds:(%esi),(%dx)
70D7	2	jo     0xffffffd9
71D7	2	jno    0xffffffd9
72D7	2	jb     0xffffffd9
73D7	2	jae    0xffffffd9
74D7	2	je     0xffffffd9
75D7	2	jne    0xffffffd9
76D7	2	jbe    0xffffffd9
77D7	2	ja     0xffffffd9
78D7	2	js     0xffffffd9
79D7	2	jns    0xffffffd9
7AD7	2	jp     0xffffffd9
7BD7	2	jnp    0xffffffd9
7CD7	2	jl     0xffffffd9
7DD7	2	jge    0xffffffd9
7ED7	2	jle    0xffffffd9
7FD7	2	jg     0xffffffd9
80D7	3	adc    $0x90,%bh
81D7	6	adc    $0x90909090,%edi
82D7	3	adc    $0x90,%bh
83D7	3	adc    $0xffffff90,%edi
84D7	2	test   %dl,%bh
85D7	2	test   %edx,%edi
86D7	2	xchg   %dl,%bh
87D7	2	xchg   %edx,%edi
88D7	2	mov    %dl,%bh
89D7	2	mov    %edx,%edi
8AD7	2	mov    %bh,%dl
8BD7	2	mov    %edi,%edx
8CD7	2	mov    %ss,%edi
8DD7	NONE	lea    (bad),%edx
8ED7	2	mov    %edi,%ss
8FD7	NONE	(bad)
90D7	1	nop
91D7	1	xchg   %eax,%ecx
92D7	1	xchg   %eax,%edx
93D7	1	xchg   %eax,%ebx
94D7	1	xchg   %eax,%esp
95D7	1	xchg   %eax,%ebp
96D7	1	xchg   %eax,%esi
97D7	1	xchg   %eax,%edi
98D7	1	cwtl
99D7	1	cltd
9AD7	7	lcall  $0x9090,$0x909090d7
9BD7	1	fwait
9CD7	1	pushf
9DD7	1	popf
9ED7	1	sahf
9FD7	1	lahf
A0D7	5	mov    0x909090d7,%al
A1D7	5	mov    0x909090d7,%eax
A2D7	5	mov    %al,0x909090d7
A3D7	5	mov    %eax,0x909090d7
A4D7	1	movsb  %ds:(%esi),%es:(%edi)
A5D7	1	movsl  %ds:(%esi),%es:(%edi)
A6D7	1	cmpsb  %es:(%edi),%ds:(%esi)
A7D7	1	cmpsl  %es:(%edi),%ds:(%esi)
A8D7	2	test   $0xd7,%al
A9D7	5	test   $0x909090d7,%eax
AAD7	1	stos   %al,%es:(%edi)
ABD7	1	stos   %eax,%es:(%edi)
ACD7	1	lods   %ds:(%esi),%al
ADD7	1	lods   %ds:(%esi),%eax
AED7	1	scas   %es:(%edi),%al
AFD7	1	scas   %es:(%edi),%eax
B0D7	2	mov    $0xd7,%al
B1D7	2	mov    $0xd7,%cl
B2D7	2	mov    $0xd7,%dl
B3D7	2	mov    $0xd7,%bl
B4D7	2	mov    $0xd7,%ah
B5D7	2	mov    $0xd7,%ch
B6D7	2	mov    $0xd7,%dh
B7D7	2	mov    $0xd7,%bh
B8D7	5	mov    $0x909090d7,%eax
B9D7	5	mov    $0x909090d7,%ecx
BAD7	5	mov    $0x909090d7,%edx
BBD7	5	mov    $0x909090d7,%ebx
BCD7	5	mov    $0x909090d7,%esp
BDD7	5	mov    $0x909090d7,%ebp
BED7	5	mov    $0x909090d7,%esi
BFD7	5	mov    $0x909090d7,%edi
C0D7	3	rcl    $0x90,%bh
C1D7	3	rcl    $0x90,%edi
C2D7	3	ret    $0x90d7
C3D7	1	ret
C4D7	NONE	(bad)
C5D7	NONE	(bad)
C6D7	NONE	(bad)
C7D7	NONE	(bad)
C8D7	4	enter  $0x90d7,$0x90
C9D7	1	leave
CAD7	3	lret   $0x90d7
CBD7	1	lret
CCD7	1	int3
CDD7	2	int    $0xd7
CED7	1	into
CFD7	1	iret
D0D7	2	rcl    $1,%bh
D1D7	2	rcl    $1,%edi
D2D7	2	rcl    %cl,%bh
D3D7	2	rcl    %cl,%edi
D4D7	2	aam    $0xd7
D5D7	2	aad    $0xd7
D6D7	NONE	(bad)
D7D7	1	xlat   %ds:(%ebx)
D8D7	2	fcom   %st(7)
D9D7	NONE	(bad)
DAD7	2	fcmovbe %st(7),%st
DBD7	2	fcmovnbe %st(7),%st
DCD7	NONE	(bad)
DDD7	2	fst    %st(7)
DED7	NONE	(bad)
DFD7	NONE	(bad)
E0D7	2	loopne 0xffffffd9
E1D7	2	loope  0xffffffd9
E2D7	2	loop   0xffffffd9
E3D7	2	jecxz  0xffffffd9
E4D7	2	in     $0xd7,%al
E5D7	2	in     $0xd7,%eax
E6D7	2	out    %al,$0xd7
E7D7	2	out    %eax,$0xd7
E8D7	5	call   0x909090dc
E9D7	5	jmp    0x909090dc
EAD7	7	ljmp   $0x9090,$0x909090d7
EBD7	2	jmp    0xffffffd9
ECD7	1	in     (%dx),%al
EDD7	1	in     (%dx),%eax
EED7	1	out    %al,(%dx)
EFD7	1	out    %eax,(%dx)
F0D7	2	lock xlat %ds:(%ebx)
F1D7	1	int1
F2D7	2	repnz xlat %ds:(%ebx)
F3D7	2	repz xlat %ds:(%ebx)
F4D7	1	hlt
F5D7	1	cmc
F6D7	2	not    %bh
F7D7	2	not    %edi
F8D7	1	clc
F9D7	1	stc
FAD7	1	cli
FBD7	1	sti
FCD7	1	cld
FDD7	1	std
FED7	NONE	(bad)
FFD7	2	call   *%edi
00D8	2	add    %bl,%al
01D8	2	add    %ebx,%eax
02D8	2	add    %al,%bl
03D8	2	add    %eax,%ebx
04D8	2	add    $0xd8,%al
05D8	5	add    $0x909090d8,%eax
06D8	1	push   %es
07D8	1	pop    %es
08D8	2	or     %bl,%al
09D8	2	or     %ebx,%eax
0AD8	2	or     %al,%bl
0BD8	2	or     %eax,%ebx
0CD8	2	or     $0xd8,%al
0DD8	5	or     $0x909090d8,%eax
0ED8	1	push   %cs
0FD8	7	psubusb -0x6f6f6f70(%eax),%mm2
10D8	2	adc    %bl,%al
11D8	2	adc    %ebx,%eax
12D8	2	adc    %al,%bl
13D8	2	adc    %eax,%ebx
14D8	2	adc    $0xd8,%al
15D8	5	adc    $0x909090d8,%eax
16D8	1	push   %ss
17D8	1	pop    %ss
18D8	2	sbb    %bl,%al
19D8	2	sbb    %ebx,%eax
1AD8	2	sbb    %al,%bl
1BD8	2	sbb    %eax,%ebx
1CD8	2	sbb    $0xd8,%al
1DD8	5	sbb    $0x909090d8,%eax
1ED8	1	push   %ds
1FD8	1	pop    %ds
20D8	2	and    %bl,%al
21D8	2	and    %ebx,%eax
22D8	2	and    %al,%bl
23D8	2	and    %eax,%ebx
24D8	2	and    $0xd8,%al
25D8	5	and    $0x909090d8,%eax
26D8	7	fcoms  %es:-0x6f6f6f70(%eax)
27D8	1	daa
28D8	2	sub    %bl,%al
29D8	2	sub    %ebx,%eax
2AD8	2	sub    %al,%bl
2BD8	2	sub    %eax,%ebx
2CD8	2	sub    $0xd8,%al
2DD8	5	sub    $0x909090d8,%eax
2ED8	7	fcoms  %cs:-0x6f6f6f70(%eax)
2FD8	1	das
30D8	2	xor    %bl,%al
31D8	2	xor    %ebx,%eax
32D8	2	xor    %al,%bl
33D8	2	xor    %eax,%ebx
34D8	2	xor    $0xd8,%al
35D8	5	xor    $0x909090d8,%eax
36D8	7	fcoms  %ss:-0x6f6f6f70(%eax)
37D8	1	aaa
38D8	2	cmp    %bl,%al
39D8	2	cmp    %ebx,%eax
3AD8	2	cmp    %al,%bl
3BD8	2	cmp    %eax,%ebx
3CD8	2	cmp    $0xd8,%al
3DD8	5	cmp    $0x909090d8,%eax
3ED8	7	fcoms  %ds:-0x6f6f6f70(%eax)
3FD8	1	aas
40D8	1	inc    %eax
41D8	1	inc    %ecx
42D8	1	inc    %edx
43D8	1	inc    %ebx
44D8	1	inc    %esp
45D8	1	inc    %ebp
46D8	1	inc    %esi
47D8	1	inc    %edi
48D8	1	dec    %eax
49D8	1	dec    %ecx
4AD8	1	dec    %edx
4BD8	1	dec    %ebx
4CD8	1	dec    %esp
4DD8	1	dec    %ebp
4ED8	1	dec    %esi
4FD8	1	dec    %edi
50D8	1	push   %eax
51D8	1	push   %ecx
52D8	1	push   %edx
53D8	1	push   %ebx
54D8	1	push   %esp
55D8	1	push   %ebp
56D8	1	push   %esi
57D8	1	push   %edi
58D8	1	pop    %eax
59D8	1	pop    %ecx
5AD8	1	pop    %edx
5BD8	1	pop    %ebx
5CD8	1	pop    %esp
5DD8	1	pop    %ebp
5ED8	1	pop    %esi
5FD8	1	pop    %edi
60D8	1	pusha
61D8	1	popa
62D8	NONE	(bad)
63D8	2	arpl   %ebx,%eax
64D8	7	fcoms  %fs:-0x6f6f6f70(%eax)
65D8	7	fcoms  %gs:-0x6f6f6f70(%eax)
66D8	7	data16 fcoms -0x6f6f6f70(%eax)
67D8	5	fcoms  -0x6f70(%bx,%si)
68D8	5	push   $0x909090d8
69D8	6	imul   $0x90909090,%eax,%ebx
6AD8	2	push   $0xffffffd8
6BD8	3	imul   $0xffffff90,%eax,%ebx
6CD8	1	insb   (%dx),%es:(%edi)
6DD8	1	insl   (%dx),%es:(%edi)
6ED8	1	outsb  %ds:(%esi),(%dx)
6FD8	1	outsl  %ds:(%esi),(%dx)
70D8	2	jo     0xffffffda
71D8	2	jno    0xffffffda
72D8	2	jb     0xffffffda
73D8	2	jae    0xffffffda
74D8	2	je     0xffffffda
75D8	2	jne    0xffffffda
76D8	2	jbe    0xffffffda
77D8	2	ja     0xffffffda
78D8	2	js     0xffffffda
79D8	2	jns    0xffffffda
7AD8	2	jp     0xffffffda
7BD8	2	jnp    0xffffffda
7CD8	2	jl     0xffffffda
7DD8	2	jge    0xffffffda
7ED8	2	jle    0xffffffda
7FD8	2	jg     0xffffffda
80D8	3	sbb    $0x90,%al
81D8	6	sbb    $0x90909090,%eax
82D8	3	sbb    $0x90,%al
83D8	3	sbb    $0xffffff90,%eax
84D8	2	test   %bl,%al
85D8	2	test   %ebx,%eax
86D8	2	xchg   %bl,%al
87D8	2	xchg   %ebx,%eax
88D8	2	mov    %bl,%al
89D8	2	mov    %ebx,%eax
8AD8	2	mov    %al,%bl
8BD8	2	mov    %eax,%ebx
8CD8	2	mov    %ds,%eax
8DD8	NONE	lea    (bad),%ebx
8ED8	2	mov    %eax,%ds
8FD8	NONE	(bad)
90D8	1	nop
91D8	1	xchg   %eax,%ecx
92D8	1	xchg   %eax,%edx
93D8	1	xchg   %eax,%ebx
94D8	1	xchg   %eax,%esp
95D8	1	xchg   %eax,%ebp
96D8	1	xchg   %eax,%esi
97D8	1	xchg   %eax,%edi
98D8	1	cwtl
99D8	1	cltd
9AD8	7	lcall  $0x9090,$0x909090d8
9BD8	7	fcoms  -0x6f6f6f70(%eax)
9CD8	1	pushf
9DD8	1	popf
9ED8	1	sahf
9FD8	1	lahf
A0D8	5	mov    0x909090d8,%al
A1D8	5	mov    0x909090d8,%eax
A2D8	5	mov    %al,0x909090d8
A3D8	5	mov    %eax,0x909090d8
A4D8	1	movsb  %ds:(%esi),%es:(%edi)
A5D8	1	movsl  %ds:(%esi),%es:(%edi)
A6D8	1	cmpsb  %es:(%edi),%ds:(%esi)
A7D8	1	cmpsl  %es:(%edi),%ds:(%esi)
A8D8	2	test   $0xd8,%al
A9D8	5	test   $0x909090d8,%eax
AAD8	1	stos   %al,%es:(%edi)
ABD8	1	stos   %eax,%es:(%edi)
ACD8	1	lods   %ds:(%esi),%al
ADD8	1	lods   %ds:(%esi),%eax
AED8	1	scas   %es:(%edi),%al
AFD8	1	scas   %es:(%edi),%eax
B0D8	2	mov    $0xd8,%al
B1D8	2	mov    $0xd8,%cl
B2D8	2	mov    $0xd8,%dl
B3D8	2	mov    $0xd8,%bl
B4D8	2	mov    $0xd8,%ah
B5D8	2	mov    $0xd8,%ch
B6D8	2	mov    $0xd8,%dh
B7D8	2	mov    $0xd8,%bh
B8D8	5	mov    $0x909090d8,%eax
B9D8	5	mov    $0x909090d8,%ecx
BAD8	5	mov    $0x909090d8,%edx
BBD8	5	mov    $0x909090d8,%ebx
BCD8	5	mov    $0x909090d8,%esp
BDD8	5	mov    $0x909090d8,%ebp
BED8	5	mov    $0x909090d8,%esi
BFD8	5	mov    $0x909090d8,%edi
C0D8	3	rcr    $0x90,%al
C1D8	3	rcr    $0x90,%eax
C2D8	3	ret    $0x90d8
C3D8	1	ret
C4D8	NONE	(bad)
C5D8	NONE	(bad)
C6D8	NONE	(bad)
C7D8	NONE	(bad)
C8D8	4	enter  $0x90d8,$0x90
C9D8	1	leave
CAD8	3	lret   $0x90d8
CBD8	1	lret
CCD8	1	int3
CDD8	2	int    $0xd8
CED8	1	into
CFD8	1	iret
D0D8	2	rcr    $1,%al
D1D8	2	rcr    $1,%eax
D2D8	2	rcr    %cl,%al
D3D8	2	rcr    %cl,%eax
D4D8	2	aam    $0xd8
D5D8	2	aad    $0xd8
D6D8	NONE	(bad)
D7D8	1	xlat   %ds:(%ebx)
D8D8	2	fcomp  %st(0)
D9D8	NONE	(bad)
DAD8	2	fcmovu %st(0),%st
DBD8	2	fcmovnu %st(0),%st
DCD8	NONE	(bad)
DDD8	2	fstp   %st(0)
DED8	NONE	(bad)
DFD8	NONE	(bad)
E0D8	2	loopne 0xffffffda
E1D8	2	loope  0xffffffda
E2D8	2	loop   0xffffffda
E3D8	2	jecxz  0xffffffda
E4D8	2	in     $0xd8,%al
E5D8	2	in     $0xd8,%eax
E6D8	2	out    %al,$0xd8
E7D8	2	out    %eax,$0xd8
E8D8	5	call   0x909090dd
E9D8	5	jmp    0x909090dd
EAD8	7	ljmp   $0x9090,$0x909090d8
EBD8	2	jmp    0xffffffda
ECD8	1	in     (%dx),%al
EDD8	1	in     (%dx),%eax
EED8	1	out    %al,(%dx)
EFD8	1	out    %eax,(%dx)
F0D8	7	lock fcoms -0x6f6f6f70(%eax)
F1D8	1	int1
F2D8	7	repnz fcoms -0x6f6f6f70(%eax)
F3D8	7	repz fcoms -0x6f6f6f70(%eax)
F4D8	1	hlt
F5D8	1	cmc
F6D8	2	neg    %al
F7D8	2	neg    %eax
F8D8	1	clc
F9D8	1	stc
FAD8	1	cli
FBD8	1	sti
FCD8	1	cld
FDD8	1	std
FED8	NONE	(bad)
FFD8	NONE	lcall  (bad)
00D9	2	add    %bl,%cl
01D9	2	add    %ebx,%ecx
02D9	2	add    %cl,%bl
03D9	2	add    %ecx,%ebx
04D9	2	add    $0xd9,%al
05D9	5	add    $0x909090d9,%eax
06D9	1	push   %es
07D9	1	pop    %es
08D9	2	or     %bl,%cl
09D9	2	or     %ebx,%ecx
0AD9	2	or     %cl,%bl
0BD9	2	or     %ecx,%ebx
0CD9	2	or     $0xd9,%al
0DD9	5	or     $0x909090d9,%eax
0ED9	1	push   %cs
0FD9	7	psubusw -0x6f6f6f70(%eax),%mm2
10D9	2	adc    %bl,%cl
11D9	2	adc    %ebx,%ecx
12D9	2	adc    %cl,%bl
13D9	2	adc    %ecx,%ebx
14D9	2	adc    $0xd9,%al
15D9	5	adc    $0x909090d9,%eax
16D9	1	push   %ss
17D9	1	pop    %ss
18D9	2	sbb    %bl,%cl
19D9	2	sbb    %ebx,%ecx
1AD9	2	sbb    %cl,%bl
1BD9	2	sbb    %ecx,%ebx
1CD9	2	sbb    $0xd9,%al
1DD9	5	sbb    $0x909090d9,%eax
1ED9	1	push   %ds
1FD9	1	pop    %ds
20D9	2	and    %bl,%cl
21D9	2	and    %ebx,%ecx
22D9	2	and    %cl,%bl
23D9	2	and    %ecx,%ebx
24D9	2	and    $0xd9,%al
25D9	5	and    $0x909090d9,%eax
26D9	7	fsts   %es:-0x6f6f6f70(%eax)
27D9	1	daa
28D9	2	sub    %bl,%cl
29D9	2	sub    %ebx,%ecx
2AD9	2	sub    %cl,%bl
2BD9	2	sub    %ecx,%ebx
2CD9	2	sub    $0xd9,%al
2DD9	5	sub    $0x909090d9,%eax
2ED9	7	fsts   %cs:-0x6f6f6f70(%eax)
2FD9	1	das
30D9	2	xor    %bl,%cl
31D9	2	xor    %ebx,%ecx
32D9	2	xor    %cl,%bl
33D9	2	xor    %ecx,%ebx
34D9	2	xor    $0xd9,%al
35D9	5	xor    $0x909090d9,%eax
36D9	7	fsts   %ss:-0x6f6f6f70(%eax)
37D9	1	aaa
38D9	2	cmp    %bl,%cl
39D9	2	cmp    %ebx,%ecx
3AD9	2	cmp    %cl,%bl
3BD9	2	cmp    %ecx,%ebx
3CD9	2	cmp    $0xd9,%al
3DD9	5	cmp    $0x909090d9,%eax
3ED9	7	fsts   %ds:-0x6f6f6f70(%eax)
3FD9	1	aas
40D9	1	inc    %eax
41D9	1	inc    %ecx
42D9	1	inc    %edx
43D9	1	inc    %ebx
44D9	1	inc    %esp
45D9	1	inc    %ebp
46D9	1	inc    %esi
47D9	1	inc    %edi
48D9	1	dec    %eax
49D9	1	dec    %ecx
4AD9	1	dec    %edx
4BD9	1	dec    %ebx
4CD9	1	dec    %esp
4DD9	1	dec    %ebp
4ED9	1	dec    %esi
4FD9	1	dec    %edi
50D9	1	push   %eax
51D9	1	push   %ecx
52D9	1	push   %edx
53D9	1	push   %ebx
54D9	1	push   %esp
55D9	1	push   %ebp
56D9	1	push   %esi
57D9	1	push   %edi
58D9	1	pop    %eax
59D9	1	pop    %ecx
5AD9	1	pop    %edx
5BD9	1	pop    %ebx
5CD9	1	pop    %esp
5DD9	1	pop    %ebp
5ED9	1	pop    %esi
5FD9	1	pop    %edi
60D9	1	pusha
61D9	1	popa
62D9	NONE	(bad)  {rn-bad},{bad}
63D9	2	arpl   %ebx,%ecx
64D9	7	fsts   %fs:-0x6f6f6f70(%eax)
65D9	7	fsts   %gs:-0x6f6f6f70(%eax)
66D9	7	data16 fsts -0x6f6f6f70(%eax)
67D9	5	fsts   -0x6f70(%bx,%si)
68D9	5	push   $0x909090d9
69D9	6	imul   $0x90909090,%ecx,%ebx
6AD9	2	push   $0xffffffd9
6BD9	3	imul   $0xffffff90,%ecx,%ebx
6CD9	1	insb   (%dx),%es:(%edi)
6DD9	1	insl   (%dx),%es:(%edi)
6ED9	1	outsb  %ds:(%esi),(%dx)
6FD9	1	outsl  %ds:(%esi),(%dx)
70D9	2	jo     0xffffffdb
71D9	2	jno    0xffffffdb
72D9	2	jb     0xffffffdb
73D9	2	jae    0xffffffdb
74D9	2	je     0xffffffdb
75D9	2	jne    0xffffffdb
76D9	2	jbe    0xffffffdb
77D9	2	ja     0xffffffdb
78D9	2	js     0xffffffdb
79D9	2	jns    0xffffffdb
7AD9	2	jp     0xffffffdb
7BD9	2	jnp    0xffffffdb
7CD9	2	jl     0xffffffdb
7DD9	2	jge    0xffffffdb
7ED9	2	jle    0xffffffdb
7FD9	2	jg     0xffffffdb
80D9	3	sbb    $0x90,%cl
81D9	6	sbb    $0x90909090,%ecx
82D9	3	sbb    $0x90,%cl
83D9	3	sbb    $0xffffff90,%ecx
84D9	2	test   %bl,%cl
85D9	2	test   %ebx,%ecx
86D9	2	xchg   %bl,%cl
87D9	2	xchg   %ebx,%ecx
88D9	2	mov    %bl,%cl
89D9	2	mov    %ebx,%ecx
8AD9	2	mov    %cl,%bl
8BD9	2	mov    %ecx,%ebx
8CD9	2	mov    %ds,%ecx
8DD9	NONE	lea    (bad),%ebx
8ED9	2	mov    %ecx,%ds
8FD9	NONE	(bad)
90D9	1	nop
91D9	1	xchg   %eax,%ecx
92D9	1	xchg   %eax,%edx
93D9	1	xchg   %eax,%ebx
94D9	1	xchg   %eax,%esp
95D9	1	xchg   %eax,%ebp
96D9	1	xchg   %eax,%esi
97D9	1	xchg   %eax,%edi
98D9	1	cwtl
99D9	1	cltd
9AD9	7	lcall  $0x9090,$0x909090d9
9BD9	7	fsts   -0x6f6f6f70(%eax)
9CD9	1	pushf
9DD9	1	popf
9ED9	1	sahf
9FD9	1	lahf
A0D9	5	mov    0x909090d9,%al
A1D9	5	mov    0x909090d9,%eax
A2D9	5	mov    %al,0x909090d9
A3D9	5	mov    %eax,0x909090d9
A4D9	1	movsb  %ds:(%esi),%es:(%edi)
A5D9	1	movsl  %ds:(%esi),%es:(%edi)
A6D9	1	cmpsb  %es:(%edi),%ds:(%esi)
A7D9	1	cmpsl  %es:(%edi),%ds:(%esi)
A8D9	2	test   $0xd9,%al
A9D9	5	test   $0x909090d9,%eax
AAD9	1	stos   %al,%es:(%edi)
ABD9	1	stos   %eax,%es:(%edi)
ACD9	1	lods   %ds:(%esi),%al
ADD9	1	lods   %ds:(%esi),%eax
AED9	1	scas   %es:(%edi),%al
AFD9	1	scas   %es:(%edi),%eax
B0D9	2	mov    $0xd9,%al
B1D9	2	mov    $0xd9,%cl
B2D9	2	mov    $0xd9,%dl
B3D9	2	mov    $0xd9,%bl
B4D9	2	mov    $0xd9,%ah
B5D9	2	mov    $0xd9,%ch
B6D9	2	mov    $0xd9,%dh
B7D9	2	mov    $0xd9,%bh
B8D9	5	mov    $0x909090d9,%eax
B9D9	5	mov    $0x909090d9,%ecx
BAD9	5	mov    $0x909090d9,%edx
BBD9	5	mov    $0x909090d9,%ebx
BCD9	5	mov    $0x909090d9,%esp
BDD9	5	mov    $0x909090d9,%ebp
BED9	5	mov    $0x909090d9,%esi
BFD9	5	mov    $0x909090d9,%edi
C0D9	3	rcr    $0x90,%cl
C1D9	3	rcr    $0x90,%ecx
C2D9	3	ret    $0x90d9
C3D9	1	ret
C4D9	NONE	(bad)
C5D9	NONE	(bad)
C6D9	NONE	(bad)
C7D9	NONE	(bad)
C8D9	4	enter  $0x90d9,$0x90
C9D9	1	leave
CAD9	3	lret   $0x90d9
CBD9	1	lret
CCD9	1	int3
CDD9	2	int    $0xd9
CED9	1	into
CFD9	1	iret
D0D9	2	rcr    $1,%cl
D1D9	2	rcr    $1,%ecx
D2D9	2	rcr    %cl,%cl
D3D9	2	rcr    %cl,%ecx
D4D9	2	aam    $0xd9
D5D9	2	aad    $0xd9
D6D9	NONE	(bad)
D7D9	1	xlat   %ds:(%ebx)
D8D9	2	fcomp  %st(1)
D9D9	NONE	(bad)
DAD9	2	fcmovu %st(1),%st
DBD9	2	fcmovnu %st(1),%st
DCD9	NONE	(bad)
DDD9	2	fstp   %st(1)
DED9	2	fcompp
DFD9	NONE	(bad)
E0D9	2	loopne 0xffffffdb
E1D9	2	loope  0xffffffdb
E2D9	2	loop   0xffffffdb
E3D9	2	jecxz  0xffffffdb
E4D9	2	in     $0xd9,%al
E5D9	2	in     $0xd9,%eax
E6D9	2	out    %al,$0xd9
E7D9	2	out    %eax,$0xd9
E8D9	5	call   0x909090de
E9D9	5	jmp    0x909090de
EAD9	7	ljmp   $0x9090,$0x909090d9
EBD9	2	jmp    0xffffffdb
ECD9	1	in     (%dx),%al
EDD9	1	in     (%dx),%eax
EED9	1	out    %al,(%dx)
EFD9	1	out    %eax,(%dx)
F0D9	7	lock fsts -0x6f6f6f70(%eax)
F1D9	1	int1
F2D9	7	repnz fsts -0x6f6f6f70(%eax)
F3D9	7	repz fsts -0x6f6f6f70(%eax)
F4D9	1	hlt
F5D9	1	cmc
F6D9	2	neg    %cl
F7D9	2	neg    %ecx
F8D9	1	clc
F9D9	1	stc
FAD9	1	cli
FBD9	1	sti
FCD9	1	cld
FDD9	1	std
FED9	NONE	(bad)
FFD9	NONE	lcall  (bad)
00DA	2	add    %bl,%dl
01DA	2	add    %ebx,%edx
02DA	2	add    %dl,%bl
03DA	2	add    %edx,%ebx
04DA	2	add    $0xda,%al
05DA	5	add    $0x909090da,%eax
06DA	1	push   %es
07DA	1	pop    %es
08DA	2	or     %bl,%dl
09DA	2	or     %ebx,%edx
0ADA	2	or     %dl,%bl
0BDA	2	or     %edx,%ebx
0CDA	2	or     $0xda,%al
0DDA	5	or     $0x909090da,%eax
0EDA	1	push   %cs
0FDA	7	pminub -0x6f6f6f70(%eax),%mm2
10DA	2	adc    %bl,%dl
11DA	2	adc    %ebx,%edx
12DA	2	adc    %dl,%bl
13DA	2	adc    %edx,%ebx
14DA	2	adc    $0xda,%al
15DA	5	adc    $0x909090da,%eax
16DA	1	push   %ss
17DA	1	pop    %ss
18DA	2	sbb    %bl,%dl
19DA	2	sbb    %ebx,%edx
1ADA	2	sbb    %dl,%bl
1BDA	2	sbb    %edx,%ebx
1CDA	2	sbb    $0xda,%al
1DDA	5	sbb    $0x909090da,%eax
1EDA	1	push   %ds
1FDA	1	pop    %ds
20DA	2	and    %bl,%dl
21DA	2	and    %ebx,%edx
22DA	2	and    %dl,%bl
23DA	2	and    %edx,%ebx
24DA	2	and    $0xda,%al
25DA	5	and    $0x909090da,%eax
26DA	7	ficoml %es:-0x6f6f6f70(%eax)
27DA	1	daa
28DA	2	sub    %bl,%dl
29DA	2	sub    %ebx,%edx
2ADA	2	sub    %dl,%bl
2BDA	2	sub    %edx,%ebx
2CDA	2	sub    $0xda,%al
2DDA	5	sub    $0x909090da,%eax
2EDA	7	ficoml %cs:-0x6f6f6f70(%eax)
2FDA	1	das
30DA	2	xor    %bl,%dl
31DA	2	xor    %ebx,%edx
32DA	2	xor    %dl,%bl
33DA	2	xor    %edx,%ebx
34DA	2	xor    $0xda,%al
35DA	5	xor    $0x909090da,%eax
36DA	7	ficoml %ss:-0x6f6f6f70(%eax)
37DA	1	aaa
38DA	2	cmp    %bl,%dl
39DA	2	cmp    %ebx,%edx
3ADA	2	cmp    %dl,%bl
3BDA	2	cmp    %edx,%ebx
3CDA	2	cmp    $0xda,%al
3DDA	5	cmp    $0x909090da,%eax
3EDA	7	ficoml %ds:-0x6f6f6f70(%eax)
3FDA	1	aas
40DA	1	inc    %eax
41DA	1	inc    %ecx
42DA	1	inc    %edx
43DA	1	inc    %ebx
44DA	1	inc    %esp
45DA	1	inc    %ebp
46DA	1	inc    %esi
47DA	1	inc    %edi
48DA	1	dec    %eax
49DA	1	dec    %ecx
4ADA	1	dec    %edx
4BDA	1	dec    %ebx
4CDA	1	dec    %esp
4DDA	1	dec    %ebp
4EDA	1	dec    %esi
4FDA	1	dec    %edi
50DA	1	push   %eax
51DA	1	push   %ecx
52DA	1	push   %edx
53DA	1	push   %ebx
54DA	1	push   %esp
55DA	1	push   %ebp
56DA	1	push   %esi
57DA	1	push   %edi
58DA	1	pop    %eax
59DA	1	pop    %ecx
5ADA	1	pop    %edx
5BDA	1	pop    %ebx
5CDA	1	pop    %esp
5DDA	1	pop    %ebp
5EDA	1	pop    %esi
5FDA	1	pop    %edi
60DA	1	pusha
61DA	1	popa
62DA	NONE	(bad)  {rn-bad},{bad}
63DA	2	arpl   %ebx,%edx
64DA	7	ficoml %fs:-0x6f6f6f70(%eax)
65DA	7	ficoml %gs:-0x6f6f6f70(%eax)
66DA	7	data16 ficoml -0x6f6f6f70(%eax)
67DA	5	ficoml -0x6f70(%bx,%si)
68DA	5	push   $0x909090da
69DA	6	imul   $0x90909090,%edx,%ebx
6ADA	2	push   $0xffffffda
6BDA	3	imul   $0xffffff90,%edx,%ebx
6CDA	1	insb   (%dx),%es:(%edi)
6DDA	1	insl   (%dx),%es:(%edi)
6EDA	1	outsb  %ds:(%esi),(%dx)
6FDA	1	outsl  %ds:(%esi),(%dx)
70DA	2	jo     0xffffffdc
71DA	2	jno    0xffffffdc
72DA	2	jb     0xffffffdc
73DA	2	jae    0xffffffdc
74DA	2	je     0xffffffdc
75DA	2	jne    0xffffffdc
76DA	2	jbe    0xffffffdc
77DA	2	ja     0xffffffdc
78DA	2	js     0xffffffdc
79DA	2	jns    0xffffffdc
7ADA	2	jp     0xffffffdc
7BDA	2	jnp    0xffffffdc
7CDA	2	jl     0xffffffdc
7DDA	2	jge    0xffffffdc
7EDA	2	jle    0xffffffdc
7FDA	2	jg     0xffffffdc
80DA	3	sbb    $0x90,%dl
81DA	6	sbb    $0x90909090,%edx
82DA	3	sbb    $0x90,%dl
83DA	3	sbb    $0xffffff90,%edx
84DA	2	test   %bl,%dl
85DA	2	test   %ebx,%edx
86DA	2	xchg   %bl,%dl
87DA	2	xchg   %ebx,%edx
88DA	2	mov    %bl,%dl
89DA	2	mov    %ebx,%edx
8ADA	2	mov    %dl,%bl
8BDA	2	mov    %edx,%ebx
8CDA	2	mov    %ds,%edx
8DDA	NONE	lea    (bad),%ebx
8EDA	2	mov    %edx,%ds
8FDA	NONE	(bad)
90DA	1	nop
91DA	1	xchg   %eax,%ecx
92DA	1	xchg   %eax,%edx
93DA	1	xchg   %eax,%ebx
94DA	1	xchg   %eax,%esp
95DA	1	xchg   %eax,%ebp
96DA	1	xchg   %eax,%esi
97DA	1	xchg   %eax,%edi
98DA	1	cwtl
99DA	1	cltd
9ADA	7	lcall  $0x9090,$0x909090da
9BDA	7	ficoml -0x6f6f6f70(%eax)
9CDA	1	pushf
9DDA	1	popf
9EDA	1	sahf
9FDA	1	lahf
A0DA	5	mov    0x909090da,%al
A1DA	5	mov    0x909090da,%eax
A2DA	5	mov    %al,0x909090da
A3DA	5	mov    %eax,0x909090da
A4DA	1	movsb  %ds:(%esi),%es:(%edi)
A5DA	1	movsl  %ds:(%esi),%es:(%edi)
A6DA	1	cmpsb  %es:(%edi),%ds:(%esi)
A7DA	1	cmpsl  %es:(%edi),%ds:(%esi)
A8DA	2	test   $0xda,%al
A9DA	5	test   $0x909090da,%eax
AADA	1	stos   %al,%es:(%edi)
ABDA	1	stos   %eax,%es:(%edi)
ACDA	1	lods   %ds:(%esi),%al
ADDA	1	lods   %ds:(%esi),%eax
AEDA	1	scas   %es:(%edi),%al
AFDA	1	scas   %es:(%edi),%eax
B0DA	2	mov    $0xda,%al
B1DA	2	mov    $0xda,%cl
B2DA	2	mov    $0xda,%dl
B3DA	2	mov    $0xda,%bl
B4DA	2	mov    $0xda,%ah
B5DA	2	mov    $0xda,%ch
B6DA	2	mov    $0xda,%dh
B7DA	2	mov    $0xda,%bh
B8DA	5	mov    $0x909090da,%eax
B9DA	5	mov    $0x909090da,%ecx
BADA	5	mov    $0x909090da,%edx
BBDA	5	mov    $0x909090da,%ebx
BCDA	5	mov    $0x909090da,%esp
BDDA	5	mov    $0x909090da,%ebp
BEDA	5	mov    $0x909090da,%esi
BFDA	5	mov    $0x909090da,%edi
C0DA	3	rcr    $0x90,%dl
C1DA	3	rcr    $0x90,%edx
C2DA	3	ret    $0x90da
C3DA	1	ret
C4DA	NONE	(bad)
C5DA	NONE	(bad)
C6DA	NONE	(bad)
C7DA	NONE	(bad)
C8DA	4	enter  $0x90da,$0x90
C9DA	1	leave
CADA	3	lret   $0x90da
CBDA	1	lret
CCDA	1	int3
CDDA	2	int    $0xda
CEDA	1	into
CFDA	1	iret
D0DA	2	rcr    $1,%dl
D1DA	2	rcr    $1,%edx
D2DA	2	rcr    %cl,%dl
D3DA	2	rcr    %cl,%edx
D4DA	2	aam    $0xda
D5DA	2	aad    $0xda
D6DA	NONE	(bad)
D7DA	1	xlat   %ds:(%ebx)
D8DA	2	fcomp  %st(2)
D9DA	NONE	(bad)
DADA	2	fcmovu %st(2),%st
DBDA	2	fcmovnu %st(2),%st
DCDA	NONE	(bad)
DDDA	2	fstp   %st(2)
DEDA	NONE	(bad)
DFDA	NONE	(bad)
E0DA	2	loopne 0xffffffdc
E1DA	2	loope  0xffffffdc
E2DA	2	loop   0xffffffdc
E3DA	2	jecxz  0xffffffdc
E4DA	2	in     $0xda,%al
E5DA	2	in     $0xda,%eax
E6DA	2	out    %al,$0xda
E7DA	2	out    %eax,$0xda
E8DA	5	call   0x909090df
E9DA	5	jmp    0x909090df
EADA	7	ljmp   $0x9090,$0x909090da
EBDA	2	jmp    0xffffffdc
ECDA	1	in     (%dx),%al
EDDA	1	in     (%dx),%eax
EEDA	1	out    %al,(%dx)
EFDA	1	out    %eax,(%dx)
F0DA	7	lock ficoml -0x6f6f6f70(%eax)
F1DA	1	int1
F2DA	7	repnz ficoml -0x6f6f6f70(%eax)
F3DA	7	repz ficoml -0x6f6f6f70(%eax)
F4DA	1	hlt
F5DA	1	cmc
F6DA	2	neg    %dl
F7DA	2	neg    %edx
F8DA	1	clc
F9DA	1	stc
FADA	1	cli
FBDA	1	sti
FCDA	1	cld
FDDA	1	std
FEDA	NONE	(bad)
FFDA	NONE	lcall  (bad)
00DB	2	add    %bl,%bl
01DB	2	add    %ebx,%ebx
02DB	2	add    %bl,%bl
03DB	2	add    %ebx,%ebx
04DB	2	add    $0xdb,%al
05DB	5	add    $0x909090db,%eax
06DB	1	push   %es
07DB	1	pop    %es
08DB	2	or     %bl,%bl
09DB	2	or     %ebx,%ebx
0ADB	2	or     %bl,%bl
0BDB	2	or     %ebx,%ebx
0CDB	2	or     $0xdb,%al
0DDB	5	or     $0x909090db,%eax
0EDB	1	push   %cs
0FDB	7	pand   -0x6f6f6f70(%eax),%mm2
10DB	2	adc    %bl,%bl
11DB	2	adc    %ebx,%ebx
12DB	2	adc    %bl,%bl
13DB	2	adc    %ebx,%ebx
14DB	2	adc    $0xdb,%al
15DB	5	adc    $0x909090db,%eax
16DB	1	push   %ss
17DB	1	pop    %ss
18DB	2	sbb    %bl,%bl
19DB	2	sbb    %ebx,%ebx
1ADB	2	sbb    %bl,%bl
1BDB	2	sbb    %ebx,%ebx
1CDB	2	sbb    $0xdb,%al
1DDB	5	sbb    $0x909090db,%eax
1EDB	1	push   %ds
1FDB	1	pop    %ds
20DB	2	and    %bl,%bl
21DB	2	and    %ebx,%ebx
22DB	2	and    %bl,%bl
23DB	2	and    %ebx,%ebx
24DB	2	and    $0xdb,%al
25DB	5	and    $0x909090db,%eax
26DB	7	fistl  %es:-0x6f6f6f70(%eax)
27DB	1	daa
28DB	2	sub    %bl,%bl
29DB	2	sub    %ebx,%ebx
2ADB	2	sub    %bl,%bl
2BDB	2	sub    %ebx,%ebx
2CDB	2	sub    $0xdb,%al
2DDB	5	sub    $0x909090db,%eax
2EDB	7	fistl  %cs:-0x6f6f6f70(%eax)
2FDB	1	das
30DB	2	xor    %bl,%bl
31DB	2	xor    %ebx,%ebx
32DB	2	xor    %bl,%bl
33DB	2	xor    %ebx,%ebx
34DB	2	xor    $0xdb,%al
35DB	5	xor    $0x909090db,%eax
36DB	7	fistl  %ss:-0x6f6f6f70(%eax)
37DB	1	aaa
38DB	2	cmp    %bl,%bl
39DB	2	cmp    %ebx,%ebx
3ADB	2	cmp    %bl,%bl
3BDB	2	cmp    %ebx,%ebx
3CDB	2	cmp    $0xdb,%al
3DDB	5	cmp    $0x909090db,%eax
3EDB	7	fistl  %ds:-0x6f6f6f70(%eax)
3FDB	1	aas
40DB	1	inc    %eax
41DB	1	inc    %ecx
42DB	1	inc    %edx
43DB	1	inc    %ebx
44DB	1	inc    %esp
45DB	1	inc    %ebp
46DB	1	inc    %esi
47DB	1	inc    %edi
48DB	1	dec    %eax
49DB	1	dec    %ecx
4ADB	1	dec    %edx
4BDB	1	dec    %ebx
4CDB	1	dec    %esp
4DDB	1	dec    %ebp
4EDB	1	dec    %esi
4FDB	1	dec    %edi
50DB	1	push   %eax
51DB	1	push   %ecx
52DB	1	push   %edx
53DB	1	push   %ebx
54DB	1	push   %esp
55DB	1	push   %ebp
56DB	1	push   %esi
57DB	1	push   %edi
58DB	1	pop    %eax
59DB	1	pop    %ecx
5ADB	1	pop    %edx
5BDB	1	pop    %ebx
5CDB	1	pop    %esp
5DDB	1	pop    %ebp
5EDB	1	pop    %esi
5FDB	1	pop    %edi
60DB	1	pusha
61DB	1	popa
62DB	NONE	(bad)  {rn-bad},{bad}
63DB	2	arpl   %ebx,%ebx
64DB	7	fistl  %fs:-0x6f6f6f70(%eax)
65DB	7	fistl  %gs:-0x6f6f6f70(%eax)
66DB	7	data16 fistl -0x6f6f6f70(%eax)
67DB	5	fistl  -0x6f70(%bx,%si)
68DB	5	push   $0x909090db
69DB	6	imul   $0x90909090,%ebx,%ebx
6ADB	2	push   $0xffffffdb
6BDB	3	imul   $0xffffff90,%ebx,%ebx
6CDB	1	insb   (%dx),%es:(%edi)
6DDB	1	insl   (%dx),%es:(%edi)
6EDB	1	outsb  %ds:(%esi),(%dx)
6FDB	1	outsl  %ds:(%esi),(%dx)
70DB	2	jo     0xffffffdd
71DB	2	jno    0xffffffdd
72DB	2	jb     0xffffffdd
73DB	2	jae    0xffffffdd
74DB	2	je     0xffffffdd
75DB	2	jne    0xffffffdd
76DB	2	jbe    0xffffffdd
77DB	2	ja     0xffffffdd
78DB	2	js     0xffffffdd
79DB	2	jns    0xffffffdd
7ADB	2	jp     0xffffffdd
7BDB	2	jnp    0xffffffdd
7CDB	2	jl     0xffffffdd
7DDB	2	jge    0xffffffdd
7EDB	2	jle    0xffffffdd
7FDB	2	jg     0xffffffdd
80DB	3	sbb    $0x90,%bl
81DB	6	sbb    $0x90909090,%ebx
82DB	3	sbb    $0x90,%bl
83DB	3	sbb    $0xffffff90,%ebx
84DB	2	test   %bl,%bl
85DB	2	test   %ebx,%ebx
86DB	2	xchg   %bl,%bl
87DB	2	xchg   %ebx,%ebx
88DB	2	mov    %bl,%bl
89DB	2	mov    %ebx,%ebx
8ADB	2	mov    %bl,%bl
8BDB	2	mov    %ebx,%ebx
8CDB	2	mov    %ds,%ebx
8DDB	NONE	lea    (bad),%ebx
8EDB	2	mov    %ebx,%ds
8FDB	NONE	(bad)
90DB	1	nop
91DB	1	xchg   %eax,%ecx
92DB	1	xchg   %eax,%edx
93DB	1	xchg   %eax,%ebx
94DB	1	xchg   %eax,%esp
95DB	1	xchg   %eax,%ebp
96DB	1	xchg   %eax,%esi
97DB	1	xchg   %eax,%edi
98DB	1	cwtl
99DB	1	cltd
9ADB	7	lcall  $0x9090,$0x909090db
9BDB	7	fistl  -0x6f6f6f70(%eax)
9CDB	1	pushf
9DDB	1	popf
9EDB	1	sahf
9FDB	1	lahf
A0DB	5	mov    0x909090db,%al
A1DB	5	mov    0x909090db,%eax
A2DB	5	mov    %al,0x909090db
A3DB	5	mov    %eax,0x909090db
A4DB	1	movsb  %ds:(%esi),%es:(%edi)
A5DB	1	movsl  %ds:(%esi),%es:(%edi)
A6DB	1	cmpsb  %es:(%edi),%ds:(%esi)
A7DB	1	cmpsl  %es:(%edi),%ds:(%esi)
A8DB	2	test   $0xdb,%al
A9DB	5	test   $0x909090db,%eax
AADB	1	stos   %al,%es:(%edi)
ABDB	1	stos   %eax,%es:(%edi)
ACDB	1	lods   %ds:(%esi),%al
ADDB	1	lods   %ds:(%esi),%eax
AEDB	1	scas   %es:(%edi),%al
AFDB	1	scas   %es:(%edi),%eax
B0DB	2	mov    $0xdb,%al
B1DB	2	mov    $0xdb,%cl
B2DB	2	mov    $0xdb,%dl
B3DB	2	mov    $0xdb,%bl
B4DB	2	mov    $0xdb,%ah
B5DB	2	mov    $0xdb,%ch
B6DB	2	mov    $0xdb,%dh
B7DB	2	mov    $0xdb,%bh
B8DB	5	mov    $0x909090db,%eax
B9DB	5	mov    $0x909090db,%ecx
BADB	5	mov    $0x909090db,%edx
BBDB	5	mov    $0x909090db,%ebx
BCDB	5	mov    $0x909090db,%esp
BDDB	5	mov    $0x909090db,%ebp
BEDB	5	mov    $0x909090db,%esi
BFDB	5	mov    $0x909090db,%edi
C0DB	3	rcr    $0x90,%bl
C1DB	3	rcr    $0x90,%ebx
C2DB	3	ret    $0x90db
C3DB	1	ret
C4DB	NONE	(bad)
C5DB	NONE	(bad)
C6DB	NONE	(bad)
C7DB	NONE	(bad)
C8DB	4	enter  $0x90db,$0x90
C9DB	1	leave
CADB	3	lret   $0x90db
CBDB	1	lret
CCDB	1	int3
CDDB	2	int    $0xdb
CEDB	1	into
CFDB	1	iret
D0DB	2	rcr    $1,%bl
D1DB	2	rcr    $1,%ebx
D2DB	2	rcr    %cl,%bl
D3DB	2	rcr    %cl,%ebx
D4DB	2	aam    $0xdb
D5DB	2	aad    $0xdb
D6DB	NONE	(bad)
D7DB	1	xlat   %ds:(%ebx)
D8DB	2	fcomp  %st(3)
D9DB	NONE	(bad)
DADB	2	fcmovu %st(3),%st
DBDB	2	fcmovnu %st(3),%st
DCDB	NONE	(bad)
DDDB	2	fstp   %st(3)
DEDB	NONE	(bad)
DFDB	NONE	(bad)
E0DB	2	loopne 0xffffffdd
E1DB	2	loope  0xffffffdd
E2DB	2	loop   0xffffffdd
E3DB	2	jecxz  0xffffffdd
E4DB	2	in     $0xdb,%al
E5DB	2	in     $0xdb,%eax
E6DB	2	out    %al,$0xdb
E7DB	2	out    %eax,$0xdb
E8DB	5	call   0x909090e0
E9DB	5	jmp    0x909090e0
EADB	7	ljmp   $0x9090,$0x909090db
EBDB	2	jmp    0xffffffdd
ECDB	1	in     (%dx),%al
EDDB	1	in     (%dx),%eax
EEDB	1	out    %al,(%dx)
EFDB	1	out    %eax,(%dx)
F0DB	7	lock fistl -0x6f6f6f70(%eax)
F1DB	1	int1
F2DB	7	repnz fistl -0x6f6f6f70(%eax)
F3DB	7	repz fistl -0x6f6f6f70(%eax)
F4DB	1	hlt
F5DB	1	cmc
F6DB	2	neg    %bl
F7DB	2	neg    %ebx
F8DB	1	clc
F9DB	1	stc
FADB	1	cli
FBDB	1	sti
FCDB	1	cld
FDDB	1	std
FEDB	NONE	(bad)
FFDB	NONE	lcall  (bad)
00DC	2	add    %bl,%ah
01DC	2	add    %ebx,%esp
02DC	2	add    %ah,%bl
03DC	2	add    %esp,%ebx
04DC	2	add    $0xdc,%al
05DC	5	add    $0x909090dc,%eax
06DC	1	push   %es
07DC	1	pop    %es
08DC	2	or     %bl,%ah
09DC	2	or     %ebx,%esp
0ADC	2	or     %ah,%bl
0BDC	2	or     %esp,%ebx
0CDC	2	or     $0xdc,%al
0DDC	5	or     $0x909090dc,%eax
0EDC	1	push   %cs
0FDC	7	paddusb -0x6f6f6f70(%eax),%mm2
10DC	2	adc    %bl,%ah
11DC	2	adc    %ebx,%esp
12DC	2	adc    %ah,%bl
13DC	2	adc    %esp,%ebx
14DC	2	adc    $0xdc,%al
15DC	5	adc    $0x909090dc,%eax
16DC	1	push   %ss
17DC	1	pop    %ss
18DC	2	sbb    %bl,%ah
19DC	2	sbb    %ebx,%esp
1ADC	2	sbb    %ah,%bl
1BDC	2	sbb    %esp,%ebx
1CDC	2	sbb    $0xdc,%al
1DDC	5	sbb    $0x909090dc,%eax
1EDC	1	push   %ds
1FDC	1	pop    %ds
20DC	2	and    %bl,%ah
21DC	2	and    %ebx,%esp
22DC	2	and    %ah,%bl
23DC	2	and    %esp,%ebx
24DC	2	and    $0xdc,%al
25DC	5	and    $0x909090dc,%eax
26DC	7	fcoml  %es:-0x6f6f6f70(%eax)
27DC	1	daa
28DC	2	sub    %bl,%ah
29DC	2	sub    %ebx,%esp
2ADC	2	sub    %ah,%bl
2BDC	2	sub    %esp,%ebx
2CDC	2	sub    $0xdc,%al
2DDC	5	sub    $0x909090dc,%eax
2EDC	7	fcoml  %cs:-0x6f6f6f70(%eax)
2FDC	1	das
30DC	2	xor    %bl,%ah
31DC	2	xor    %ebx,%esp
32DC	2	xor    %ah,%bl
33DC	2	xor    %esp,%ebx
34DC	2	xor    $0xdc,%al
35DC	5	xor    $0x909090dc,%eax
36DC	7	fcoml  %ss:-0x6f6f6f70(%eax)
37DC	1	aaa
38DC	2	cmp    %bl,%ah
39DC	2	cmp    %ebx,%esp
3ADC	2	cmp    %ah,%bl
3BDC	2	cmp    %esp,%ebx
3CDC	2	cmp    $0xdc,%al
3DDC	5	cmp    $0x909090dc,%eax
3EDC	7	fcoml  %ds:-0x6f6f6f70(%eax)
3FDC	1	aas
40DC	1	inc    %eax
41DC	1	inc    %ecx
42DC	1	inc    %edx
43DC	1	inc    %ebx
44DC	1	inc    %esp
45DC	1	inc    %ebp
46DC	1	inc    %esi
47DC	1	inc    %edi
48DC	1	dec    %eax
49DC	1	dec    %ecx
4ADC	1	dec    %edx
4BDC	1	dec    %ebx
4CDC	1	dec    %esp
4DDC	1	dec    %ebp
4EDC	1	dec    %esi
4FDC	1	dec    %edi
50DC	1	push   %eax
51DC	1	push   %ecx
52DC	1	push   %edx
53DC	1	push   %ebx
54DC	1	push   %esp
55DC	1	push   %ebp
56DC	1	push   %esi
57DC	1	push   %edi
58DC	1	pop    %eax
59DC	1	pop    %ecx
5ADC	1	pop    %edx
5BDC	1	pop    %ebx
5CDC	1	pop    %esp
5DDC	1	pop    %ebp
5EDC	1	pop    %esi
5FDC	1	pop    %edi
60DC	1	pusha
61DC	1	popa
62DC	NONE	(bad)
63DC	2	arpl   %ebx,%esp
64DC	7	fcoml  %fs:-0x6f6f6f70(%eax)
65DC	7	fcoml  %gs:-0x6f6f6f70(%eax)
66DC	7	data16 fcoml -0x6f6f6f70(%eax)
67DC	5	fcoml  -0x6f70(%bx,%si)
68DC	5	push   $0x909090dc
69DC	6	imul   $0x90909090,%esp,%ebx
6ADC	2	push   $0xffffffdc
6BDC	3	imul   $0xffffff90,%esp,%ebx
6CDC	1	insb   (%dx),%es:(%edi)
6DDC	1	insl   (%dx),%es:(%edi)
6EDC	1	outsb  %ds:(%esi),(%dx)
6FDC	1	outsl  %ds:(%esi),(%dx)
70DC	2	jo     0xffffffde
71DC	2	jno    0xffffffde
72DC	2	jb     0xffffffde
73DC	2	jae    0xffffffde
74DC	2	je     0xffffffde
75DC	2	jne    0xffffffde
76DC	2	jbe    0xffffffde
77DC	2	ja     0xffffffde
78DC	2	js     0xffffffde
79DC	2	jns    0xffffffde
7ADC	2	jp     0xffffffde
7BDC	2	jnp    0xffffffde
7CDC	2	jl     0xffffffde
7DDC	2	jge    0xffffffde
7EDC	2	jle    0xffffffde
7FDC	2	jg     0xffffffde
80DC	3	sbb    $0x90,%ah
81DC	6	sbb    $0x90909090,%esp
82DC	3	sbb    $0x90,%ah
83DC	3	sbb    $0xffffff90,%esp
84DC	2	test   %bl,%ah
85DC	2	test   %ebx,%esp
86DC	2	xchg   %bl,%ah
87DC	2	xchg   %ebx,%esp
88DC	2	mov    %bl,%ah
89DC	2	mov    %ebx,%esp
8ADC	2	mov    %ah,%bl
8BDC	2	mov    %esp,%ebx
8CDC	2	mov    %ds,%esp
8DDC	NONE	lea    (bad),%ebx
8EDC	2	mov    %esp,%ds
8FDC	NONE	(bad)
90DC	1	nop
91DC	1	xchg   %eax,%ecx
92DC	1	xchg   %eax,%edx
93DC	1	xchg   %eax,%ebx
94DC	1	xchg   %eax,%esp
95DC	1	xchg   %eax,%ebp
96DC	1	xchg   %eax,%esi
97DC	1	xchg   %eax,%edi
98DC	1	cwtl
99DC	1	cltd
9ADC	7	lcall  $0x9090,$0x909090dc
9BDC	7	fcoml  -0x6f6f6f70(%eax)
9CDC	1	pushf
9DDC	1	popf
9EDC	1	sahf
9FDC	1	lahf
A0DC	5	mov    0x909090dc,%al
A1DC	5	mov    0x909090dc,%eax
A2DC	5	mov    %al,0x909090dc
A3DC	5	mov    %eax,0x909090dc
A4DC	1	movsb  %ds:(%esi),%es:(%edi)
A5DC	1	movsl  %ds:(%esi),%es:(%edi)
A6DC	1	cmpsb  %es:(%edi),%ds:(%esi)
A7DC	1	cmpsl  %es:(%edi),%ds:(%esi)
A8DC	2	test   $0xdc,%al
A9DC	5	test   $0x909090dc,%eax
AADC	1	stos   %al,%es:(%edi)
ABDC	1	stos   %eax,%es:(%edi)
ACDC	1	lods   %ds:(%esi),%al
ADDC	1	lods   %ds:(%esi),%eax
AEDC	1	scas   %es:(%edi),%al
AFDC	1	scas   %es:(%edi),%eax
B0DC	2	mov    $0xdc,%al
B1DC	2	mov    $0xdc,%cl
B2DC	2	mov    $0xdc,%dl
B3DC	2	mov    $0xdc,%bl
B4DC	2	mov    $0xdc,%ah
B5DC	2	mov    $0xdc,%ch
B6DC	2	mov    $0xdc,%dh
B7DC	2	mov    $0xdc,%bh
B8DC	5	mov    $0x909090dc,%eax
B9DC	5	mov    $0x909090dc,%ecx
BADC	5	mov    $0x909090dc,%edx
BBDC	5	mov    $0x909090dc,%ebx
BCDC	5	mov    $0x909090dc,%esp
BDDC	5	mov    $0x909090dc,%ebp
BEDC	5	mov    $0x909090dc,%esi
BFDC	5	mov    $0x909090dc,%edi
C0DC	3	rcr    $0x90,%ah
C1DC	3	rcr    $0x90,%esp
C2DC	3	ret    $0x90dc
C3DC	1	ret
C4DC	NONE	(bad)
C5DC	NONE	(bad)
C6DC	NONE	(bad)
C7DC	NONE	(bad)
C8DC	4	enter  $0x90dc,$0x90
C9DC	1	leave
CADC	3	lret   $0x90dc
CBDC	1	lret
CCDC	1	int3
CDDC	2	int    $0xdc
CEDC	1	into
CFDC	1	iret
D0DC	2	rcr    $1,%ah
D1DC	2	rcr    $1,%esp
D2DC	2	rcr    %cl,%ah
D3DC	2	rcr    %cl,%esp
D4DC	2	aam    $0xdc
D5DC	2	aad    $0xdc
D6DC	NONE	(bad)
D7DC	1	xlat   %ds:(%ebx)
D8DC	2	fcomp  %st(4)
D9DC	NONE	(bad)
DADC	2	fcmovu %st(4),%st
DBDC	2	fcmovnu %st(4),%st
DCDC	NONE	(bad)
DDDC	2	fstp   %st(4)
DEDC	NONE	(bad)
DFDC	NONE	(bad)
E0DC	2	loopne 0xffffffde
E1DC	2	loope  0xffffffde
E2DC	2	loop   0xffffffde
E3DC	2	jecxz  0xffffffde
E4DC	2	in     $0xdc,%al
E5DC	2	in     $0xdc,%eax
E6DC	2	out    %al,$0xdc
E7DC	2	out    %eax,$0xdc
E8DC	5	call   0x909090e1
E9DC	5	jmp    0x909090e1
EADC	7	ljmp   $0x9090,$0x909090dc
EBDC	2	jmp    0xffffffde
ECDC	1	in     (%dx),%al
EDDC	1	in     (%dx),%eax
EEDC	1	out    %al,(%dx)
EFDC	1	out    %eax,(%dx)
F0DC	7	lock fcoml -0x6f6f6f70(%eax)
F1DC	1	int1
F2DC	7	repnz fcoml -0x6f6f6f70(%eax)
F3DC	7	repz fcoml -0x6f6f6f70(%eax)
F4DC	1	hlt
F5DC	1	cmc
F6DC	2	neg    %ah
F7DC	2	neg    %esp
F8DC	1	clc
F9DC	1	stc
FADC	1	cli
FBDC	1	sti
FCDC	1	cld
FDDC	1	std
FEDC	NONE	(bad)
FFDC	NONE	lcall  (bad)
00DD	2	add    %bl,%ch
01DD	2	add    %ebx,%ebp
02DD	2	add    %ch,%bl
03DD	2	add    %ebp,%ebx
04DD	2	add    $0xdd,%al
05DD	5	add    $0x909090dd,%eax
06DD	1	push   %es
07DD	1	pop    %es
08DD	2	or     %bl,%ch
09DD	2	or     %ebx,%ebp
0ADD	2	or     %ch,%bl
0BDD	2	or     %ebp,%ebx
0CDD	2	or     $0xdd,%al
0DDD	5	or     $0x909090dd,%eax
0EDD	1	push   %cs
0FDD	7	paddusw -0x6f6f6f70(%eax),%mm2
10DD	2	adc    %bl,%ch
11DD	2	adc    %ebx,%ebp
12DD	2	adc    %ch,%bl
13DD	2	adc    %ebp,%ebx
14DD	2	adc    $0xdd,%al
15DD	5	adc    $0x909090dd,%eax
16DD	1	push   %ss
17DD	1	pop    %ss
18DD	2	sbb    %bl,%ch
19DD	2	sbb    %ebx,%ebp
1ADD	2	sbb    %ch,%bl
1BDD	2	sbb    %ebp,%ebx
1CDD	2	sbb    $0xdd,%al
1DDD	5	sbb    $0x909090dd,%eax
1EDD	1	push   %ds
1FDD	1	pop    %ds
20DD	2	and    %bl,%ch
21DD	2	and    %ebx,%ebp
22DD	2	and    %ch,%bl
23DD	2	and    %ebp,%ebx
24DD	2	and    $0xdd,%al
25DD	5	and    $0x909090dd,%eax
26DD	7	fstl   %es:-0x6f6f6f70(%eax)
27DD	1	daa
28DD	2	sub    %bl,%ch
29DD	2	sub    %ebx,%ebp
2ADD	2	sub    %ch,%bl
2BDD	2	sub    %ebp,%ebx
2CDD	2	sub    $0xdd,%al
2DDD	5	sub    $0x909090dd,%eax
2EDD	7	fstl   %cs:-0x6f6f6f70(%eax)
2FDD	1	das
30DD	2	xor    %bl,%ch
31DD	2	xor    %ebx,%ebp
32DD	2	xor    %ch,%bl
33DD	2	xor    %ebp,%ebx
34DD	2	xor    $0xdd,%al
35DD	5	xor    $0x909090dd,%eax
36DD	7	fstl   %ss:-0x6f6f6f70(%eax)
37DD	1	aaa
38DD	2	cmp    %bl,%ch
39DD	2	cmp    %ebx,%ebp
3ADD	2	cmp    %ch,%bl
3BDD	2	cmp    %ebp,%ebx
3CDD	2	cmp    $0xdd,%al
3DDD	5	cmp    $0x909090dd,%eax
3EDD	7	fstl   %ds:-0x6f6f6f70(%eax)
3FDD	1	aas
40DD	1	inc    %eax
41DD	1	inc    %ecx
42DD	1	inc    %edx
43DD	1	inc    %ebx
44DD	1	inc    %esp
45DD	1	inc    %ebp
46DD	1	inc    %esi
47DD	1	inc    %edi
48DD	1	dec    %eax
49DD	1	dec    %ecx
4ADD	1	dec    %edx
4BDD	1	dec    %ebx
4CDD	1	dec    %esp
4DDD	1	dec    %ebp
4EDD	1	dec    %esi
4FDD	1	dec    %edi
50DD	1	push   %eax
51DD	1	push   %ecx
52DD	1	push   %edx
53DD	1	push   %ebx
54DD	1	push   %esp
55DD	1	push   %ebp
56DD	1	push   %esi
57DD	1	push   %edi
58DD	1	pop    %eax
59DD	1	pop    %ecx
5ADD	1	pop    %edx
5BDD	1	pop    %ebx
5CDD	1	pop    %esp
5DDD	1	pop    %ebp
5EDD	1	pop    %esi
5FDD	1	pop    %edi
60DD	1	pusha
61DD	1	popa
62DD	NONE	(bad)  {rn-bad},{bad}
63DD	2	arpl   %ebx,%ebp
64DD	7	fstl   %fs:-0x6f6f6f70(%eax)
65DD	7	fstl   %gs:-0x6f6f6f70(%eax)
66DD	7	data16 fstl -0x6f6f6f70(%eax)
67DD	5	fstl   -0x6f70(%bx,%si)
68DD	5	push   $0x909090dd
69DD	6	imul   $0x90909090,%ebp,%ebx
6ADD	2	push   $0xffffffdd
6BDD	3	imul   $0xffffff90,%ebp,%ebx
6CDD	1	insb   (%dx),%es:(%edi)
6DDD	1	insl   (%dx),%es:(%edi)
6EDD	1	outsb  %ds:(%esi),(%dx)
6FDD	1	outsl  %ds:(%esi),(%dx)
70DD	2	jo     0xffffffdf
71DD	2	jno    0xffffffdf
72DD	2	jb     0xffffffdf
73DD	2	jae    0xffffffdf
74DD	2	je     0xffffffdf
75DD	2	jne    0xffffffdf
76DD	2	jbe    0xffffffdf
77DD	2	ja     0xffffffdf
78DD	2	js     0xffffffdf
79DD	2	jns    0xffffffdf
7ADD	2	jp     0xffffffdf
7BDD	2	jnp    0xffffffdf
7CDD	2	jl     0xffffffdf
7DDD	2	jge    0xffffffdf
7EDD	2	jle    0xffffffdf
7FDD	2	jg     0xffffffdf
80DD	3	sbb    $0x90,%ch
81DD	6	sbb    $0x90909090,%ebp
82DD	3	sbb    $0x90,%ch
83DD	3	sbb    $0xffffff90,%ebp
84DD	2	test   %bl,%ch
85DD	2	test   %ebx,%ebp
86DD	2	xchg   %bl,%ch
87DD	2	xchg   %ebx,%ebp
88DD	2	mov    %bl,%ch
89DD	2	mov    %ebx,%ebp
8ADD	2	mov    %ch,%bl
8BDD	2	mov    %ebp,%ebx
8CDD	2	mov    %ds,%ebp
8DDD	NONE	lea    (bad),%ebx
8EDD	2	mov    %ebp,%ds
8FDD	NONE	(bad)
90DD	1	nop
91DD	1	xchg   %eax,%ecx
92DD	1	xchg   %eax,%edx
93DD	1	xchg   %eax,%ebx
94DD	1	xchg   %eax,%esp
95DD	1	xchg   %eax,%ebp
96DD	1	xchg   %eax,%esi
97DD	1	xchg   %eax,%edi
98DD	1	cwtl
99DD	1	cltd
9ADD	7	lcall  $0x9090,$0x909090dd
9BDD	7	fstl   -0x6f6f6f70(%eax)
9CDD	1	pushf
9DDD	1	popf
9EDD	1	sahf
9FDD	1	lahf
A0DD	5	mov    0x909090dd,%al
A1DD	5	mov    0x909090dd,%eax
A2DD	5	mov    %al,0x909090dd
A3DD	5	mov    %eax,0x909090dd
A4DD	1	movsb  %ds:(%esi),%es:(%edi)
A5DD	1	movsl  %ds:(%esi),%es:(%edi)
A6DD	1	cmpsb  %es:(%edi),%ds:(%esi)
A7DD	1	cmpsl  %es:(%edi),%ds:(%esi)
A8DD	2	test   $0xdd,%al
A9DD	5	test   $0x909090dd,%eax
AADD	1	stos   %al,%es:(%edi)
ABDD	1	stos   %eax,%es:(%edi)
ACDD	1	lods   %ds:(%esi),%al
ADDD	1	lods   %ds:(%esi),%eax
AEDD	1	scas   %es:(%edi),%al
AFDD	1	scas   %es:(%edi),%eax
B0DD	2	mov    $0xdd,%al
B1DD	2	mov    $0xdd,%cl
B2DD	2	mov    $0xdd,%dl
B3DD	2	mov    $0xdd,%bl
B4DD	2	mov    $0xdd,%ah
B5DD	2	mov    $0xdd,%ch
B6DD	2	mov    $0xdd,%dh
B7DD	2	mov    $0xdd,%bh
B8DD	5	mov    $0x909090dd,%eax
B9DD	5	mov    $0x909090dd,%ecx
BADD	5	mov    $0x909090dd,%edx
BBDD	5	mov    $0x909090dd,%ebx
BCDD	5	mov    $0x909090dd,%esp
BDDD	5	mov    $0x909090dd,%ebp
BEDD	5	mov    $0x909090dd,%esi
BFDD	5	mov    $0x909090dd,%edi
C0DD	3	rcr    $0x90,%ch
C1DD	3	rcr    $0x90,%ebp
C2DD	3	ret    $0x90dd
C3DD	1	ret
C4DD	NONE	(bad)
C5DD	NONE	(bad)
C6DD	NONE	(bad)
C7DD	NONE	(bad)
C8DD	4	enter  $0x90dd,$0x90
C9DD	1	leave
CADD	3	lret   $0x90dd
CBDD	1	lret
CCDD	1	int3
CDDD	2	int    $0xdd
CEDD	1	into
CFDD	1	iret
D0DD	2	rcr    $1,%ch
D1DD	2	rcr    $1,%ebp
D2DD	2	rcr    %cl,%ch
D3DD	2	rcr    %cl,%ebp
D4DD	2	aam    $0xdd
D5DD	2	aad    $0xdd
D6DD	NONE	(bad)
D7DD	1	xlat   %ds:(%ebx)
D8DD	2	fcomp  %st(5)
D9DD	NONE	(bad)
DADD	2	fcmovu %st(5),%st
DBDD	2	fcmovnu %st(5),%st
DCDD	NONE	(bad)
DDDD	2	fstp   %st(5)
DEDD	NONE	(bad)
DFDD	NONE	(bad)
E0DD	2	loopne 0xffffffdf
E1DD	2	loope  0xffffffdf
E2DD	2	loop   0xffffffdf
E3DD	2	jecxz  0xffffffdf
E4DD	2	in     $0xdd,%al
E5DD	2	in     $0xdd,%eax
E6DD	2	out    %al,$0xdd
E7DD	2	out    %eax,$0xdd
E8DD	5	call   0x909090e2
E9DD	5	jmp    0x909090e2
EADD	7	ljmp   $0x9090,$0x909090dd
EBDD	2	jmp    0xffffffdf
ECDD	1	in     (%dx),%al
EDDD	1	in     (%dx),%eax
EEDD	1	out    %al,(%dx)
EFDD	1	out    %eax,(%dx)
F0DD	7	lock fstl -0x6f6f6f70(%eax)
F1DD	1	int1
F2DD	7	repnz fstl -0x6f6f6f70(%eax)
F3DD	7	repz fstl -0x6f6f6f70(%eax)
F4DD	1	hlt
F5DD	1	cmc
F6DD	2	neg    %ch
F7DD	2	neg    %ebp
F8DD	1	clc
F9DD	1	stc
FADD	1	cli
FBDD	1	sti
FCDD	1	cld
FDDD	1	std
FEDD	NONE	(bad)
FFDD	NONE	lcall  (bad)
00DE	2	add    %bl,%dh
01DE	2	add    %ebx,%esi
02DE	2	add    %dh,%bl
03DE	2	add    %esi,%ebx
04DE	2	add    $0xde,%al
05DE	5	add    $0x909090de,%eax
06DE	1	push   %es
07DE	1	pop    %es
08DE	2	or     %bl,%dh
09DE	2	or     %ebx,%esi
0ADE	2	or     %dh,%bl
0BDE	2	or     %esi,%ebx
0CDE	2	or     $0xde,%al
0DDE	5	or     $0x909090de,%eax
0EDE	1	push   %cs
0FDE	7	pmaxub -0x6f6f6f70(%eax),%mm2
10DE	2	adc    %bl,%dh
11DE	2	adc    %ebx,%esi
12DE	2	adc    %dh,%bl
13DE	2	adc    %esi,%ebx
14DE	2	adc    $0xde,%al
15DE	5	adc    $0x909090de,%eax
16DE	1	push   %ss
17DE	1	pop    %ss
18DE	2	sbb    %bl,%dh
19DE	2	sbb    %ebx,%esi
1ADE	2	sbb    %dh,%bl
1BDE	2	sbb    %esi,%ebx
1CDE	2	sbb    $0xde,%al
1DDE	5	sbb    $0x909090de,%eax
1EDE	1	push   %ds
1FDE	1	pop    %ds
20DE	2	and    %bl,%dh
21DE	2	and    %ebx,%esi
22DE	2	and    %dh,%bl
23DE	2	and    %esi,%ebx
24DE	2	and    $0xde,%al
25DE	5	and    $0x909090de,%eax
26DE	7	ficoms %es:-0x6f6f6f70(%eax)
27DE	1	daa
28DE	2	sub    %bl,%dh
29DE	2	sub    %ebx,%esi
2ADE	2	sub    %dh,%bl
2BDE	2	sub    %esi,%ebx
2CDE	2	sub    $0xde,%al
2DDE	5	sub    $0x909090de,%eax
2EDE	7	ficoms %cs:-0x6f6f6f70(%eax)
2FDE	1	das
30DE	2	xor    %bl,%dh
31DE	2	xor    %ebx,%esi
32DE	2	xor    %dh,%bl
33DE	2	xor    %esi,%ebx
34DE	2	xor    $0xde,%al
35DE	5	xor    $0x909090de,%eax
36DE	7	ficoms %ss:-0x6f6f6f70(%eax)
37DE	1	aaa
38DE	2	cmp    %bl,%dh
39DE	2	cmp    %ebx,%esi
3ADE	2	cmp    %dh,%bl
3BDE	2	cmp    %esi,%ebx
3CDE	2	cmp    $0xde,%al
3DDE	5	cmp    $0x909090de,%eax
3EDE	7	ficoms %ds:-0x6f6f6f70(%eax)
3FDE	1	aas
40DE	1	inc    %eax
41DE	1	inc    %ecx
42DE	1	inc    %edx
43DE	1	inc    %ebx
44DE	1	inc    %esp
45DE	1	inc    %ebp
46DE	1	inc    %esi
47DE	1	inc    %edi
48DE	1	dec    %eax
49DE	1	dec    %ecx
4ADE	1	dec    %edx
4BDE	1	dec    %ebx
4CDE	1	dec    %esp
4DDE	1	dec    %ebp
4EDE	1	dec    %esi
4FDE	1	dec    %edi
50DE	1	push   %eax
51DE	1	push   %ecx
52DE	1	push   %edx
53DE	1	push   %ebx
54DE	1	push   %esp
55DE	1	push   %ebp
56DE	1	push   %esi
57DE	1	push   %edi
58DE	1	pop    %eax
59DE	1	pop    %ecx
5ADE	1	pop    %edx
5BDE	1	pop    %ebx
5CDE	1	pop    %esp
5DDE	1	pop    %ebp
5EDE	1	pop    %esi
5FDE	1	pop    %edi
60DE	1	pusha
61DE	1	popa
62DE	NONE	(bad)  {rn-bad},{bad}
63DE	2	arpl   %ebx,%esi
64DE	7	ficoms %fs:-0x6f6f6f70(%eax)
65DE	7	ficoms %gs:-0x6f6f6f70(%eax)
66DE	7	data16 ficoms -0x6f6f6f70(%eax)
67DE	5	ficoms -0x6f70(%bx,%si)
68DE	5	push   $0x909090de
69DE	6	imul   $0x90909090,%esi,%ebx
6ADE	2	push   $0xffffffde
6BDE	3	imul   $0xffffff90,%esi,%ebx
6CDE	1	insb   (%dx),%es:(%edi)
6DDE	1	insl   (%dx),%es:(%edi)
6EDE	1	outsb  %ds:(%esi),(%dx)
6FDE	1	outsl  %ds:(%esi),(%dx)
70DE	2	jo     0xffffffe0
71DE	2	jno    0xffffffe0
72DE	2	jb     0xffffffe0
73DE	2	jae    0xffffffe0
74DE	2	je     0xffffffe0
75DE	2	jne    0xffffffe0
76DE	2	jbe    0xffffffe0
77DE	2	ja     0xffffffe0
78DE	2	js     0xffffffe0
79DE	2	jns    0xffffffe0
7ADE	2	jp     0xffffffe0
7BDE	2	jnp    0xffffffe0
7CDE	2	jl     0xffffffe0
7DDE	2	jge    0xffffffe0
7EDE	2	jle    0xffffffe0
7FDE	2	jg     0xffffffe0
80DE	3	sbb    $0x90,%dh
81DE	6	sbb    $0x90909090,%esi
82DE	3	sbb    $0x90,%dh
83DE	3	sbb    $0xffffff90,%esi
84DE	2	test   %bl,%dh
85DE	2	test   %ebx,%esi
86DE	2	xchg   %bl,%dh
87DE	2	xchg   %ebx,%esi
88DE	2	mov    %bl,%dh
89DE	2	mov    %ebx,%esi
8ADE	2	mov    %dh,%bl
8BDE	2	mov    %esi,%ebx
8CDE	2	mov    %ds,%esi
8DDE	NONE	lea    (bad),%ebx
8EDE	2	mov    %esi,%ds
8FDE	NONE	(bad)
90DE	1	nop
91DE	1	xchg   %eax,%ecx
92DE	1	xchg   %eax,%edx
93DE	1	xchg   %eax,%ebx
94DE	1	xchg   %eax,%esp
95DE	1	xchg   %eax,%ebp
96DE	1	xchg   %eax,%esi
97DE	1	xchg   %eax,%edi
98DE	1	cwtl
99DE	1	cltd
9ADE	7	lcall  $0x9090,$0x909090de
9BDE	7	ficoms -0x6f6f6f70(%eax)
9CDE	1	pushf
9DDE	1	popf
9EDE	1	sahf
9FDE	1	lahf
A0DE	5	mov    0x909090de,%al
A1DE	5	mov    0x909090de,%eax
A2DE	5	mov    %al,0x909090de
A3DE	5	mov    %eax,0x909090de
A4DE	1	movsb  %ds:(%esi),%es:(%edi)
A5DE	1	movsl  %ds:(%esi),%es:(%edi)
A6DE	1	cmpsb  %es:(%edi),%ds:(%esi)
A7DE	1	cmpsl  %es:(%edi),%ds:(%esi)
A8DE	2	test   $0xde,%al
A9DE	5	test   $0x909090de,%eax
AADE	1	stos   %al,%es:(%edi)
ABDE	1	stos   %eax,%es:(%edi)
ACDE	1	lods   %ds:(%esi),%al
ADDE	1	lods   %ds:(%esi),%eax
AEDE	1	scas   %es:(%edi),%al
AFDE	1	scas   %es:(%edi),%eax
B0DE	2	mov    $0xde,%al
B1DE	2	mov    $0xde,%cl
B2DE	2	mov    $0xde,%dl
B3DE	2	mov    $0xde,%bl
B4DE	2	mov    $0xde,%ah
B5DE	2	mov    $0xde,%ch
B6DE	2	mov    $0xde,%dh
B7DE	2	mov    $0xde,%bh
B8DE	5	mov    $0x909090de,%eax
B9DE	5	mov    $0x909090de,%ecx
BADE	5	mov    $0x909090de,%edx
BBDE	5	mov    $0x909090de,%ebx
BCDE	5	mov    $0x909090de,%esp
BDDE	5	mov    $0x909090de,%ebp
BEDE	5	mov    $0x909090de,%esi
BFDE	5	mov    $0x909090de,%edi
C0DE	3	rcr    $0x90,%dh
C1DE	3	rcr    $0x90,%esi
C2DE	3	ret    $0x90de
C3DE	1	ret
C4DE	NONE	(bad)
C5DE	NONE	(bad)
C6DE	NONE	(bad)
C7DE	NONE	(bad)
C8DE	4	enter  $0x90de,$0x90
C9DE	1	leave
CADE	3	lret   $0x90de
CBDE	1	lret
CCDE	1	int3
CDDE	2	int    $0xde
CEDE	1	into
CFDE	1	iret
D0DE	2	rcr    $1,%dh
D1DE	2	rcr    $1,%esi
D2DE	2	rcr    %cl,%dh
D3DE	2	rcr    %cl,%esi
D4DE	2	aam    $0xde
D5DE	2	aad    $0xde
D6DE	NONE	(bad)
D7DE	1	xlat   %ds:(%ebx)
D8DE	2	fcomp  %st(6)
D9DE	NONE	(bad)
DADE	2	fcmovu %st(6),%st
DBDE	2	fcmovnu %st(6),%st
DCDE	NONE	(bad)
DDDE	2	fstp   %st(6)
DEDE	NONE	(bad)
DFDE	NONE	(bad)
E0DE	2	loopne 0xffffffe0
E1DE	2	loope  0xffffffe0
E2DE	2	loop   0xffffffe0
E3DE	2	jecxz  0xffffffe0
E4DE	2	in     $0xde,%al
E5DE	2	in     $0xde,%eax
E6DE	2	out    %al,$0xde
E7DE	2	out    %eax,$0xde
E8DE	5	call   0x909090e3
E9DE	5	jmp    0x909090e3
EADE	7	ljmp   $0x9090,$0x909090de
EBDE	2	jmp    0xffffffe0
ECDE	1	in     (%dx),%al
EDDE	1	in     (%dx),%eax
EEDE	1	out    %al,(%dx)
EFDE	1	out    %eax,(%dx)
F0DE	7	lock ficoms -0x6f6f6f70(%eax)
F1DE	1	int1
F2DE	7	repnz ficoms -0x6f6f6f70(%eax)
F3DE	7	repz ficoms -0x6f6f6f70(%eax)
F4DE	1	hlt
F5DE	1	cmc
F6DE	2	neg    %dh
F7DE	2	neg    %esi
F8DE	1	clc
F9DE	1	stc
FADE	1	cli
FBDE	1	sti
FCDE	1	cld
FDDE	1	std
FEDE	NONE	(bad)
FFDE	NONE	lcall  (bad)
00DF	2	add    %bl,%bh
01DF	2	add    %ebx,%edi
02DF	2	add    %bh,%bl
03DF	2	add    %edi,%ebx
04DF	2	add    $0xdf,%al
05DF	5	add    $0x909090df,%eax
06DF	1	push   %es
07DF	1	pop    %es
08DF	2	or     %bl,%bh
09DF	2	or     %ebx,%edi
0ADF	2	or     %bh,%bl
0BDF	2	or     %edi,%ebx
0CDF	2	or     $0xdf,%al
0DDF	5	or     $0x909090df,%eax
0EDF	1	push   %cs
0FDF	7	pandn  -0x6f6f6f70(%eax),%mm2
10DF	2	adc    %bl,%bh
11DF	2	adc    %ebx,%edi
12DF	2	adc    %bh,%bl
13DF	2	adc    %edi,%ebx
14DF	2	adc    $0xdf,%al
15DF	5	adc    $0x909090df,%eax
16DF	1	push   %ss
17DF	1	pop    %ss
18DF	2	sbb    %bl,%bh
19DF	2	sbb    %ebx,%edi
1ADF	2	sbb    %bh,%bl
1BDF	2	sbb    %edi,%ebx
1CDF	2	sbb    $0xdf,%al
1DDF	5	sbb    $0x909090df,%eax
1EDF	1	push   %ds
1FDF	1	pop    %ds
20DF	2	and    %bl,%bh
21DF	2	and    %ebx,%edi
22DF	2	and    %bh,%bl
23DF	2	and    %edi,%ebx
24DF	2	and    $0xdf,%al
25DF	5	and    $0x909090df,%eax
26DF	7	fists  %es:-0x6f6f6f70(%eax)
27DF	1	daa
28DF	2	sub    %bl,%bh
29DF	2	sub    %ebx,%edi
2ADF	2	sub    %bh,%bl
2BDF	2	sub    %edi,%ebx
2CDF	2	sub    $0xdf,%al
2DDF	5	sub    $0x909090df,%eax
2EDF	7	fists  %cs:-0x6f6f6f70(%eax)
2FDF	1	das
30DF	2	xor    %bl,%bh
31DF	2	xor    %ebx,%edi
32DF	2	xor    %bh,%bl
33DF	2	xor    %edi,%ebx
34DF	2	xor    $0xdf,%al
35DF	5	xor    $0x909090df,%eax
36DF	7	fists  %ss:-0x6f6f6f70(%eax)
37DF	1	aaa
38DF	2	cmp    %bl,%bh
39DF	2	cmp    %ebx,%edi
3ADF	2	cmp    %bh,%bl
3BDF	2	cmp    %edi,%ebx
3CDF	2	cmp    $0xdf,%al
3DDF	5	cmp    $0x909090df,%eax
3EDF	7	fists  %ds:-0x6f6f6f70(%eax)
3FDF	1	aas
40DF	1	inc    %eax
41DF	1	inc    %ecx
42DF	1	inc    %edx
43DF	1	inc    %ebx
44DF	1	inc    %esp
45DF	1	inc    %ebp
46DF	1	inc    %esi
47DF	1	inc    %edi
48DF	1	dec    %eax
49DF	1	dec    %ecx
4ADF	1	dec    %edx
4BDF	1	dec    %ebx
4CDF	1	dec    %esp
4DDF	1	dec    %ebp
4EDF	1	dec    %esi
4FDF	1	dec    %edi
50DF	1	push   %eax
51DF	1	push   %ecx
52DF	1	push   %edx
53DF	1	push   %ebx
54DF	1	push   %esp
55DF	1	push   %ebp
56DF	1	push   %esi
57DF	1	push   %edi
58DF	1	pop    %eax
59DF	1	pop    %ecx
5ADF	1	pop    %edx
5BDF	1	pop    %ebx
5CDF	1	pop    %esp
5DDF	1	pop    %ebp
5EDF	1	pop    %esi
5FDF	1	pop    %edi
60DF	1	pusha
61DF	1	popa
62DF	NONE	(bad)  {rn-bad},{bad}
63DF	2	arpl   %ebx,%edi
64DF	7	fists  %fs:-0x6f6f6f70(%eax)
65DF	7	fists  %gs:-0x6f6f6f70(%eax)
66DF	7	data16 fists -0x6f6f6f70(%eax)
67DF	5	fists  -0x6f70(%bx,%si)
68DF	5	push   $0x909090df
69DF	6	imul   $0x90909090,%edi,%ebx
6ADF	2	push   $0xffffffdf
6BDF	3	imul   $0xffffff90,%edi,%ebx
6CDF	1	insb   (%dx),%es:(%edi)
6DDF	1	insl   (%dx),%es:(%edi)
6EDF	1	outsb  %ds:(%esi),(%dx)
6FDF	1	outsl  %ds:(%esi),(%dx)
70DF	2	jo     0xffffffe1
71DF	2	jno    0xffffffe1
72DF	2	jb     0xffffffe1
73DF	2	jae    0xffffffe1
74DF	2	je     0xffffffe1
75DF	2	jne    0xffffffe1
76DF	2	jbe    0xffffffe1
77DF	2	ja     0xffffffe1
78DF	2	js     0xffffffe1
79DF	2	jns    0xffffffe1
7ADF	2	jp     0xffffffe1
7BDF	2	jnp    0xffffffe1
7CDF	2	jl     0xffffffe1
7DDF	2	jge    0xffffffe1
7EDF	2	jle    0xffffffe1
7FDF	2	jg     0xffffffe1
80DF	3	sbb    $0x90,%bh
81DF	6	sbb    $0x90909090,%edi
82DF	3	sbb    $0x90,%bh
83DF	3	sbb    $0xffffff90,%edi
84DF	2	test   %bl,%bh
85DF	2	test   %ebx,%edi
86DF	2	xchg   %bl,%bh
87DF	2	xchg   %ebx,%edi
88DF	2	mov    %bl,%bh
89DF	2	mov    %ebx,%edi
8ADF	2	mov    %bh,%bl
8BDF	2	mov    %edi,%ebx
8CDF	2	mov    %ds,%edi
8DDF	NONE	lea    (bad),%ebx
8EDF	2	mov    %edi,%ds
8FDF	NONE	(bad)
90DF	1	nop
91DF	1	xchg   %eax,%ecx
92DF	1	xchg   %eax,%edx
93DF	1	xchg   %eax,%ebx
94DF	1	xchg   %eax,%esp
95DF	1	xchg   %eax,%ebp
96DF	1	xchg   %eax,%esi
97DF	1	xchg   %eax,%edi
98DF	1	cwtl
99DF	1	cltd
9ADF	7	lcall  $0x9090,$0x909090df
9BDF	7	fists  -0x6f6f6f70(%eax)
9CDF	1	pushf
9DDF	1	popf
9EDF	1	sahf
9FDF	1	lahf
A0DF	5	mov    0x909090df,%al
A1DF	5	mov    0x909090df,%eax
A2DF	5	mov    %al,0x909090df
A3DF	5	mov    %eax,0x909090df
A4DF	1	movsb  %ds:(%esi),%es:(%edi)
A5DF	1	movsl  %ds:(%esi),%es:(%edi)
A6DF	1	cmpsb  %es:(%edi),%ds:(%esi)
A7DF	1	cmpsl  %es:(%edi),%ds:(%esi)
A8DF	2	test   $0xdf,%al
A9DF	5	test   $0x909090df,%eax
AADF	1	stos   %al,%es:(%edi)
ABDF	1	stos   %eax,%es:(%edi)
ACDF	1	lods   %ds:(%esi),%al
ADDF	1	lods   %ds:(%esi),%eax
AEDF	1	scas   %es:(%edi),%al
AFDF	1	scas   %es:(%edi),%eax
B0DF	2	mov    $0xdf,%al
B1DF	2	mov    $0xdf,%cl
B2DF	2	mov    $0xdf,%dl
B3DF	2	mov    $0xdf,%bl
B4DF	2	mov    $0xdf,%ah
B5DF	2	mov    $0xdf,%ch
B6DF	2	mov    $0xdf,%dh
B7DF	2	mov    $0xdf,%bh
B8DF	5	mov    $0x909090df,%eax
B9DF	5	mov    $0x909090df,%ecx
BADF	5	mov    $0x909090df,%edx
BBDF	5	mov    $0x909090df,%ebx
BCDF	5	mov    $0x909090df,%esp
BDDF	5	mov    $0x909090df,%ebp
BEDF	5	mov    $0x909090df,%esi
BFDF	5	mov    $0x909090df,%edi
C0DF	3	rcr    $0x90,%bh
C1DF	3	rcr    $0x90,%edi
C2DF	3	ret    $0x90df
C3DF	1	ret
C4DF	NONE	(bad)
C5DF	NONE	(bad)
C6DF	NONE	(bad)
C7DF	NONE	(bad)
C8DF	4	enter  $0x90df,$0x90
C9DF	1	leave
CADF	3	lret   $0x90df
CBDF	1	lret
CCDF	1	int3
CDDF	2	int    $0xdf
CEDF	1	into
CFDF	1	iret
D0DF	2	rcr    $1,%bh
D1DF	2	rcr    $1,%edi
D2DF	2	rcr    %cl,%bh
D3DF	2	rcr    %cl,%edi
D4DF	2	aam    $0xdf
D5DF	2	aad    $0xdf
D6DF	NONE	(bad)
D7DF	1	xlat   %ds:(%ebx)
D8DF	2	fcomp  %st(7)
D9DF	NONE	(bad)
DADF	2	fcmovu %st(7),%st
DBDF	2	fcmovnu %st(7),%st
DCDF	NONE	(bad)
DDDF	2	fstp   %st(7)
DEDF	NONE	(bad)
DFDF	NONE	(bad)
E0DF	2	loopne 0xffffffe1
E1DF	2	loope  0xffffffe1
E2DF	2	loop   0xffffffe1
E3DF	2	jecxz  0xffffffe1
E4DF	2	in     $0xdf,%al
E5DF	2	in     $0xdf,%eax
E6DF	2	out    %al,$0xdf
E7DF	2	out    %eax,$0xdf
E8DF	5	call   0x909090e4
E9DF	5	jmp    0x909090e4
EADF	7	ljmp   $0x9090,$0x909090df
EBDF	2	jmp    0xffffffe1
ECDF	1	in     (%dx),%al
EDDF	1	in     (%dx),%eax
EEDF	1	out    %al,(%dx)
EFDF	1	out    %eax,(%dx)
F0DF	7	lock fists -0x6f6f6f70(%eax)
F1DF	1	int1
F2DF	7	repnz fists -0x6f6f6f70(%eax)
F3DF	7	repz fists -0x6f6f6f70(%eax)
F4DF	1	hlt
F5DF	1	cmc
F6DF	2	neg    %bh
F7DF	2	neg    %edi
F8DF	1	clc
F9DF	1	stc
FADF	1	cli
FBDF	1	sti
FCDF	1	cld
FDDF	1	std
FEDF	NONE	(bad)
FFDF	NONE	lcall  (bad)
00E0	2	add    %ah,%al
01E0	2	add    %esp,%eax
02E0	2	add    %al,%ah
03E0	2	add    %eax,%esp
04E0	2	add    $0xe0,%al
05E0	5	add    $0x909090e0,%eax
06E0	1	push   %es
07E0	1	pop    %es
08E0	2	or     %ah,%al
09E0	2	or     %esp,%eax
0AE0	2	or     %al,%ah
0BE0	2	or     %eax,%esp
0CE0	2	or     $0xe0,%al
0DE0	5	or     $0x909090e0,%eax
0EE0	1	push   %cs
0FE0	7	pavgb  -0x6f6f6f70(%eax),%mm2
10E0	2	adc    %ah,%al
11E0	2	adc    %esp,%eax
12E0	2	adc    %al,%ah
13E0	2	adc    %eax,%esp
14E0	2	adc    $0xe0,%al
15E0	5	adc    $0x909090e0,%eax
16E0	1	push   %ss
17E0	1	pop    %ss
18E0	2	sbb    %ah,%al
19E0	2	sbb    %esp,%eax
1AE0	2	sbb    %al,%ah
1BE0	2	sbb    %eax,%esp
1CE0	2	sbb    $0xe0,%al
1DE0	5	sbb    $0x909090e0,%eax
1EE0	1	push   %ds
1FE0	1	pop    %ds
20E0	2	and    %ah,%al
21E0	2	and    %esp,%eax
22E0	2	and    %al,%ah
23E0	2	and    %eax,%esp
24E0	2	and    $0xe0,%al
25E0	5	and    $0x909090e0,%eax
26E0	3	es loopne 0xffffff93
27E0	1	daa
28E0	2	sub    %ah,%al
29E0	2	sub    %esp,%eax
2AE0	2	sub    %al,%ah
2BE0	2	sub    %eax,%esp
2CE0	2	sub    $0xe0,%al
2DE0	5	sub    $0x909090e0,%eax
2EE0	3	loopne,pn 0xffffff93
2FE0	1	das
30E0	2	xor    %ah,%al
31E0	2	xor    %esp,%eax
32E0	2	xor    %al,%ah
33E0	2	xor    %eax,%esp
34E0	2	xor    $0xe0,%al
35E0	5	xor    $0x909090e0,%eax
36E0	3	ss loopne 0xffffff93
37E0	1	aaa
38E0	2	cmp    %ah,%al
39E0	2	cmp    %esp,%eax
3AE0	2	cmp    %al,%ah
3BE0	2	cmp    %eax,%esp
3CE0	2	cmp    $0xe0,%al
3DE0	5	cmp    $0x909090e0,%eax
3EE0	3	loopne,pt 0xffffff93
3FE0	1	aas
40E0	1	inc    %eax
41E0	1	inc    %ecx
42E0	1	inc    %edx
43E0	1	inc    %ebx
44E0	1	inc    %esp
45E0	1	inc    %ebp
46E0	1	inc    %esi
47E0	1	inc    %edi
48E0	1	dec    %eax
49E0	1	dec    %ecx
4AE0	1	dec    %edx
4BE0	1	dec    %ebx
4CE0	1	dec    %esp
4DE0	1	dec    %ebp
4EE0	1	dec    %esi
4FE0	1	dec    %edi
50E0	1	push   %eax
51E0	1	push   %ecx
52E0	1	push   %edx
53E0	1	push   %ebx
54E0	1	push   %esp
55E0	1	push   %ebp
56E0	1	push   %esi
57E0	1	push   %edi
58E0	1	pop    %eax
59E0	1	pop    %ecx
5AE0	1	pop    %edx
5BE0	1	pop    %ebx
5CE0	1	pop    %esp
5DE0	1	pop    %ebp
5EE0	1	pop    %esi
5FE0	1	pop    %edi
60E0	1	pusha
61E0	1	popa
62E0	NONE	(bad)
63E0	2	arpl   %esp,%eax
64E0	3	fs loopne 0xffffff93
65E0	3	gs loopne 0xffffff93
66E0	3	data16 loopne 0xffffff93
67E0	3	loopnew 0xffffff93
68E0	5	push   $0x909090e0
69E0	6	imul   $0x90909090,%eax,%esp
6AE0	2	push   $0xffffffe0
6BE0	3	imul   $0xffffff90,%eax,%esp
6CE0	1	insb   (%dx),%es:(%edi)
6DE0	1	insl   (%dx),%es:(%edi)
6EE0	1	outsb  %ds:(%esi),(%dx)
6FE0	1	outsl  %ds:(%esi),(%dx)
70E0	2	jo     0xffffffe2
71E0	2	jno    0xffffffe2
72E0	2	jb     0xffffffe2
73E0	2	jae    0xffffffe2
74E0	2	je     0xffffffe2
75E0	2	jne    0xffffffe2
76E0	2	jbe    0xffffffe2
77E0	2	ja     0xffffffe2
78E0	2	js     0xffffffe2
79E0	2	jns    0xffffffe2
7AE0	2	jp     0xffffffe2
7BE0	2	jnp    0xffffffe2
7CE0	2	jl     0xffffffe2
7DE0	2	jge    0xffffffe2
7EE0	2	jle    0xffffffe2
7FE0	2	jg     0xffffffe2
80E0	3	and    $0x90,%al
81E0	6	and    $0x90909090,%eax
82E0	3	and    $0x90,%al
83E0	3	and    $0xffffff90,%eax
84E0	2	test   %ah,%al
85E0	2	test   %esp,%eax
86E0	2	xchg   %ah,%al
87E0	2	xchg   %esp,%eax
88E0	2	mov    %ah,%al
89E0	2	mov    %esp,%eax
8AE0	2	mov    %al,%ah
8BE0	2	mov    %eax,%esp
8CE0	2	mov    %fs,%eax
8DE0	NONE	lea    (bad),%esp
8EE0	2	mov    %eax,%fs
8FE0	NONE	(bad)
90E0	1	nop
91E0	1	xchg   %eax,%ecx
92E0	1	xchg   %eax,%edx
93E0	1	xchg   %eax,%ebx
94E0	1	xchg   %eax,%esp
95E0	1	xchg   %eax,%ebp
96E0	1	xchg   %eax,%esi
97E0	1	xchg   %eax,%edi
98E0	1	cwtl
99E0	1	cltd
9AE0	7	lcall  $0x9090,$0x909090e0
9BE0	1	fwait
9CE0	1	pushf
9DE0	1	popf
9EE0	1	sahf
9FE0	1	lahf
A0E0	5	mov    0x909090e0,%al
A1E0	5	mov    0x909090e0,%eax
A2E0	5	mov    %al,0x909090e0
A3E0	5	mov    %eax,0x909090e0
A4E0	1	movsb  %ds:(%esi),%es:(%edi)
A5E0	1	movsl  %ds:(%esi),%es:(%edi)
A6E0	1	cmpsb  %es:(%edi),%ds:(%esi)
A7E0	1	cmpsl  %es:(%edi),%ds:(%esi)
A8E0	2	test   $0xe0,%al
A9E0	5	test   $0x909090e0,%eax
AAE0	1	stos   %al,%es:(%edi)
ABE0	1	stos   %eax,%es:(%edi)
ACE0	1	lods   %ds:(%esi),%al
ADE0	1	lods   %ds:(%esi),%eax
AEE0	1	scas   %es:(%edi),%al
AFE0	1	scas   %es:(%edi),%eax
B0E0	2	mov    $0xe0,%al
B1E0	2	mov    $0xe0,%cl
B2E0	2	mov    $0xe0,%dl
B3E0	2	mov    $0xe0,%bl
B4E0	2	mov    $0xe0,%ah
B5E0	2	mov    $0xe0,%ch
B6E0	2	mov    $0xe0,%dh
B7E0	2	mov    $0xe0,%bh
B8E0	5	mov    $0x909090e0,%eax
B9E0	5	mov    $0x909090e0,%ecx
BAE0	5	mov    $0x909090e0,%edx
BBE0	5	mov    $0x909090e0,%ebx
BCE0	5	mov    $0x909090e0,%esp
BDE0	5	mov    $0x909090e0,%ebp
BEE0	5	mov    $0x909090e0,%esi
BFE0	5	mov    $0x909090e0,%edi
C0E0	3	shl    $0x90,%al
C1E0	3	shl    $0x90,%eax
C2E0	3	ret    $0x90e0
C3E0	1	ret
C4E0	NONE	(bad)
C5E0	NONE	(bad)
C6E0	NONE	(bad)
C7E0	NONE	(bad)
C8E0	4	enter  $0x90e0,$0x90
C9E0	1	leave
CAE0	3	lret   $0x90e0
CBE0	1	lret
CCE0	1	int3
CDE0	2	int    $0xe0
CEE0	1	into
CFE0	1	iret
D0E0	2	shl    $1,%al
D1E0	2	shl    $1,%eax
D2E0	2	shl    %cl,%al
D3E0	2	shl    %cl,%eax
D4E0	2	aam    $0xe0
D5E0	2	aad    $0xe0
D6E0	NONE	(bad)
D7E0	1	xlat   %ds:(%ebx)
D8E0	2	fsub   %st(0),%st
D9E0	2	fchs
DAE0	NONE	(bad)
DBE0	2	fneni(8087 only)
DCE0	2	fsub   %st,%st(0)
DDE0	2	fucom  %st(0)
DEE0	2	fsubp  %st,%st(0)
DFE0	2	fnstsw %ax
E0E0	2	loopne 0xffffffe2
E1E0	2	loope  0xffffffe2
E2E0	2	loop   0xffffffe2
E3E0	2	jecxz  0xffffffe2
E4E0	2	in     $0xe0,%al
E5E0	2	in     $0xe0,%eax
E6E0	2	out    %al,$0xe0
E7E0	2	out    %eax,$0xe0
E8E0	5	call   0x909090e5
E9E0	5	jmp    0x909090e5
EAE0	7	ljmp   $0x9090,$0x909090e0
EBE0	2	jmp    0xffffffe2
ECE0	1	in     (%dx),%al
EDE0	1	in     (%dx),%eax
EEE0	1	out    %al,(%dx)
EFE0	1	out    %eax,(%dx)
F0E0	3	lock loopne 0xffffff93
F1E0	1	int1
F2E0	3	repnz loopne 0xffffff93
F3E0	3	repz loopne 0xffffff93
F4E0	1	hlt
F5E0	1	cmc
F6E0	2	mul    %al
F7E0	2	mul    %eax
F8E0	1	clc
F9E0	1	stc
FAE0	1	cli
FBE0	1	sti
FCE0	1	cld
FDE0	1	std
FEE0	NONE	(bad)
FFE0	2	jmp    *%eax
00E1	2	add    %ah,%cl
01E1	2	add    %esp,%ecx
02E1	2	add    %cl,%ah
03E1	2	add    %ecx,%esp
04E1	2	add    $0xe1,%al
05E1	5	add    $0x909090e1,%eax
06E1	1	push   %es
07E1	1	pop    %es
08E1	2	or     %ah,%cl
09E1	2	or     %esp,%ecx
0AE1	2	or     %cl,%ah
0BE1	2	or     %ecx,%esp
0CE1	2	or     $0xe1,%al
0DE1	5	or     $0x909090e1,%eax
0EE1	1	push   %cs
0FE1	7	psraw  -0x6f6f6f70(%eax),%mm2
10E1	2	adc    %ah,%cl
11E1	2	adc    %esp,%ecx
12E1	2	adc    %cl,%ah
13E1	2	adc    %ecx,%esp
14E1	2	adc    $0xe1,%al
15E1	5	adc    $0x909090e1,%eax
16E1	1	push   %ss
17E1	1	pop    %ss
18E1	2	sbb    %ah,%cl
19E1	2	sbb    %esp,%ecx
1AE1	2	sbb    %cl,%ah
1BE1	2	sbb    %ecx,%esp
1CE1	2	sbb    $0xe1,%al
1DE1	5	sbb    $0x909090e1,%eax
1EE1	1	push   %ds
1FE1	1	pop    %ds
20E1	2	and    %ah,%cl
21E1	2	and    %esp,%ecx
22E1	2	and    %cl,%ah
23E1	2	and    %ecx,%esp
24E1	2	and    $0xe1,%al
25E1	5	and    $0x909090e1,%eax
26E1	3	es loope 0xffffff93
27E1	1	daa
28E1	2	sub    %ah,%cl
29E1	2	sub    %esp,%ecx
2AE1	2	sub    %cl,%ah
2BE1	2	sub    %ecx,%esp
2CE1	2	sub    $0xe1,%al
2DE1	5	sub    $0x909090e1,%eax
2EE1	3	loope,pn 0xffffff93
2FE1	1	das
30E1	2	xor    %ah,%cl
31E1	2	xor    %esp,%ecx
32E1	2	xor    %cl,%ah
33E1	2	xor    %ecx,%esp
34E1	2	xor    $0xe1,%al
35E1	5	xor    $0x909090e1,%eax
36E1	3	ss loope 0xffffff93
37E1	1	aaa
38E1	2	cmp    %ah,%cl
39E1	2	cmp    %esp,%ecx
3AE1	2	cmp    %cl,%ah
3BE1	2	cmp    %ecx,%esp
3CE1	2	cmp    $0xe1,%al
3DE1	5	cmp    $0x909090e1,%eax
3EE1	3	loope,pt 0xffffff93
3FE1	1	aas
40E1	1	inc    %eax
41E1	1	inc    %ecx
42E1	1	inc    %edx
43E1	1	inc    %ebx
44E1	1	inc    %esp
45E1	1	inc    %ebp
46E1	1	inc    %esi
47E1	1	inc    %edi
48E1	1	dec    %eax
49E1	1	dec    %ecx
4AE1	1	dec    %edx
4BE1	1	dec    %ebx
4CE1	1	dec    %esp
4DE1	1	dec    %ebp
4EE1	1	dec    %esi
4FE1	1	dec    %edi
50E1	1	push   %eax
51E1	1	push   %ecx
52E1	1	push   %edx
53E1	1	push   %ebx
54E1	1	push   %esp
55E1	1	push   %ebp
56E1	1	push   %esi
57E1	1	push   %edi
58E1	1	pop    %eax
59E1	1	pop    %ecx
5AE1	1	pop    %edx
5BE1	1	pop    %ebx
5CE1	1	pop    %esp
5DE1	1	pop    %ebp
5EE1	1	pop    %esi
5FE1	1	pop    %edi
60E1	1	pusha
61E1	1	popa
62E1	NONE	(bad)  {rn-bad},{bad}
63E1	2	arpl   %esp,%ecx
64E1	3	fs loope 0xffffff93
65E1	3	gs loope 0xffffff93
66E1	3	data16 loope 0xffffff93
67E1	3	loopew 0xffffff93
68E1	5	push   $0x909090e1
69E1	6	imul   $0x90909090,%ecx,%esp
6AE1	2	push   $0xffffffe1
6BE1	3	imul   $0xffffff90,%ecx,%esp
6CE1	1	insb   (%dx),%es:(%edi)
6DE1	1	insl   (%dx),%es:(%edi)
6EE1	1	outsb  %ds:(%esi),(%dx)
6FE1	1	outsl  %ds:(%esi),(%dx)
70E1	2	jo     0xffffffe3
71E1	2	jno    0xffffffe3
72E1	2	jb     0xffffffe3
73E1	2	jae    0xffffffe3
74E1	2	je     0xffffffe3
75E1	2	jne    0xffffffe3
76E1	2	jbe    0xffffffe3
77E1	2	ja     0xffffffe3
78E1	2	js     0xffffffe3
79E1	2	jns    0xffffffe3
7AE1	2	jp     0xffffffe3
7BE1	2	jnp    0xffffffe3
7CE1	2	jl     0xffffffe3
7DE1	2	jge    0xffffffe3
7EE1	2	jle    0xffffffe3
7FE1	2	jg     0xffffffe3
80E1	3	and    $0x90,%cl
81E1	6	and    $0x90909090,%ecx
82E1	3	and    $0x90,%cl
83E1	3	and    $0xffffff90,%ecx
84E1	2	test   %ah,%cl
85E1	2	test   %esp,%ecx
86E1	2	xchg   %ah,%cl
87E1	2	xchg   %esp,%ecx
88E1	2	mov    %ah,%cl
89E1	2	mov    %esp,%ecx
8AE1	2	mov    %cl,%ah
8BE1	2	mov    %ecx,%esp
8CE1	2	mov    %fs,%ecx
8DE1	NONE	lea    (bad),%esp
8EE1	2	mov    %ecx,%fs
8FE1	NONE	(bad)
90E1	1	nop
91E1	1	xchg   %eax,%ecx
92E1	1	xchg   %eax,%edx
93E1	1	xchg   %eax,%ebx
94E1	1	xchg   %eax,%esp
95E1	1	xchg   %eax,%ebp
96E1	1	xchg   %eax,%esi
97E1	1	xchg   %eax,%edi
98E1	1	cwtl
99E1	1	cltd
9AE1	7	lcall  $0x9090,$0x909090e1
9BE1	1	fwait
9CE1	1	pushf
9DE1	1	popf
9EE1	1	sahf
9FE1	1	lahf
A0E1	5	mov    0x909090e1,%al
A1E1	5	mov    0x909090e1,%eax
A2E1	5	mov    %al,0x909090e1
A3E1	5	mov    %eax,0x909090e1
A4E1	1	movsb  %ds:(%esi),%es:(%edi)
A5E1	1	movsl  %ds:(%esi),%es:(%edi)
A6E1	1	cmpsb  %es:(%edi),%ds:(%esi)
A7E1	1	cmpsl  %es:(%edi),%ds:(%esi)
A8E1	2	test   $0xe1,%al
A9E1	5	test   $0x909090e1,%eax
AAE1	1	stos   %al,%es:(%edi)
ABE1	1	stos   %eax,%es:(%edi)
ACE1	1	lods   %ds:(%esi),%al
ADE1	1	lods   %ds:(%esi),%eax
AEE1	1	scas   %es:(%edi),%al
AFE1	1	scas   %es:(%edi),%eax
B0E1	2	mov    $0xe1,%al
B1E1	2	mov    $0xe1,%cl
B2E1	2	mov    $0xe1,%dl
B3E1	2	mov    $0xe1,%bl
B4E1	2	mov    $0xe1,%ah
B5E1	2	mov    $0xe1,%ch
B6E1	2	mov    $0xe1,%dh
B7E1	2	mov    $0xe1,%bh
B8E1	5	mov    $0x909090e1,%eax
B9E1	5	mov    $0x909090e1,%ecx
BAE1	5	mov    $0x909090e1,%edx
BBE1	5	mov    $0x909090e1,%ebx
BCE1	5	mov    $0x909090e1,%esp
BDE1	5	mov    $0x909090e1,%ebp
BEE1	5	mov    $0x909090e1,%esi
BFE1	5	mov    $0x909090e1,%edi
C0E1	3	shl    $0x90,%cl
C1E1	3	shl    $0x90,%ecx
C2E1	3	ret    $0x90e1
C3E1	1	ret
C4E1	NONE	(bad)
C5E1	NONE	(bad)
C6E1	NONE	(bad)
C7E1	NONE	(bad)
C8E1	4	enter  $0x90e1,$0x90
C9E1	1	leave
CAE1	3	lret   $0x90e1
CBE1	1	lret
CCE1	1	int3
CDE1	2	int    $0xe1
CEE1	1	into
CFE1	1	iret
D0E1	2	shl    $1,%cl
D1E1	2	shl    $1,%ecx
D2E1	2	shl    %cl,%cl
D3E1	2	shl    %cl,%ecx
D4E1	2	aam    $0xe1
D5E1	2	aad    $0xe1
D6E1	NONE	(bad)
D7E1	1	xlat   %ds:(%ebx)
D8E1	2	fsub   %st(1),%st
D9E1	2	fabs
DAE1	NONE	(bad)
DBE1	2	fndisi(8087 only)
DCE1	2	fsub   %st,%st(1)
DDE1	2	fucom  %st(1)
DEE1	2	fsubp  %st,%st(1)
DFE1	NONE	(bad)
E0E1	2	loopne 0xffffffe3
E1E1	2	loope  0xffffffe3
E2E1	2	loop   0xffffffe3
E3E1	2	jecxz  0xffffffe3
E4E1	2	in     $0xe1,%al
E5E1	2	in     $0xe1,%eax
E6E1	2	out    %al,$0xe1
E7E1	2	out    %eax,$0xe1
E8E1	5	call   0x909090e6
E9E1	5	jmp    0x909090e6
EAE1	7	ljmp   $0x9090,$0x909090e1
EBE1	2	jmp    0xffffffe3
ECE1	1	in     (%dx),%al
EDE1	1	in     (%dx),%eax
EEE1	1	out    %al,(%dx)
EFE1	1	out    %eax,(%dx)
F0E1	3	lock loope 0xffffff93
F1E1	1	int1
F2E1	3	repnz loope 0xffffff93
F3E1	3	repz loope 0xffffff93
F4E1	1	hlt
F5E1	1	cmc
F6E1	2	mul    %cl
F7E1	2	mul    %ecx
F8E1	1	clc
F9E1	1	stc
FAE1	1	cli
FBE1	1	sti
FCE1	1	cld
FDE1	1	std
FEE1	NONE	(bad)
FFE1	2	jmp    *%ecx
00E2	2	add    %ah,%dl
01E2	2	add    %esp,%edx
02E2	2	add    %dl,%ah
03E2	2	add    %edx,%esp
04E2	2	add    $0xe2,%al
05E2	5	add    $0x909090e2,%eax
06E2	1	push   %es
07E2	1	pop    %es
08E2	2	or     %ah,%dl
09E2	2	or     %esp,%edx
0AE2	2	or     %dl,%ah
0BE2	2	or     %edx,%esp
0CE2	2	or     $0xe2,%al
0DE2	5	or     $0x909090e2,%eax
0EE2	1	push   %cs
0FE2	7	psrad  -0x6f6f6f70(%eax),%mm2
10E2	2	adc    %ah,%dl
11E2	2	adc    %esp,%edx
12E2	2	adc    %dl,%ah
13E2	2	adc    %edx,%esp
14E2	2	adc    $0xe2,%al
15E2	5	adc    $0x909090e2,%eax
16E2	1	push   %ss
17E2	1	pop    %ss
18E2	2	sbb    %ah,%dl
19E2	2	sbb    %esp,%edx
1AE2	2	sbb    %dl,%ah
1BE2	2	sbb    %edx,%esp
1CE2	2	sbb    $0xe2,%al
1DE2	5	sbb    $0x909090e2,%eax
1EE2	1	push   %ds
1FE2	1	pop    %ds
20E2	2	and    %ah,%dl
21E2	2	and    %esp,%edx
22E2	2	and    %dl,%ah
23E2	2	and    %edx,%esp
24E2	2	and    $0xe2,%al
25E2	5	and    $0x909090e2,%eax
26E2	3	es loop 0xffffff93
27E2	1	daa
28E2	2	sub    %ah,%dl
29E2	2	sub    %esp,%edx
2AE2	2	sub    %dl,%ah
2BE2	2	sub    %edx,%esp
2CE2	2	sub    $0xe2,%al
2DE2	5	sub    $0x909090e2,%eax
2EE2	3	loop,pn 0xffffff93
2FE2	1	das
30E2	2	xor    %ah,%dl
31E2	2	xor    %esp,%edx
32E2	2	xor    %dl,%ah
33E2	2	xor    %edx,%esp
34E2	2	xor    $0xe2,%al
35E2	5	xor    $0x909090e2,%eax
36E2	3	ss loop 0xffffff93
37E2	1	aaa
38E2	2	cmp    %ah,%dl
39E2	2	cmp    %esp,%edx
3AE2	2	cmp    %dl,%ah
3BE2	2	cmp    %edx,%esp
3CE2	2	cmp    $0xe2,%al
3DE2	5	cmp    $0x909090e2,%eax
3EE2	3	loop,pt 0xffffff93
3FE2	1	aas
40E2	1	inc    %eax
41E2	1	inc    %ecx
42E2	1	inc    %edx
43E2	1	inc    %ebx
44E2	1	inc    %esp
45E2	1	inc    %ebp
46E2	1	inc    %esi
47E2	1	inc    %edi
48E2	1	dec    %eax
49E2	1	dec    %ecx
4AE2	1	dec    %edx
4BE2	1	dec    %ebx
4CE2	1	dec    %esp
4DE2	1	dec    %ebp
4EE2	1	dec    %esi
4FE2	1	dec    %edi
50E2	1	push   %eax
51E2	1	push   %ecx
52E2	1	push   %edx
53E2	1	push   %ebx
54E2	1	push   %esp
55E2	1	push   %ebp
56E2	1	push   %esi
57E2	1	push   %edi
58E2	1	pop    %eax
59E2	1	pop    %ecx
5AE2	1	pop    %edx
5BE2	1	pop    %ebx
5CE2	1	pop    %esp
5DE2	1	pop    %ebp
5EE2	1	pop    %esi
5FE2	1	pop    %edi
60E2	1	pusha
61E2	1	popa
62E2	NONE	(bad)  {rn-bad},{bad}
63E2	2	arpl   %esp,%edx
64E2	3	fs loop 0xffffff93
65E2	3	gs loop 0xffffff93
66E2	3	data16 loop 0xffffff93
67E2	3	loopw  0xffffff93
68E2	5	push   $0x909090e2
69E2	6	imul   $0x90909090,%edx,%esp
6AE2	2	push   $0xffffffe2
6BE2	3	imul   $0xffffff90,%edx,%esp
6CE2	1	insb   (%dx),%es:(%edi)
6DE2	1	insl   (%dx),%es:(%edi)
6EE2	1	outsb  %ds:(%esi),(%dx)
6FE2	1	outsl  %ds:(%esi),(%dx)
70E2	2	jo     0xffffffe4
71E2	2	jno    0xffffffe4
72E2	2	jb     0xffffffe4
73E2	2	jae    0xffffffe4
74E2	2	je     0xffffffe4
75E2	2	jne    0xffffffe4
76E2	2	jbe    0xffffffe4
77E2	2	ja     0xffffffe4
78E2	2	js     0xffffffe4
79E2	2	jns    0xffffffe4
7AE2	2	jp     0xffffffe4
7BE2	2	jnp    0xffffffe4
7CE2	2	jl     0xffffffe4
7DE2	2	jge    0xffffffe4
7EE2	2	jle    0xffffffe4
7FE2	2	jg     0xffffffe4
80E2	3	and    $0x90,%dl
81E2	6	and    $0x90909090,%edx
82E2	3	and    $0x90,%dl
83E2	3	and    $0xffffff90,%edx
84E2	2	test   %ah,%dl
85E2	2	test   %esp,%edx
86E2	2	xchg   %ah,%dl
87E2	2	xchg   %esp,%edx
88E2	2	mov    %ah,%dl
89E2	2	mov    %esp,%edx
8AE2	2	mov    %dl,%ah
8BE2	2	mov    %edx,%esp
8CE2	2	mov    %fs,%edx
8DE2	NONE	lea    (bad),%esp
8EE2	2	mov    %edx,%fs
8FE2	NONE	(bad)
90E2	1	nop
91E2	1	xchg   %eax,%ecx
92E2	1	xchg   %eax,%edx
93E2	1	xchg   %eax,%ebx
94E2	1	xchg   %eax,%esp
95E2	1	xchg   %eax,%ebp
96E2	1	xchg   %eax,%esi
97E2	1	xchg   %eax,%edi
98E2	1	cwtl
99E2	1	cltd
9AE2	7	lcall  $0x9090,$0x909090e2
9BE2	1	fwait
9CE2	1	pushf
9DE2	1	popf
9EE2	1	sahf
9FE2	1	lahf
A0E2	5	mov    0x909090e2,%al
A1E2	5	mov    0x909090e2,%eax
A2E2	5	mov    %al,0x909090e2
A3E2	5	mov    %eax,0x909090e2
A4E2	1	movsb  %ds:(%esi),%es:(%edi)
A5E2	1	movsl  %ds:(%esi),%es:(%edi)
A6E2	1	cmpsb  %es:(%edi),%ds:(%esi)
A7E2	1	cmpsl  %es:(%edi),%ds:(%esi)
A8E2	2	test   $0xe2,%al
A9E2	5	test   $0x909090e2,%eax
AAE2	1	stos   %al,%es:(%edi)
ABE2	1	stos   %eax,%es:(%edi)
ACE2	1	lods   %ds:(%esi),%al
ADE2	1	lods   %ds:(%esi),%eax
AEE2	1	scas   %es:(%edi),%al
AFE2	1	scas   %es:(%edi),%eax
B0E2	2	mov    $0xe2,%al
B1E2	2	mov    $0xe2,%cl
B2E2	2	mov    $0xe2,%dl
B3E2	2	mov    $0xe2,%bl
B4E2	2	mov    $0xe2,%ah
B5E2	2	mov    $0xe2,%ch
B6E2	2	mov    $0xe2,%dh
B7E2	2	mov    $0xe2,%bh
B8E2	5	mov    $0x909090e2,%eax
B9E2	5	mov    $0x909090e2,%ecx
BAE2	5	mov    $0x909090e2,%edx
BBE2	5	mov    $0x909090e2,%ebx
BCE2	5	mov    $0x909090e2,%esp
BDE2	5	mov    $0x909090e2,%ebp
BEE2	5	mov    $0x909090e2,%esi
BFE2	5	mov    $0x909090e2,%edi
C0E2	3	shl    $0x90,%dl
C1E2	3	shl    $0x90,%edx
C2E2	3	ret    $0x90e2
C3E2	1	ret
C4E2	NONE	(bad)
C5E2	NONE	(bad)
C6E2	NONE	(bad)
C7E2	NONE	(bad)
C8E2	4	enter  $0x90e2,$0x90
C9E2	1	leave
CAE2	3	lret   $0x90e2
CBE2	1	lret
CCE2	1	int3
CDE2	2	int    $0xe2
CEE2	1	into
CFE2	1	iret
D0E2	2	shl    $1,%dl
D1E2	2	shl    $1,%edx
D2E2	2	shl    %cl,%dl
D3E2	2	shl    %cl,%edx
D4E2	2	aam    $0xe2
D5E2	2	aad    $0xe2
D6E2	NONE	(bad)
D7E2	1	xlat   %ds:(%ebx)
D8E2	2	fsub   %st(2),%st
D9E2	NONE	(bad)
DAE2	NONE	(bad)
DBE2	2	fnclex
DCE2	2	fsub   %st,%st(2)
DDE2	2	fucom  %st(2)
DEE2	2	fsubp  %st,%st(2)
DFE2	NONE	(bad)
E0E2	2	loopne 0xffffffe4
E1E2	2	loope  0xffffffe4
E2E2	2	loop   0xffffffe4
E3E2	2	jecxz  0xffffffe4
E4E2	2	in     $0xe2,%al
E5E2	2	in     $0xe2,%eax
E6E2	2	out    %al,$0xe2
E7E2	2	out    %eax,$0xe2
E8E2	5	call   0x909090e7
E9E2	5	jmp    0x909090e7
EAE2	7	ljmp   $0x9090,$0x909090e2
EBE2	2	jmp    0xffffffe4
ECE2	1	in     (%dx),%al
EDE2	1	in     (%dx),%eax
EEE2	1	out    %al,(%dx)
EFE2	1	out    %eax,(%dx)
F0E2	3	lock loop 0xffffff93
F1E2	1	int1
F2E2	3	repnz loop 0xffffff93
F3E2	3	repz loop 0xffffff93
F4E2	1	hlt
F5E2	1	cmc
F6E2	2	mul    %dl
F7E2	2	mul    %edx
F8E2	1	clc
F9E2	1	stc
FAE2	1	cli
FBE2	1	sti
FCE2	1	cld
FDE2	1	std
FEE2	NONE	(bad)
FFE2	2	jmp    *%edx
00E3	2	add    %ah,%bl
01E3	2	add    %esp,%ebx
02E3	2	add    %bl,%ah
03E3	2	add    %ebx,%esp
04E3	2	add    $0xe3,%al
05E3	5	add    $0x909090e3,%eax
06E3	1	push   %es
07E3	1	pop    %es
08E3	2	or     %ah,%bl
09E3	2	or     %esp,%ebx
0AE3	2	or     %bl,%ah
0BE3	2	or     %ebx,%esp
0CE3	2	or     $0xe3,%al
0DE3	5	or     $0x909090e3,%eax
0EE3	1	push   %cs
0FE3	7	pavgw  -0x6f6f6f70(%eax),%mm2
10E3	2	adc    %ah,%bl
11E3	2	adc    %esp,%ebx
12E3	2	adc    %bl,%ah
13E3	2	adc    %ebx,%esp
14E3	2	adc    $0xe3,%al
15E3	5	adc    $0x909090e3,%eax
16E3	1	push   %ss
17E3	1	pop    %ss
18E3	2	sbb    %ah,%bl
19E3	2	sbb    %esp,%ebx
1AE3	2	sbb    %bl,%ah
1BE3	2	sbb    %ebx,%esp
1CE3	2	sbb    $0xe3,%al
1DE3	5	sbb    $0x909090e3,%eax
1EE3	1	push   %ds
1FE3	1	pop    %ds
20E3	2	and    %ah,%bl
21E3	2	and    %esp,%ebx
22E3	2	and    %bl,%ah
23E3	2	and    %ebx,%esp
24E3	2	and    $0xe3,%al
25E3	5	and    $0x909090e3,%eax
26E3	3	es jecxz 0xffffff93
27E3	1	daa
28E3	2	sub    %ah,%bl
29E3	2	sub    %esp,%ebx
2AE3	2	sub    %bl,%ah
2BE3	2	sub    %ebx,%esp
2CE3	2	sub    $0xe3,%al
2DE3	5	sub    $0x909090e3,%eax
2EE3	3	jecxz,pn 0xffffff93
2FE3	1	das
30E3	2	xor    %ah,%bl
31E3	2	xor    %esp,%ebx
32E3	2	xor    %bl,%ah
33E3	2	xor    %ebx,%esp
34E3	2	xor    $0xe3,%al
35E3	5	xor    $0x909090e3,%eax
36E3	3	ss jecxz 0xffffff93
37E3	1	aaa
38E3	2	cmp    %ah,%bl
39E3	2	cmp    %esp,%ebx
3AE3	2	cmp    %bl,%ah
3BE3	2	cmp    %ebx,%esp
3CE3	2	cmp    $0xe3,%al
3DE3	5	cmp    $0x909090e3,%eax
3EE3	3	jecxz,pt 0xffffff93
3FE3	1	aas
40E3	1	inc    %eax
41E3	1	inc    %ecx
42E3	1	inc    %edx
43E3	1	inc    %ebx
44E3	1	inc    %esp
45E3	1	inc    %ebp
46E3	1	inc    %esi
47E3	1	inc    %edi
48E3	1	dec    %eax
49E3	1	dec    %ecx
4AE3	1	dec    %edx
4BE3	1	dec    %ebx
4CE3	1	dec    %esp
4DE3	1	dec    %ebp
4EE3	1	dec    %esi
4FE3	1	dec    %edi
50E3	1	push   %eax
51E3	1	push   %ecx
52E3	1	push   %edx
53E3	1	push   %ebx
54E3	1	push   %esp
55E3	1	push   %ebp
56E3	1	push   %esi
57E3	1	push   %edi
58E3	1	pop    %eax
59E3	1	pop    %ecx
5AE3	1	pop    %edx
5BE3	1	pop    %ebx
5CE3	1	pop    %esp
5DE3	1	pop    %ebp
5EE3	1	pop    %esi
5FE3	1	pop    %edi
60E3	1	pusha
61E3	1	popa
62E3	NONE	(bad)  {rn-bad},{bad}
63E3	2	arpl   %esp,%ebx
64E3	3	fs jecxz 0xffffff93
65E3	3	gs jecxz 0xffffff93
66E3	3	data16 jecxz 0xffffff93
67E3	3	jcxz   0xffffff93
68E3	5	push   $0x909090e3
69E3	6	imul   $0x90909090,%ebx,%esp
6AE3	2	push   $0xffffffe3
6BE3	3	imul   $0xffffff90,%ebx,%esp
6CE3	1	insb   (%dx),%es:(%edi)
6DE3	1	insl   (%dx),%es:(%edi)
6EE3	1	outsb  %ds:(%esi),(%dx)
6FE3	1	outsl  %ds:(%esi),(%dx)
70E3	2	jo     0xffffffe5
71E3	2	jno    0xffffffe5
72E3	2	jb     0xffffffe5
73E3	2	jae    0xffffffe5
74E3	2	je     0xffffffe5
75E3	2	jne    0xffffffe5
76E3	2	jbe    0xffffffe5
77E3	2	ja     0xffffffe5
78E3	2	js     0xffffffe5
79E3	2	jns    0xffffffe5
7AE3	2	jp     0xffffffe5
7BE3	2	jnp    0xffffffe5
7CE3	2	jl     0xffffffe5
7DE3	2	jge    0xffffffe5
7EE3	2	jle    0xffffffe5
7FE3	2	jg     0xffffffe5
80E3	3	and    $0x90,%bl
81E3	6	and    $0x90909090,%ebx
82E3	3	and    $0x90,%bl
83E3	3	and    $0xffffff90,%ebx
84E3	2	test   %ah,%bl
85E3	2	test   %esp,%ebx
86E3	2	xchg   %ah,%bl
87E3	2	xchg   %esp,%ebx
88E3	2	mov    %ah,%bl
89E3	2	mov    %esp,%ebx
8AE3	2	mov    %bl,%ah
8BE3	2	mov    %ebx,%esp
8CE3	2	mov    %fs,%ebx
8DE3	NONE	lea    (bad),%esp
8EE3	2	mov    %ebx,%fs
8FE3	NONE	(bad)
90E3	1	nop
91E3	1	xchg   %eax,%ecx
92E3	1	xchg   %eax,%edx
93E3	1	xchg   %eax,%ebx
94E3	1	xchg   %eax,%esp
95E3	1	xchg   %eax,%ebp
96E3	1	xchg   %eax,%esi
97E3	1	xchg   %eax,%edi
98E3	1	cwtl
99E3	1	cltd
9AE3	7	lcall  $0x9090,$0x909090e3
9BE3	1	fwait
9CE3	1	pushf
9DE3	1	popf
9EE3	1	sahf
9FE3	1	lahf
A0E3	5	mov    0x909090e3,%al
A1E3	5	mov    0x909090e3,%eax
A2E3	5	mov    %al,0x909090e3
A3E3	5	mov    %eax,0x909090e3
A4E3	1	movsb  %ds:(%esi),%es:(%edi)
A5E3	1	movsl  %ds:(%esi),%es:(%edi)
A6E3	1	cmpsb  %es:(%edi),%ds:(%esi)
A7E3	1	cmpsl  %es:(%edi),%ds:(%esi)
A8E3	2	test   $0xe3,%al
A9E3	5	test   $0x909090e3,%eax
AAE3	1	stos   %al,%es:(%edi)
ABE3	1	stos   %eax,%es:(%edi)
ACE3	1	lods   %ds:(%esi),%al
ADE3	1	lods   %ds:(%esi),%eax
AEE3	1	scas   %es:(%edi),%al
AFE3	1	scas   %es:(%edi),%eax
B0E3	2	mov    $0xe3,%al
B1E3	2	mov    $0xe3,%cl
B2E3	2	mov    $0xe3,%dl
B3E3	2	mov    $0xe3,%bl
B4E3	2	mov    $0xe3,%ah
B5E3	2	mov    $0xe3,%ch
B6E3	2	mov    $0xe3,%dh
B7E3	2	mov    $0xe3,%bh
B8E3	5	mov    $0x909090e3,%eax
B9E3	5	mov    $0x909090e3,%ecx
BAE3	5	mov    $0x909090e3,%edx
BBE3	5	mov    $0x909090e3,%ebx
BCE3	5	mov    $0x909090e3,%esp
BDE3	5	mov    $0x909090e3,%ebp
BEE3	5	mov    $0x909090e3,%esi
BFE3	5	mov    $0x909090e3,%edi
C0E3	3	shl    $0x90,%bl
C1E3	3	shl    $0x90,%ebx
C2E3	3	ret    $0x90e3
C3E3	1	ret
C4E3	NONE	(bad)
C5E3	NONE	(bad)
C6E3	NONE	(bad)
C7E3	NONE	(bad)
C8E3	4	enter  $0x90e3,$0x90
C9E3	1	leave
CAE3	3	lret   $0x90e3
CBE3	1	lret
CCE3	1	int3
CDE3	2	int    $0xe3
CEE3	1	into
CFE3	1	iret
D0E3	2	shl    $1,%bl
D1E3	2	shl    $1,%ebx
D2E3	2	shl    %cl,%bl
D3E3	2	shl    %cl,%ebx
D4E3	2	aam    $0xe3
D5E3	2	aad    $0xe3
D6E3	NONE	(bad)
D7E3	1	xlat   %ds:(%ebx)
D8E3	2	fsub   %st(3),%st
D9E3	NONE	(bad)
DAE3	NONE	(bad)
DBE3	2	fninit
DCE3	2	fsub   %st,%st(3)
DDE3	2	fucom  %st(3)
DEE3	2	fsubp  %st,%st(3)
DFE3	NONE	(bad)
E0E3	2	loopne 0xffffffe5
E1E3	2	loope  0xffffffe5
E2E3	2	loop   0xffffffe5
E3E3	2	jecxz  0xffffffe5
E4E3	2	in     $0xe3,%al
E5E3	2	in     $0xe3,%eax
E6E3	2	out    %al,$0xe3
E7E3	2	out    %eax,$0xe3
E8E3	5	call   0x909090e8
E9E3	5	jmp    0x909090e8
EAE3	7	ljmp   $0x9090,$0x909090e3
EBE3	2	jmp    0xffffffe5
ECE3	1	in     (%dx),%al
EDE3	1	in     (%dx),%eax
EEE3	1	out    %al,(%dx)
EFE3	1	out    %eax,(%dx)
F0E3	3	lock jecxz 0xffffff93
F1E3	1	int1
F2E3	3	repnz jecxz 0xffffff93
F3E3	3	repz jecxz 0xffffff93
F4E3	1	hlt
F5E3	1	cmc
F6E3	2	mul    %bl
F7E3	2	mul    %ebx
F8E3	1	clc
F9E3	1	stc
FAE3	1	cli
FBE3	1	sti
FCE3	1	cld
FDE3	1	std
FEE3	NONE	(bad)
FFE3	2	jmp    *%ebx
00E4	2	add    %ah,%ah
01E4	2	add    %esp,%esp
02E4	2	add    %ah,%ah
03E4	2	add    %esp,%esp
04E4	2	add    $0xe4,%al
05E4	5	add    $0x909090e4,%eax
06E4	1	push   %es
07E4	1	pop    %es
08E4	2	or     %ah,%ah
09E4	2	or     %esp,%esp
0AE4	2	or     %ah,%ah
0BE4	2	or     %esp,%esp
0CE4	2	or     $0xe4,%al
0DE4	5	or     $0x909090e4,%eax
0EE4	1	push   %cs
0FE4	7	pmulhuw -0x6f6f6f70(%eax),%mm2
10E4	2	adc    %ah,%ah
11E4	2	adc    %esp,%esp
12E4	2	adc    %ah,%ah
13E4	2	adc    %esp,%esp
14E4	2	adc    $0xe4,%al
15E4	5	adc    $0x909090e4,%eax
16E4	1	push   %ss
17E4	1	pop    %ss
18E4	2	sbb    %ah,%ah
19E4	2	sbb    %esp,%esp
1AE4	2	sbb    %ah,%ah
1BE4	2	sbb    %esp,%esp
1CE4	2	sbb    $0xe4,%al
1DE4	5	sbb    $0x909090e4,%eax
1EE4	1	push   %ds
1FE4	1	pop    %ds
20E4	2	and    %ah,%ah
21E4	2	and    %esp,%esp
22E4	2	and    %ah,%ah
23E4	2	and    %esp,%esp
24E4	2	and    $0xe4,%al
25E4	5	and    $0x909090e4,%eax
26E4	3	es in  $0x90,%al
27E4	1	daa
28E4	2	sub    %ah,%ah
29E4	2	sub    %esp,%esp
2AE4	2	sub    %ah,%ah
2BE4	2	sub    %esp,%esp
2CE4	2	sub    $0xe4,%al
2DE4	5	sub    $0x909090e4,%eax
2EE4	3	cs in  $0x90,%al
2FE4	1	das
30E4	2	xor    %ah,%ah
31E4	2	xor    %esp,%esp
32E4	2	xor    %ah,%ah
33E4	2	xor    %esp,%esp
34E4	2	xor    $0xe4,%al
35E4	5	xor    $0x909090e4,%eax
36E4	3	ss in  $0x90,%al
37E4	1	aaa
38E4	2	cmp    %ah,%ah
39E4	2	cmp    %esp,%esp
3AE4	2	cmp    %ah,%ah
3BE4	2	cmp    %esp,%esp
3CE4	2	cmp    $0xe4,%al
3DE4	5	cmp    $0x909090e4,%eax
3EE4	3	ds in  $0x90,%al
3FE4	1	aas
40E4	1	inc    %eax
41E4	1	inc    %ecx
42E4	1	inc    %edx
43E4	1	inc    %ebx
44E4	1	inc    %esp
45E4	1	inc    %ebp
46E4	1	inc    %esi
47E4	1	inc    %edi
48E4	1	dec    %eax
49E4	1	dec    %ecx
4AE4	1	dec    %edx
4BE4	1	dec    %ebx
4CE4	1	dec    %esp
4DE4	1	dec    %ebp
4EE4	1	dec    %esi
4FE4	1	dec    %edi
50E4	1	push   %eax
51E4	1	push   %ecx
52E4	1	push   %edx
53E4	1	push   %ebx
54E4	1	push   %esp
55E4	1	push   %ebp
56E4	1	push   %esi
57E4	1	push   %edi
58E4	1	pop    %eax
59E4	1	pop    %ecx
5AE4	1	pop    %edx
5BE4	1	pop    %ebx
5CE4	1	pop    %esp
5DE4	1	pop    %ebp
5EE4	1	pop    %esi
5FE4	1	pop    %edi
60E4	1	pusha
61E4	1	popa
62E4	NONE	(bad)
63E4	2	arpl   %esp,%esp
64E4	3	fs in  $0x90,%al
65E4	3	gs in  $0x90,%al
66E4	3	data16 in $0x90,%al
67E4	3	addr16 in $0x90,%al
68E4	5	push   $0x909090e4
69E4	6	imul   $0x90909090,%esp,%esp
6AE4	2	push   $0xffffffe4
6BE4	3	imul   $0xffffff90,%esp,%esp
6CE4	1	insb   (%dx),%es:(%edi)
6DE4	1	insl   (%dx),%es:(%edi)
6EE4	1	outsb  %ds:(%esi),(%dx)
6FE4	1	outsl  %ds:(%esi),(%dx)
70E4	2	jo     0xffffffe6
71E4	2	jno    0xffffffe6
72E4	2	jb     0xffffffe6
73E4	2	jae    0xffffffe6
74E4	2	je     0xffffffe6
75E4	2	jne    0xffffffe6
76E4	2	jbe    0xffffffe6
77E4	2	ja     0xffffffe6
78E4	2	js     0xffffffe6
79E4	2	jns    0xffffffe6
7AE4	2	jp     0xffffffe6
7BE4	2	jnp    0xffffffe6
7CE4	2	jl     0xffffffe6
7DE4	2	jge    0xffffffe6
7EE4	2	jle    0xffffffe6
7FE4	2	jg     0xffffffe6
80E4	3	and    $0x90,%ah
81E4	6	and    $0x90909090,%esp
82E4	3	and    $0x90,%ah
83E4	3	and    $0xffffff90,%esp
84E4	2	test   %ah,%ah
85E4	2	test   %esp,%esp
86E4	2	xchg   %ah,%ah
87E4	2	xchg   %esp,%esp
88E4	2	mov    %ah,%ah
89E4	2	mov    %esp,%esp
8AE4	2	mov    %ah,%ah
8BE4	2	mov    %esp,%esp
8CE4	2	mov    %fs,%esp
8DE4	NONE	lea    (bad),%esp
8EE4	2	mov    %esp,%fs
8FE4	NONE	(bad)
90E4	1	nop
91E4	1	xchg   %eax,%ecx
92E4	1	xchg   %eax,%edx
93E4	1	xchg   %eax,%ebx
94E4	1	xchg   %eax,%esp
95E4	1	xchg   %eax,%ebp
96E4	1	xchg   %eax,%esi
97E4	1	xchg   %eax,%edi
98E4	1	cwtl
99E4	1	cltd
9AE4	7	lcall  $0x9090,$0x909090e4
9BE4	1	fwait
9CE4	1	pushf
9DE4	1	popf
9EE4	1	sahf
9FE4	1	lahf
A0E4	5	mov    0x909090e4,%al
A1E4	5	mov    0x909090e4,%eax
A2E4	5	mov    %al,0x909090e4
A3E4	5	mov    %eax,0x909090e4
A4E4	1	movsb  %ds:(%esi),%es:(%edi)
A5E4	1	movsl  %ds:(%esi),%es:(%edi)
A6E4	1	cmpsb  %es:(%edi),%ds:(%esi)
A7E4	1	cmpsl  %es:(%edi),%ds:(%esi)
A8E4	2	test   $0xe4,%al
A9E4	5	test   $0x909090e4,%eax
AAE4	1	stos   %al,%es:(%edi)
ABE4	1	stos   %eax,%es:(%edi)
ACE4	1	lods   %ds:(%esi),%al
ADE4	1	lods   %ds:(%esi),%eax
AEE4	1	scas   %es:(%edi),%al
AFE4	1	scas   %es:(%edi),%eax
B0E4	2	mov    $0xe4,%al
B1E4	2	mov    $0xe4,%cl
B2E4	2	mov    $0xe4,%dl
B3E4	2	mov    $0xe4,%bl
B4E4	2	mov    $0xe4,%ah
B5E4	2	mov    $0xe4,%ch
B6E4	2	mov    $0xe4,%dh
B7E4	2	mov    $0xe4,%bh
B8E4	5	mov    $0x909090e4,%eax
B9E4	5	mov    $0x909090e4,%ecx
BAE4	5	mov    $0x909090e4,%edx
BBE4	5	mov    $0x909090e4,%ebx
BCE4	5	mov    $0x909090e4,%esp
BDE4	5	mov    $0x909090e4,%ebp
BEE4	5	mov    $0x909090e4,%esi
BFE4	5	mov    $0x909090e4,%edi
C0E4	3	shl    $0x90,%ah
C1E4	3	shl    $0x90,%esp
C2E4	3	ret    $0x90e4
C3E4	1	ret
C4E4	NONE	(bad)
C5E4	NONE	(bad)
C6E4	NONE	(bad)
C7E4	NONE	(bad)
C8E4	4	enter  $0x90e4,$0x90
C9E4	1	leave
CAE4	3	lret   $0x90e4
CBE4	1	lret
CCE4	1	int3
CDE4	2	int    $0xe4
CEE4	1	into
CFE4	1	iret
D0E4	2	shl    $1,%ah
D1E4	2	shl    $1,%esp
D2E4	2	shl    %cl,%ah
D3E4	2	shl    %cl,%esp
D4E4	2	aam    $0xe4
D5E4	2	aad    $0xe4
D6E4	NONE	(bad)
D7E4	1	xlat   %ds:(%ebx)
D8E4	2	fsub   %st(4),%st
D9E4	2	ftst
DAE4	NONE	(bad)
DBE4	2	fnsetpm(287 only)
DCE4	2	fsub   %st,%st(4)
DDE4	2	fucom  %st(4)
DEE4	2	fsubp  %st,%st(4)
DFE4	NONE	(bad)
E0E4	2	loopne 0xffffffe6
E1E4	2	loope  0xffffffe6
E2E4	2	loop   0xffffffe6
E3E4	2	jecxz  0xffffffe6
E4E4	2	in     $0xe4,%al
E5E4	2	in     $0xe4,%eax
E6E4	2	out    %al,$0xe4
E7E4	2	out    %eax,$0xe4
E8E4	5	call   0x909090e9
E9E4	5	jmp    0x909090e9
EAE4	7	ljmp   $0x9090,$0x909090e4
EBE4	2	jmp    0xffffffe6
ECE4	1	in     (%dx),%al
EDE4	1	in     (%dx),%eax
EEE4	1	out    %al,(%dx)
EFE4	1	out    %eax,(%dx)
F0E4	3	lock in $0x90,%al
F1E4	1	int1
F2E4	3	repnz in $0x90,%al
F3E4	3	repz in $0x90,%al
F4E4	1	hlt
F5E4	1	cmc
F6E4	2	mul    %ah
F7E4	2	mul    %esp
F8E4	1	clc
F9E4	1	stc
FAE4	1	cli
FBE4	1	sti
FCE4	1	cld
FDE4	1	std
FEE4	NONE	(bad)
FFE4	2	jmp    *%esp
00E5	2	add    %ah,%ch
01E5	2	add    %esp,%ebp
02E5	2	add    %ch,%ah
03E5	2	add    %ebp,%esp
04E5	2	add    $0xe5,%al
05E5	5	add    $0x909090e5,%eax
06E5	1	push   %es
07E5	1	pop    %es
08E5	2	or     %ah,%ch
09E5	2	or     %esp,%ebp
0AE5	2	or     %ch,%ah
0BE5	2	or     %ebp,%esp
0CE5	2	or     $0xe5,%al
0DE5	5	or     $0x909090e5,%eax
0EE5	1	push   %cs
0FE5	7	pmulhw -0x6f6f6f70(%eax),%mm2
10E5	2	adc    %ah,%ch
11E5	2	adc    %esp,%ebp
12E5	2	adc    %ch,%ah
13E5	2	adc    %ebp,%esp
14E5	2	adc    $0xe5,%al
15E5	5	adc    $0x909090e5,%eax
16E5	1	push   %ss
17E5	1	pop    %ss
18E5	2	sbb    %ah,%ch
19E5	2	sbb    %esp,%ebp
1AE5	2	sbb    %ch,%ah
1BE5	2	sbb    %ebp,%esp
1CE5	2	sbb    $0xe5,%al
1DE5	5	sbb    $0x909090e5,%eax
1EE5	1	push   %ds
1FE5	1	pop    %ds
20E5	2	and    %ah,%ch
21E5	2	and    %esp,%ebp
22E5	2	and    %ch,%ah
23E5	2	and    %ebp,%esp
24E5	2	and    $0xe5,%al
25E5	5	and    $0x909090e5,%eax
26E5	3	es in  $0x90,%eax
27E5	1	daa
28E5	2	sub    %ah,%ch
29E5	2	sub    %esp,%ebp
2AE5	2	sub    %ch,%ah
2BE5	2	sub    %ebp,%esp
2CE5	2	sub    $0xe5,%al
2DE5	5	sub    $0x909090e5,%eax
2EE5	3	cs in  $0x90,%eax
2FE5	1	das
30E5	2	xor    %ah,%ch
31E5	2	xor    %esp,%ebp
32E5	2	xor    %ch,%ah
33E5	2	xor    %ebp,%esp
34E5	2	xor    $0xe5,%al
35E5	5	xor    $0x909090e5,%eax
36E5	3	ss in  $0x90,%eax
37E5	1	aaa
38E5	2	cmp    %ah,%ch
39E5	2	cmp    %esp,%ebp
3AE5	2	cmp    %ch,%ah
3BE5	2	cmp    %ebp,%esp
3CE5	2	cmp    $0xe5,%al
3DE5	5	cmp    $0x909090e5,%eax
3EE5	3	ds in  $0x90,%eax
3FE5	1	aas
40E5	1	inc    %eax
41E5	1	inc    %ecx
42E5	1	inc    %edx
43E5	1	inc    %ebx
44E5	1	inc    %esp
45E5	1	inc    %ebp
46E5	1	inc    %esi
47E5	1	inc    %edi
48E5	1	dec    %eax
49E5	1	dec    %ecx
4AE5	1	dec    %edx
4BE5	1	dec    %ebx
4CE5	1	dec    %esp
4DE5	1	dec    %ebp
4EE5	1	dec    %esi
4FE5	1	dec    %edi
50E5	1	push   %eax
51E5	1	push   %ecx
52E5	1	push   %edx
53E5	1	push   %ebx
54E5	1	push   %esp
55E5	1	push   %ebp
56E5	1	push   %esi
57E5	1	push   %edi
58E5	1	pop    %eax
59E5	1	pop    %ecx
5AE5	1	pop    %edx
5BE5	1	pop    %ebx
5CE5	1	pop    %esp
5DE5	1	pop    %ebp
5EE5	1	pop    %esi
5FE5	1	pop    %edi
60E5	1	pusha
61E5	1	popa
62E5	NONE	(bad)  {rn-bad},{bad}
63E5	2	arpl   %esp,%ebp
64E5	3	fs in  $0x90,%eax
65E5	3	gs in  $0x90,%eax
66E5	3	in     $0x90,%ax
67E5	3	addr16 in $0x90,%eax
68E5	5	push   $0x909090e5
69E5	6	imul   $0x90909090,%ebp,%esp
6AE5	2	push   $0xffffffe5
6BE5	3	imul   $0xffffff90,%ebp,%esp
6CE5	1	insb   (%dx),%es:(%edi)
6DE5	1	insl   (%dx),%es:(%edi)
6EE5	1	outsb  %ds:(%esi),(%dx)
6FE5	1	outsl  %ds:(%esi),(%dx)
70E5	2	jo     0xffffffe7
71E5	2	jno    0xffffffe7
72E5	2	jb     0xffffffe7
73E5	2	jae    0xffffffe7
74E5	2	je     0xffffffe7
75E5	2	jne    0xffffffe7
76E5	2	jbe    0xffffffe7
77E5	2	ja     0xffffffe7
78E5	2	js     0xffffffe7
79E5	2	jns    0xffffffe7
7AE5	2	jp     0xffffffe7
7BE5	2	jnp    0xffffffe7
7CE5	2	jl     0xffffffe7
7DE5	2	jge    0xffffffe7
7EE5	2	jle    0xffffffe7
7FE5	2	jg     0xffffffe7
80E5	3	and    $0x90,%ch
81E5	6	and    $0x90909090,%ebp
82E5	3	and    $0x90,%ch
83E5	3	and    $0xffffff90,%ebp
84E5	2	test   %ah,%ch
85E5	2	test   %esp,%ebp
86E5	2	xchg   %ah,%ch
87E5	2	xchg   %esp,%ebp
88E5	2	mov    %ah,%ch
89E5	2	mov    %esp,%ebp
8AE5	2	mov    %ch,%ah
8BE5	2	mov    %ebp,%esp
8CE5	2	mov    %fs,%ebp
8DE5	NONE	lea    (bad),%esp
8EE5	2	mov    %ebp,%fs
8FE5	NONE	(bad)
90E5	1	nop
91E5	1	xchg   %eax,%ecx
92E5	1	xchg   %eax,%edx
93E5	1	xchg   %eax,%ebx
94E5	1	xchg   %eax,%esp
95E5	1	xchg   %eax,%ebp
96E5	1	xchg   %eax,%esi
97E5	1	xchg   %eax,%edi
98E5	1	cwtl
99E5	1	cltd
9AE5	7	lcall  $0x9090,$0x909090e5
9BE5	1	fwait
9CE5	1	pushf
9DE5	1	popf
9EE5	1	sahf
9FE5	1	lahf
A0E5	5	mov    0x909090e5,%al
A1E5	5	mov    0x909090e5,%eax
A2E5	5	mov    %al,0x909090e5
A3E5	5	mov    %eax,0x909090e5
A4E5	1	movsb  %ds:(%esi),%es:(%edi)
A5E5	1	movsl  %ds:(%esi),%es:(%edi)
A6E5	1	cmpsb  %es:(%edi),%ds:(%esi)
A7E5	1	cmpsl  %es:(%edi),%ds:(%esi)
A8E5	2	test   $0xe5,%al
A9E5	5	test   $0x909090e5,%eax
AAE5	1	stos   %al,%es:(%edi)
ABE5	1	stos   %eax,%es:(%edi)
ACE5	1	lods   %ds:(%esi),%al
ADE5	1	lods   %ds:(%esi),%eax
AEE5	1	scas   %es:(%edi),%al
AFE5	1	scas   %es:(%edi),%eax
B0E5	2	mov    $0xe5,%al
B1E5	2	mov    $0xe5,%cl
B2E5	2	mov    $0xe5,%dl
B3E5	2	mov    $0xe5,%bl
B4E5	2	mov    $0xe5,%ah
B5E5	2	mov    $0xe5,%ch
B6E5	2	mov    $0xe5,%dh
B7E5	2	mov    $0xe5,%bh
B8E5	5	mov    $0x909090e5,%eax
B9E5	5	mov    $0x909090e5,%ecx
BAE5	5	mov    $0x909090e5,%edx
BBE5	5	mov    $0x909090e5,%ebx
BCE5	5	mov    $0x909090e5,%esp
BDE5	5	mov    $0x909090e5,%ebp
BEE5	5	mov    $0x909090e5,%esi
BFE5	5	mov    $0x909090e5,%edi
C0E5	3	shl    $0x90,%ch
C1E5	3	shl    $0x90,%ebp
C2E5	3	ret    $0x90e5
C3E5	1	ret
C4E5	NONE	(bad)
C5E5	NONE	(bad)
C6E5	NONE	(bad)
C7E5	NONE	(bad)
C8E5	4	enter  $0x90e5,$0x90
C9E5	1	leave
CAE5	3	lret   $0x90e5
CBE5	1	lret
CCE5	1	int3
CDE5	2	int    $0xe5
CEE5	1	into
CFE5	1	iret
D0E5	2	shl    $1,%ch
D1E5	2	shl    $1,%ebp
D2E5	2	shl    %cl,%ch
D3E5	2	shl    %cl,%ebp
D4E5	2	aam    $0xe5
D5E5	2	aad    $0xe5
D6E5	NONE	(bad)
D7E5	1	xlat   %ds:(%ebx)
D8E5	2	fsub   %st(5),%st
D9E5	2	fxam
DAE5	NONE	(bad)
DBE5	2	frstpm(287 only)
DCE5	2	fsub   %st,%st(5)
DDE5	2	fucom  %st(5)
DEE5	2	fsubp  %st,%st(5)
DFE5	NONE	(bad)
E0E5	2	loopne 0xffffffe7
E1E5	2	loope  0xffffffe7
E2E5	2	loop   0xffffffe7
E3E5	2	jecxz  0xffffffe7
E4E5	2	in     $0xe5,%al
E5E5	2	in     $0xe5,%eax
E6E5	2	out    %al,$0xe5
E7E5	2	out    %eax,$0xe5
E8E5	5	call   0x909090ea
E9E5	5	jmp    0x909090ea
EAE5	7	ljmp   $0x9090,$0x909090e5
EBE5	2	jmp    0xffffffe7
ECE5	1	in     (%dx),%al
EDE5	1	in     (%dx),%eax
EEE5	1	out    %al,(%dx)
EFE5	1	out    %eax,(%dx)
F0E5	3	lock in $0x90,%eax
F1E5	1	int1
F2E5	3	repnz in $0x90,%eax
F3E5	3	repz in $0x90,%eax
F4E5	1	hlt
F5E5	1	cmc
F6E5	2	mul    %ch
F7E5	2	mul    %ebp
F8E5	1	clc
F9E5	1	stc
FAE5	1	cli
FBE5	1	sti
FCE5	1	cld
FDE5	1	std
FEE5	NONE	(bad)
FFE5	2	jmp    *%ebp
00E6	2	add    %ah,%dh
01E6	2	add    %esp,%esi
02E6	2	add    %dh,%ah
03E6	2	add    %esi,%esp
04E6	2	add    $0xe6,%al
05E6	5	add    $0x909090e6,%eax
06E6	1	push   %es
07E6	1	pop    %es
08E6	2	or     %ah,%dh
09E6	2	or     %esp,%esi
0AE6	2	or     %dh,%ah
0BE6	2	or     %esi,%esp
0CE6	2	or     $0xe6,%al
0DE6	5	or     $0x909090e6,%eax
0EE6	1	push   %cs
0FE6	NONE	(bad)
10E6	2	adc    %ah,%dh
11E6	2	adc    %esp,%esi
12E6	2	adc    %dh,%ah
13E6	2	adc    %esi,%esp
14E6	2	adc    $0xe6,%al
15E6	5	adc    $0x909090e6,%eax
16E6	1	push   %ss
17E6	1	pop    %ss
18E6	2	sbb    %ah,%dh
19E6	2	sbb    %esp,%esi
1AE6	2	sbb    %dh,%ah
1BE6	2	sbb    %esi,%esp
1CE6	2	sbb    $0xe6,%al
1DE6	5	sbb    $0x909090e6,%eax
1EE6	1	push   %ds
1FE6	1	pop    %ds
20E6	2	and    %ah,%dh
21E6	2	and    %esp,%esi
22E6	2	and    %dh,%ah
23E6	2	and    %esi,%esp
24E6	2	and    $0xe6,%al
25E6	5	and    $0x909090e6,%eax
26E6	3	es out %al,$0x90
27E6	1	daa
28E6	2	sub    %ah,%dh
29E6	2	sub    %esp,%esi
2AE6	2	sub    %dh,%ah
2BE6	2	sub    %esi,%esp
2CE6	2	sub    $0xe6,%al
2DE6	5	sub    $0x909090e6,%eax
2EE6	3	cs out %al,$0x90
2FE6	1	das
30E6	2	xor    %ah,%dh
31E6	2	xor    %esp,%esi
32E6	2	xor    %dh,%ah
33E6	2	xor    %esi,%esp
34E6	2	xor    $0xe6,%al
35E6	5	xor    $0x909090e6,%eax
36E6	3	ss out %al,$0x90
37E6	1	aaa
38E6	2	cmp    %ah,%dh
39E6	2	cmp    %esp,%esi
3AE6	2	cmp    %dh,%ah
3BE6	2	cmp    %esi,%esp
3CE6	2	cmp    $0xe6,%al
3DE6	5	cmp    $0x909090e6,%eax
3EE6	3	ds out %al,$0x90
3FE6	1	aas
40E6	1	inc    %eax
41E6	1	inc    %ecx
42E6	1	inc    %edx
43E6	1	inc    %ebx
44E6	1	inc    %esp
45E6	1	inc    %ebp
46E6	1	inc    %esi
47E6	1	inc    %edi
48E6	1	dec    %eax
49E6	1	dec    %ecx
4AE6	1	dec    %edx
4BE6	1	dec    %ebx
4CE6	1	dec    %esp
4DE6	1	dec    %ebp
4EE6	1	dec    %esi
4FE6	1	dec    %edi
50E6	1	push   %eax
51E6	1	push   %ecx
52E6	1	push   %edx
53E6	1	push   %ebx
54E6	1	push   %esp
55E6	1	push   %ebp
56E6	1	push   %esi
57E6	1	push   %edi
58E6	1	pop    %eax
59E6	1	pop    %ecx
5AE6	1	pop    %edx
5BE6	1	pop    %ebx
5CE6	1	pop    %esp
5DE6	1	pop    %ebp
5EE6	1	pop    %esi
5FE6	1	pop    %edi
60E6	1	pusha
61E6	1	popa
62E6	NONE	(bad)  {rn-bad},{bad}
63E6	2	arpl   %esp,%esi
64E6	3	fs out %al,$0x90
65E6	3	gs out %al,$0x90
66E6	3	data16 out %al,$0x90
67E6	3	addr16 out %al,$0x90
68E6	5	push   $0x909090e6
69E6	6	imul   $0x90909090,%esi,%esp
6AE6	2	push   $0xffffffe6
6BE6	3	imul   $0xffffff90,%esi,%esp
6CE6	1	insb   (%dx),%es:(%edi)
6DE6	1	insl   (%dx),%es:(%edi)
6EE6	1	outsb  %ds:(%esi),(%dx)
6FE6	1	outsl  %ds:(%esi),(%dx)
70E6	2	jo     0xffffffe8
71E6	2	jno    0xffffffe8
72E6	2	jb     0xffffffe8
73E6	2	jae    0xffffffe8
74E6	2	je     0xffffffe8
75E6	2	jne    0xffffffe8
76E6	2	jbe    0xffffffe8
77E6	2	ja     0xffffffe8
78E6	2	js     0xffffffe8
79E6	2	jns    0xffffffe8
7AE6	2	jp     0xffffffe8
7BE6	2	jnp    0xffffffe8
7CE6	2	jl     0xffffffe8
7DE6	2	jge    0xffffffe8
7EE6	2	jle    0xffffffe8
7FE6	2	jg     0xffffffe8
80E6	3	and    $0x90,%dh
81E6	6	and    $0x90909090,%esi
82E6	3	and    $0x90,%dh
83E6	3	and    $0xffffff90,%esi
84E6	2	test   %ah,%dh
85E6	2	test   %esp,%esi
86E6	2	xchg   %ah,%dh
87E6	2	xchg   %esp,%esi
88E6	2	mov    %ah,%dh
89E6	2	mov    %esp,%esi
8AE6	2	mov    %dh,%ah
8BE6	2	mov    %esi,%esp
8CE6	2	mov    %fs,%esi
8DE6	NONE	lea    (bad),%esp
8EE6	2	mov    %esi,%fs
8FE6	NONE	(bad)
90E6	1	nop
91E6	1	xchg   %eax,%ecx
92E6	1	xchg   %eax,%edx
93E6	1	xchg   %eax,%ebx
94E6	1	xchg   %eax,%esp
95E6	1	xchg   %eax,%ebp
96E6	1	xchg   %eax,%esi
97E6	1	xchg   %eax,%edi
98E6	1	cwtl
99E6	1	cltd
9AE6	7	lcall  $0x9090,$0x909090e6
9BE6	1	fwait
9CE6	1	pushf
9DE6	1	popf
9EE6	1	sahf
9FE6	1	lahf
A0E6	5	mov    0x909090e6,%al
A1E6	5	mov    0x909090e6,%eax
A2E6	5	mov    %al,0x909090e6
A3E6	5	mov    %eax,0x909090e6
A4E6	1	movsb  %ds:(%esi),%es:(%edi)
A5E6	1	movsl  %ds:(%esi),%es:(%edi)
A6E6	1	cmpsb  %es:(%edi),%ds:(%esi)
A7E6	1	cmpsl  %es:(%edi),%ds:(%esi)
A8E6	2	test   $0xe6,%al
A9E6	5	test   $0x909090e6,%eax
AAE6	1	stos   %al,%es:(%edi)
ABE6	1	stos   %eax,%es:(%edi)
ACE6	1	lods   %ds:(%esi),%al
ADE6	1	lods   %ds:(%esi),%eax
AEE6	1	scas   %es:(%edi),%al
AFE6	1	scas   %es:(%edi),%eax
B0E6	2	mov    $0xe6,%al
B1E6	2	mov    $0xe6,%cl
B2E6	2	mov    $0xe6,%dl
B3E6	2	mov    $0xe6,%bl
B4E6	2	mov    $0xe6,%ah
B5E6	2	mov    $0xe6,%ch
B6E6	2	mov    $0xe6,%dh
B7E6	2	mov    $0xe6,%bh
B8E6	5	mov    $0x909090e6,%eax
B9E6	5	mov    $0x909090e6,%ecx
BAE6	5	mov    $0x909090e6,%edx
BBE6	5	mov    $0x909090e6,%ebx
BCE6	5	mov    $0x909090e6,%esp
BDE6	5	mov    $0x909090e6,%ebp
BEE6	5	mov    $0x909090e6,%esi
BFE6	5	mov    $0x909090e6,%edi
C0E6	3	shl    $0x90,%dh
C1E6	3	shl    $0x90,%esi
C2E6	3	ret    $0x90e6
C3E6	1	ret
C4E6	NONE	(bad)
C5E6	NONE	(bad)
C6E6	NONE	(bad)
C7E6	NONE	(bad)
C8E6	4	enter  $0x90e6,$0x90
C9E6	1	leave
CAE6	3	lret   $0x90e6
CBE6	1	lret
CCE6	1	int3
CDE6	2	int    $0xe6
CEE6	1	into
CFE6	1	iret
D0E6	2	shl    $1,%dh
D1E6	2	shl    $1,%esi
D2E6	2	shl    %cl,%dh
D3E6	2	shl    %cl,%esi
D4E6	2	aam    $0xe6
D5E6	2	aad    $0xe6
D6E6	NONE	(bad)
D7E6	1	xlat   %ds:(%ebx)
D8E6	2	fsub   %st(6),%st
D9E6	NONE	(bad)
DAE6	NONE	(bad)
DBE6	NONE	(bad)
DCE6	2	fsub   %st,%st(6)
DDE6	2	fucom  %st(6)
DEE6	2	fsubp  %st,%st(6)
DFE6	NONE	(bad)
E0E6	2	loopne 0xffffffe8
E1E6	2	loope  0xffffffe8
E2E6	2	loop   0xffffffe8
E3E6	2	jecxz  0xffffffe8
E4E6	2	in     $0xe6,%al
E5E6	2	in     $0xe6,%eax
E6E6	2	out    %al,$0xe6
E7E6	2	out    %eax,$0xe6
E8E6	5	call   0x909090eb
E9E6	5	jmp    0x909090eb
EAE6	7	ljmp   $0x9090,$0x909090e6
EBE6	2	jmp    0xffffffe8
ECE6	1	in     (%dx),%al
EDE6	1	in     (%dx),%eax
EEE6	1	out    %al,(%dx)
EFE6	1	out    %eax,(%dx)
F0E6	3	lock out %al,$0x90
F1E6	1	int1
F2E6	3	repnz out %al,$0x90
F3E6	3	repz out %al,$0x90
F4E6	1	hlt
F5E6	1	cmc
F6E6	2	mul    %dh
F7E6	2	mul    %esi
F8E6	1	clc
F9E6	1	stc
FAE6	1	cli
FBE6	1	sti
FCE6	1	cld
FDE6	1	std
FEE6	NONE	(bad)
FFE6	2	jmp    *%esi
00E7	2	add    %ah,%bh
01E7	2	add    %esp,%edi
02E7	2	add    %bh,%ah
03E7	2	add    %edi,%esp
04E7	2	add    $0xe7,%al
05E7	5	add    $0x909090e7,%eax
06E7	1	push   %es
07E7	1	pop    %es
08E7	2	or     %ah,%bh
09E7	2	or     %esp,%edi
0AE7	2	or     %bh,%ah
0BE7	2	or     %edi,%esp
0CE7	2	or     $0xe7,%al
0DE7	5	or     $0x909090e7,%eax
0EE7	1	push   %cs
0FE7	7	movntq %mm2,-0x6f6f6f70(%eax)
10E7	2	adc    %ah,%bh
11E7	2	adc    %esp,%edi
12E7	2	adc    %bh,%ah
13E7	2	adc    %edi,%esp
14E7	2	adc    $0xe7,%al
15E7	5	adc    $0x909090e7,%eax
16E7	1	push   %ss
17E7	1	pop    %ss
18E7	2	sbb    %ah,%bh
19E7	2	sbb    %esp,%edi
1AE7	2	sbb    %bh,%ah
1BE7	2	sbb    %edi,%esp
1CE7	2	sbb    $0xe7,%al
1DE7	5	sbb    $0x909090e7,%eax
1EE7	1	push   %ds
1FE7	1	pop    %ds
20E7	2	and    %ah,%bh
21E7	2	and    %esp,%edi
22E7	2	and    %bh,%ah
23E7	2	and    %edi,%esp
24E7	2	and    $0xe7,%al
25E7	5	and    $0x909090e7,%eax
26E7	3	es out %eax,$0x90
27E7	1	daa
28E7	2	sub    %ah,%bh
29E7	2	sub    %esp,%edi
2AE7	2	sub    %bh,%ah
2BE7	2	sub    %edi,%esp
2CE7	2	sub    $0xe7,%al
2DE7	5	sub    $0x909090e7,%eax
2EE7	3	cs out %eax,$0x90
2FE7	1	das
30E7	2	xor    %ah,%bh
31E7	2	xor    %esp,%edi
32E7	2	xor    %bh,%ah
33E7	2	xor    %edi,%esp
34E7	2	xor    $0xe7,%al
35E7	5	xor    $0x909090e7,%eax
36E7	3	ss out %eax,$0x90
37E7	1	aaa
38E7	2	cmp    %ah,%bh
39E7	2	cmp    %esp,%edi
3AE7	2	cmp    %bh,%ah
3BE7	2	cmp    %edi,%esp
3CE7	2	cmp    $0xe7,%al
3DE7	5	cmp    $0x909090e7,%eax
3EE7	3	ds out %eax,$0x90
3FE7	1	aas
40E7	1	inc    %eax
41E7	1	inc    %ecx
42E7	1	inc    %edx
43E7	1	inc    %ebx
44E7	1	inc    %esp
45E7	1	inc    %ebp
46E7	1	inc    %esi
47E7	1	inc    %edi
48E7	1	dec    %eax
49E7	1	dec    %ecx
4AE7	1	dec    %edx
4BE7	1	dec    %ebx
4CE7	1	dec    %esp
4DE7	1	dec    %ebp
4EE7	1	dec    %esi
4FE7	1	dec    %edi
50E7	1	push   %eax
51E7	1	push   %ecx
52E7	1	push   %edx
53E7	1	push   %ebx
54E7	1	push   %esp
55E7	1	push   %ebp
56E7	1	push   %esi
57E7	1	push   %edi
58E7	1	pop    %eax
59E7	1	pop    %ecx
5AE7	1	pop    %edx
5BE7	1	pop    %ebx
5CE7	1	pop    %esp
5DE7	1	pop    %ebp
5EE7	1	pop    %esi
5FE7	1	pop    %edi
60E7	1	pusha
61E7	1	popa
62E7	NONE	(bad)  {rn-bad},{bad}
63E7	2	arpl   %esp,%edi
64E7	3	fs out %eax,$0x90
65E7	3	gs out %eax,$0x90
66E7	3	out    %ax,$0x90
67E7	3	addr16 out %eax,$0x90
68E7	5	push   $0x909090e7
69E7	6	imul   $0x90909090,%edi,%esp
6AE7	2	push   $0xffffffe7
6BE7	3	imul   $0xffffff90,%edi,%esp
6CE7	1	insb   (%dx),%es:(%edi)
6DE7	1	insl   (%dx),%es:(%edi)
6EE7	1	outsb  %ds:(%esi),(%dx)
6FE7	1	outsl  %ds:(%esi),(%dx)
70E7	2	jo     0xffffffe9
71E7	2	jno    0xffffffe9
72E7	2	jb     0xffffffe9
73E7	2	jae    0xffffffe9
74E7	2	je     0xffffffe9
75E7	2	jne    0xffffffe9
76E7	2	jbe    0xffffffe9
77E7	2	ja     0xffffffe9
78E7	2	js     0xffffffe9
79E7	2	jns    0xffffffe9
7AE7	2	jp     0xffffffe9
7BE7	2	jnp    0xffffffe9
7CE7	2	jl     0xffffffe9
7DE7	2	jge    0xffffffe9
7EE7	2	jle    0xffffffe9
7FE7	2	jg     0xffffffe9
80E7	3	and    $0x90,%bh
81E7	6	and    $0x90909090,%edi
82E7	3	and    $0x90,%bh
83E7	3	and    $0xffffff90,%edi
84E7	2	test   %ah,%bh
85E7	2	test   %esp,%edi
86E7	2	xchg   %ah,%bh
87E7	2	xchg   %esp,%edi
88E7	2	mov    %ah,%bh
89E7	2	mov    %esp,%edi
8AE7	2	mov    %bh,%ah
8BE7	2	mov    %edi,%esp
8CE7	2	mov    %fs,%edi
8DE7	NONE	lea    (bad),%esp
8EE7	2	mov    %edi,%fs
8FE7	NONE	(bad)
90E7	1	nop
91E7	1	xchg   %eax,%ecx
92E7	1	xchg   %eax,%edx
93E7	1	xchg   %eax,%ebx
94E7	1	xchg   %eax,%esp
95E7	1	xchg   %eax,%ebp
96E7	1	xchg   %eax,%esi
97E7	1	xchg   %eax,%edi
98E7	1	cwtl
99E7	1	cltd
9AE7	7	lcall  $0x9090,$0x909090e7
9BE7	1	fwait
9CE7	1	pushf
9DE7	1	popf
9EE7	1	sahf
9FE7	1	lahf
A0E7	5	mov    0x909090e7,%al
A1E7	5	mov    0x909090e7,%eax
A2E7	5	mov    %al,0x909090e7
A3E7	5	mov    %eax,0x909090e7
A4E7	1	movsb  %ds:(%esi),%es:(%edi)
A5E7	1	movsl  %ds:(%esi),%es:(%edi)
A6E7	1	cmpsb  %es:(%edi),%ds:(%esi)
A7E7	1	cmpsl  %es:(%edi),%ds:(%esi)
A8E7	2	test   $0xe7,%al
A9E7	5	test   $0x909090e7,%eax
AAE7	1	stos   %al,%es:(%edi)
ABE7	1	stos   %eax,%es:(%edi)
ACE7	1	lods   %ds:(%esi),%al
ADE7	1	lods   %ds:(%esi),%eax
AEE7	1	scas   %es:(%edi),%al
AFE7	1	scas   %es:(%edi),%eax
B0E7	2	mov    $0xe7,%al
B1E7	2	mov    $0xe7,%cl
B2E7	2	mov    $0xe7,%dl
B3E7	2	mov    $0xe7,%bl
B4E7	2	mov    $0xe7,%ah
B5E7	2	mov    $0xe7,%ch
B6E7	2	mov    $0xe7,%dh
B7E7	2	mov    $0xe7,%bh
B8E7	5	mov    $0x909090e7,%eax
B9E7	5	mov    $0x909090e7,%ecx
BAE7	5	mov    $0x909090e7,%edx
BBE7	5	mov    $0x909090e7,%ebx
BCE7	5	mov    $0x909090e7,%esp
BDE7	5	mov    $0x909090e7,%ebp
BEE7	5	mov    $0x909090e7,%esi
BFE7	5	mov    $0x909090e7,%edi
C0E7	3	shl    $0x90,%bh
C1E7	3	shl    $0x90,%edi
C2E7	3	ret    $0x90e7
C3E7	1	ret
C4E7	NONE	(bad)
C5E7	NONE	(bad)
C6E7	NONE	(bad)
C7E7	NONE	(bad)
C8E7	4	enter  $0x90e7,$0x90
C9E7	1	leave
CAE7	3	lret   $0x90e7
CBE7	1	lret
CCE7	1	int3
CDE7	2	int    $0xe7
CEE7	1	into
CFE7	1	iret
D0E7	2	shl    $1,%bh
D1E7	2	shl    $1,%edi
D2E7	2	shl    %cl,%bh
D3E7	2	shl    %cl,%edi
D4E7	2	aam    $0xe7
D5E7	2	aad    $0xe7
D6E7	NONE	(bad)
D7E7	1	xlat   %ds:(%ebx)
D8E7	2	fsub   %st(7),%st
D9E7	NONE	(bad)
DAE7	NONE	(bad)
DBE7	NONE	(bad)
DCE7	2	fsub   %st,%st(7)
DDE7	2	fucom  %st(7)
DEE7	2	fsubp  %st,%st(7)
DFE7	NONE	(bad)
E0E7	2	loopne 0xffffffe9
E1E7	2	loope  0xffffffe9
E2E7	2	loop   0xffffffe9
E3E7	2	jecxz  0xffffffe9
E4E7	2	in     $0xe7,%al
E5E7	2	in     $0xe7,%eax
E6E7	2	out    %al,$0xe7
E7E7	2	out    %eax,$0xe7
E8E7	5	call   0x909090ec
E9E7	5	jmp    0x909090ec
EAE7	7	ljmp   $0x9090,$0x909090e7
EBE7	2	jmp    0xffffffe9
ECE7	1	in     (%dx),%al
EDE7	1	in     (%dx),%eax
EEE7	1	out    %al,(%dx)
EFE7	1	out    %eax,(%dx)
F0E7	3	lock out %eax,$0x90
F1E7	1	int1
F2E7	3	repnz out %eax,$0x90
F3E7	3	repz out %eax,$0x90
F4E7	1	hlt
F5E7	1	cmc
F6E7	2	mul    %bh
F7E7	2	mul    %edi
F8E7	1	clc
F9E7	1	stc
FAE7	1	cli
FBE7	1	sti
FCE7	1	cld
FDE7	1	std
FEE7	NONE	(bad)
FFE7	2	jmp    *%edi
00E8	2	add    %ch,%al
01E8	2	add    %ebp,%eax
02E8	2	add    %al,%ch
03E8	2	add    %eax,%ebp
04E8	2	add    $0xe8,%al
05E8	5	add    $0x909090e8,%eax
06E8	1	push   %es
07E8	1	pop    %es
08E8	2	or     %ch,%al
09E8	2	or     %ebp,%eax
0AE8	2	or     %al,%ch
0BE8	2	or     %eax,%ebp
0CE8	2	or     $0xe8,%al
0DE8	5	or     $0x909090e8,%eax
0EE8	1	push   %cs
0FE8	7	psubsb -0x6f6f6f70(%eax),%mm2
10E8	2	adc    %ch,%al
11E8	2	adc    %ebp,%eax
12E8	2	adc    %al,%ch
13E8	2	adc    %eax,%ebp
14E8	2	adc    $0xe8,%al
15E8	5	adc    $0x909090e8,%eax
16E8	1	push   %ss
17E8	1	pop    %ss
18E8	2	sbb    %ch,%al
19E8	2	sbb    %ebp,%eax
1AE8	2	sbb    %al,%ch
1BE8	2	sbb    %eax,%ebp
1CE8	2	sbb    $0xe8,%al
1DE8	5	sbb    $0x909090e8,%eax
1EE8	1	push   %ds
1FE8	1	pop    %ds
20E8	2	and    %ch,%al
21E8	2	and    %ebp,%eax
22E8	2	and    %al,%ch
23E8	2	and    %eax,%ebp
24E8	2	and    $0xe8,%al
25E8	5	and    $0x909090e8,%eax
26E8	6	es call 0x90909096
27E8	1	daa
28E8	2	sub    %ch,%al
29E8	2	sub    %ebp,%eax
2AE8	2	sub    %al,%ch
2BE8	2	sub    %eax,%ebp
2CE8	2	sub    $0xe8,%al
2DE8	5	sub    $0x909090e8,%eax
2EE8	6	cs call 0x90909096
2FE8	1	das
30E8	2	xor    %ch,%al
31E8	2	xor    %ebp,%eax
32E8	2	xor    %al,%ch
33E8	2	xor    %eax,%ebp
34E8	2	xor    $0xe8,%al
35E8	5	xor    $0x909090e8,%eax
36E8	6	ss call 0x90909096
37E8	1	aaa
38E8	2	cmp    %ch,%al
39E8	2	cmp    %ebp,%eax
3AE8	2	cmp    %al,%ch
3BE8	2	cmp    %eax,%ebp
3CE8	2	cmp    $0xe8,%al
3DE8	5	cmp    $0x909090e8,%eax
3EE8	6	ds call 0x90909096
3FE8	1	aas
40E8	1	inc    %eax
41E8	1	inc    %ecx
42E8	1	inc    %edx
43E8	1	inc    %ebx
44E8	1	inc    %esp
45E8	1	inc    %ebp
46E8	1	inc    %esi
47E8	1	inc    %edi
48E8	1	dec    %eax
49E8	1	dec    %ecx
4AE8	1	dec    %edx
4BE8	1	dec    %ebx
4CE8	1	dec    %esp
4DE8	1	dec    %ebp
4EE8	1	dec    %esi
4FE8	1	dec    %edi
50E8	1	push   %eax
51E8	1	push   %ecx
52E8	1	push   %edx
53E8	1	push   %ebx
54E8	1	push   %esp
55E8	1	push   %ebp
56E8	1	push   %esi
57E8	1	push   %edi
58E8	1	pop    %eax
59E8	1	pop    %ecx
5AE8	1	pop    %edx
5BE8	1	pop    %ebx
5CE8	1	pop    %esp
5DE8	1	pop    %ebp
5EE8	1	pop    %esi
5FE8	1	pop    %edi
60E8	1	pusha
61E8	1	popa
62E8	NONE	(bad)
63E8	2	arpl   %ebp,%eax
64E8	6	fs call 0x90909096
65E8	6	gs call 0x90909096
66E8	4	callw  0x9094
67E8	6	addr16 call 0x90909096
68E8	5	push   $0x909090e8
69E8	6	imul   $0x90909090,%eax,%ebp
6AE8	2	push   $0xffffffe8
6BE8	3	imul   $0xffffff90,%eax,%ebp
6CE8	1	insb   (%dx),%es:(%edi)
6DE8	1	insl   (%dx),%es:(%edi)
6EE8	1	outsb  %ds:(%esi),(%dx)
6FE8	1	outsl  %ds:(%esi),(%dx)
70E8	2	jo     0xffffffea
71E8	2	jno    0xffffffea
72E8	2	jb     0xffffffea
73E8	2	jae    0xffffffea
74E8	2	je     0xffffffea
75E8	2	jne    0xffffffea
76E8	2	jbe    0xffffffea
77E8	2	ja     0xffffffea
78E8	2	js     0xffffffea
79E8	2	jns    0xffffffea
7AE8	2	jp     0xffffffea
7BE8	2	jnp    0xffffffea
7CE8	2	jl     0xffffffea
7DE8	2	jge    0xffffffea
7EE8	2	jle    0xffffffea
7FE8	2	jg     0xffffffea
80E8	3	sub    $0x90,%al
81E8	6	sub    $0x90909090,%eax
82E8	3	sub    $0x90,%al
83E8	3	sub    $0xffffff90,%eax
84E8	2	test   %ch,%al
85E8	2	test   %ebp,%eax
86E8	2	xchg   %ch,%al
87E8	2	xchg   %ebp,%eax
88E8	2	mov    %ch,%al
89E8	2	mov    %ebp,%eax
8AE8	2	mov    %al,%ch
8BE8	2	mov    %eax,%ebp
8CE8	2	mov    %gs,%eax
8DE8	NONE	lea    (bad),%ebp
8EE8	2	mov    %eax,%gs
8FE8	NONE	(bad)
90E8	1	nop
91E8	1	xchg   %eax,%ecx
92E8	1	xchg   %eax,%edx
93E8	1	xchg   %eax,%ebx
94E8	1	xchg   %eax,%esp
95E8	1	xchg   %eax,%ebp
96E8	1	xchg   %eax,%esi
97E8	1	xchg   %eax,%edi
98E8	1	cwtl
99E8	1	cltd
9AE8	7	lcall  $0x9090,$0x909090e8
9BE8	1	fwait
9CE8	1	pushf
9DE8	1	popf
9EE8	1	sahf
9FE8	1	lahf
A0E8	5	mov    0x909090e8,%al
A1E8	5	mov    0x909090e8,%eax
A2E8	5	mov    %al,0x909090e8
A3E8	5	mov    %eax,0x909090e8
A4E8	1	movsb  %ds:(%esi),%es:(%edi)
A5E8	1	movsl  %ds:(%esi),%es:(%edi)
A6E8	1	cmpsb  %es:(%edi),%ds:(%esi)
A7E8	1	cmpsl  %es:(%edi),%ds:(%esi)
A8E8	2	test   $0xe8,%al
A9E8	5	test   $0x909090e8,%eax
AAE8	1	stos   %al,%es:(%edi)
ABE8	1	stos   %eax,%es:(%edi)
ACE8	1	lods   %ds:(%esi),%al
ADE8	1	lods   %ds:(%esi),%eax
AEE8	1	scas   %es:(%edi),%al
AFE8	1	scas   %es:(%edi),%eax
B0E8	2	mov    $0xe8,%al
B1E8	2	mov    $0xe8,%cl
B2E8	2	mov    $0xe8,%dl
B3E8	2	mov    $0xe8,%bl
B4E8	2	mov    $0xe8,%ah
B5E8	2	mov    $0xe8,%ch
B6E8	2	mov    $0xe8,%dh
B7E8	2	mov    $0xe8,%bh
B8E8	5	mov    $0x909090e8,%eax
B9E8	5	mov    $0x909090e8,%ecx
BAE8	5	mov    $0x909090e8,%edx
BBE8	5	mov    $0x909090e8,%ebx
BCE8	5	mov    $0x909090e8,%esp
BDE8	5	mov    $0x909090e8,%ebp
BEE8	5	mov    $0x909090e8,%esi
BFE8	5	mov    $0x909090e8,%edi
C0E8	3	shr    $0x90,%al
C1E8	3	shr    $0x90,%eax
C2E8	3	ret    $0x90e8
C3E8	1	ret
C4E8	NONE	(bad)
C5E8	NONE	(bad)
C6E8	NONE	(bad)
C7E8	NONE	(bad)
C8E8	4	enter  $0x90e8,$0x90
C9E8	1	leave
CAE8	3	lret   $0x90e8
CBE8	1	lret
CCE8	1	int3
CDE8	2	int    $0xe8
CEE8	1	into
CFE8	1	iret
D0E8	2	shr    $1,%al
D1E8	2	shr    $1,%eax
D2E8	2	shr    %cl,%al
D3E8	2	shr    %cl,%eax
D4E8	2	aam    $0xe8
D5E8	2	aad    $0xe8
D6E8	NONE	(bad)
D7E8	1	xlat   %ds:(%ebx)
D8E8	2	fsubr  %st(0),%st
D9E8	2	fld1
DAE8	NONE	(bad)
DBE8	2	fucomi %st(0),%st
DCE8	2	fsubr  %st,%st(0)
DDE8	2	fucomp %st(0)
DEE8	2	fsubrp %st,%st(0)
DFE8	2	fucomip %st(0),%st
E0E8	2	loopne 0xffffffea
E1E8	2	loope  0xffffffea
E2E8	2	loop   0xffffffea
E3E8	2	jecxz  0xffffffea
E4E8	2	in     $0xe8,%al
E5E8	2	in     $0xe8,%eax
E6E8	2	out    %al,$0xe8
E7E8	2	out    %eax,$0xe8
E8E8	5	call   0x909090ed
E9E8	5	jmp    0x909090ed
EAE8	7	ljmp   $0x9090,$0x909090e8
EBE8	2	jmp    0xffffffea
ECE8	1	in     (%dx),%al
EDE8	1	in     (%dx),%eax
EEE8	1	out    %al,(%dx)
EFE8	1	out    %eax,(%dx)
F0E8	6	lock call 0x90909096
F1E8	1	int1
F2E8	6	bnd call 0x90909096
F3E8	6	repz call 0x90909096
F4E8	1	hlt
F5E8	1	cmc
F6E8	2	imul   %al
F7E8	2	imul   %eax
F8E8	1	clc
F9E8	1	stc
FAE8	1	cli
FBE8	1	sti
FCE8	1	cld
FDE8	1	std
FEE8	NONE	(bad)
FFE8	NONE	ljmp   (bad)
00E9	2	add    %ch,%cl
01E9	2	add    %ebp,%ecx
02E9	2	add    %cl,%ch
03E9	2	add    %ecx,%ebp
04E9	2	add    $0xe9,%al
05E9	5	add    $0x909090e9,%eax
06E9	1	push   %es
07E9	1	pop    %es
08E9	2	or     %ch,%cl
09E9	2	or     %ebp,%ecx
0AE9	2	or     %cl,%ch
0BE9	2	or     %ecx,%ebp
0CE9	2	or     $0xe9,%al
0DE9	5	or     $0x909090e9,%eax
0EE9	1	push   %cs
0FE9	7	psubsw -0x6f6f6f70(%eax),%mm2
10E9	2	adc    %ch,%cl
11E9	2	adc    %ebp,%ecx
12E9	2	adc    %cl,%ch
13E9	2	adc    %ecx,%ebp
14E9	2	adc    $0xe9,%al
15E9	5	adc    $0x909090e9,%eax
16E9	1	push   %ss
17E9	1	pop    %ss
18E9	2	sbb    %ch,%cl
19E9	2	sbb    %ebp,%ecx
1AE9	2	sbb    %cl,%ch
1BE9	2	sbb    %ecx,%ebp
1CE9	2	sbb    $0xe9,%al
1DE9	5	sbb    $0x909090e9,%eax
1EE9	1	push   %ds
1FE9	1	pop    %ds
20E9	2	and    %ch,%cl
21E9	2	and    %ebp,%ecx
22E9	2	and    %cl,%ch
23E9	2	and    %ecx,%ebp
24E9	2	and    $0xe9,%al
25E9	5	and    $0x909090e9,%eax
26E9	6	es jmp 0x90909096
27E9	1	daa
28E9	2	sub    %ch,%cl
29E9	2	sub    %ebp,%ecx
2AE9	2	sub    %cl,%ch
2BE9	2	sub    %ecx,%ebp
2CE9	2	sub    $0xe9,%al
2DE9	5	sub    $0x909090e9,%eax
2EE9	6	cs jmp 0x90909096
2FE9	1	das
30E9	2	xor    %ch,%cl
31E9	2	xor    %ebp,%ecx
32E9	2	xor    %cl,%ch
33E9	2	xor    %ecx,%ebp
34E9	2	xor    $0xe9,%al
35E9	5	xor    $0x909090e9,%eax
36E9	6	ss jmp 0x90909096
37E9	1	aaa
38E9	2	cmp    %ch,%cl
39E9	2	cmp    %ebp,%ecx
3AE9	2	cmp    %cl,%ch
3BE9	2	cmp    %ecx,%ebp
3CE9	2	cmp    $0xe9,%al
3DE9	5	cmp    $0x909090e9,%eax
3EE9	6	ds jmp 0x90909096
3FE9	1	aas
40E9	1	inc    %eax
41E9	1	inc    %ecx
42E9	1	inc    %edx
43E9	1	inc    %ebx
44E9	1	inc    %esp
45E9	1	inc    %ebp
46E9	1	inc    %esi
47E9	1	inc    %edi
48E9	1	dec    %eax
49E9	1	dec    %ecx
4AE9	1	dec    %edx
4BE9	1	dec    %ebx
4CE9	1	dec    %esp
4DE9	1	dec    %ebp
4EE9	1	dec    %esi
4FE9	1	dec    %edi
50E9	1	push   %eax
51E9	1	push   %ecx
52E9	1	push   %edx
53E9	1	push   %ebx
54E9	1	push   %esp
55E9	1	push   %ebp
56E9	1	push   %esi
57E9	1	push   %edi
58E9	1	pop    %eax
59E9	1	pop    %ecx
5AE9	1	pop    %edx
5BE9	1	pop    %ebx
5CE9	1	pop    %esp
5DE9	1	pop    %ebp
5EE9	1	pop    %esi
5FE9	1	pop    %edi
60E9	1	pusha
61E9	1	popa
62E9	NONE	(bad)  {rn-bad},{bad}
63E9	2	arpl   %ebp,%ecx
64E9	6	fs jmp 0x90909096
65E9	6	gs jmp 0x90909096
66E9	4	jmpw   0x9094
67E9	6	addr16 jmp 0x90909096
68E9	5	push   $0x909090e9
69E9	6	imul   $0x90909090,%ecx,%ebp
6AE9	2	push   $0xffffffe9
6BE9	3	imul   $0xffffff90,%ecx,%ebp
6CE9	1	insb   (%dx),%es:(%edi)
6DE9	1	insl   (%dx),%es:(%edi)
6EE9	1	outsb  %ds:(%esi),(%dx)
6FE9	1	outsl  %ds:(%esi),(%dx)
70E9	2	jo     0xffffffeb
71E9	2	jno    0xffffffeb
72E9	2	jb     0xffffffeb
73E9	2	jae    0xffffffeb
74E9	2	je     0xffffffeb
75E9	2	jne    0xffffffeb
76E9	2	jbe    0xffffffeb
77E9	2	ja     0xffffffeb
78E9	2	js     0xffffffeb
79E9	2	jns    0xffffffeb
7AE9	2	jp     0xffffffeb
7BE9	2	jnp    0xffffffeb
7CE9	2	jl     0xffffffeb
7DE9	2	jge    0xffffffeb
7EE9	2	jle    0xffffffeb
7FE9	2	jg     0xffffffeb
80E9	3	sub    $0x90,%cl
81E9	6	sub    $0x90909090,%ecx
82E9	3	sub    $0x90,%cl
83E9	3	sub    $0xffffff90,%ecx
84E9	2	test   %ch,%cl
85E9	2	test   %ebp,%ecx
86E9	2	xchg   %ch,%cl
87E9	2	xchg   %ebp,%ecx
88E9	2	mov    %ch,%cl
89E9	2	mov    %ebp,%ecx
8AE9	2	mov    %cl,%ch
8BE9	2	mov    %ecx,%ebp
8CE9	2	mov    %gs,%ecx
8DE9	NONE	lea    (bad),%ebp
8EE9	2	mov    %ecx,%gs
8FE9	9	vprotb -0x6f6f6f70(%eax),%xmm5,%xmm2
90E9	1	nop
91E9	1	xchg   %eax,%ecx
92E9	1	xchg   %eax,%edx
93E9	1	xchg   %eax,%ebx
94E9	1	xchg   %eax,%esp
95E9	1	xchg   %eax,%ebp
96E9	1	xchg   %eax,%esi
97E9	1	xchg   %eax,%edi
98E9	1	cwtl
99E9	1	cltd
9AE9	7	lcall  $0x9090,$0x909090e9
9BE9	1	fwait
9CE9	1	pushf
9DE9	1	popf
9EE9	1	sahf
9FE9	1	lahf
A0E9	5	mov    0x909090e9,%al
A1E9	5	mov    0x909090e9,%eax
A2E9	5	mov    %al,0x909090e9
A3E9	5	mov    %eax,0x909090e9
A4E9	1	movsb  %ds:(%esi),%es:(%edi)
A5E9	1	movsl  %ds:(%esi),%es:(%edi)
A6E9	1	cmpsb  %es:(%edi),%ds:(%esi)
A7E9	1	cmpsl  %es:(%edi),%ds:(%esi)
A8E9	2	test   $0xe9,%al
A9E9	5	test   $0x909090e9,%eax
AAE9	1	stos   %al,%es:(%edi)
ABE9	1	stos   %eax,%es:(%edi)
ACE9	1	lods   %ds:(%esi),%al
ADE9	1	lods   %ds:(%esi),%eax
AEE9	1	scas   %es:(%edi),%al
AFE9	1	scas   %es:(%edi),%eax
B0E9	2	mov    $0xe9,%al
B1E9	2	mov    $0xe9,%cl
B2E9	2	mov    $0xe9,%dl
B3E9	2	mov    $0xe9,%bl
B4E9	2	mov    $0xe9,%ah
B5E9	2	mov    $0xe9,%ch
B6E9	2	mov    $0xe9,%dh
B7E9	2	mov    $0xe9,%bh
B8E9	5	mov    $0x909090e9,%eax
B9E9	5	mov    $0x909090e9,%ecx
BAE9	5	mov    $0x909090e9,%edx
BBE9	5	mov    $0x909090e9,%ebx
BCE9	5	mov    $0x909090e9,%esp
BDE9	5	mov    $0x909090e9,%ebp
BEE9	5	mov    $0x909090e9,%esi
BFE9	5	mov    $0x909090e9,%edi
C0E9	3	shr    $0x90,%cl
C1E9	3	shr    $0x90,%ecx
C2E9	3	ret    $0x90e9
C3E9	1	ret
C4E9	NONE	(bad)
C5E9	NONE	(bad)
C6E9	NONE	(bad)
C7E9	NONE	(bad)
C8E9	4	enter  $0x90e9,$0x90
C9E9	1	leave
CAE9	3	lret   $0x90e9
CBE9	1	lret
CCE9	1	int3
CDE9	2	int    $0xe9
CEE9	1	into
CFE9	1	iret
D0E9	2	shr    $1,%cl
D1E9	2	shr    $1,%ecx
D2E9	2	shr    %cl,%cl
D3E9	2	shr    %cl,%ecx
D4E9	2	aam    $0xe9
D5E9	2	aad    $0xe9
D6E9	NONE	(bad)
D7E9	1	xlat   %ds:(%ebx)
D8E9	2	fsubr  %st(1),%st
D9E9	2	fldl2t
DAE9	2	fucompp
DBE9	2	fucomi %st(1),%st
DCE9	2	fsubr  %st,%st(1)
DDE9	2	fucomp %st(1)
DEE9	2	fsubrp %st,%st(1)
DFE9	2	fucomip %st(1),%st
E0E9	2	loopne 0xffffffeb
E1E9	2	loope  0xffffffeb
E2E9	2	loop   0xffffffeb
E3E9	2	jecxz  0xffffffeb
E4E9	2	in     $0xe9,%al
E5E9	2	in     $0xe9,%eax
E6E9	2	out    %al,$0xe9
E7E9	2	out    %eax,$0xe9
E8E9	5	call   0x909090ee
E9E9	5	jmp    0x909090ee
EAE9	7	ljmp   $0x9090,$0x909090e9
EBE9	2	jmp    0xffffffeb
ECE9	1	in     (%dx),%al
EDE9	1	in     (%dx),%eax
EEE9	1	out    %al,(%dx)
EFE9	1	out    %eax,(%dx)
F0E9	6	lock jmp 0x90909096
F1E9	1	int1
F2E9	6	bnd jmp 0x90909096
F3E9	6	repz jmp 0x90909096
F4E9	1	hlt
F5E9	1	cmc
F6E9	2	imul   %cl
F7E9	2	imul   %ecx
F8E9	1	clc
F9E9	1	stc
FAE9	1	cli
FBE9	1	sti
FCE9	1	cld
FDE9	1	std
FEE9	NONE	(bad)
FFE9	NONE	ljmp   (bad)
00EA	2	add    %ch,%dl
01EA	2	add    %ebp,%edx
02EA	2	add    %dl,%ch
03EA	2	add    %edx,%ebp
04EA	2	add    $0xea,%al
05EA	5	add    $0x909090ea,%eax
06EA	1	push   %es
07EA	1	pop    %es
08EA	2	or     %ch,%dl
09EA	2	or     %ebp,%edx
0AEA	2	or     %dl,%ch
0BEA	2	or     %edx,%ebp
0CEA	2	or     $0xea,%al
0DEA	5	or     $0x909090ea,%eax
0EEA	1	push   %cs
0FEA	7	pminsw -0x6f6f6f70(%eax),%mm2
10EA	2	adc    %ch,%dl
11EA	2	adc    %ebp,%edx
12EA	2	adc    %dl,%ch
13EA	2	adc    %edx,%ebp
14EA	2	adc    $0xea,%al
15EA	5	adc    $0x909090ea,%eax
16EA	1	push   %ss
17EA	1	pop    %ss
18EA	2	sbb    %ch,%dl
19EA	2	sbb    %ebp,%edx
1AEA	2	sbb    %dl,%ch
1BEA	2	sbb    %edx,%ebp
1CEA	2	sbb    $0xea,%al
1DEA	5	sbb    $0x909090ea,%eax
1EEA	1	push   %ds
1FEA	1	pop    %ds
20EA	2	and    %ch,%dl
21EA	2	and    %ebp,%edx
22EA	2	and    %dl,%ch
23EA	2	and    %edx,%ebp
24EA	2	and    $0xea,%al
25EA	5	and    $0x909090ea,%eax
26EA	8	es ljmp $0x9090,$0x90909090
27EA	1	daa
28EA	2	sub    %ch,%dl
29EA	2	sub    %ebp,%edx
2AEA	2	sub    %dl,%ch
2BEA	2	sub    %edx,%ebp
2CEA	2	sub    $0xea,%al
2DEA	5	sub    $0x909090ea,%eax
2EEA	8	cs ljmp $0x9090,$0x90909090
2FEA	1	das
30EA	2	xor    %ch,%dl
31EA	2	xor    %ebp,%edx
32EA	2	xor    %dl,%ch
33EA	2	xor    %edx,%ebp
34EA	2	xor    $0xea,%al
35EA	5	xor    $0x909090ea,%eax
36EA	8	ss ljmp $0x9090,$0x90909090
37EA	1	aaa
38EA	2	cmp    %ch,%dl
39EA	2	cmp    %ebp,%edx
3AEA	2	cmp    %dl,%ch
3BEA	2	cmp    %edx,%ebp
3CEA	2	cmp    $0xea,%al
3DEA	5	cmp    $0x909090ea,%eax
3EEA	8	ds ljmp $0x9090,$0x90909090
3FEA	1	aas
40EA	1	inc    %eax
41EA	1	inc    %ecx
42EA	1	inc    %edx
43EA	1	inc    %ebx
44EA	1	inc    %esp
45EA	1	inc    %ebp
46EA	1	inc    %esi
47EA	1	inc    %edi
48EA	1	dec    %eax
49EA	1	dec    %ecx
4AEA	1	dec    %edx
4BEA	1	dec    %ebx
4CEA	1	dec    %esp
4DEA	1	dec    %ebp
4EEA	1	dec    %esi
4FEA	1	dec    %edi
50EA	1	push   %eax
51EA	1	push   %ecx
52EA	1	push   %edx
53EA	1	push   %ebx
54EA	1	push   %esp
55EA	1	push   %ebp
56EA	1	push   %esi
57EA	1	push   %edi
58EA	1	pop    %eax
59EA	1	pop    %ecx
5AEA	1	pop    %edx
5BEA	1	pop    %ebx
5CEA	1	pop    %esp
5DEA	1	pop    %ebp
5EEA	1	pop    %esi
5FEA	1	pop    %edi
60EA	1	pusha
61EA	1	popa
62EA	NONE	(bad)  {rn-bad},{bad}
63EA	2	arpl   %ebp,%edx
64EA	8	fs ljmp $0x9090,$0x90909090
65EA	8	gs ljmp $0x9090,$0x90909090
66EA	6	ljmpw  $0x9090,$0x9090
67EA	8	addr16 ljmp $0x9090,$0x90909090
68EA	5	push   $0x909090ea
69EA	6	imul   $0x90909090,%edx,%ebp
6AEA	2	push   $0xffffffea
6BEA	3	imul   $0xffffff90,%edx,%ebp
6CEA	1	insb   (%dx),%es:(%edi)
6DEA	1	insl   (%dx),%es:(%edi)
6EEA	1	outsb  %ds:(%esi),(%dx)
6FEA	1	outsl  %ds:(%esi),(%dx)
70EA	2	jo     0xffffffec
71EA	2	jno    0xffffffec
72EA	2	jb     0xffffffec
73EA	2	jae    0xffffffec
74EA	2	je     0xffffffec
75EA	2	jne    0xffffffec
76EA	2	jbe    0xffffffec
77EA	2	ja     0xffffffec
78EA	2	js     0xffffffec
79EA	2	jns    0xffffffec
7AEA	2	jp     0xffffffec
7BEA	2	jnp    0xffffffec
7CEA	2	jl     0xffffffec
7DEA	2	jge    0xffffffec
7EEA	2	jle    0xffffffec
7FEA	2	jg     0xffffffec
80EA	3	sub    $0x90,%dl
81EA	6	sub    $0x90909090,%edx
82EA	3	sub    $0x90,%dl
83EA	3	sub    $0xffffff90,%edx
84EA	2	test   %ch,%dl
85EA	2	test   %ebp,%edx
86EA	2	xchg   %ch,%dl
87EA	2	xchg   %ebp,%edx
88EA	2	mov    %ch,%dl
89EA	2	mov    %ebp,%edx
8AEA	2	mov    %dl,%ch
8BEA	2	mov    %edx,%ebp
8CEA	2	mov    %gs,%edx
8DEA	NONE	lea    (bad),%ebp
8EEA	2	mov    %edx,%gs
8FEA	NONE	(bad)
90EA	1	nop
91EA	1	xchg   %eax,%ecx
92EA	1	xchg   %eax,%edx
93EA	1	xchg   %eax,%ebx
94EA	1	xchg   %eax,%esp
95EA	1	xchg   %eax,%ebp
96EA	1	xchg   %eax,%esi
97EA	1	xchg   %eax,%edi
98EA	1	cwtl
99EA	1	cltd
9AEA	7	lcall  $0x9090,$0x909090ea
9BEA	1	fwait
9CEA	1	pushf
9DEA	1	popf
9EEA	1	sahf
9FEA	1	lahf
A0EA	5	mov    0x909090ea,%al
A1EA	5	mov    0x909090ea,%eax
A2EA	5	mov    %al,0x909090ea
A3EA	5	mov    %eax,0x909090ea
A4EA	1	movsb  %ds:(%esi),%es:(%edi)
A5EA	1	movsl  %ds:(%esi),%es:(%edi)
A6EA	1	cmpsb  %es:(%edi),%ds:(%esi)
A7EA	1	cmpsl  %es:(%edi),%ds:(%esi)
A8EA	2	test   $0xea,%al
A9EA	5	test   $0x909090ea,%eax
AAEA	1	stos   %al,%es:(%edi)
ABEA	1	stos   %eax,%es:(%edi)
ACEA	1	lods   %ds:(%esi),%al
ADEA	1	lods   %ds:(%esi),%eax
AEEA	1	scas   %es:(%edi),%al
AFEA	1	scas   %es:(%edi),%eax
B0EA	2	mov    $0xea,%al
B1EA	2	mov    $0xea,%cl
B2EA	2	mov    $0xea,%dl
B3EA	2	mov    $0xea,%bl
B4EA	2	mov    $0xea,%ah
B5EA	2	mov    $0xea,%ch
B6EA	2	mov    $0xea,%dh
B7EA	2	mov    $0xea,%bh
B8EA	5	mov    $0x909090ea,%eax
B9EA	5	mov    $0x909090ea,%ecx
BAEA	5	mov    $0x909090ea,%edx
BBEA	5	mov    $0x909090ea,%ebx
BCEA	5	mov    $0x909090ea,%esp
BDEA	5	mov    $0x909090ea,%ebp
BEEA	5	mov    $0x909090ea,%esi
BFEA	5	mov    $0x909090ea,%edi
C0EA	3	shr    $0x90,%dl
C1EA	3	shr    $0x90,%edx
C2EA	3	ret    $0x90ea
C3EA	1	ret
C4EA	NONE	(bad)
C5EA	NONE	(bad)
C6EA	NONE	(bad)
C7EA	NONE	(bad)
C8EA	4	enter  $0x90ea,$0x90
C9EA	1	leave
CAEA	3	lret   $0x90ea
CBEA	1	lret
CCEA	1	int3
CDEA	2	int    $0xea
CEEA	1	into
CFEA	1	iret
D0EA	2	shr    $1,%dl
D1EA	2	shr    $1,%edx
D2EA	2	shr    %cl,%dl
D3EA	2	shr    %cl,%edx
D4EA	2	aam    $0xea
D5EA	2	aad    $0xea
D6EA	NONE	(bad)
D7EA	1	xlat   %ds:(%ebx)
D8EA	2	fsubr  %st(2),%st
D9EA	2	fldl2e
DAEA	NONE	(bad)
DBEA	2	fucomi %st(2),%st
DCEA	2	fsubr  %st,%st(2)
DDEA	2	fucomp %st(2)
DEEA	2	fsubrp %st,%st(2)
DFEA	2	fucomip %st(2),%st
E0EA	2	loopne 0xffffffec
E1EA	2	loope  0xffffffec
E2EA	2	loop   0xffffffec
E3EA	2	jecxz  0xffffffec
E4EA	2	in     $0xea,%al
E5EA	2	in     $0xea,%eax
E6EA	2	out    %al,$0xea
E7EA	2	out    %eax,$0xea
E8EA	5	call   0x909090ef
E9EA	5	jmp    0x909090ef
EAEA	7	ljmp   $0x9090,$0x909090ea
EBEA	2	jmp    0xffffffec
ECEA	1	in     (%dx),%al
EDEA	1	in     (%dx),%eax
EEEA	1	out    %al,(%dx)
EFEA	1	out    %eax,(%dx)
F0EA	8	lock ljmp $0x9090,$0x90909090
F1EA	1	int1
F2EA	8	repnz ljmp $0x9090,$0x90909090
F3EA	8	repz ljmp $0x9090,$0x90909090
F4EA	1	hlt
F5EA	1	cmc
F6EA	2	imul   %dl
F7EA	2	imul   %edx
F8EA	1	clc
F9EA	1	stc
FAEA	1	cli
FBEA	1	sti
FCEA	1	cld
FDEA	1	std
FEEA	NONE	(bad)
FFEA	NONE	ljmp   (bad)
00EB	2	add    %ch,%bl
01EB	2	add    %ebp,%ebx
02EB	2	add    %bl,%ch
03EB	2	add    %ebx,%ebp
04EB	2	add    $0xeb,%al
05EB	5	add    $0x909090eb,%eax
06EB	1	push   %es
07EB	1	pop    %es
08EB	2	or     %ch,%bl
09EB	2	or     %ebp,%ebx
0AEB	2	or     %bl,%ch
0BEB	2	or     %ebx,%ebp
0CEB	2	or     $0xeb,%al
0DEB	5	or     $0x909090eb,%eax
0EEB	1	push   %cs
0FEB	7	por    -0x6f6f6f70(%eax),%mm2
10EB	2	adc    %ch,%bl
11EB	2	adc    %ebp,%ebx
12EB	2	adc    %bl,%ch
13EB	2	adc    %ebx,%ebp
14EB	2	adc    $0xeb,%al
15EB	5	adc    $0x909090eb,%eax
16EB	1	push   %ss
17EB	1	pop    %ss
18EB	2	sbb    %ch,%bl
19EB	2	sbb    %ebp,%ebx
1AEB	2	sbb    %bl,%ch
1BEB	2	sbb    %ebx,%ebp
1CEB	2	sbb    $0xeb,%al
1DEB	5	sbb    $0x909090eb,%eax
1EEB	1	push   %ds
1FEB	1	pop    %ds
20EB	2	and    %ch,%bl
21EB	2	and    %ebp,%ebx
22EB	2	and    %bl,%ch
23EB	2	and    %ebx,%ebp
24EB	2	and    $0xeb,%al
25EB	5	and    $0x909090eb,%eax
26EB	3	es jmp 0xffffff93
27EB	1	daa
28EB	2	sub    %ch,%bl
29EB	2	sub    %ebp,%ebx
2AEB	2	sub    %bl,%ch
2BEB	2	sub    %ebx,%ebp
2CEB	2	sub    $0xeb,%al
2DEB	5	sub    $0x909090eb,%eax
2EEB	3	cs jmp 0xffffff93
2FEB	1	das
30EB	2	xor    %ch,%bl
31EB	2	xor    %ebp,%ebx
32EB	2	xor    %bl,%ch
33EB	2	xor    %ebx,%ebp
34EB	2	xor    $0xeb,%al
35EB	5	xor    $0x909090eb,%eax
36EB	3	ss jmp 0xffffff93
37EB	1	aaa
38EB	2	cmp    %ch,%bl
39EB	2	cmp    %ebp,%ebx
3AEB	2	cmp    %bl,%ch
3BEB	2	cmp    %ebx,%ebp
3CEB	2	cmp    $0xeb,%al
3DEB	5	cmp    $0x909090eb,%eax
3EEB	3	ds jmp 0xffffff93
3FEB	1	aas
40EB	1	inc    %eax
41EB	1	inc    %ecx
42EB	1	inc    %edx
43EB	1	inc    %ebx
44EB	1	inc    %esp
45EB	1	inc    %ebp
46EB	1	inc    %esi
47EB	1	inc    %edi
48EB	1	dec    %eax
49EB	1	dec    %ecx
4AEB	1	dec    %edx
4BEB	1	dec    %ebx
4CEB	1	dec    %esp
4DEB	1	dec    %ebp
4EEB	1	dec    %esi
4FEB	1	dec    %edi
50EB	1	push   %eax
51EB	1	push   %ecx
52EB	1	push   %edx
53EB	1	push   %ebx
54EB	1	push   %esp
55EB	1	push   %ebp
56EB	1	push   %esi
57EB	1	push   %edi
58EB	1	pop    %eax
59EB	1	pop    %ecx
5AEB	1	pop    %edx
5BEB	1	pop    %ebx
5CEB	1	pop    %esp
5DEB	1	pop    %ebp
5EEB	1	pop    %esi
5FEB	1	pop    %edi
60EB	1	pusha
61EB	1	popa
62EB	NONE	(bad)  {rn-bad},{bad}
63EB	2	arpl   %ebp,%ebx
64EB	3	fs jmp 0xffffff93
65EB	3	gs jmp 0xffffff93
66EB	3	data16 jmp 0xffffff93
67EB	3	addr16 jmp 0xffffff93
68EB	5	push   $0x909090eb
69EB	6	imul   $0x90909090,%ebx,%ebp
6AEB	2	push   $0xffffffeb
6BEB	3	imul   $0xffffff90,%ebx,%ebp
6CEB	1	insb   (%dx),%es:(%edi)
6DEB	1	insl   (%dx),%es:(%edi)
6EEB	1	outsb  %ds:(%esi),(%dx)
6FEB	1	outsl  %ds:(%esi),(%dx)
70EB	2	jo     0xffffffed
71EB	2	jno    0xffffffed
72EB	2	jb     0xffffffed
73EB	2	jae    0xffffffed
74EB	2	je     0xffffffed
75EB	2	jne    0xffffffed
76EB	2	jbe    0xffffffed
77EB	2	ja     0xffffffed
78EB	2	js     0xffffffed
79EB	2	jns    0xffffffed
7AEB	2	jp     0xffffffed
7BEB	2	jnp    0xffffffed
7CEB	2	jl     0xffffffed
7DEB	2	jge    0xffffffed
7EEB	2	jle    0xffffffed
7FEB	2	jg     0xffffffed
80EB	3	sub    $0x90,%bl
81EB	6	sub    $0x90909090,%ebx
82EB	3	sub    $0x90,%bl
83EB	3	sub    $0xffffff90,%ebx
84EB	2	test   %ch,%bl
85EB	2	test   %ebp,%ebx
86EB	2	xchg   %ch,%bl
87EB	2	xchg   %ebp,%ebx
88EB	2	mov    %ch,%bl
89EB	2	mov    %ebp,%ebx
8AEB	2	mov    %bl,%ch
8BEB	2	mov    %ebx,%ebp
8CEB	2	mov    %gs,%ebx
8DEB	NONE	lea    (bad),%ebp
8EEB	2	mov    %ebx,%gs
8FEB	NONE	(bad)
90EB	1	nop
91EB	1	xchg   %eax,%ecx
92EB	1	xchg   %eax,%edx
93EB	1	xchg   %eax,%ebx
94EB	1	xchg   %eax,%esp
95EB	1	xchg   %eax,%ebp
96EB	1	xchg   %eax,%esi
97EB	1	xchg   %eax,%edi
98EB	1	cwtl
99EB	1	cltd
9AEB	7	lcall  $0x9090,$0x909090eb
9BEB	1	fwait
9CEB	1	pushf
9DEB	1	popf
9EEB	1	sahf
9FEB	1	lahf
A0EB	5	mov    0x909090eb,%al
A1EB	5	mov    0x909090eb,%eax
A2EB	5	mov    %al,0x909090eb
A3EB	5	mov    %eax,0x909090eb
A4EB	1	movsb  %ds:(%esi),%es:(%edi)
A5EB	1	movsl  %ds:(%esi),%es:(%edi)
A6EB	1	cmpsb  %es:(%edi),%ds:(%esi)
A7EB	1	cmpsl  %es:(%edi),%ds:(%esi)
A8EB	2	test   $0xeb,%al
A9EB	5	test   $0x909090eb,%eax
AAEB	1	stos   %al,%es:(%edi)
ABEB	1	stos   %eax,%es:(%edi)
ACEB	1	lods   %ds:(%esi),%al
ADEB	1	lods   %ds:(%esi),%eax
AEEB	1	scas   %es:(%edi),%al
AFEB	1	scas   %es:(%edi),%eax
B0EB	2	mov    $0xeb,%al
B1EB	2	mov    $0xeb,%cl
B2EB	2	mov    $0xeb,%dl
B3EB	2	mov    $0xeb,%bl
B4EB	2	mov    $0xeb,%ah
B5EB	2	mov    $0xeb,%ch
B6EB	2	mov    $0xeb,%dh
B7EB	2	mov    $0xeb,%bh
B8EB	5	mov    $0x909090eb,%eax
B9EB	5	mov    $0x909090eb,%ecx
BAEB	5	mov    $0x909090eb,%edx
BBEB	5	mov    $0x909090eb,%ebx
BCEB	5	mov    $0x909090eb,%esp
BDEB	5	mov    $0x909090eb,%ebp
BEEB	5	mov    $0x909090eb,%esi
BFEB	5	mov    $0x909090eb,%edi
C0EB	3	shr    $0x90,%bl
C1EB	3	shr    $0x90,%ebx
C2EB	3	ret    $0x90eb
C3EB	1	ret
C4EB	NONE	(bad)
C5EB	NONE	(bad)
C6EB	NONE	(bad)
C7EB	NONE	(bad)
C8EB	4	enter  $0x90eb,$0x90
C9EB	1	leave
CAEB	3	lret   $0x90eb
CBEB	1	lret
CCEB	1	int3
CDEB	2	int    $0xeb
CEEB	1	into
CFEB	1	iret
D0EB	2	shr    $1,%bl
D1EB	2	shr    $1,%ebx
D2EB	2	shr    %cl,%bl
D3EB	2	shr    %cl,%ebx
D4EB	2	aam    $0xeb
D5EB	2	aad    $0xeb
D6EB	NONE	(bad)
D7EB	1	xlat   %ds:(%ebx)
D8EB	2	fsubr  %st(3),%st
D9EB	2	fldpi
DAEB	NONE	(bad)
DBEB	2	fucomi %st(3),%st
DCEB	2	fsubr  %st,%st(3)
DDEB	2	fucomp %st(3)
DEEB	2	fsubrp %st,%st(3)
DFEB	2	fucomip %st(3),%st
E0EB	2	loopne 0xffffffed
E1EB	2	loope  0xffffffed
E2EB	2	loop   0xffffffed
E3EB	2	jecxz  0xffffffed
E4EB	2	in     $0xeb,%al
E5EB	2	in     $0xeb,%eax
E6EB	2	out    %al,$0xeb
E7EB	2	out    %eax,$0xeb
E8EB	5	call   0x909090f0
E9EB	5	jmp    0x909090f0
EAEB	7	ljmp   $0x9090,$0x909090eb
EBEB	2	jmp    0xffffffed
ECEB	1	in     (%dx),%al
EDEB	1	in     (%dx),%eax
EEEB	1	out    %al,(%dx)
EFEB	1	out    %eax,(%dx)
F0EB	3	lock jmp 0xffffff93
F1EB	1	int1
F2EB	3	bnd jmp 0xffffff93
F3EB	3	repz jmp 0xffffff93
F4EB	1	hlt
F5EB	1	cmc
F6EB	2	imul   %bl
F7EB	2	imul   %ebx
F8EB	1	clc
F9EB	1	stc
FAEB	1	cli
FBEB	1	sti
FCEB	1	cld
FDEB	1	std
FEEB	NONE	(bad)
FFEB	NONE	ljmp   (bad)
00EC	2	add    %ch,%ah
01EC	2	add    %ebp,%esp
02EC	2	add    %ah,%ch
03EC	2	add    %esp,%ebp
04EC	2	add    $0xec,%al
05EC	5	add    $0x909090ec,%eax
06EC	1	push   %es
07EC	1	pop    %es
08EC	2	or     %ch,%ah
09EC	2	or     %ebp,%esp
0AEC	2	or     %ah,%ch
0BEC	2	or     %esp,%ebp
0CEC	2	or     $0xec,%al
0DEC	5	or     $0x909090ec,%eax
0EEC	1	push   %cs
0FEC	7	paddsb -0x6f6f6f70(%eax),%mm2
10EC	2	adc    %ch,%ah
11EC	2	adc    %ebp,%esp
12EC	2	adc    %ah,%ch
13EC	2	adc    %esp,%ebp
14EC	2	adc    $0xec,%al
15EC	5	adc    $0x909090ec,%eax
16EC	1	push   %ss
17EC	1	pop    %ss
18EC	2	sbb    %ch,%ah
19EC	2	sbb    %ebp,%esp
1AEC	2	sbb    %ah,%ch
1BEC	2	sbb    %esp,%ebp
1CEC	2	sbb    $0xec,%al
1DEC	5	sbb    $0x909090ec,%eax
1EEC	1	push   %ds
1FEC	1	pop    %ds
20EC	2	and    %ch,%ah
21EC	2	and    %ebp,%esp
22EC	2	and    %ah,%ch
23EC	2	and    %esp,%ebp
24EC	2	and    $0xec,%al
25EC	5	and    $0x909090ec,%eax
26EC	2	es in  (%dx),%al
27EC	1	daa
28EC	2	sub    %ch,%ah
29EC	2	sub    %ebp,%esp
2AEC	2	sub    %ah,%ch
2BEC	2	sub    %esp,%ebp
2CEC	2	sub    $0xec,%al
2DEC	5	sub    $0x909090ec,%eax
2EEC	2	cs in  (%dx),%al
2FEC	1	das
30EC	2	xor    %ch,%ah
31EC	2	xor    %ebp,%esp
32EC	2	xor    %ah,%ch
33EC	2	xor    %esp,%ebp
34EC	2	xor    $0xec,%al
35EC	5	xor    $0x909090ec,%eax
36EC	2	ss in  (%dx),%al
37EC	1	aaa
38EC	2	cmp    %ch,%ah
39EC	2	cmp    %ebp,%esp
3AEC	2	cmp    %ah,%ch
3BEC	2	cmp    %esp,%ebp
3CEC	2	cmp    $0xec,%al
3DEC	5	cmp    $0x909090ec,%eax
3EEC	2	ds in  (%dx),%al
3FEC	1	aas
40EC	1	inc    %eax
41EC	1	inc    %ecx
42EC	1	inc    %edx
43EC	1	inc    %ebx
44EC	1	inc    %esp
45EC	1	inc    %ebp
46EC	1	inc    %esi
47EC	1	inc    %edi
48EC	1	dec    %eax
49EC	1	dec    %ecx
4AEC	1	dec    %edx
4BEC	1	dec    %ebx
4CEC	1	dec    %esp
4DEC	1	dec    %ebp
4EEC	1	dec    %esi
4FEC	1	dec    %edi
50EC	1	push   %eax
51EC	1	push   %ecx
52EC	1	push   %edx
53EC	1	push   %ebx
54EC	1	push   %esp
55EC	1	push   %ebp
56EC	1	push   %esi
57EC	1	push   %edi
58EC	1	pop    %eax
59EC	1	pop    %ecx
5AEC	1	pop    %edx
5BEC	1	pop    %ebx
5CEC	1	pop    %esp
5DEC	1	pop    %ebp
5EEC	1	pop    %esi
5FEC	1	pop    %edi
60EC	1	pusha
61EC	1	popa
62EC	NONE	(bad)
63EC	2	arpl   %ebp,%esp
64EC	2	fs in  (%dx),%al
65EC	2	gs in  (%dx),%al
66EC	2	data16 in (%dx),%al
67EC	2	addr16 in (%dx),%al
68EC	5	push   $0x909090ec
69EC	6	imul   $0x90909090,%esp,%ebp
6AEC	2	push   $0xffffffec
6BEC	3	imul   $0xffffff90,%esp,%ebp
6CEC	1	insb   (%dx),%es:(%edi)
6DEC	1	insl   (%dx),%es:(%edi)
6EEC	1	outsb  %ds:(%esi),(%dx)
6FEC	1	outsl  %ds:(%esi),(%dx)
70EC	2	jo     0xffffffee
71EC	2	jno    0xffffffee
72EC	2	jb     0xffffffee
73EC	2	jae    0xffffffee
74EC	2	je     0xffffffee
75EC	2	jne    0xffffffee
76EC	2	jbe    0xffffffee
77EC	2	ja     0xffffffee
78EC	2	js     0xffffffee
79EC	2	jns    0xffffffee
7AEC	2	jp     0xffffffee
7BEC	2	jnp    0xffffffee
7CEC	2	jl     0xffffffee
7DEC	2	jge    0xffffffee
7EEC	2	jle    0xffffffee
7FEC	2	jg     0xffffffee
80EC	3	sub    $0x90,%ah
81EC	6	sub    $0x90909090,%esp
82EC	3	sub    $0x90,%ah
83EC	3	sub    $0xffffff90,%esp
84EC	2	test   %ch,%ah
85EC	2	test   %ebp,%esp
86EC	2	xchg   %ch,%ah
87EC	2	xchg   %ebp,%esp
88EC	2	mov    %ch,%ah
89EC	2	mov    %ebp,%esp
8AEC	2	mov    %ah,%ch
8BEC	2	mov    %esp,%ebp
8CEC	2	mov    %gs,%esp
8DEC	NONE	lea    (bad),%ebp
8EEC	2	mov    %esp,%gs
8FEC	NONE	(bad)
90EC	1	nop
91EC	1	xchg   %eax,%ecx
92EC	1	xchg   %eax,%edx
93EC	1	xchg   %eax,%ebx
94EC	1	xchg   %eax,%esp
95EC	1	xchg   %eax,%ebp
96EC	1	xchg   %eax,%esi
97EC	1	xchg   %eax,%edi
98EC	1	cwtl
99EC	1	cltd
9AEC	7	lcall  $0x9090,$0x909090ec
9BEC	1	fwait
9CEC	1	pushf
9DEC	1	popf
9EEC	1	sahf
9FEC	1	lahf
A0EC	5	mov    0x909090ec,%al
A1EC	5	mov    0x909090ec,%eax
A2EC	5	mov    %al,0x909090ec
A3EC	5	mov    %eax,0x909090ec
A4EC	1	movsb  %ds:(%esi),%es:(%edi)
A5EC	1	movsl  %ds:(%esi),%es:(%edi)
A6EC	1	cmpsb  %es:(%edi),%ds:(%esi)
A7EC	1	cmpsl  %es:(%edi),%ds:(%esi)
A8EC	2	test   $0xec,%al
A9EC	5	test   $0x909090ec,%eax
AAEC	1	stos   %al,%es:(%edi)
ABEC	1	stos   %eax,%es:(%edi)
ACEC	1	lods   %ds:(%esi),%al
ADEC	1	lods   %ds:(%esi),%eax
AEEC	1	scas   %es:(%edi),%al
AFEC	1	scas   %es:(%edi),%eax
B0EC	2	mov    $0xec,%al
B1EC	2	mov    $0xec,%cl
B2EC	2	mov    $0xec,%dl
B3EC	2	mov    $0xec,%bl
B4EC	2	mov    $0xec,%ah
B5EC	2	mov    $0xec,%ch
B6EC	2	mov    $0xec,%dh
B7EC	2	mov    $0xec,%bh
B8EC	5	mov    $0x909090ec,%eax
B9EC	5	mov    $0x909090ec,%ecx
BAEC	5	mov    $0x909090ec,%edx
BBEC	5	mov    $0x909090ec,%ebx
BCEC	5	mov    $0x909090ec,%esp
BDEC	5	mov    $0x909090ec,%ebp
BEEC	5	mov    $0x909090ec,%esi
BFEC	5	mov    $0x909090ec,%edi
C0EC	3	shr    $0x90,%ah
C1EC	3	shr    $0x90,%esp
C2EC	3	ret    $0x90ec
C3EC	1	ret
C4EC	NONE	(bad)
C5EC	NONE	(bad)
C6EC	NONE	(bad)
C7EC	NONE	(bad)
C8EC	4	enter  $0x90ec,$0x90
C9EC	1	leave
CAEC	3	lret   $0x90ec
CBEC	1	lret
CCEC	1	int3
CDEC	2	int    $0xec
CEEC	1	into
CFEC	1	iret
D0EC	2	shr    $1,%ah
D1EC	2	shr    $1,%esp
D2EC	2	shr    %cl,%ah
D3EC	2	shr    %cl,%esp
D4EC	2	aam    $0xec
D5EC	2	aad    $0xec
D6EC	NONE	(bad)
D7EC	1	xlat   %ds:(%ebx)
D8EC	2	fsubr  %st(4),%st
D9EC	2	fldlg2
DAEC	NONE	(bad)
DBEC	2	fucomi %st(4),%st
DCEC	2	fsubr  %st,%st(4)
DDEC	2	fucomp %st(4)
DEEC	2	fsubrp %st,%st(4)
DFEC	2	fucomip %st(4),%st
E0EC	2	loopne 0xffffffee
E1EC	2	loope  0xffffffee
E2EC	2	loop   0xffffffee
E3EC	2	jecxz  0xffffffee
E4EC	2	in     $0xec,%al
E5EC	2	in     $0xec,%eax
E6EC	2	out    %al,$0xec
E7EC	2	out    %eax,$0xec
E8EC	5	call   0x909090f1
E9EC	5	jmp    0x909090f1
EAEC	7	ljmp   $0x9090,$0x909090ec
EBEC	2	jmp    0xffffffee
ECEC	1	in     (%dx),%al
EDEC	1	in     (%dx),%eax
EEEC	1	out    %al,(%dx)
EFEC	1	out    %eax,(%dx)
F0EC	2	lock in (%dx),%al
F1EC	1	int1
F2EC	2	repnz in (%dx),%al
F3EC	2	repz in (%dx),%al
F4EC	1	hlt
F5EC	1	cmc
F6EC	2	imul   %ah
F7EC	2	imul   %esp
F8EC	1	clc
F9EC	1	stc
FAEC	1	cli
FBEC	1	sti
FCEC	1	cld
FDEC	1	std
FEEC	NONE	(bad)
FFEC	NONE	ljmp   (bad)
00ED	2	add    %ch,%ch
01ED	2	add    %ebp,%ebp
02ED	2	add    %ch,%ch
03ED	2	add    %ebp,%ebp
04ED	2	add    $0xed,%al
05ED	5	add    $0x909090ed,%eax
06ED	1	push   %es
07ED	1	pop    %es
08ED	2	or     %ch,%ch
09ED	2	or     %ebp,%ebp
0AED	2	or     %ch,%ch
0BED	2	or     %ebp,%ebp
0CED	2	or     $0xed,%al
0DED	5	or     $0x909090ed,%eax
0EED	1	push   %cs
0FED	7	paddsw -0x6f6f6f70(%eax),%mm2
10ED	2	adc    %ch,%ch
11ED	2	adc    %ebp,%ebp
12ED	2	adc    %ch,%ch
13ED	2	adc    %ebp,%ebp
14ED	2	adc    $0xed,%al
15ED	5	adc    $0x909090ed,%eax
16ED	1	push   %ss
17ED	1	pop    %ss
18ED	2	sbb    %ch,%ch
19ED	2	sbb    %ebp,%ebp
1AED	2	sbb    %ch,%ch
1BED	2	sbb    %ebp,%ebp
1CED	2	sbb    $0xed,%al
1DED	5	sbb    $0x909090ed,%eax
1EED	1	push   %ds
1FED	1	pop    %ds
20ED	2	and    %ch,%ch
21ED	2	and    %ebp,%ebp
22ED	2	and    %ch,%ch
23ED	2	and    %ebp,%ebp
24ED	2	and    $0xed,%al
25ED	5	and    $0x909090ed,%eax
26ED	2	es in  (%dx),%eax
27ED	1	daa
28ED	2	sub    %ch,%ch
29ED	2	sub    %ebp,%ebp
2AED	2	sub    %ch,%ch
2BED	2	sub    %ebp,%ebp
2CED	2	sub    $0xed,%al
2DED	5	sub    $0x909090ed,%eax
2EED	2	cs in  (%dx),%eax
2FED	1	das
30ED	2	xor    %ch,%ch
31ED	2	xor    %ebp,%ebp
32ED	2	xor    %ch,%ch
33ED	2	xor    %ebp,%ebp
34ED	2	xor    $0xed,%al
35ED	5	xor    $0x909090ed,%eax
36ED	2	ss in  (%dx),%eax
37ED	1	aaa
38ED	2	cmp    %ch,%ch
39ED	2	cmp    %ebp,%ebp
3AED	2	cmp    %ch,%ch
3BED	2	cmp    %ebp,%ebp
3CED	2	cmp    $0xed,%al
3DED	5	cmp    $0x909090ed,%eax
3EED	2	ds in  (%dx),%eax
3FED	1	aas
40ED	1	inc    %eax
41ED	1	inc    %ecx
42ED	1	inc    %edx
43ED	1	inc    %ebx
44ED	1	inc    %esp
45ED	1	inc    %ebp
46ED	1	inc    %esi
47ED	1	inc    %edi
48ED	1	dec    %eax
49ED	1	dec    %ecx
4AED	1	dec    %edx
4BED	1	dec    %ebx
4CED	1	dec    %esp
4DED	1	dec    %ebp
4EED	1	dec    %esi
4FED	1	dec    %edi
50ED	1	push   %eax
51ED	1	push   %ecx
52ED	1	push   %edx
53ED	1	push   %ebx
54ED	1	push   %esp
55ED	1	push   %ebp
56ED	1	push   %esi
57ED	1	push   %edi
58ED	1	pop    %eax
59ED	1	pop    %ecx
5AED	1	pop    %edx
5BED	1	pop    %ebx
5CED	1	pop    %esp
5DED	1	pop    %ebp
5EED	1	pop    %esi
5FED	1	pop    %edi
60ED	1	pusha
61ED	1	popa
62ED	NONE	(bad)  {rn-bad},{bad}
63ED	2	arpl   %ebp,%ebp
64ED	2	fs in  (%dx),%eax
65ED	2	gs in  (%dx),%eax
66ED	2	in     (%dx),%ax
67ED	2	addr16 in (%dx),%eax
68ED	5	push   $0x909090ed
69ED	6	imul   $0x90909090,%ebp,%ebp
6AED	2	push   $0xffffffed
6BED	3	imul   $0xffffff90,%ebp,%ebp
6CED	1	insb   (%dx),%es:(%edi)
6DED	1	insl   (%dx),%es:(%edi)
6EED	1	outsb  %ds:(%esi),(%dx)
6FED	1	outsl  %ds:(%esi),(%dx)
70ED	2	jo     0xffffffef
71ED	2	jno    0xffffffef
72ED	2	jb     0xffffffef
73ED	2	jae    0xffffffef
74ED	2	je     0xffffffef
75ED	2	jne    0xffffffef
76ED	2	jbe    0xffffffef
77ED	2	ja     0xffffffef
78ED	2	js     0xffffffef
79ED	2	jns    0xffffffef
7AED	2	jp     0xffffffef
7BED	2	jnp    0xffffffef
7CED	2	jl     0xffffffef
7DED	2	jge    0xffffffef
7EED	2	jle    0xffffffef
7FED	2	jg     0xffffffef
80ED	3	sub    $0x90,%ch
81ED	6	sub    $0x90909090,%ebp
82ED	3	sub    $0x90,%ch
83ED	3	sub    $0xffffff90,%ebp
84ED	2	test   %ch,%ch
85ED	2	test   %ebp,%ebp
86ED	2	xchg   %ch,%ch
87ED	2	xchg   %ebp,%ebp
88ED	2	mov    %ch,%ch
89ED	2	mov    %ebp,%ebp
8AED	2	mov    %ch,%ch
8BED	2	mov    %ebp,%ebp
8CED	2	mov    %gs,%ebp
8DED	NONE	lea    (bad),%ebp
8EED	2	mov    %ebp,%gs
8FED	NONE	(bad)
90ED	1	nop
91ED	1	xchg   %eax,%ecx
92ED	1	xchg   %eax,%edx
93ED	1	xchg   %eax,%ebx
94ED	1	xchg   %eax,%esp
95ED	1	xchg   %eax,%ebp
96ED	1	xchg   %eax,%esi
97ED	1	xchg   %eax,%edi
98ED	1	cwtl
99ED	1	cltd
9AED	7	lcall  $0x9090,$0x909090ed
9BED	1	fwait
9CED	1	pushf
9DED	1	popf
9EED	1	sahf
9FED	1	lahf
A0ED	5	mov    0x909090ed,%al
A1ED	5	mov    0x909090ed,%eax
A2ED	5	mov    %al,0x909090ed
A3ED	5	mov    %eax,0x909090ed
A4ED	1	movsb  %ds:(%esi),%es:(%edi)
A5ED	1	movsl  %ds:(%esi),%es:(%edi)
A6ED	1	cmpsb  %es:(%edi),%ds:(%esi)
A7ED	1	cmpsl  %es:(%edi),%ds:(%esi)
A8ED	2	test   $0xed,%al
A9ED	5	test   $0x909090ed,%eax
AAED	1	stos   %al,%es:(%edi)
ABED	1	stos   %eax,%es:(%edi)
ACED	1	lods   %ds:(%esi),%al
ADED	1	lods   %ds:(%esi),%eax
AEED	1	scas   %es:(%edi),%al
AFED	1	scas   %es:(%edi),%eax
B0ED	2	mov    $0xed,%al
B1ED	2	mov    $0xed,%cl
B2ED	2	mov    $0xed,%dl
B3ED	2	mov    $0xed,%bl
B4ED	2	mov    $0xed,%ah
B5ED	2	mov    $0xed,%ch
B6ED	2	mov    $0xed,%dh
B7ED	2	mov    $0xed,%bh
B8ED	5	mov    $0x909090ed,%eax
B9ED	5	mov    $0x909090ed,%ecx
BAED	5	mov    $0x909090ed,%edx
BBED	5	mov    $0x909090ed,%ebx
BCED	5	mov    $0x909090ed,%esp
BDED	5	mov    $0x909090ed,%ebp
BEED	5	mov    $0x909090ed,%esi
BFED	5	mov    $0x909090ed,%edi
C0ED	3	shr    $0x90,%ch
C1ED	3	shr    $0x90,%ebp
C2ED	3	ret    $0x90ed
C3ED	1	ret
C4ED	NONE	(bad)
C5ED	NONE	(bad)
C6ED	NONE	(bad)
C7ED	NONE	(bad)
C8ED	4	enter  $0x90ed,$0x90
C9ED	1	leave
CAED	3	lret   $0x90ed
CBED	1	lret
CCED	1	int3
CDED	2	int    $0xed
CEED	1	into
CFED	1	iret
D0ED	2	shr    $1,%ch
D1ED	2	shr    $1,%ebp
D2ED	2	shr    %cl,%ch
D3ED	2	shr    %cl,%ebp
D4ED	2	aam    $0xed
D5ED	2	aad    $0xed
D6ED	NONE	(bad)
D7ED	1	xlat   %ds:(%ebx)
D8ED	2	fsubr  %st(5),%st
D9ED	2	fldln2
DAED	NONE	(bad)
DBED	2	fucomi %st(5),%st
DCED	2	fsubr  %st,%st(5)
DDED	2	fucomp %st(5)
DEED	2	fsubrp %st,%st(5)
DFED	2	fucomip %st(5),%st
E0ED	2	loopne 0xffffffef
E1ED	2	loope  0xffffffef
E2ED	2	loop   0xffffffef
E3ED	2	jecxz  0xffffffef
E4ED	2	in     $0xed,%al
E5ED	2	in     $0xed,%eax
E6ED	2	out    %al,$0xed
E7ED	2	out    %eax,$0xed
E8ED	5	call   0x909090f2
E9ED	5	jmp    0x909090f2
EAED	7	ljmp   $0x9090,$0x909090ed
EBED	2	jmp    0xffffffef
ECED	1	in     (%dx),%al
EDED	1	in     (%dx),%eax
EEED	1	out    %al,(%dx)
EFED	1	out    %eax,(%dx)
F0ED	2	lock in (%dx),%eax
F1ED	1	int1
F2ED	2	repnz in (%dx),%eax
F3ED	2	repz in (%dx),%eax
F4ED	1	hlt
F5ED	1	cmc
F6ED	2	imul   %ch
F7ED	2	imul   %ebp
F8ED	1	clc
F9ED	1	stc
FAED	1	cli
FBED	1	sti
FCED	1	cld
FDED	1	std
FEED	NONE	(bad)
FFED	NONE	ljmp   (bad)
00EE	2	add    %ch,%dh
01EE	2	add    %ebp,%esi
02EE	2	add    %dh,%ch
03EE	2	add    %esi,%ebp
04EE	2	add    $0xee,%al
05EE	5	add    $0x909090ee,%eax
06EE	1	push   %es
07EE	1	pop    %es
08EE	2	or     %ch,%dh
09EE	2	or     %ebp,%esi
0AEE	2	or     %dh,%ch
0BEE	2	or     %esi,%ebp
0CEE	2	or     $0xee,%al
0DEE	5	or     $0x909090ee,%eax
0EEE	1	push   %cs
0FEE	7	pmaxsw -0x6f6f6f70(%eax),%mm2
10EE	2	adc    %ch,%dh
11EE	2	adc    %ebp,%esi
12EE	2	adc    %dh,%ch
13EE	2	adc    %esi,%ebp
14EE	2	adc    $0xee,%al
15EE	5	adc    $0x909090ee,%eax
16EE	1	push   %ss
17EE	1	pop    %ss
18EE	2	sbb    %ch,%dh
19EE	2	sbb    %ebp,%esi
1AEE	2	sbb    %dh,%ch
1BEE	2	sbb    %esi,%ebp
1CEE	2	sbb    $0xee,%al
1DEE	5	sbb    $0x909090ee,%eax
1EEE	1	push   %ds
1FEE	1	pop    %ds
20EE	2	and    %ch,%dh
21EE	2	and    %ebp,%esi
22EE	2	and    %dh,%ch
23EE	2	and    %esi,%ebp
24EE	2	and    $0xee,%al
25EE	5	and    $0x909090ee,%eax
26EE	2	es out %al,(%dx)
27EE	1	daa
28EE	2	sub    %ch,%dh
29EE	2	sub    %ebp,%esi
2AEE	2	sub    %dh,%ch
2BEE	2	sub    %esi,%ebp
2CEE	2	sub    $0xee,%al
2DEE	5	sub    $0x909090ee,%eax
2EEE	2	cs out %al,(%dx)
2FEE	1	das
30EE	2	xor    %ch,%dh
31EE	2	xor    %ebp,%esi
32EE	2	xor    %dh,%ch
33EE	2	xor    %esi,%ebp
34EE	2	xor    $0xee,%al
35EE	5	xor    $0x909090ee,%eax
36EE	2	ss out %al,(%dx)
37EE	1	aaa
38EE	2	cmp    %ch,%dh
39EE	2	cmp    %ebp,%esi
3AEE	2	cmp    %dh,%ch
3BEE	2	cmp    %esi,%ebp
3CEE	2	cmp    $0xee,%al
3DEE	5	cmp    $0x909090ee,%eax
3EEE	2	ds out %al,(%dx)
3FEE	1	aas
40EE	1	inc    %eax
41EE	1	inc    %ecx
42EE	1	inc    %edx
43EE	1	inc    %ebx
44EE	1	inc    %esp
45EE	1	inc    %ebp
46EE	1	inc    %esi
47EE	1	inc    %edi
48EE	1	dec    %eax
49EE	1	dec    %ecx
4AEE	1	dec    %edx
4BEE	1	dec    %ebx
4CEE	1	dec    %esp
4DEE	1	dec    %ebp
4EEE	1	dec    %esi
4FEE	1	dec    %edi
50EE	1	push   %eax
51EE	1	push   %ecx
52EE	1	push   %edx
53EE	1	push   %ebx
54EE	1	push   %esp
55EE	1	push   %ebp
56EE	1	push   %esi
57EE	1	push   %edi
58EE	1	pop    %eax
59EE	1	pop    %ecx
5AEE	1	pop    %edx
5BEE	1	pop    %ebx
5CEE	1	pop    %esp
5DEE	1	pop    %ebp
5EEE	1	pop    %esi
5FEE	1	pop    %edi
60EE	1	pusha
61EE	1	popa
62EE	NONE	(bad)  {rn-bad},{bad}
63EE	2	arpl   %ebp,%esi
64EE	2	fs out %al,(%dx)
65EE	2	gs out %al,(%dx)
66EE	2	data16 out %al,(%dx)
67EE	2	addr16 out %al,(%dx)
68EE	5	push   $0x909090ee
69EE	6	imul   $0x90909090,%esi,%ebp
6AEE	2	push   $0xffffffee
6BEE	3	imul   $0xffffff90,%esi,%ebp
6CEE	1	insb   (%dx),%es:(%edi)
6DEE	1	insl   (%dx),%es:(%edi)
6EEE	1	outsb  %ds:(%esi),(%dx)
6FEE	1	outsl  %ds:(%esi),(%dx)
70EE	2	jo     0xfffffff0
71EE	2	jno    0xfffffff0
72EE	2	jb     0xfffffff0
73EE	2	jae    0xfffffff0
74EE	2	je     0xfffffff0
75EE	2	jne    0xfffffff0
76EE	2	jbe    0xfffffff0
77EE	2	ja     0xfffffff0
78EE	2	js     0xfffffff0
79EE	2	jns    0xfffffff0
7AEE	2	jp     0xfffffff0
7BEE	2	jnp    0xfffffff0
7CEE	2	jl     0xfffffff0
7DEE	2	jge    0xfffffff0
7EEE	2	jle    0xfffffff0
7FEE	2	jg     0xfffffff0
80EE	3	sub    $0x90,%dh
81EE	6	sub    $0x90909090,%esi
82EE	3	sub    $0x90,%dh
83EE	3	sub    $0xffffff90,%esi
84EE	2	test   %ch,%dh
85EE	2	test   %ebp,%esi
86EE	2	xchg   %ch,%dh
87EE	2	xchg   %ebp,%esi
88EE	2	mov    %ch,%dh
89EE	2	mov    %ebp,%esi
8AEE	2	mov    %dh,%ch
8BEE	2	mov    %esi,%ebp
8CEE	2	mov    %gs,%esi
8DEE	NONE	lea    (bad),%ebp
8EEE	2	mov    %esi,%gs
8FEE	NONE	(bad)
90EE	1	nop
91EE	1	xchg   %eax,%ecx
92EE	1	xchg   %eax,%edx
93EE	1	xchg   %eax,%ebx
94EE	1	xchg   %eax,%esp
95EE	1	xchg   %eax,%ebp
96EE	1	xchg   %eax,%esi
97EE	1	xchg   %eax,%edi
98EE	1	cwtl
99EE	1	cltd
9AEE	7	lcall  $0x9090,$0x909090ee
9BEE	1	fwait
9CEE	1	pushf
9DEE	1	popf
9EEE	1	sahf
9FEE	1	lahf
A0EE	5	mov    0x909090ee,%al
A1EE	5	mov    0x909090ee,%eax
A2EE	5	mov    %al,0x909090ee
A3EE	5	mov    %eax,0x909090ee
A4EE	1	movsb  %ds:(%esi),%es:(%edi)
A5EE	1	movsl  %ds:(%esi),%es:(%edi)
A6EE	1	cmpsb  %es:(%edi),%ds:(%esi)
A7EE	1	cmpsl  %es:(%edi),%ds:(%esi)
A8EE	2	test   $0xee,%al
A9EE	5	test   $0x909090ee,%eax
AAEE	1	stos   %al,%es:(%edi)
ABEE	1	stos   %eax,%es:(%edi)
ACEE	1	lods   %ds:(%esi),%al
ADEE	1	lods   %ds:(%esi),%eax
AEEE	1	scas   %es:(%edi),%al
AFEE	1	scas   %es:(%edi),%eax
B0EE	2	mov    $0xee,%al
B1EE	2	mov    $0xee,%cl
B2EE	2	mov    $0xee,%dl
B3EE	2	mov    $0xee,%bl
B4EE	2	mov    $0xee,%ah
B5EE	2	mov    $0xee,%ch
B6EE	2	mov    $0xee,%dh
B7EE	2	mov    $0xee,%bh
B8EE	5	mov    $0x909090ee,%eax
B9EE	5	mov    $0x909090ee,%ecx
BAEE	5	mov    $0x909090ee,%edx
BBEE	5	mov    $0x909090ee,%ebx
BCEE	5	mov    $0x909090ee,%esp
BDEE	5	mov    $0x909090ee,%ebp
BEEE	5	mov    $0x909090ee,%esi
BFEE	5	mov    $0x909090ee,%edi
C0EE	3	shr    $0x90,%dh
C1EE	3	shr    $0x90,%esi
C2EE	3	ret    $0x90ee
C3EE	1	ret
C4EE	NONE	(bad)
C5EE	NONE	(bad)
C6EE	NONE	(bad)
C7EE	NONE	(bad)
C8EE	4	enter  $0x90ee,$0x90
C9EE	1	leave
CAEE	3	lret   $0x90ee
CBEE	1	lret
CCEE	1	int3
CDEE	2	int    $0xee
CEEE	1	into
CFEE	1	iret
D0EE	2	shr    $1,%dh
D1EE	2	shr    $1,%esi
D2EE	2	shr    %cl,%dh
D3EE	2	shr    %cl,%esi
D4EE	2	aam    $0xee
D5EE	2	aad    $0xee
D6EE	NONE	(bad)
D7EE	1	xlat   %ds:(%ebx)
D8EE	2	fsubr  %st(6),%st
D9EE	2	fldz
DAEE	NONE	(bad)
DBEE	2	fucomi %st(6),%st
DCEE	2	fsubr  %st,%st(6)
DDEE	2	fucomp %st(6)
DEEE	2	fsubrp %st,%st(6)
DFEE	2	fucomip %st(6),%st
E0EE	2	loopne 0xfffffff0
E1EE	2	loope  0xfffffff0
E2EE	2	loop   0xfffffff0
E3EE	2	jecxz  0xfffffff0
E4EE	2	in     $0xee,%al
E5EE	2	in     $0xee,%eax
E6EE	2	out    %al,$0xee
E7EE	2	out    %eax,$0xee
E8EE	5	call   0x909090f3
E9EE	5	jmp    0x909090f3
EAEE	7	ljmp   $0x9090,$0x909090ee
EBEE	2	jmp    0xfffffff0
ECEE	1	in     (%dx),%al
EDEE	1	in     (%dx),%eax
EEEE	1	out    %al,(%dx)
EFEE	1	out    %eax,(%dx)
F0EE	2	lock out %al,(%dx)
F1EE	1	int1
F2EE	2	repnz out %al,(%dx)
F3EE	2	repz out %al,(%dx)
F4EE	1	hlt
F5EE	1	cmc
F6EE	2	imul   %dh
F7EE	2	imul   %esi
F8EE	1	clc
F9EE	1	stc
FAEE	1	cli
FBEE	1	sti
FCEE	1	cld
FDEE	1	std
FEEE	NONE	(bad)
FFEE	NONE	ljmp   (bad)
00EF	2	add    %ch,%bh
01EF	2	add    %ebp,%edi
02EF	2	add    %bh,%ch
03EF	2	add    %edi,%ebp
04EF	2	add    $0xef,%al
05EF	5	add    $0x909090ef,%eax
06EF	1	push   %es
07EF	1	pop    %es
08EF	2	or     %ch,%bh
09EF	2	or     %ebp,%edi
0AEF	2	or     %bh,%ch
0BEF	2	or     %edi,%ebp
0CEF	2	or     $0xef,%al
0DEF	5	or     $0x909090ef,%eax
0EEF	1	push   %cs
0FEF	7	pxor   -0x6f6f6f70(%eax),%mm2
10EF	2	adc    %ch,%bh
11EF	2	adc    %ebp,%edi
12EF	2	adc    %bh,%ch
13EF	2	adc    %edi,%ebp
14EF	2	adc    $0xef,%al
15EF	5	adc    $0x909090ef,%eax
16EF	1	push   %ss
17EF	1	pop    %ss
18EF	2	sbb    %ch,%bh
19EF	2	sbb    %ebp,%edi
1AEF	2	sbb    %bh,%ch
1BEF	2	sbb    %edi,%ebp
1CEF	2	sbb    $0xef,%al
1DEF	5	sbb    $0x909090ef,%eax
1EEF	1	push   %ds
1FEF	1	pop    %ds
20EF	2	and    %ch,%bh
21EF	2	and    %ebp,%edi
22EF	2	and    %bh,%ch
23EF	2	and    %edi,%ebp
24EF	2	and    $0xef,%al
25EF	5	and    $0x909090ef,%eax
26EF	2	es out %eax,(%dx)
27EF	1	daa
28EF	2	sub    %ch,%bh
29EF	2	sub    %ebp,%edi
2AEF	2	sub    %bh,%ch
2BEF	2	sub    %edi,%ebp
2CEF	2	sub    $0xef,%al
2DEF	5	sub    $0x909090ef,%eax
2EEF	2	cs out %eax,(%dx)
2FEF	1	das
30EF	2	xor    %ch,%bh
31EF	2	xor    %ebp,%edi
32EF	2	xor    %bh,%ch
33EF	2	xor    %edi,%ebp
34EF	2	xor    $0xef,%al
35EF	5	xor    $0x909090ef,%eax
36EF	2	ss out %eax,(%dx)
37EF	1	aaa
38EF	2	cmp    %ch,%bh
39EF	2	cmp    %ebp,%edi
3AEF	2	cmp    %bh,%ch
3BEF	2	cmp    %edi,%ebp
3CEF	2	cmp    $0xef,%al
3DEF	5	cmp    $0x909090ef,%eax
3EEF	2	ds out %eax,(%dx)
3FEF	1	aas
40EF	1	inc    %eax
41EF	1	inc    %ecx
42EF	1	inc    %edx
43EF	1	inc    %ebx
44EF	1	inc    %esp
45EF	1	inc    %ebp
46EF	1	inc    %esi
47EF	1	inc    %edi
48EF	1	dec    %eax
49EF	1	dec    %ecx
4AEF	1	dec    %edx
4BEF	1	dec    %ebx
4CEF	1	dec    %esp
4DEF	1	dec    %ebp
4EEF	1	dec    %esi
4FEF	1	dec    %edi
50EF	1	push   %eax
51EF	1	push   %ecx
52EF	1	push   %edx
53EF	1	push   %ebx
54EF	1	push   %esp
55EF	1	push   %ebp
56EF	1	push   %esi
57EF	1	push   %edi
58EF	1	pop    %eax
59EF	1	pop    %ecx
5AEF	1	pop    %edx
5BEF	1	pop    %ebx
5CEF	1	pop    %esp
5DEF	1	pop    %ebp
5EEF	1	pop    %esi
5FEF	1	pop    %edi
60EF	1	pusha
61EF	1	popa
62EF	NONE	(bad)  {rn-bad},{bad}
63EF	2	arpl   %ebp,%edi
64EF	2	fs out %eax,(%dx)
65EF	2	gs out %eax,(%dx)
66EF	2	out    %ax,(%dx)
67EF	2	addr16 out %eax,(%dx)
68EF	5	push   $0x909090ef
69EF	6	imul   $0x90909090,%edi,%ebp
6AEF	2	push   $0xffffffef
6BEF	3	imul   $0xffffff90,%edi,%ebp
6CEF	1	insb   (%dx),%es:(%edi)
6DEF	1	insl   (%dx),%es:(%edi)
6EEF	1	outsb  %ds:(%esi),(%dx)
6FEF	1	outsl  %ds:(%esi),(%dx)
70EF	2	jo     0xfffffff1
71EF	2	jno    0xfffffff1
72EF	2	jb     0xfffffff1
73EF	2	jae    0xfffffff1
74EF	2	je     0xfffffff1
75EF	2	jne    0xfffffff1
76EF	2	jbe    0xfffffff1
77EF	2	ja     0xfffffff1
78EF	2	js     0xfffffff1
79EF	2	jns    0xfffffff1
7AEF	2	jp     0xfffffff1
7BEF	2	jnp    0xfffffff1
7CEF	2	jl     0xfffffff1
7DEF	2	jge    0xfffffff1
7EEF	2	jle    0xfffffff1
7FEF	2	jg     0xfffffff1
80EF	3	sub    $0x90,%bh
81EF	6	sub    $0x90909090,%edi
82EF	3	sub    $0x90,%bh
83EF	3	sub    $0xffffff90,%edi
84EF	2	test   %ch,%bh
85EF	2	test   %ebp,%edi
86EF	2	xchg   %ch,%bh
87EF	2	xchg   %ebp,%edi
88EF	2	mov    %ch,%bh
89EF	2	mov    %ebp,%edi
8AEF	2	mov    %bh,%ch
8BEF	2	mov    %edi,%ebp
8CEF	2	mov    %gs,%edi
8DEF	NONE	lea    (bad),%ebp
8EEF	2	mov    %edi,%gs
8FEF	NONE	(bad)
90EF	1	nop
91EF	1	xchg   %eax,%ecx
92EF	1	xchg   %eax,%edx
93EF	1	xchg   %eax,%ebx
94EF	1	xchg   %eax,%esp
95EF	1	xchg   %eax,%ebp
96EF	1	xchg   %eax,%esi
97EF	1	xchg   %eax,%edi
98EF	1	cwtl
99EF	1	cltd
9AEF	7	lcall  $0x9090,$0x909090ef
9BEF	1	fwait
9CEF	1	pushf
9DEF	1	popf
9EEF	1	sahf
9FEF	1	lahf
A0EF	5	mov    0x909090ef,%al
A1EF	5	mov    0x909090ef,%eax
A2EF	5	mov    %al,0x909090ef
A3EF	5	mov    %eax,0x909090ef
A4EF	1	movsb  %ds:(%esi),%es:(%edi)
A5EF	1	movsl  %ds:(%esi),%es:(%edi)
A6EF	1	cmpsb  %es:(%edi),%ds:(%esi)
A7EF	1	cmpsl  %es:(%edi),%ds:(%esi)
A8EF	2	test   $0xef,%al
A9EF	5	test   $0x909090ef,%eax
AAEF	1	stos   %al,%es:(%edi)
ABEF	1	stos   %eax,%es:(%edi)
ACEF	1	lods   %ds:(%esi),%al
ADEF	1	lods   %ds:(%esi),%eax
AEEF	1	scas   %es:(%edi),%al
AFEF	1	scas   %es:(%edi),%eax
B0EF	2	mov    $0xef,%al
B1EF	2	mov    $0xef,%cl
B2EF	2	mov    $0xef,%dl
B3EF	2	mov    $0xef,%bl
B4EF	2	mov    $0xef,%ah
B5EF	2	mov    $0xef,%ch
B6EF	2	mov    $0xef,%dh
B7EF	2	mov    $0xef,%bh
B8EF	5	mov    $0x909090ef,%eax
B9EF	5	mov    $0x909090ef,%ecx
BAEF	5	mov    $0x909090ef,%edx
BBEF	5	mov    $0x909090ef,%ebx
BCEF	5	mov    $0x909090ef,%esp
BDEF	5	mov    $0x909090ef,%ebp
BEEF	5	mov    $0x909090ef,%esi
BFEF	5	mov    $0x909090ef,%edi
C0EF	3	shr    $0x90,%bh
C1EF	3	shr    $0x90,%edi
C2EF	3	ret    $0x90ef
C3EF	1	ret
C4EF	NONE	(bad)
C5EF	NONE	(bad)
C6EF	NONE	(bad)
C7EF	NONE	(bad)
C8EF	4	enter  $0x90ef,$0x90
C9EF	1	leave
CAEF	3	lret   $0x90ef
CBEF	1	lret
CCEF	1	int3
CDEF	2	int    $0xef
CEEF	1	into
CFEF	1	iret
D0EF	2	shr    $1,%bh
D1EF	2	shr    $1,%edi
D2EF	2	shr    %cl,%bh
D3EF	2	shr    %cl,%edi
D4EF	2	aam    $0xef
D5EF	2	aad    $0xef
D6EF	NONE	(bad)
D7EF	1	xlat   %ds:(%ebx)
D8EF	2	fsubr  %st(7),%st
D9EF	NONE	(bad)
DAEF	NONE	(bad)
DBEF	2	fucomi %st(7),%st
DCEF	2	fsubr  %st,%st(7)
DDEF	2	fucomp %st(7)
DEEF	2	fsubrp %st,%st(7)
DFEF	2	fucomip %st(7),%st
E0EF	2	loopne 0xfffffff1
E1EF	2	loope  0xfffffff1
E2EF	2	loop   0xfffffff1
E3EF	2	jecxz  0xfffffff1
E4EF	2	in     $0xef,%al
E5EF	2	in     $0xef,%eax
E6EF	2	out    %al,$0xef
E7EF	2	out    %eax,$0xef
E8EF	5	call   0x909090f4
E9EF	5	jmp    0x909090f4
EAEF	7	ljmp   $0x9090,$0x909090ef
EBEF	2	jmp    0xfffffff1
ECEF	1	in     (%dx),%al
EDEF	1	in     (%dx),%eax
EEEF	1	out    %al,(%dx)
EFEF	1	out    %eax,(%dx)
F0EF	2	lock out %eax,(%dx)
F1EF	1	int1
F2EF	2	repnz out %eax,(%dx)
F3EF	2	repz out %eax,(%dx)
F4EF	1	hlt
F5EF	1	cmc
F6EF	2	imul   %bh
F7EF	2	imul   %edi
F8EF	1	clc
F9EF	1	stc
FAEF	1	cli
FBEF	1	sti
FCEF	1	cld
FDEF	1	std
FEEF	NONE	(bad)
FFEF	NONE	ljmp   (bad)
00F0	2	add    %dh,%al
01F0	2	add    %esi,%eax
02F0	2	add    %al,%dh
03F0	2	add    %eax,%esi
04F0	2	add    $0xf0,%al
05F0	5	add    $0x909090f0,%eax
06F0	1	push   %es
07F0	1	pop    %es
08F0	2	or     %dh,%al
09F0	2	or     %esi,%eax
0AF0	2	or     %al,%dh
0BF0	2	or     %eax,%esi
0CF0	2	or     $0xf0,%al
0DF0	5	or     $0x909090f0,%eax
0EF0	1	push   %cs
0FF0	NONE	(bad)
10F0	2	adc    %dh,%al
11F0	2	adc    %esi,%eax
12F0	2	adc    %al,%dh
13F0	2	adc    %eax,%esi
14F0	2	adc    $0xf0,%al
15F0	5	adc    $0x909090f0,%eax
16F0	1	push   %ss
17F0	1	pop    %ss
18F0	2	sbb    %dh,%al
19F0	2	sbb    %esi,%eax
1AF0	2	sbb    %al,%dh
1BF0	2	sbb    %eax,%esi
1CF0	2	sbb    $0xf0,%al
1DF0	5	sbb    $0x909090f0,%eax
1EF0	1	push   %ds
1FF0	1	pop    %ds
20F0	2	and    %dh,%al
21F0	2	and    %esi,%eax
22F0	2	and    %al,%dh
23F0	2	and    %eax,%esi
24F0	2	and    $0xf0,%al
25F0	5	and    $0x909090f0,%eax
26F0	3	es lock nop
27F0	1	daa
28F0	2	sub    %dh,%al
29F0	2	sub    %esi,%eax
2AF0	2	sub    %al,%dh
2BF0	2	sub    %eax,%esi
2CF0	2	sub    $0xf0,%al
2DF0	5	sub    $0x909090f0,%eax
2EF0	3	cs lock nop
2FF0	1	das
30F0	2	xor    %dh,%al
31F0	2	xor    %esi,%eax
32F0	2	xor    %al,%dh
33F0	2	xor    %eax,%esi
34F0	2	xor    $0xf0,%al
35F0	5	xor    $0x909090f0,%eax
36F0	3	ss lock nop
37F0	1	aaa
38F0	2	cmp    %dh,%al
39F0	2	cmp    %esi,%eax
3AF0	2	cmp    %al,%dh
3BF0	2	cmp    %eax,%esi
3CF0	2	cmp    $0xf0,%al
3DF0	5	cmp    $0x909090f0,%eax
3EF0	3	ds lock nop
3FF0	1	aas
40F0	1	inc    %eax
41F0	1	inc    %ecx
42F0	1	inc    %edx
43F0	1	inc    %ebx
44F0	1	inc    %esp
45F0	1	inc    %ebp
46F0	1	inc    %esi
47F0	1	inc    %edi
48F0	1	dec    %eax
49F0	1	dec    %ecx
4AF0	1	dec    %edx
4BF0	1	dec    %ebx
4CF0	1	dec    %esp
4DF0	1	dec    %ebp
4EF0	1	dec    %esi
4FF0	1	dec    %edi
50F0	1	push   %eax
51F0	1	push   %ecx
52F0	1	push   %edx
53F0	1	push   %ebx
54F0	1	push   %esp
55F0	1	push   %ebp
56F0	1	push   %esi
57F0	1	push   %edi
58F0	1	pop    %eax
59F0	1	pop    %ecx
5AF0	1	pop    %edx
5BF0	1	pop    %ebx
5CF0	1	pop    %esp
5DF0	1	pop    %ebp
5EF0	1	pop    %esi
5FF0	1	pop    %edi
60F0	1	pusha
61F0	1	popa
62F0	NONE	(bad)
63F0	2	arpl   %esi,%eax
64F0	3	fs lock nop
65F0	3	gs lock nop
66F0	3	lock xchg %ax,%ax
67F0	3	addr16 lock nop
68F0	5	push   $0x909090f0
69F0	6	imul   $0x90909090,%eax,%esi
6AF0	2	push   $0xfffffff0
6BF0	3	imul   $0xffffff90,%eax,%esi
6CF0	1	insb   (%dx),%es:(%edi)
6DF0	1	insl   (%dx),%es:(%edi)
6EF0	1	outsb  %ds:(%esi),(%dx)
6FF0	1	outsl  %ds:(%esi),(%dx)
70F0	2	jo     0xfffffff2
71F0	2	jno    0xfffffff2
72F0	2	jb     0xfffffff2
73F0	2	jae    0xfffffff2
74F0	2	je     0xfffffff2
75F0	2	jne    0xfffffff2
76F0	2	jbe    0xfffffff2
77F0	2	ja     0xfffffff2
78F0	2	js     0xfffffff2
79F0	2	jns    0xfffffff2
7AF0	2	jp     0xfffffff2
7BF0	2	jnp    0xfffffff2
7CF0	2	jl     0xfffffff2
7DF0	2	jge    0xfffffff2
7EF0	2	jle    0xfffffff2
7FF0	2	jg     0xfffffff2
80F0	3	xor    $0x90,%al
81F0	6	xor    $0x90909090,%eax
82F0	3	xor    $0x90,%al
83F0	3	xor    $0xffffff90,%eax
84F0	2	test   %dh,%al
85F0	2	test   %esi,%eax
86F0	2	xchg   %dh,%al
87F0	2	xchg   %esi,%eax
88F0	2	mov    %dh,%al
89F0	2	mov    %esi,%eax
8AF0	2	mov    %al,%dh
8BF0	2	mov    %eax,%esi
8CF0	2	mov    %?,%eax
8DF0	NONE	lea    (bad),%esi
8EF0	2	mov    %eax,%?
8FF0	NONE	(bad)
90F0	1	nop
91F0	1	xchg   %eax,%ecx
92F0	1	xchg   %eax,%edx
93F0	1	xchg   %eax,%ebx
94F0	1	xchg   %eax,%esp
95F0	1	xchg   %eax,%ebp
96F0	1	xchg   %eax,%esi
97F0	1	xchg   %eax,%edi
98F0	1	cwtl
99F0	1	cltd
9AF0	7	lcall  $0x9090,$0x909090f0
9BF0	1	fwait
9CF0	1	pushf
9DF0	1	popf
9EF0	1	sahf
9FF0	1	lahf
A0F0	5	mov    0x909090f0,%al
A1F0	5	mov    0x909090f0,%eax
A2F0	5	mov    %al,0x909090f0
A3F0	5	mov    %eax,0x909090f0
A4F0	1	movsb  %ds:(%esi),%es:(%edi)
A5F0	1	movsl  %ds:(%esi),%es:(%edi)
A6F0	1	cmpsb  %es:(%edi),%ds:(%esi)
A7F0	1	cmpsl  %es:(%edi),%ds:(%esi)
A8F0	2	test   $0xf0,%al
A9F0	5	test   $0x909090f0,%eax
AAF0	1	stos   %al,%es:(%edi)
ABF0	1	stos   %eax,%es:(%edi)
ACF0	1	lods   %ds:(%esi),%al
ADF0	1	lods   %ds:(%esi),%eax
AEF0	1	scas   %es:(%edi),%al
AFF0	1	scas   %es:(%edi),%eax
B0F0	2	mov    $0xf0,%al
B1F0	2	mov    $0xf0,%cl
B2F0	2	mov    $0xf0,%dl
B3F0	2	mov    $0xf0,%bl
B4F0	2	mov    $0xf0,%ah
B5F0	2	mov    $0xf0,%ch
B6F0	2	mov    $0xf0,%dh
B7F0	2	mov    $0xf0,%bh
B8F0	5	mov    $0x909090f0,%eax
B9F0	5	mov    $0x909090f0,%ecx
BAF0	5	mov    $0x909090f0,%edx
BBF0	5	mov    $0x909090f0,%ebx
BCF0	5	mov    $0x909090f0,%esp
BDF0	5	mov    $0x909090f0,%ebp
BEF0	5	mov    $0x909090f0,%esi
BFF0	5	mov    $0x909090f0,%edi
C0F0	3	shl    $0x90,%al
C1F0	3	shl    $0x90,%eax
C2F0	3	ret    $0x90f0
C3F0	1	ret
C4F0	NONE	(bad)
C5F0	NONE	(bad)
C6F0	NONE	(bad)
C7F0	NONE	(bad)
C8F0	4	enter  $0x90f0,$0x90
C9F0	1	leave
CAF0	3	lret   $0x90f0
CBF0	1	lret
CCF0	1	int3
CDF0	2	int    $0xf0
CEF0	1	into
CFF0	1	iret
D0F0	2	shl    $1,%al
D1F0	2	shl    $1,%eax
D2F0	2	shl    %cl,%al
D3F0	2	shl    %cl,%eax
D4F0	2	aam    $0xf0
D5F0	2	aad    $0xf0
D6F0	NONE	(bad)
D7F0	1	xlat   %ds:(%ebx)
D8F0	2	fdiv   %st(0),%st
D9F0	2	f2xm1
DAF0	NONE	(bad)
DBF0	2	fcomi  %st(0),%st
DCF0	2	fdiv   %st,%st(0)
DDF0	NONE	(bad)
DEF0	2	fdivp  %st,%st(0)
DFF0	2	fcomip %st(0),%st
E0F0	2	loopne 0xfffffff2
E1F0	2	loope  0xfffffff2
E2F0	2	loop   0xfffffff2
E3F0	2	jecxz  0xfffffff2
E4F0	2	in     $0xf0,%al
E5F0	2	in     $0xf0,%eax
E6F0	2	out    %al,$0xf0
E7F0	2	out    %eax,$0xf0
E8F0	5	call   0x909090f5
E9F0	5	jmp    0x909090f5
EAF0	7	ljmp   $0x9090,$0x909090f0
EBF0	2	jmp    0xfffffff2
ECF0	1	in     (%dx),%al
EDF0	1	in     (%dx),%eax
EEF0	1	out    %al,(%dx)
EFF0	1	out    %eax,(%dx)
F0F0	3	lock lock nop
F1F0	1	int1
F2F0	3	repnz lock nop
F3F0	3	lock pause
F4F0	1	hlt
F5F0	1	cmc
F6F0	2	div    %al
F7F0	2	div    %eax
F8F0	1	clc
F9F0	1	stc
FAF0	1	cli
FBF0	1	sti
FCF0	1	cld
FDF0	1	std
FEF0	NONE	(bad)
FFF0	2	push   %eax
00F1	2	add    %dh,%cl
01F1	2	add    %esi,%ecx
02F1	2	add    %cl,%dh
03F1	2	add    %ecx,%esi
04F1	2	add    $0xf1,%al
05F1	5	add    $0x909090f1,%eax
06F1	1	push   %es
07F1	1	pop    %es
08F1	2	or     %dh,%cl
09F1	2	or     %esi,%ecx
0AF1	2	or     %cl,%dh
0BF1	2	or     %ecx,%esi
0CF1	2	or     $0xf1,%al
0DF1	5	or     $0x909090f1,%eax
0EF1	1	push   %cs
0FF1	7	psllw  -0x6f6f6f70(%eax),%mm2
10F1	2	adc    %dh,%cl
11F1	2	adc    %esi,%ecx
12F1	2	adc    %cl,%dh
13F1	2	adc    %ecx,%esi
14F1	2	adc    $0xf1,%al
15F1	5	adc    $0x909090f1,%eax
16F1	1	push   %ss
17F1	1	pop    %ss
18F1	2	sbb    %dh,%cl
19F1	2	sbb    %esi,%ecx
1AF1	2	sbb    %cl,%dh
1BF1	2	sbb    %ecx,%esi
1CF1	2	sbb    $0xf1,%al
1DF1	5	sbb    $0x909090f1,%eax
1EF1	1	push   %ds
1FF1	1	pop    %ds
20F1	2	and    %dh,%cl
21F1	2	and    %esi,%ecx
22F1	2	and    %cl,%dh
23F1	2	and    %ecx,%esi
24F1	2	and    $0xf1,%al
25F1	5	and    $0x909090f1,%eax
26F1	2	es int1
27F1	1	daa
28F1	2	sub    %dh,%cl
29F1	2	sub    %esi,%ecx
2AF1	2	sub    %cl,%dh
2BF1	2	sub    %ecx,%esi
2CF1	2	sub    $0xf1,%al
2DF1	5	sub    $0x909090f1,%eax
2EF1	2	cs int1
2FF1	1	das
30F1	2	xor    %dh,%cl
31F1	2	xor    %esi,%ecx
32F1	2	xor    %cl,%dh
33F1	2	xor    %ecx,%esi
34F1	2	xor    $0xf1,%al
35F1	5	xor    $0x909090f1,%eax
36F1	2	ss int1
37F1	1	aaa
38F1	2	cmp    %dh,%cl
39F1	2	cmp    %esi,%ecx
3AF1	2	cmp    %cl,%dh
3BF1	2	cmp    %ecx,%esi
3CF1	2	cmp    $0xf1,%al
3DF1	5	cmp    $0x909090f1,%eax
3EF1	2	ds int1
3FF1	1	aas
40F1	1	inc    %eax
41F1	1	inc    %ecx
42F1	1	inc    %edx
43F1	1	inc    %ebx
44F1	1	inc    %esp
45F1	1	inc    %ebp
46F1	1	inc    %esi
47F1	1	inc    %edi
48F1	1	dec    %eax
49F1	1	dec    %ecx
4AF1	1	dec    %edx
4BF1	1	dec    %ebx
4CF1	1	dec    %esp
4DF1	1	dec    %ebp
4EF1	1	dec    %esi
4FF1	1	dec    %edi
50F1	1	push   %eax
51F1	1	push   %ecx
52F1	1	push   %edx
53F1	1	push   %ebx
54F1	1	push   %esp
55F1	1	push   %ebp
56F1	1	push   %esi
57F1	1	push   %edi
58F1	1	pop    %eax
59F1	1	pop    %ecx
5AF1	1	pop    %edx
5BF1	1	pop    %ebx
5CF1	1	pop    %esp
5DF1	1	pop    %ebp
5EF1	1	pop    %esi
5FF1	1	pop    %edi
60F1	1	pusha
61F1	1	popa
62F1	NONE	(bad)  {rn-bad},{bad}
63F1	2	arpl   %esi,%ecx
64F1	2	fs int1
65F1	2	gs int1
66F1	2	data16 int1
67F1	2	addr16 int1
68F1	5	push   $0x909090f1
69F1	6	imul   $0x90909090,%ecx,%esi
6AF1	2	push   $0xfffffff1
6BF1	3	imul   $0xffffff90,%ecx,%esi
6CF1	1	insb   (%dx),%es:(%edi)
6DF1	1	insl   (%dx),%es:(%edi)
6EF1	1	outsb  %ds:(%esi),(%dx)
6FF1	1	outsl  %ds:(%esi),(%dx)
70F1	2	jo     0xfffffff3
71F1	2	jno    0xfffffff3
72F1	2	jb     0xfffffff3
73F1	2	jae    0xfffffff3
74F1	2	je     0xfffffff3
75F1	2	jne    0xfffffff3
76F1	2	jbe    0xfffffff3
77F1	2	ja     0xfffffff3
78F1	2	js     0xfffffff3
79F1	2	jns    0xfffffff3
7AF1	2	jp     0xfffffff3
7BF1	2	jnp    0xfffffff3
7CF1	2	jl     0xfffffff3
7DF1	2	jge    0xfffffff3
7EF1	2	jle    0xfffffff3
7FF1	2	jg     0xfffffff3
80F1	3	xor    $0x90,%cl
81F1	6	xor    $0x90909090,%ecx
82F1	3	xor    $0x90,%cl
83F1	3	xor    $0xffffff90,%ecx
84F1	2	test   %dh,%cl
85F1	2	test   %esi,%ecx
86F1	2	xchg   %dh,%cl
87F1	2	xchg   %esi,%ecx
88F1	2	mov    %dh,%cl
89F1	2	mov    %esi,%ecx
8AF1	2	mov    %cl,%dh
8BF1	2	mov    %ecx,%esi
8CF1	2	mov    %?,%ecx
8DF1	NONE	lea    (bad),%esi
8EF1	2	mov    %ecx,%?
8FF1	NONE	(bad)
90F1	1	nop
91F1	1	xchg   %eax,%ecx
92F1	1	xchg   %eax,%edx
93F1	1	xchg   %eax,%ebx
94F1	1	xchg   %eax,%esp
95F1	1	xchg   %eax,%ebp
96F1	1	xchg   %eax,%esi
97F1	1	xchg   %eax,%edi
98F1	1	cwtl
99F1	1	cltd
9AF1	7	lcall  $0x9090,$0x909090f1
9BF1	1	fwait
9CF1	1	pushf
9DF1	1	popf
9EF1	1	sahf
9FF1	1	lahf
A0F1	5	mov    0x909090f1,%al
A1F1	5	mov    0x909090f1,%eax
A2F1	5	mov    %al,0x909090f1
A3F1	5	mov    %eax,0x909090f1
A4F1	1	movsb  %ds:(%esi),%es:(%edi)
A5F1	1	movsl  %ds:(%esi),%es:(%edi)
A6F1	1	cmpsb  %es:(%edi),%ds:(%esi)
A7F1	1	cmpsl  %es:(%edi),%ds:(%esi)
A8F1	2	test   $0xf1,%al
A9F1	5	test   $0x909090f1,%eax
AAF1	1	stos   %al,%es:(%edi)
ABF1	1	stos   %eax,%es:(%edi)
ACF1	1	lods   %ds:(%esi),%al
ADF1	1	lods   %ds:(%esi),%eax
AEF1	1	scas   %es:(%edi),%al
AFF1	1	scas   %es:(%edi),%eax
B0F1	2	mov    $0xf1,%al
B1F1	2	mov    $0xf1,%cl
B2F1	2	mov    $0xf1,%dl
B3F1	2	mov    $0xf1,%bl
B4F1	2	mov    $0xf1,%ah
B5F1	2	mov    $0xf1,%ch
B6F1	2	mov    $0xf1,%dh
B7F1	2	mov    $0xf1,%bh
B8F1	5	mov    $0x909090f1,%eax
B9F1	5	mov    $0x909090f1,%ecx
BAF1	5	mov    $0x909090f1,%edx
BBF1	5	mov    $0x909090f1,%ebx
BCF1	5	mov    $0x909090f1,%esp
BDF1	5	mov    $0x909090f1,%ebp
BEF1	5	mov    $0x909090f1,%esi
BFF1	5	mov    $0x909090f1,%edi
C0F1	3	shl    $0x90,%cl
C1F1	3	shl    $0x90,%ecx
C2F1	3	ret    $0x90f1
C3F1	1	ret
C4F1	NONE	(bad)
C5F1	NONE	(bad)
C6F1	NONE	(bad)
C7F1	NONE	(bad)
C8F1	4	enter  $0x90f1,$0x90
C9F1	1	leave
CAF1	3	lret   $0x90f1
CBF1	1	lret
CCF1	1	int3
CDF1	2	int    $0xf1
CEF1	1	into
CFF1	1	iret
D0F1	2	shl    $1,%cl
D1F1	2	shl    $1,%ecx
D2F1	2	shl    %cl,%cl
D3F1	2	shl    %cl,%ecx
D4F1	2	aam    $0xf1
D5F1	2	aad    $0xf1
D6F1	NONE	(bad)
D7F1	1	xlat   %ds:(%ebx)
D8F1	2	fdiv   %st(1),%st
D9F1	2	fyl2x
DAF1	NONE	(bad)
DBF1	2	fcomi  %st(1),%st
DCF1	2	fdiv   %st,%st(1)
DDF1	NONE	(bad)
DEF1	2	fdivp  %st,%st(1)
DFF1	2	fcomip %st(1),%st
E0F1	2	loopne 0xfffffff3
E1F1	2	loope  0xfffffff3
E2F1	2	loop   0xfffffff3
E3F1	2	jecxz  0xfffffff3
E4F1	2	in     $0xf1,%al
E5F1	2	in     $0xf1,%eax
E6F1	2	out    %al,$0xf1
E7F1	2	out    %eax,$0xf1
E8F1	5	call   0x909090f6
E9F1	5	jmp    0x909090f6
EAF1	7	ljmp   $0x9090,$0x909090f1
EBF1	2	jmp    0xfffffff3
ECF1	1	in     (%dx),%al
EDF1	1	in     (%dx),%eax
EEF1	1	out    %al,(%dx)
EFF1	1	out    %eax,(%dx)
F0F1	2	lock int1
F1F1	1	int1
F2F1	2	repnz int1
F3F1	2	repz int1
F4F1	1	hlt
F5F1	1	cmc
F6F1	2	div    %cl
F7F1	2	div    %ecx
F8F1	1	clc
F9F1	1	stc
FAF1	1	cli
FBF1	1	sti
FCF1	1	cld
FDF1	1	std
FEF1	NONE	(bad)
FFF1	2	push   %ecx
00F2	2	add    %dh,%dl
01F2	2	add    %esi,%edx
02F2	2	add    %dl,%dh
03F2	2	add    %edx,%esi
04F2	2	add    $0xf2,%al
05F2	5	add    $0x909090f2,%eax
06F2	1	push   %es
07F2	1	pop    %es
08F2	2	or     %dh,%dl
09F2	2	or     %esi,%edx
0AF2	2	or     %dl,%dh
0BF2	2	or     %edx,%esi
0CF2	2	or     $0xf2,%al
0DF2	5	or     $0x909090f2,%eax
0EF2	1	push   %cs
0FF2	7	pslld  -0x6f6f6f70(%eax),%mm2
10F2	2	adc    %dh,%dl
11F2	2	adc    %esi,%edx
12F2	2	adc    %dl,%dh
13F2	2	adc    %edx,%esi
14F2	2	adc    $0xf2,%al
15F2	5	adc    $0x909090f2,%eax
16F2	1	push   %ss
17F2	1	pop    %ss
18F2	2	sbb    %dh,%dl
19F2	2	sbb    %esi,%edx
1AF2	2	sbb    %dl,%dh
1BF2	2	sbb    %edx,%esi
1CF2	2	sbb    $0xf2,%al
1DF2	5	sbb    $0x909090f2,%eax
1EF2	1	push   %ds
1FF2	1	pop    %ds
20F2	2	and    %dh,%dl
21F2	2	and    %esi,%edx
22F2	2	and    %dl,%dh
23F2	2	and    %edx,%esi
24F2	2	and    $0xf2,%al
25F2	5	and    $0x909090f2,%eax
26F2	3	es repnz nop
27F2	1	daa
28F2	2	sub    %dh,%dl
29F2	2	sub    %esi,%edx
2AF2	2	sub    %dl,%dh
2BF2	2	sub    %edx,%esi
2CF2	2	sub    $0xf2,%al
2DF2	5	sub    $0x909090f2,%eax
2EF2	3	cs repnz nop
2FF2	1	das
30F2	2	xor    %dh,%dl
31F2	2	xor    %esi,%edx
32F2	2	xor    %dl,%dh
33F2	2	xor    %edx,%esi
34F2	2	xor    $0xf2,%al
35F2	5	xor    $0x909090f2,%eax
36F2	3	ss repnz nop
37F2	1	aaa
38F2	2	cmp    %dh,%dl
39F2	2	cmp    %esi,%edx
3AF2	2	cmp    %dl,%dh
3BF2	2	cmp    %edx,%esi
3CF2	2	cmp    $0xf2,%al
3DF2	5	cmp    $0x909090f2,%eax
3EF2	3	ds repnz nop
3FF2	1	aas
40F2	1	inc    %eax
41F2	1	inc    %ecx
42F2	1	inc    %edx
43F2	1	inc    %ebx
44F2	1	inc    %esp
45F2	1	inc    %ebp
46F2	1	inc    %esi
47F2	1	inc    %edi
48F2	1	dec    %eax
49F2	1	dec    %ecx
4AF2	1	dec    %edx
4BF2	1	dec    %ebx
4CF2	1	dec    %esp
4DF2	1	dec    %ebp
4EF2	1	dec    %esi
4FF2	1	dec    %edi
50F2	1	push   %eax
51F2	1	push   %ecx
52F2	1	push   %edx
53F2	1	push   %ebx
54F2	1	push   %esp
55F2	1	push   %ebp
56F2	1	push   %esi
57F2	1	push   %edi
58F2	1	pop    %eax
59F2	1	pop    %ecx
5AF2	1	pop    %edx
5BF2	1	pop    %ebx
5CF2	1	pop    %esp
5DF2	1	pop    %ebp
5EF2	1	pop    %esi
5FF2	1	pop    %edi
60F2	1	pusha
61F2	1	popa
62F2	NONE	(bad)  {rn-bad},{bad}
63F2	2	arpl   %esi,%edx
64F2	3	fs repnz nop
65F2	3	gs repnz nop
66F2	3	repnz xchg %ax,%ax
67F2	3	addr16 repnz nop
68F2	5	push   $0x909090f2
69F2	6	imul   $0x90909090,%edx,%esi
6AF2	2	push   $0xfffffff2
6BF2	3	imul   $0xffffff90,%edx,%esi
6CF2	1	insb   (%dx),%es:(%edi)
6DF2	1	insl   (%dx),%es:(%edi)
6EF2	1	outsb  %ds:(%esi),(%dx)
6FF2	1	outsl  %ds:(%esi),(%dx)
70F2	2	jo     0xfffffff4
71F2	2	jno    0xfffffff4
72F2	2	jb     0xfffffff4
73F2	2	jae    0xfffffff4
74F2	2	je     0xfffffff4
75F2	2	jne    0xfffffff4
76F2	2	jbe    0xfffffff4
77F2	2	ja     0xfffffff4
78F2	2	js     0xfffffff4
79F2	2	jns    0xfffffff4
7AF2	2	jp     0xfffffff4
7BF2	2	jnp    0xfffffff4
7CF2	2	jl     0xfffffff4
7DF2	2	jge    0xfffffff4
7EF2	2	jle    0xfffffff4
7FF2	2	jg     0xfffffff4
80F2	3	xor    $0x90,%dl
81F2	6	xor    $0x90909090,%edx
82F2	3	xor    $0x90,%dl
83F2	3	xor    $0xffffff90,%edx
84F2	2	test   %dh,%dl
85F2	2	test   %esi,%edx
86F2	2	xchg   %dh,%dl
87F2	2	xchg   %esi,%edx
88F2	2	mov    %dh,%dl
89F2	2	mov    %esi,%edx
8AF2	2	mov    %dl,%dh
8BF2	2	mov    %edx,%esi
8CF2	2	mov    %?,%edx
8DF2	NONE	lea    (bad),%esi
8EF2	2	mov    %edx,%?
8FF2	NONE	(bad)
90F2	1	nop
91F2	1	xchg   %eax,%ecx
92F2	1	xchg   %eax,%edx
93F2	1	xchg   %eax,%ebx
94F2	1	xchg   %eax,%esp
95F2	1	xchg   %eax,%ebp
96F2	1	xchg   %eax,%esi
97F2	1	xchg   %eax,%edi
98F2	1	cwtl
99F2	1	cltd
9AF2	7	lcall  $0x9090,$0x909090f2
9BF2	1	fwait
9CF2	1	pushf
9DF2	1	popf
9EF2	1	sahf
9FF2	1	lahf
A0F2	5	mov    0x909090f2,%al
A1F2	5	mov    0x909090f2,%eax
A2F2	5	mov    %al,0x909090f2
A3F2	5	mov    %eax,0x909090f2
A4F2	1	movsb  %ds:(%esi),%es:(%edi)
A5F2	1	movsl  %ds:(%esi),%es:(%edi)
A6F2	1	cmpsb  %es:(%edi),%ds:(%esi)
A7F2	1	cmpsl  %es:(%edi),%ds:(%esi)
A8F2	2	test   $0xf2,%al
A9F2	5	test   $0x909090f2,%eax
AAF2	1	stos   %al,%es:(%edi)
ABF2	1	stos   %eax,%es:(%edi)
ACF2	1	lods   %ds:(%esi),%al
ADF2	1	lods   %ds:(%esi),%eax
AEF2	1	scas   %es:(%edi),%al
AFF2	1	scas   %es:(%edi),%eax
B0F2	2	mov    $0xf2,%al
B1F2	2	mov    $0xf2,%cl
B2F2	2	mov    $0xf2,%dl
B3F2	2	mov    $0xf2,%bl
B4F2	2	mov    $0xf2,%ah
B5F2	2	mov    $0xf2,%ch
B6F2	2	mov    $0xf2,%dh
B7F2	2	mov    $0xf2,%bh
B8F2	5	mov    $0x909090f2,%eax
B9F2	5	mov    $0x909090f2,%ecx
BAF2	5	mov    $0x909090f2,%edx
BBF2	5	mov    $0x909090f2,%ebx
BCF2	5	mov    $0x909090f2,%esp
BDF2	5	mov    $0x909090f2,%ebp
BEF2	5	mov    $0x909090f2,%esi
BFF2	5	mov    $0x909090f2,%edi
C0F2	3	shl    $0x90,%dl
C1F2	3	shl    $0x90,%edx
C2F2	3	ret    $0x90f2
C3F2	1	ret
C4F2	NONE	(bad)
C5F2	NONE	(bad)
C6F2	NONE	(bad)
C7F2	NONE	(bad)
C8F2	4	enter  $0x90f2,$0x90
C9F2	1	leave
CAF2	3	lret   $0x90f2
CBF2	1	lret
CCF2	1	int3
CDF2	2	int    $0xf2
CEF2	1	into
CFF2	1	iret
D0F2	2	shl    $1,%dl
D1F2	2	shl    $1,%edx
D2F2	2	shl    %cl,%dl
D3F2	2	shl    %cl,%edx
D4F2	2	aam    $0xf2
D5F2	2	aad    $0xf2
D6F2	NONE	(bad)
D7F2	1	xlat   %ds:(%ebx)
D8F2	2	fdiv   %st(2),%st
D9F2	2	fptan
DAF2	NONE	(bad)
DBF2	2	fcomi  %st(2),%st
DCF2	2	fdiv   %st,%st(2)
DDF2	NONE	(bad)
DEF2	2	fdivp  %st,%st(2)
DFF2	2	fcomip %st(2),%st
E0F2	2	loopne 0xfffffff4
E1F2	2	loope  0xfffffff4
E2F2	2	loop   0xfffffff4
E3F2	2	jecxz  0xfffffff4
E4F2	2	in     $0xf2,%al
E5F2	2	in     $0xf2,%eax
E6F2	2	out    %al,$0xf2
E7F2	2	out    %eax,$0xf2
E8F2	5	call   0x909090f7
E9F2	5	jmp    0x909090f7
EAF2	7	ljmp   $0x9090,$0x909090f2
EBF2	2	jmp    0xfffffff4
ECF2	1	in     (%dx),%al
EDF2	1	in     (%dx),%eax
EEF2	1	out    %al,(%dx)
EFF2	1	out    %eax,(%dx)
F0F2	3	lock repnz nop
F1F2	1	int1
F2F2	3	repnz repnz nop
F3F2	3	repz repnz nop
F4F2	1	hlt
F5F2	1	cmc
F6F2	2	div    %dl
F7F2	2	div    %edx
F8F2	1	clc
F9F2	1	stc
FAF2	1	cli
FBF2	1	sti
FCF2	1	cld
FDF2	1	std
FEF2	NONE	(bad)
FFF2	2	push   %edx
00F3	2	add    %dh,%bl
01F3	2	add    %esi,%ebx
02F3	2	add    %bl,%dh
03F3	2	add    %ebx,%esi
04F3	2	add    $0xf3,%al
05F3	5	add    $0x909090f3,%eax
06F3	1	push   %es
07F3	1	pop    %es
08F3	2	or     %dh,%bl
09F3	2	or     %esi,%ebx
0AF3	2	or     %bl,%dh
0BF3	2	or     %ebx,%esi
0CF3	2	or     $0xf3,%al
0DF3	5	or     $0x909090f3,%eax
0EF3	1	push   %cs
0FF3	7	psllq  -0x6f6f6f70(%eax),%mm2
10F3	2	adc    %dh,%bl
11F3	2	adc    %esi,%ebx
12F3	2	adc    %bl,%dh
13F3	2	adc    %ebx,%esi
14F3	2	adc    $0xf3,%al
15F3	5	adc    $0x909090f3,%eax
16F3	1	push   %ss
17F3	1	pop    %ss
18F3	2	sbb    %dh,%bl
19F3	2	sbb    %esi,%ebx
1AF3	2	sbb    %bl,%dh
1BF3	2	sbb    %ebx,%esi
1CF3	2	sbb    $0xf3,%al
1DF3	5	sbb    $0x909090f3,%eax
1EF3	1	push   %ds
1FF3	1	pop    %ds
20F3	2	and    %dh,%bl
21F3	2	and    %esi,%ebx
22F3	2	and    %bl,%dh
23F3	2	and    %ebx,%esi
24F3	2	and    $0xf3,%al
25F3	5	and    $0x909090f3,%eax
26F3	3	es pause
27F3	1	daa
28F3	2	sub    %dh,%bl
29F3	2	sub    %esi,%ebx
2AF3	2	sub    %bl,%dh
2BF3	2	sub    %ebx,%esi
2CF3	2	sub    $0xf3,%al
2DF3	5	sub    $0x909090f3,%eax
2EF3	3	cs pause
2FF3	1	das
30F3	2	xor    %dh,%bl
31F3	2	xor    %esi,%ebx
32F3	2	xor    %bl,%dh
33F3	2	xor    %ebx,%esi
34F3	2	xor    $0xf3,%al
35F3	5	xor    $0x909090f3,%eax
36F3	3	ss pause
37F3	1	aaa
38F3	2	cmp    %dh,%bl
39F3	2	cmp    %esi,%ebx
3AF3	2	cmp    %bl,%dh
3BF3	2	cmp    %ebx,%esi
3CF3	2	cmp    $0xf3,%al
3DF3	5	cmp    $0x909090f3,%eax
3EF3	3	ds pause
3FF3	1	aas
40F3	1	inc    %eax
41F3	1	inc    %ecx
42F3	1	inc    %edx
43F3	1	inc    %ebx
44F3	1	inc    %esp
45F3	1	inc    %ebp
46F3	1	inc    %esi
47F3	1	inc    %edi
48F3	1	dec    %eax
49F3	1	dec    %ecx
4AF3	1	dec    %edx
4BF3	1	dec    %ebx
4CF3	1	dec    %esp
4DF3	1	dec    %ebp
4EF3	1	dec    %esi
4FF3	1	dec    %edi
50F3	1	push   %eax
51F3	1	push   %ecx
52F3	1	push   %edx
53F3	1	push   %ebx
54F3	1	push   %esp
55F3	1	push   %ebp
56F3	1	push   %esi
57F3	1	push   %edi
58F3	1	pop    %eax
59F3	1	pop    %ecx
5AF3	1	pop    %edx
5BF3	1	pop    %ebx
5CF3	1	pop    %esp
5DF3	1	pop    %ebp
5EF3	1	pop    %esi
5FF3	1	pop    %edi
60F3	1	pusha
61F3	1	popa
62F3	NONE	(bad)  {rn-bad},{bad}
63F3	2	arpl   %esi,%ebx
64F3	3	fs pause
65F3	3	gs pause
66F3	3	data16 pause
67F3	3	addr16 pause
68F3	5	push   $0x909090f3
69F3	6	imul   $0x90909090,%ebx,%esi
6AF3	2	push   $0xfffffff3
6BF3	3	imul   $0xffffff90,%ebx,%esi
6CF3	1	insb   (%dx),%es:(%edi)
6DF3	1	insl   (%dx),%es:(%edi)
6EF3	1	outsb  %ds:(%esi),(%dx)
6FF3	1	outsl  %ds:(%esi),(%dx)
70F3	2	jo     0xfffffff5
71F3	2	jno    0xfffffff5
72F3	2	jb     0xfffffff5
73F3	2	jae    0xfffffff5
74F3	2	je     0xfffffff5
75F3	2	jne    0xfffffff5
76F3	2	jbe    0xfffffff5
77F3	2	ja     0xfffffff5
78F3	2	js     0xfffffff5
79F3	2	jns    0xfffffff5
7AF3	2	jp     0xfffffff5
7BF3	2	jnp    0xfffffff5
7CF3	2	jl     0xfffffff5
7DF3	2	jge    0xfffffff5
7EF3	2	jle    0xfffffff5
7FF3	2	jg     0xfffffff5
80F3	3	xor    $0x90,%bl
81F3	6	xor    $0x90909090,%ebx
82F3	3	xor    $0x90,%bl
83F3	3	xor    $0xffffff90,%ebx
84F3	2	test   %dh,%bl
85F3	2	test   %esi,%ebx
86F3	2	xchg   %dh,%bl
87F3	2	xchg   %esi,%ebx
88F3	2	mov    %dh,%bl
89F3	2	mov    %esi,%ebx
8AF3	2	mov    %bl,%dh
8BF3	2	mov    %ebx,%esi
8CF3	2	mov    %?,%ebx
8DF3	NONE	lea    (bad),%esi
8EF3	2	mov    %ebx,%?
8FF3	NONE	(bad)
90F3	1	nop
91F3	1	xchg   %eax,%ecx
92F3	1	xchg   %eax,%edx
93F3	1	xchg   %eax,%ebx
94F3	1	xchg   %eax,%esp
95F3	1	xchg   %eax,%ebp
96F3	1	xchg   %eax,%esi
97F3	1	xchg   %eax,%edi
98F3	1	cwtl
99F3	1	cltd
9AF3	7	lcall  $0x9090,$0x909090f3
9BF3	1	fwait
9CF3	1	pushf
9DF3	1	popf
9EF3	1	sahf
9FF3	1	lahf
A0F3	5	mov    0x909090f3,%al
A1F3	5	mov    0x909090f3,%eax
A2F3	5	mov    %al,0x909090f3
A3F3	5	mov    %eax,0x909090f3
A4F3	1	movsb  %ds:(%esi),%es:(%edi)
A5F3	1	movsl  %ds:(%esi),%es:(%edi)
A6F3	1	cmpsb  %es:(%edi),%ds:(%esi)
A7F3	1	cmpsl  %es:(%edi),%ds:(%esi)
A8F3	2	test   $0xf3,%al
A9F3	5	test   $0x909090f3,%eax
AAF3	1	stos   %al,%es:(%edi)
ABF3	1	stos   %eax,%es:(%edi)
ACF3	1	lods   %ds:(%esi),%al
ADF3	1	lods   %ds:(%esi),%eax
AEF3	1	scas   %es:(%edi),%al
AFF3	1	scas   %es:(%edi),%eax
B0F3	2	mov    $0xf3,%al
B1F3	2	mov    $0xf3,%cl
B2F3	2	mov    $0xf3,%dl
B3F3	2	mov    $0xf3,%bl
B4F3	2	mov    $0xf3,%ah
B5F3	2	mov    $0xf3,%ch
B6F3	2	mov    $0xf3,%dh
B7F3	2	mov    $0xf3,%bh
B8F3	5	mov    $0x909090f3,%eax
B9F3	5	mov    $0x909090f3,%ecx
BAF3	5	mov    $0x909090f3,%edx
BBF3	5	mov    $0x909090f3,%ebx
BCF3	5	mov    $0x909090f3,%esp
BDF3	5	mov    $0x909090f3,%ebp
BEF3	5	mov    $0x909090f3,%esi
BFF3	5	mov    $0x909090f3,%edi
C0F3	3	shl    $0x90,%bl
C1F3	3	shl    $0x90,%ebx
C2F3	3	ret    $0x90f3
C3F3	1	ret
C4F3	NONE	(bad)
C5F3	NONE	(bad)
C6F3	NONE	(bad)
C7F3	NONE	(bad)
C8F3	4	enter  $0x90f3,$0x90
C9F3	1	leave
CAF3	3	lret   $0x90f3
CBF3	1	lret
CCF3	1	int3
CDF3	2	int    $0xf3
CEF3	1	into
CFF3	1	iret
D0F3	2	shl    $1,%bl
D1F3	2	shl    $1,%ebx
D2F3	2	shl    %cl,%bl
D3F3	2	shl    %cl,%ebx
D4F3	2	aam    $0xf3
D5F3	2	aad    $0xf3
D6F3	NONE	(bad)
D7F3	1	xlat   %ds:(%ebx)
D8F3	2	fdiv   %st(3),%st
D9F3	2	fpatan
DAF3	NONE	(bad)
DBF3	2	fcomi  %st(3),%st
DCF3	2	fdiv   %st,%st(3)
DDF3	NONE	(bad)
DEF3	2	fdivp  %st,%st(3)
DFF3	2	fcomip %st(3),%st
E0F3	2	loopne 0xfffffff5
E1F3	2	loope  0xfffffff5
E2F3	2	loop   0xfffffff5
E3F3	2	jecxz  0xfffffff5
E4F3	2	in     $0xf3,%al
E5F3	2	in     $0xf3,%eax
E6F3	2	out    %al,$0xf3
E7F3	2	out    %eax,$0xf3
E8F3	5	call   0x909090f8
E9F3	5	jmp    0x909090f8
EAF3	7	ljmp   $0x9090,$0x909090f3
EBF3	2	jmp    0xfffffff5
ECF3	1	in     (%dx),%al
EDF3	1	in     (%dx),%eax
EEF3	1	out    %al,(%dx)
EFF3	1	out    %eax,(%dx)
F0F3	3	lock pause
F1F3	1	int1
F2F3	3	repnz pause
F3F3	3	repz pause
F4F3	1	hlt
F5F3	1	cmc
F6F3	2	div    %bl
F7F3	2	div    %ebx
F8F3	1	clc
F9F3	1	stc
FAF3	1	cli
FBF3	1	sti
FCF3	1	cld
FDF3	1	std
FEF3	NONE	(bad)
FFF3	2	push   %ebx
00F4	2	add    %dh,%ah
01F4	2	add    %esi,%esp
02F4	2	add    %ah,%dh
03F4	2	add    %esp,%esi
04F4	2	add    $0xf4,%al
05F4	5	add    $0x909090f4,%eax
06F4	1	push   %es
07F4	1	pop    %es
08F4	2	or     %dh,%ah
09F4	2	or     %esi,%esp
0AF4	2	or     %ah,%dh
0BF4	2	or     %esp,%esi
0CF4	2	or     $0xf4,%al
0DF4	5	or     $0x909090f4,%eax
0EF4	1	push   %cs
0FF4	7	pmuludq -0x6f6f6f70(%eax),%mm2
10F4	2	adc    %dh,%ah
11F4	2	adc    %esi,%esp
12F4	2	adc    %ah,%dh
13F4	2	adc    %esp,%esi
14F4	2	adc    $0xf4,%al
15F4	5	adc    $0x909090f4,%eax
16F4	1	push   %ss
17F4	1	pop    %ss
18F4	2	sbb    %dh,%ah
19F4	2	sbb    %esi,%esp
1AF4	2	sbb    %ah,%dh
1BF4	2	sbb    %esp,%esi
1CF4	2	sbb    $0xf4,%al
1DF4	5	sbb    $0x909090f4,%eax
1EF4	1	push   %ds
1FF4	1	pop    %ds
20F4	2	and    %dh,%ah
21F4	2	and    %esi,%esp
22F4	2	and    %ah,%dh
23F4	2	and    %esp,%esi
24F4	2	and    $0xf4,%al
25F4	5	and    $0x909090f4,%eax
26F4	2	es hlt
27F4	1	daa
28F4	2	sub    %dh,%ah
29F4	2	sub    %esi,%esp
2AF4	2	sub    %ah,%dh
2BF4	2	sub    %esp,%esi
2CF4	2	sub    $0xf4,%al
2DF4	5	sub    $0x909090f4,%eax
2EF4	2	cs hlt
2FF4	1	das
30F4	2	xor    %dh,%ah
31F4	2	xor    %esi,%esp
32F4	2	xor    %ah,%dh
33F4	2	xor    %esp,%esi
34F4	2	xor    $0xf4,%al
35F4	5	xor    $0x909090f4,%eax
36F4	2	ss hlt
37F4	1	aaa
38F4	2	cmp    %dh,%ah
39F4	2	cmp    %esi,%esp
3AF4	2	cmp    %ah,%dh
3BF4	2	cmp    %esp,%esi
3CF4	2	cmp    $0xf4,%al
3DF4	5	cmp    $0x909090f4,%eax
3EF4	2	ds hlt
3FF4	1	aas
40F4	1	inc    %eax
41F4	1	inc    %ecx
42F4	1	inc    %edx
43F4	1	inc    %ebx
44F4	1	inc    %esp
45F4	1	inc    %ebp
46F4	1	inc    %esi
47F4	1	inc    %edi
48F4	1	dec    %eax
49F4	1	dec    %ecx
4AF4	1	dec    %edx
4BF4	1	dec    %ebx
4CF4	1	dec    %esp
4DF4	1	dec    %ebp
4EF4	1	dec    %esi
4FF4	1	dec    %edi
50F4	1	push   %eax
51F4	1	push   %ecx
52F4	1	push   %edx
53F4	1	push   %ebx
54F4	1	push   %esp
55F4	1	push   %ebp
56F4	1	push   %esi
57F4	1	push   %edi
58F4	1	pop    %eax
59F4	1	pop    %ecx
5AF4	1	pop    %edx
5BF4	1	pop    %ebx
5CF4	1	pop    %esp
5DF4	1	pop    %ebp
5EF4	1	pop    %esi
5FF4	1	pop    %edi
60F4	1	pusha
61F4	1	popa
62F4	NONE	(bad)
63F4	2	arpl   %esi,%esp
64F4	2	fs hlt
65F4	2	gs hlt
66F4	2	data16 hlt
67F4	2	addr16 hlt
68F4	5	push   $0x909090f4
69F4	6	imul   $0x90909090,%esp,%esi
6AF4	2	push   $0xfffffff4
6BF4	3	imul   $0xffffff90,%esp,%esi
6CF4	1	insb   (%dx),%es:(%edi)
6DF4	1	insl   (%dx),%es:(%edi)
6EF4	1	outsb  %ds:(%esi),(%dx)
6FF4	1	outsl  %ds:(%esi),(%dx)
70F4	2	jo     0xfffffff6
71F4	2	jno    0xfffffff6
72F4	2	jb     0xfffffff6
73F4	2	jae    0xfffffff6
74F4	2	je     0xfffffff6
75F4	2	jne    0xfffffff6
76F4	2	jbe    0xfffffff6
77F4	2	ja     0xfffffff6
78F4	2	js     0xfffffff6
79F4	2	jns    0xfffffff6
7AF4	2	jp     0xfffffff6
7BF4	2	jnp    0xfffffff6
7CF4	2	jl     0xfffffff6
7DF4	2	jge    0xfffffff6
7EF4	2	jle    0xfffffff6
7FF4	2	jg     0xfffffff6
80F4	3	xor    $0x90,%ah
81F4	6	xor    $0x90909090,%esp
82F4	3	xor    $0x90,%ah
83F4	3	xor    $0xffffff90,%esp
84F4	2	test   %dh,%ah
85F4	2	test   %esi,%esp
86F4	2	xchg   %dh,%ah
87F4	2	xchg   %esi,%esp
88F4	2	mov    %dh,%ah
89F4	2	mov    %esi,%esp
8AF4	2	mov    %ah,%dh
8BF4	2	mov    %esp,%esi
8CF4	2	mov    %?,%esp
8DF4	NONE	lea    (bad),%esi
8EF4	2	mov    %esp,%?
8FF4	NONE	(bad)
90F4	1	nop
91F4	1	xchg   %eax,%ecx
92F4	1	xchg   %eax,%edx
93F4	1	xchg   %eax,%ebx
94F4	1	xchg   %eax,%esp
95F4	1	xchg   %eax,%ebp
96F4	1	xchg   %eax,%esi
97F4	1	xchg   %eax,%edi
98F4	1	cwtl
99F4	1	cltd
9AF4	7	lcall  $0x9090,$0x909090f4
9BF4	1	fwait
9CF4	1	pushf
9DF4	1	popf
9EF4	1	sahf
9FF4	1	lahf
A0F4	5	mov    0x909090f4,%al
A1F4	5	mov    0x909090f4,%eax
A2F4	5	mov    %al,0x909090f4
A3F4	5	mov    %eax,0x909090f4
A4F4	1	movsb  %ds:(%esi),%es:(%edi)
A5F4	1	movsl  %ds:(%esi),%es:(%edi)
A6F4	1	cmpsb  %es:(%edi),%ds:(%esi)
A7F4	1	cmpsl  %es:(%edi),%ds:(%esi)
A8F4	2	test   $0xf4,%al
A9F4	5	test   $0x909090f4,%eax
AAF4	1	stos   %al,%es:(%edi)
ABF4	1	stos   %eax,%es:(%edi)
ACF4	1	lods   %ds:(%esi),%al
ADF4	1	lods   %ds:(%esi),%eax
AEF4	1	scas   %es:(%edi),%al
AFF4	1	scas   %es:(%edi),%eax
B0F4	2	mov    $0xf4,%al
B1F4	2	mov    $0xf4,%cl
B2F4	2	mov    $0xf4,%dl
B3F4	2	mov    $0xf4,%bl
B4F4	2	mov    $0xf4,%ah
B5F4	2	mov    $0xf4,%ch
B6F4	2	mov    $0xf4,%dh
B7F4	2	mov    $0xf4,%bh
B8F4	5	mov    $0x909090f4,%eax
B9F4	5	mov    $0x909090f4,%ecx
BAF4	5	mov    $0x909090f4,%edx
BBF4	5	mov    $0x909090f4,%ebx
BCF4	5	mov    $0x909090f4,%esp
BDF4	5	mov    $0x909090f4,%ebp
BEF4	5	mov    $0x909090f4,%esi
BFF4	5	mov    $0x909090f4,%edi
C0F4	3	shl    $0x90,%ah
C1F4	3	shl    $0x90,%esp
C2F4	3	ret    $0x90f4
C3F4	1	ret
C4F4	NONE	(bad)
C5F4	NONE	(bad)
C6F4	NONE	(bad)
C7F4	NONE	(bad)
C8F4	4	enter  $0x90f4,$0x90
C9F4	1	leave
CAF4	3	lret   $0x90f4
CBF4	1	lret
CCF4	1	int3
CDF4	2	int    $0xf4
CEF4	1	into
CFF4	1	iret
D0F4	2	shl    $1,%ah
D1F4	2	shl    $1,%esp
D2F4	2	shl    %cl,%ah
D3F4	2	shl    %cl,%esp
D4F4	2	aam    $0xf4
D5F4	2	aad    $0xf4
D6F4	NONE	(bad)
D7F4	1	xlat   %ds:(%ebx)
D8F4	2	fdiv   %st(4),%st
D9F4	2	fxtract
DAF4	NONE	(bad)
DBF4	2	fcomi  %st(4),%st
DCF4	2	fdiv   %st,%st(4)
DDF4	NONE	(bad)
DEF4	2	fdivp  %st,%st(4)
DFF4	2	fcomip %st(4),%st
E0F4	2	loopne 0xfffffff6
E1F4	2	loope  0xfffffff6
E2F4	2	loop   0xfffffff6
E3F4	2	jecxz  0xfffffff6
E4F4	2	in     $0xf4,%al
E5F4	2	in     $0xf4,%eax
E6F4	2	out    %al,$0xf4
E7F4	2	out    %eax,$0xf4
E8F4	5	call   0x909090f9
E9F4	5	jmp    0x909090f9
EAF4	7	ljmp   $0x9090,$0x909090f4
EBF4	2	jmp    0xfffffff6
ECF4	1	in     (%dx),%al
EDF4	1	in     (%dx),%eax
EEF4	1	out    %al,(%dx)
EFF4	1	out    %eax,(%dx)
F0F4	2	lock hlt
F1F4	1	int1
F2F4	2	repnz hlt
F3F4	2	repz hlt
F4F4	1	hlt
F5F4	1	cmc
F6F4	2	div    %ah
F7F4	2	div    %esp
F8F4	1	clc
F9F4	1	stc
FAF4	1	cli
FBF4	1	sti
FCF4	1	cld
FDF4	1	std
FEF4	NONE	(bad)
FFF4	2	push   %esp
00F5	2	add    %dh,%ch
01F5	2	add    %esi,%ebp
02F5	2	add    %ch,%dh
03F5	2	add    %ebp,%esi
04F5	2	add    $0xf5,%al
05F5	5	add    $0x909090f5,%eax
06F5	1	push   %es
07F5	1	pop    %es
08F5	2	or     %dh,%ch
09F5	2	or     %esi,%ebp
0AF5	2	or     %ch,%dh
0BF5	2	or     %ebp,%esi
0CF5	2	or     $0xf5,%al
0DF5	5	or     $0x909090f5,%eax
0EF5	1	push   %cs
0FF5	7	pmaddwd -0x6f6f6f70(%eax),%mm2
10F5	2	adc    %dh,%ch
11F5	2	adc    %esi,%ebp
12F5	2	adc    %ch,%dh
13F5	2	adc    %ebp,%esi
14F5	2	adc    $0xf5,%al
15F5	5	adc    $0x909090f5,%eax
16F5	1	push   %ss
17F5	1	pop    %ss
18F5	2	sbb    %dh,%ch
19F5	2	sbb    %esi,%ebp
1AF5	2	sbb    %ch,%dh
1BF5	2	sbb    %ebp,%esi
1CF5	2	sbb    $0xf5,%al
1DF5	5	sbb    $0x909090f5,%eax
1EF5	1	push   %ds
1FF5	1	pop    %ds
20F5	2	and    %dh,%ch
21F5	2	and    %esi,%ebp
22F5	2	and    %ch,%dh
23F5	2	and    %ebp,%esi
24F5	2	and    $0xf5,%al
25F5	5	and    $0x909090f5,%eax
26F5	2	es cmc
27F5	1	daa
28F5	2	sub    %dh,%ch
29F5	2	sub    %esi,%ebp
2AF5	2	sub    %ch,%dh
2BF5	2	sub    %ebp,%esi
2CF5	2	sub    $0xf5,%al
2DF5	5	sub    $0x909090f5,%eax
2EF5	2	cs cmc
2FF5	1	das
30F5	2	xor    %dh,%ch
31F5	2	xor    %esi,%ebp
32F5	2	xor    %ch,%dh
33F5	2	xor    %ebp,%esi
34F5	2	xor    $0xf5,%al
35F5	5	xor    $0x909090f5,%eax
36F5	2	ss cmc
37F5	1	aaa
38F5	2	cmp    %dh,%ch
39F5	2	cmp    %esi,%ebp
3AF5	2	cmp    %ch,%dh
3BF5	2	cmp    %ebp,%esi
3CF5	2	cmp    $0xf5,%al
3DF5	5	cmp    $0x909090f5,%eax
3EF5	2	ds cmc
3FF5	1	aas
40F5	1	inc    %eax
41F5	1	inc    %ecx
42F5	1	inc    %edx
43F5	1	inc    %ebx
44F5	1	inc    %esp
45F5	1	inc    %ebp
46F5	1	inc    %esi
47F5	1	inc    %edi
48F5	1	dec    %eax
49F5	1	dec    %ecx
4AF5	1	dec    %edx
4BF5	1	dec    %ebx
4CF5	1	dec    %esp
4DF5	1	dec    %ebp
4EF5	1	dec    %esi
4FF5	1	dec    %edi
50F5	1	push   %eax
51F5	1	push   %ecx
52F5	1	push   %edx
53F5	1	push   %ebx
54F5	1	push   %esp
55F5	1	push   %ebp
56F5	1	push   %esi
57F5	1	push   %edi
58F5	1	pop    %eax
59F5	1	pop    %ecx
5AF5	1	pop    %edx
5BF5	1	pop    %ebx
5CF5	1	pop    %esp
5DF5	1	pop    %ebp
5EF5	1	pop    %esi
5FF5	1	pop    %edi
60F5	1	pusha
61F5	1	popa
62F5	NONE	(bad)  {rn-bad},{bad}
63F5	2	arpl   %esi,%ebp
64F5	2	fs cmc
65F5	2	gs cmc
66F5	2	data16 cmc
67F5	2	addr16 cmc
68F5	5	push   $0x909090f5
69F5	6	imul   $0x90909090,%ebp,%esi
6AF5	2	push   $0xfffffff5
6BF5	3	imul   $0xffffff90,%ebp,%esi
6CF5	1	insb   (%dx),%es:(%edi)
6DF5	1	insl   (%dx),%es:(%edi)
6EF5	1	outsb  %ds:(%esi),(%dx)
6FF5	1	outsl  %ds:(%esi),(%dx)
70F5	2	jo     0xfffffff7
71F5	2	jno    0xfffffff7
72F5	2	jb     0xfffffff7
73F5	2	jae    0xfffffff7
74F5	2	je     0xfffffff7
75F5	2	jne    0xfffffff7
76F5	2	jbe    0xfffffff7
77F5	2	ja     0xfffffff7
78F5	2	js     0xfffffff7
79F5	2	jns    0xfffffff7
7AF5	2	jp     0xfffffff7
7BF5	2	jnp    0xfffffff7
7CF5	2	jl     0xfffffff7
7DF5	2	jge    0xfffffff7
7EF5	2	jle    0xfffffff7
7FF5	2	jg     0xfffffff7
80F5	3	xor    $0x90,%ch
81F5	6	xor    $0x90909090,%ebp
82F5	3	xor    $0x90,%ch
83F5	3	xor    $0xffffff90,%ebp
84F5	2	test   %dh,%ch
85F5	2	test   %esi,%ebp
86F5	2	xchg   %dh,%ch
87F5	2	xchg   %esi,%ebp
88F5	2	mov    %dh,%ch
89F5	2	mov    %esi,%ebp
8AF5	2	mov    %ch,%dh
8BF5	2	mov    %ebp,%esi
8CF5	2	mov    %?,%ebp
8DF5	NONE	lea    (bad),%esi
8EF5	2	mov    %ebp,%?
8FF5	NONE	(bad)
90F5	1	nop
91F5	1	xchg   %eax,%ecx
92F5	1	xchg   %eax,%edx
93F5	1	xchg   %eax,%ebx
94F5	1	xchg   %eax,%esp
95F5	1	xchg   %eax,%ebp
96F5	1	xchg   %eax,%esi
97F5	1	xchg   %eax,%edi
98F5	1	cwtl
99F5	1	cltd
9AF5	7	lcall  $0x9090,$0x909090f5
9BF5	1	fwait
9CF5	1	pushf
9DF5	1	popf
9EF5	1	sahf
9FF5	1	lahf
A0F5	5	mov    0x909090f5,%al
A1F5	5	mov    0x909090f5,%eax
A2F5	5	mov    %al,0x909090f5
A3F5	5	mov    %eax,0x909090f5
A4F5	1	movsb  %ds:(%esi),%es:(%edi)
A5F5	1	movsl  %ds:(%esi),%es:(%edi)
A6F5	1	cmpsb  %es:(%edi),%ds:(%esi)
A7F5	1	cmpsl  %es:(%edi),%ds:(%esi)
A8F5	2	test   $0xf5,%al
A9F5	5	test   $0x909090f5,%eax
AAF5	1	stos   %al,%es:(%edi)
ABF5	1	stos   %eax,%es:(%edi)
ACF5	1	lods   %ds:(%esi),%al
ADF5	1	lods   %ds:(%esi),%eax
AEF5	1	scas   %es:(%edi),%al
AFF5	1	scas   %es:(%edi),%eax
B0F5	2	mov    $0xf5,%al
B1F5	2	mov    $0xf5,%cl
B2F5	2	mov    $0xf5,%dl
B3F5	2	mov    $0xf5,%bl
B4F5	2	mov    $0xf5,%ah
B5F5	2	mov    $0xf5,%ch
B6F5	2	mov    $0xf5,%dh
B7F5	2	mov    $0xf5,%bh
B8F5	5	mov    $0x909090f5,%eax
B9F5	5	mov    $0x909090f5,%ecx
BAF5	5	mov    $0x909090f5,%edx
BBF5	5	mov    $0x909090f5,%ebx
BCF5	5	mov    $0x909090f5,%esp
BDF5	5	mov    $0x909090f5,%ebp
BEF5	5	mov    $0x909090f5,%esi
BFF5	5	mov    $0x909090f5,%edi
C0F5	3	shl    $0x90,%ch
C1F5	3	shl    $0x90,%ebp
C2F5	3	ret    $0x90f5
C3F5	1	ret
C4F5	NONE	(bad)
C5F5	NONE	(bad)
C6F5	NONE	(bad)
C7F5	NONE	(bad)
C8F5	4	enter  $0x90f5,$0x90
C9F5	1	leave
CAF5	3	lret   $0x90f5
CBF5	1	lret
CCF5	1	int3
CDF5	2	int    $0xf5
CEF5	1	into
CFF5	1	iret
D0F5	2	shl    $1,%ch
D1F5	2	shl    $1,%ebp
D2F5	2	shl    %cl,%ch
D3F5	2	shl    %cl,%ebp
D4F5	2	aam    $0xf5
D5F5	2	aad    $0xf5
D6F5	NONE	(bad)
D7F5	1	xlat   %ds:(%ebx)
D8F5	2	fdiv   %st(5),%st
D9F5	2	fprem1
DAF5	NONE	(bad)
DBF5	2	fcomi  %st(5),%st
DCF5	2	fdiv   %st,%st(5)
DDF5	NONE	(bad)
DEF5	2	fdivp  %st,%st(5)
DFF5	2	fcomip %st(5),%st
E0F5	2	loopne 0xfffffff7
E1F5	2	loope  0xfffffff7
E2F5	2	loop   0xfffffff7
E3F5	2	jecxz  0xfffffff7
E4F5	2	in     $0xf5,%al
E5F5	2	in     $0xf5,%eax
E6F5	2	out    %al,$0xf5
E7F5	2	out    %eax,$0xf5
E8F5	5	call   0x909090fa
E9F5	5	jmp    0x909090fa
EAF5	7	ljmp   $0x9090,$0x909090f5
EBF5	2	jmp    0xfffffff7
ECF5	1	in     (%dx),%al
EDF5	1	in     (%dx),%eax
EEF5	1	out    %al,(%dx)
EFF5	1	out    %eax,(%dx)
F0F5	2	lock cmc
F1F5	1	int1
F2F5	2	repnz cmc
F3F5	2	repz cmc
F4F5	1	hlt
F5F5	1	cmc
F6F5	2	div    %ch
F7F5	2	div    %ebp
F8F5	1	clc
F9F5	1	stc
FAF5	1	cli
FBF5	1	sti
FCF5	1	cld
FDF5	1	std
FEF5	NONE	(bad)
FFF5	2	push   %ebp
00F6	2	add    %dh,%dh
01F6	2	add    %esi,%esi
02F6	2	add    %dh,%dh
03F6	2	add    %esi,%esi
04F6	2	add    $0xf6,%al
05F6	5	add    $0x909090f6,%eax
06F6	1	push   %es
07F6	1	pop    %es
08F6	2	or     %dh,%dh
09F6	2	or     %esi,%esi
0AF6	2	or     %dh,%dh
0BF6	2	or     %esi,%esi
0CF6	2	or     $0xf6,%al
0DF6	5	or     $0x909090f6,%eax
0EF6	1	push   %cs
0FF6	7	psadbw -0x6f6f6f70(%eax),%mm2
10F6	2	adc    %dh,%dh
11F6	2	adc    %esi,%esi
12F6	2	adc    %dh,%dh
13F6	2	adc    %esi,%esi
14F6	2	adc    $0xf6,%al
15F6	5	adc    $0x909090f6,%eax
16F6	1	push   %ss
17F6	1	pop    %ss
18F6	2	sbb    %dh,%dh
19F6	2	sbb    %esi,%esi
1AF6	2	sbb    %dh,%dh
1BF6	2	sbb    %esi,%esi
1CF6	2	sbb    $0xf6,%al
1DF6	5	sbb    $0x909090f6,%eax
1EF6	1	push   %ds
1FF6	1	pop    %ds
20F6	2	and    %dh,%dh
21F6	2	and    %esi,%esi
22F6	2	and    %dh,%dh
23F6	2	and    %esi,%esi
24F6	2	and    $0xf6,%al
25F6	5	and    $0x909090f6,%eax
26F6	7	notb   %es:-0x6f6f6f70(%eax)
27F6	1	daa
28F6	2	sub    %dh,%dh
29F6	2	sub    %esi,%esi
2AF6	2	sub    %dh,%dh
2BF6	2	sub    %esi,%esi
2CF6	2	sub    $0xf6,%al
2DF6	5	sub    $0x909090f6,%eax
2EF6	7	notb   %cs:-0x6f6f6f70(%eax)
2FF6	1	das
30F6	2	xor    %dh,%dh
31F6	2	xor    %esi,%esi
32F6	2	xor    %dh,%dh
33F6	2	xor    %esi,%esi
34F6	2	xor    $0xf6,%al
35F6	5	xor    $0x909090f6,%eax
36F6	7	notb   %ss:-0x6f6f6f70(%eax)
37F6	1	aaa
38F6	2	cmp    %dh,%dh
39F6	2	cmp    %esi,%esi
3AF6	2	cmp    %dh,%dh
3BF6	2	cmp    %esi,%esi
3CF6	2	cmp    $0xf6,%al
3DF6	5	cmp    $0x909090f6,%eax
3EF6	7	notb   %ds:-0x6f6f6f70(%eax)
3FF6	1	aas
40F6	1	inc    %eax
41F6	1	inc    %ecx
42F6	1	inc    %edx
43F6	1	inc    %ebx
44F6	1	inc    %esp
45F6	1	inc    %ebp
46F6	1	inc    %esi
47F6	1	inc    %edi
48F6	1	dec    %eax
49F6	1	dec    %ecx
4AF6	1	dec    %edx
4BF6	1	dec    %ebx
4CF6	1	dec    %esp
4DF6	1	dec    %ebp
4EF6	1	dec    %esi
4FF6	1	dec    %edi
50F6	1	push   %eax
51F6	1	push   %ecx
52F6	1	push   %edx
53F6	1	push   %ebx
54F6	1	push   %esp
55F6	1	push   %ebp
56F6	1	push   %esi
57F6	1	push   %edi
58F6	1	pop    %eax
59F6	1	pop    %ecx
5AF6	1	pop    %edx
5BF6	1	pop    %ebx
5CF6	1	pop    %esp
5DF6	1	pop    %ebp
5EF6	1	pop    %esi
5FF6	1	pop    %edi
60F6	1	pusha
61F6	1	popa
62F6	NONE	(bad)  {rn-bad},{bad}
63F6	2	arpl   %esi,%esi
64F6	7	notb   %fs:-0x6f6f6f70(%eax)
65F6	7	notb   %gs:-0x6f6f6f70(%eax)
66F6	7	data16 notb -0x6f6f6f70(%eax)
67F6	5	notb   -0x6f70(%bx,%si)
68F6	5	push   $0x909090f6
69F6	6	imul   $0x90909090,%esi,%esi
6AF6	2	push   $0xfffffff6
6BF6	3	imul   $0xffffff90,%esi,%esi
6CF6	1	insb   (%dx),%es:(%edi)
6DF6	1	insl   (%dx),%es:(%edi)
6EF6	1	outsb  %ds:(%esi),(%dx)
6FF6	1	outsl  %ds:(%esi),(%dx)
70F6	2	jo     0xfffffff8
71F6	2	jno    0xfffffff8
72F6	2	jb     0xfffffff8
73F6	2	jae    0xfffffff8
74F6	2	je     0xfffffff8
75F6	2	jne    0xfffffff8
76F6	2	jbe    0xfffffff8
77F6	2	ja     0xfffffff8
78F6	2	js     0xfffffff8
79F6	2	jns    0xfffffff8
7AF6	2	jp     0xfffffff8
7BF6	2	jnp    0xfffffff8
7CF6	2	jl     0xfffffff8
7DF6	2	jge    0xfffffff8
7EF6	2	jle    0xfffffff8
7FF6	2	jg     0xfffffff8
80F6	3	xor    $0x90,%dh
81F6	6	xor    $0x90909090,%esi
82F6	3	xor    $0x90,%dh
83F6	3	xor    $0xffffff90,%esi
84F6	2	test   %dh,%dh
85F6	2	test   %esi,%esi
86F6	2	xchg   %dh,%dh
87F6	2	xchg   %esi,%esi
88F6	2	mov    %dh,%dh
89F6	2	mov    %esi,%esi
8AF6	2	mov    %dh,%dh
8BF6	2	mov    %esi,%esi
8CF6	2	mov    %?,%esi
8DF6	NONE	lea    (bad),%esi
8EF6	2	mov    %esi,%?
8FF6	NONE	(bad)
90F6	1	nop
91F6	1	xchg   %eax,%ecx
92F6	1	xchg   %eax,%edx
93F6	1	xchg   %eax,%ebx
94F6	1	xchg   %eax,%esp
95F6	1	xchg   %eax,%ebp
96F6	1	xchg   %eax,%esi
97F6	1	xchg   %eax,%edi
98F6	1	cwtl
99F6	1	cltd
9AF6	7	lcall  $0x9090,$0x909090f6
9BF6	1	fwait
9CF6	1	pushf
9DF6	1	popf
9EF6	1	sahf
9FF6	1	lahf
A0F6	5	mov    0x909090f6,%al
A1F6	5	mov    0x909090f6,%eax
A2F6	5	mov    %al,0x909090f6
A3F6	5	mov    %eax,0x909090f6
A4F6	1	movsb  %ds:(%esi),%es:(%edi)
A5F6	1	movsl  %ds:(%esi),%es:(%edi)
A6F6	1	cmpsb  %es:(%edi),%ds:(%esi)
A7F6	1	cmpsl  %es:(%edi),%ds:(%esi)
A8F6	2	test   $0xf6,%al
A9F6	5	test   $0x909090f6,%eax
AAF6	1	stos   %al,%es:(%edi)
ABF6	1	stos   %eax,%es:(%edi)
ACF6	1	lods   %ds:(%esi),%al
ADF6	1	lods   %ds:(%esi),%eax
AEF6	1	scas   %es:(%edi),%al
AFF6	1	scas   %es:(%edi),%eax
B0F6	2	mov    $0xf6,%al
B1F6	2	mov    $0xf6,%cl
B2F6	2	mov    $0xf6,%dl
B3F6	2	mov    $0xf6,%bl
B4F6	2	mov    $0xf6,%ah
B5F6	2	mov    $0xf6,%ch
B6F6	2	mov    $0xf6,%dh
B7F6	2	mov    $0xf6,%bh
B8F6	5	mov    $0x909090f6,%eax
B9F6	5	mov    $0x909090f6,%ecx
BAF6	5	mov    $0x909090f6,%edx
BBF6	5	mov    $0x909090f6,%ebx
BCF6	5	mov    $0x909090f6,%esp
BDF6	5	mov    $0x909090f6,%ebp
BEF6	5	mov    $0x909090f6,%esi
BFF6	5	mov    $0x909090f6,%edi
C0F6	3	shl    $0x90,%dh
C1F6	3	shl    $0x90,%esi
C2F6	3	ret    $0x90f6
C3F6	1	ret
C4F6	NONE	(bad)
C5F6	NONE	(bad)
C6F6	NONE	(bad)
C7F6	NONE	(bad)
C8F6	4	enter  $0x90f6,$0x90
C9F6	1	leave
CAF6	3	lret   $0x90f6
CBF6	1	lret
CCF6	1	int3
CDF6	2	int    $0xf6
CEF6	1	into
CFF6	1	iret
D0F6	2	shl    $1,%dh
D1F6	2	shl    $1,%esi
D2F6	2	shl    %cl,%dh
D3F6	2	shl    %cl,%esi
D4F6	2	aam    $0xf6
D5F6	2	aad    $0xf6
D6F6	NONE	(bad)
D7F6	1	xlat   %ds:(%ebx)
D8F6	2	fdiv   %st(6),%st
D9F6	2	fdecstp
DAF6	NONE	(bad)
DBF6	2	fcomi  %st(6),%st
DCF6	2	fdiv   %st,%st(6)
DDF6	NONE	(bad)
DEF6	2	fdivp  %st,%st(6)
DFF6	2	fcomip %st(6),%st
E0F6	2	loopne 0xfffffff8
E1F6	2	loope  0xfffffff8
E2F6	2	loop   0xfffffff8
E3F6	2	jecxz  0xfffffff8
E4F6	2	in     $0xf6,%al
E5F6	2	in     $0xf6,%eax
E6F6	2	out    %al,$0xf6
E7F6	2	out    %eax,$0xf6
E8F6	5	call   0x909090fb
E9F6	5	jmp    0x909090fb
EAF6	7	ljmp   $0x9090,$0x909090f6
EBF6	2	jmp    0xfffffff8
ECF6	1	in     (%dx),%al
EDF6	1	in     (%dx),%eax
EEF6	1	out    %al,(%dx)
EFF6	1	out    %eax,(%dx)
F0F6	7	lock notb -0x6f6f6f70(%eax)
F1F6	1	int1
F2F6	7	repnz notb -0x6f6f6f70(%eax)
F3F6	7	repz notb -0x6f6f6f70(%eax)
F4F6	1	hlt
F5F6	1	cmc
F6F6	2	div    %dh
F7F6	2	div    %esi
F8F6	1	clc
F9F6	1	stc
FAF6	1	cli
FBF6	1	sti
FCF6	1	cld
FDF6	1	std
FEF6	NONE	(bad)
FFF6	2	push   %esi
00F7	2	add    %dh,%bh
01F7	2	add    %esi,%edi
02F7	2	add    %bh,%dh
03F7	2	add    %edi,%esi
04F7	2	add    $0xf7,%al
05F7	5	add    $0x909090f7,%eax
06F7	1	push   %es
07F7	1	pop    %es
08F7	2	or     %dh,%bh
09F7	2	or     %esi,%edi
0AF7	2	or     %bh,%dh
0BF7	2	or     %edi,%esi
0CF7	2	or     $0xf7,%al
0DF7	5	or     $0x909090f7,%eax
0EF7	1	push   %cs
0FF7	NONE	maskmovq (bad),%mm2
10F7	2	adc    %dh,%bh
11F7	2	adc    %esi,%edi
12F7	2	adc    %bh,%dh
13F7	2	adc    %edi,%esi
14F7	2	adc    $0xf7,%al
15F7	5	adc    $0x909090f7,%eax
16F7	1	push   %ss
17F7	1	pop    %ss
18F7	2	sbb    %dh,%bh
19F7	2	sbb    %esi,%edi
1AF7	2	sbb    %bh,%dh
1BF7	2	sbb    %edi,%esi
1CF7	2	sbb    $0xf7,%al
1DF7	5	sbb    $0x909090f7,%eax
1EF7	1	push   %ds
1FF7	1	pop    %ds
20F7	2	and    %dh,%bh
21F7	2	and    %esi,%edi
22F7	2	and    %bh,%dh
23F7	2	and    %edi,%esi
24F7	2	and    $0xf7,%al
25F7	5	and    $0x909090f7,%eax
26F7	7	notl   %es:-0x6f6f6f70(%eax)
27F7	1	daa
28F7	2	sub    %dh,%bh
29F7	2	sub    %esi,%edi
2AF7	2	sub    %bh,%dh
2BF7	2	sub    %edi,%esi
2CF7	2	sub    $0xf7,%al
2DF7	5	sub    $0x909090f7,%eax
2EF7	7	notl   %cs:-0x6f6f6f70(%eax)
2FF7	1	das
30F7	2	xor    %dh,%bh
31F7	2	xor    %esi,%edi
32F7	2	xor    %bh,%dh
33F7	2	xor    %edi,%esi
34F7	2	xor    $0xf7,%al
35F7	5	xor    $0x909090f7,%eax
36F7	7	notl   %ss:-0x6f6f6f70(%eax)
37F7	1	aaa
38F7	2	cmp    %dh,%bh
39F7	2	cmp    %esi,%edi
3AF7	2	cmp    %bh,%dh
3BF7	2	cmp    %edi,%esi
3CF7	2	cmp    $0xf7,%al
3DF7	5	cmp    $0x909090f7,%eax
3EF7	7	notl   %ds:-0x6f6f6f70(%eax)
3FF7	1	aas
40F7	1	inc    %eax
41F7	1	inc    %ecx
42F7	1	inc    %edx
43F7	1	inc    %ebx
44F7	1	inc    %esp
45F7	1	inc    %ebp
46F7	1	inc    %esi
47F7	1	inc    %edi
48F7	1	dec    %eax
49F7	1	dec    %ecx
4AF7	1	dec    %edx
4BF7	1	dec    %ebx
4CF7	1	dec    %esp
4DF7	1	dec    %ebp
4EF7	1	dec    %esi
4FF7	1	dec    %edi
50F7	1	push   %eax
51F7	1	push   %ecx
52F7	1	push   %edx
53F7	1	push   %ebx
54F7	1	push   %esp
55F7	1	push   %ebp
56F7	1	push   %esi
57F7	1	push   %edi
58F7	1	pop    %eax
59F7	1	pop    %ecx
5AF7	1	pop    %edx
5BF7	1	pop    %ebx
5CF7	1	pop    %esp
5DF7	1	pop    %ebp
5EF7	1	pop    %esi
5FF7	1	pop    %edi
60F7	1	pusha
61F7	1	popa
62F7	NONE	(bad)  {rn-bad},{bad}
63F7	2	arpl   %esi,%edi
64F7	7	notl   %fs:-0x6f6f6f70(%eax)
65F7	7	notl   %gs:-0x6f6f6f70(%eax)
66F7	7	notw   -0x6f6f6f70(%eax)
67F7	5	notl   -0x6f70(%bx,%si)
68F7	5	push   $0x909090f7
69F7	6	imul   $0x90909090,%edi,%esi
6AF7	2	push   $0xfffffff7
6BF7	3	imul   $0xffffff90,%edi,%esi
6CF7	1	insb   (%dx),%es:(%edi)
6DF7	1	insl   (%dx),%es:(%edi)
6EF7	1	outsb  %ds:(%esi),(%dx)
6FF7	1	outsl  %ds:(%esi),(%dx)
70F7	2	jo     0xfffffff9
71F7	2	jno    0xfffffff9
72F7	2	jb     0xfffffff9
73F7	2	jae    0xfffffff9
74F7	2	je     0xfffffff9
75F7	2	jne    0xfffffff9
76F7	2	jbe    0xfffffff9
77F7	2	ja     0xfffffff9
78F7	2	js     0xfffffff9
79F7	2	jns    0xfffffff9
7AF7	2	jp     0xfffffff9
7BF7	2	jnp    0xfffffff9
7CF7	2	jl     0xfffffff9
7DF7	2	jge    0xfffffff9
7EF7	2	jle    0xfffffff9
7FF7	2	jg     0xfffffff9
80F7	3	xor    $0x90,%bh
81F7	6	xor    $0x90909090,%edi
82F7	3	xor    $0x90,%bh
83F7	3	xor    $0xffffff90,%edi
84F7	2	test   %dh,%bh
85F7	2	test   %esi,%edi
86F7	2	xchg   %dh,%bh
87F7	2	xchg   %esi,%edi
88F7	2	mov    %dh,%bh
89F7	2	mov    %esi,%edi
8AF7	2	mov    %bh,%dh
8BF7	2	mov    %edi,%esi
8CF7	2	mov    %?,%edi
8DF7	NONE	lea    (bad),%esi
8EF7	2	mov    %edi,%?
8FF7	NONE	(bad)
90F7	1	nop
91F7	1	xchg   %eax,%ecx
92F7	1	xchg   %eax,%edx
93F7	1	xchg   %eax,%ebx
94F7	1	xchg   %eax,%esp
95F7	1	xchg   %eax,%ebp
96F7	1	xchg   %eax,%esi
97F7	1	xchg   %eax,%edi
98F7	1	cwtl
99F7	1	cltd
9AF7	7	lcall  $0x9090,$0x909090f7
9BF7	1	fwait
9CF7	1	pushf
9DF7	1	popf
9EF7	1	sahf
9FF7	1	lahf
A0F7	5	mov    0x909090f7,%al
A1F7	5	mov    0x909090f7,%eax
A2F7	5	mov    %al,0x909090f7
A3F7	5	mov    %eax,0x909090f7
A4F7	1	movsb  %ds:(%esi),%es:(%edi)
A5F7	1	movsl  %ds:(%esi),%es:(%edi)
A6F7	1	cmpsb  %es:(%edi),%ds:(%esi)
A7F7	1	cmpsl  %es:(%edi),%ds:(%esi)
A8F7	2	test   $0xf7,%al
A9F7	5	test   $0x909090f7,%eax
AAF7	1	stos   %al,%es:(%edi)
ABF7	1	stos   %eax,%es:(%edi)
ACF7	1	lods   %ds:(%esi),%al
ADF7	1	lods   %ds:(%esi),%eax
AEF7	1	scas   %es:(%edi),%al
AFF7	1	scas   %es:(%edi),%eax
B0F7	2	mov    $0xf7,%al
B1F7	2	mov    $0xf7,%cl
B2F7	2	mov    $0xf7,%dl
B3F7	2	mov    $0xf7,%bl
B4F7	2	mov    $0xf7,%ah
B5F7	2	mov    $0xf7,%ch
B6F7	2	mov    $0xf7,%dh
B7F7	2	mov    $0xf7,%bh
B8F7	5	mov    $0x909090f7,%eax
B9F7	5	mov    $0x909090f7,%ecx
BAF7	5	mov    $0x909090f7,%edx
BBF7	5	mov    $0x909090f7,%ebx
BCF7	5	mov    $0x909090f7,%esp
BDF7	5	mov    $0x909090f7,%ebp
BEF7	5	mov    $0x909090f7,%esi
BFF7	5	mov    $0x909090f7,%edi
C0F7	3	shl    $0x90,%bh
C1F7	3	shl    $0x90,%edi
C2F7	3	ret    $0x90f7
C3F7	1	ret
C4F7	NONE	(bad)
C5F7	NONE	(bad)
C6F7	NONE	(bad)
C7F7	NONE	(bad)
C8F7	4	enter  $0x90f7,$0x90
C9F7	1	leave
CAF7	3	lret   $0x90f7
CBF7	1	lret
CCF7	1	int3
CDF7	2	int    $0xf7
CEF7	1	into
CFF7	1	iret
D0F7	2	shl    $1,%bh
D1F7	2	shl    $1,%edi
D2F7	2	shl    %cl,%bh
D3F7	2	shl    %cl,%edi
D4F7	2	aam    $0xf7
D5F7	2	aad    $0xf7
D6F7	NONE	(bad)
D7F7	1	xlat   %ds:(%ebx)
D8F7	2	fdiv   %st(7),%st
D9F7	2	fincstp
DAF7	NONE	(bad)
DBF7	2	fcomi  %st(7),%st
DCF7	2	fdiv   %st,%st(7)
DDF7	NONE	(bad)
DEF7	2	fdivp  %st,%st(7)
DFF7	2	fcomip %st(7),%st
E0F7	2	loopne 0xfffffff9
E1F7	2	loope  0xfffffff9
E2F7	2	loop   0xfffffff9
E3F7	2	jecxz  0xfffffff9
E4F7	2	in     $0xf7,%al
E5F7	2	in     $0xf7,%eax
E6F7	2	out    %al,$0xf7
E7F7	2	out    %eax,$0xf7
E8F7	5	call   0x909090fc
E9F7	5	jmp    0x909090fc
EAF7	7	ljmp   $0x9090,$0x909090f7
EBF7	2	jmp    0xfffffff9
ECF7	1	in     (%dx),%al
EDF7	1	in     (%dx),%eax
EEF7	1	out    %al,(%dx)
EFF7	1	out    %eax,(%dx)
F0F7	7	lock notl -0x6f6f6f70(%eax)
F1F7	1	int1
F2F7	7	repnz notl -0x6f6f6f70(%eax)
F3F7	7	repz notl -0x6f6f6f70(%eax)
F4F7	1	hlt
F5F7	1	cmc
F6F7	2	div    %bh
F7F7	2	div    %edi
F8F7	1	clc
F9F7	1	stc
FAF7	1	cli
FBF7	1	sti
FCF7	1	cld
FDF7	1	std
FEF7	NONE	(bad)
FFF7	2	push   %edi
00F8	2	add    %bh,%al
01F8	2	add    %edi,%eax
02F8	2	add    %al,%bh
03F8	2	add    %eax,%edi
04F8	2	add    $0xf8,%al
05F8	5	add    $0x909090f8,%eax
06F8	1	push   %es
07F8	1	pop    %es
08F8	2	or     %bh,%al
09F8	2	or     %edi,%eax
0AF8	2	or     %al,%bh
0BF8	2	or     %eax,%edi
0CF8	2	or     $0xf8,%al
0DF8	5	or     $0x909090f8,%eax
0EF8	1	push   %cs
0FF8	7	psubb  -0x6f6f6f70(%eax),%mm2
10F8	2	adc    %bh,%al
11F8	2	adc    %edi,%eax
12F8	2	adc    %al,%bh
13F8	2	adc    %eax,%edi
14F8	2	adc    $0xf8,%al
15F8	5	adc    $0x909090f8,%eax
16F8	1	push   %ss
17F8	1	pop    %ss
18F8	2	sbb    %bh,%al
19F8	2	sbb    %edi,%eax
1AF8	2	sbb    %al,%bh
1BF8	2	sbb    %eax,%edi
1CF8	2	sbb    $0xf8,%al
1DF8	5	sbb    $0x909090f8,%eax
1EF8	1	push   %ds
1FF8	1	pop    %ds
20F8	2	and    %bh,%al
21F8	2	and    %edi,%eax
22F8	2	and    %al,%bh
23F8	2	and    %eax,%edi
24F8	2	and    $0xf8,%al
25F8	5	and    $0x909090f8,%eax
26F8	2	es clc
27F8	1	daa
28F8	2	sub    %bh,%al
29F8	2	sub    %edi,%eax
2AF8	2	sub    %al,%bh
2BF8	2	sub    %eax,%edi
2CF8	2	sub    $0xf8,%al
2DF8	5	sub    $0x909090f8,%eax
2EF8	2	cs clc
2FF8	1	das
30F8	2	xor    %bh,%al
31F8	2	xor    %edi,%eax
32F8	2	xor    %al,%bh
33F8	2	xor    %eax,%edi
34F8	2	xor    $0xf8,%al
35F8	5	xor    $0x909090f8,%eax
36F8	2	ss clc
37F8	1	aaa
38F8	2	cmp    %bh,%al
39F8	2	cmp    %edi,%eax
3AF8	2	cmp    %al,%bh
3BF8	2	cmp    %eax,%edi
3CF8	2	cmp    $0xf8,%al
3DF8	5	cmp    $0x909090f8,%eax
3EF8	2	ds clc
3FF8	1	aas
40F8	1	inc    %eax
41F8	1	inc    %ecx
42F8	1	inc    %edx
43F8	1	inc    %ebx
44F8	1	inc    %esp
45F8	1	inc    %ebp
46F8	1	inc    %esi
47F8	1	inc    %edi
48F8	1	dec    %eax
49F8	1	dec    %ecx
4AF8	1	dec    %edx
4BF8	1	dec    %ebx
4CF8	1	dec    %esp
4DF8	1	dec    %ebp
4EF8	1	dec    %esi
4FF8	1	dec    %edi
50F8	1	push   %eax
51F8	1	push   %ecx
52F8	1	push   %edx
53F8	1	push   %ebx
54F8	1	push   %esp
55F8	1	push   %ebp
56F8	1	push   %esi
57F8	1	push   %edi
58F8	1	pop    %eax
59F8	1	pop    %ecx
5AF8	1	pop    %edx
5BF8	1	pop    %ebx
5CF8	1	pop    %esp
5DF8	1	pop    %ebp
5EF8	1	pop    %esi
5FF8	1	pop    %edi
60F8	1	pusha
61F8	1	popa
62F8	NONE	(bad)
63F8	2	arpl   %edi,%eax
64F8	2	fs clc
65F8	2	gs clc
66F8	2	data16 clc
67F8	2	addr16 clc
68F8	5	push   $0x909090f8
69F8	6	imul   $0x90909090,%eax,%edi
6AF8	2	push   $0xfffffff8
6BF8	3	imul   $0xffffff90,%eax,%edi
6CF8	1	insb   (%dx),%es:(%edi)
6DF8	1	insl   (%dx),%es:(%edi)
6EF8	1	outsb  %ds:(%esi),(%dx)
6FF8	1	outsl  %ds:(%esi),(%dx)
70F8	2	jo     0xfffffffa
71F8	2	jno    0xfffffffa
72F8	2	jb     0xfffffffa
73F8	2	jae    0xfffffffa
74F8	2	je     0xfffffffa
75F8	2	jne    0xfffffffa
76F8	2	jbe    0xfffffffa
77F8	2	ja     0xfffffffa
78F8	2	js     0xfffffffa
79F8	2	jns    0xfffffffa
7AF8	2	jp     0xfffffffa
7BF8	2	jnp    0xfffffffa
7CF8	2	jl     0xfffffffa
7DF8	2	jge    0xfffffffa
7EF8	2	jle    0xfffffffa
7FF8	2	jg     0xfffffffa
80F8	3	cmp    $0x90,%al
81F8	6	cmp    $0x90909090,%eax
82F8	3	cmp    $0x90,%al
83F8	3	cmp    $0xffffff90,%eax
84F8	2	test   %bh,%al
85F8	2	test   %edi,%eax
86F8	2	xchg   %bh,%al
87F8	2	xchg   %edi,%eax
88F8	2	mov    %bh,%al
89F8	2	mov    %edi,%eax
8AF8	2	mov    %al,%bh
8BF8	2	mov    %eax,%edi
8CF8	2	mov    %?,%eax
8DF8	NONE	lea    (bad),%edi
8EF8	2	mov    %eax,%?
8FF8	NONE	(bad)
90F8	1	nop
91F8	1	xchg   %eax,%ecx
92F8	1	xchg   %eax,%edx
93F8	1	xchg   %eax,%ebx
94F8	1	xchg   %eax,%esp
95F8	1	xchg   %eax,%ebp
96F8	1	xchg   %eax,%esi
97F8	1	xchg   %eax,%edi
98F8	1	cwtl
99F8	1	cltd
9AF8	7	lcall  $0x9090,$0x909090f8
9BF8	1	fwait
9CF8	1	pushf
9DF8	1	popf
9EF8	1	sahf
9FF8	1	lahf
A0F8	5	mov    0x909090f8,%al
A1F8	5	mov    0x909090f8,%eax
A2F8	5	mov    %al,0x909090f8
A3F8	5	mov    %eax,0x909090f8
A4F8	1	movsb  %ds:(%esi),%es:(%edi)
A5F8	1	movsl  %ds:(%esi),%es:(%edi)
A6F8	1	cmpsb  %es:(%edi),%ds:(%esi)
A7F8	1	cmpsl  %es:(%edi),%ds:(%esi)
A8F8	2	test   $0xf8,%al
A9F8	5	test   $0x909090f8,%eax
AAF8	1	stos   %al,%es:(%edi)
ABF8	1	stos   %eax,%es:(%edi)
ACF8	1	lods   %ds:(%esi),%al
ADF8	1	lods   %ds:(%esi),%eax
AEF8	1	scas   %es:(%edi),%al
AFF8	1	scas   %es:(%edi),%eax
B0F8	2	mov    $0xf8,%al
B1F8	2	mov    $0xf8,%cl
B2F8	2	mov    $0xf8,%dl
B3F8	2	mov    $0xf8,%bl
B4F8	2	mov    $0xf8,%ah
B5F8	2	mov    $0xf8,%ch
B6F8	2	mov    $0xf8,%dh
B7F8	2	mov    $0xf8,%bh
B8F8	5	mov    $0x909090f8,%eax
B9F8	5	mov    $0x909090f8,%ecx
BAF8	5	mov    $0x909090f8,%edx
BBF8	5	mov    $0x909090f8,%ebx
BCF8	5	mov    $0x909090f8,%esp
BDF8	5	mov    $0x909090f8,%ebp
BEF8	5	mov    $0x909090f8,%esi
BFF8	5	mov    $0x909090f8,%edi
C0F8	3	sar    $0x90,%al
C1F8	3	sar    $0x90,%eax
C2F8	3	ret    $0x90f8
C3F8	1	ret
C4F8	NONE	(bad)
C5F8	8	kmovw  -0x6f6f6f70(%eax),%k2
C6F8	3	xabort $0x90
C7F8	6	xbegin 0x90909096
C8F8	4	enter  $0x90f8,$0x90
C9F8	1	leave
CAF8	3	lret   $0x90f8
CBF8	1	lret
CCF8	1	int3
CDF8	2	int    $0xf8
CEF8	1	into
CFF8	1	iret
D0F8	2	sar    $1,%al
D1F8	2	sar    $1,%eax
D2F8	2	sar    %cl,%al
D3F8	2	sar    %cl,%eax
D4F8	2	aam    $0xf8
D5F8	2	aad    $0xf8
D6F8	NONE	(bad)
D7F8	1	xlat   %ds:(%ebx)
D8F8	2	fdivr  %st(0),%st
D9F8	2	fprem
DAF8	NONE	(bad)
DBF8	NONE	(bad)
DCF8	2	fdivr  %st,%st(0)
DDF8	NONE	(bad)
DEF8	2	fdivrp %st,%st(0)
DFF8	NONE	(bad)
E0F8	2	loopne 0xfffffffa
E1F8	2	loope  0xfffffffa
E2F8	2	loop   0xfffffffa
E3F8	2	jecxz  0xfffffffa
E4F8	2	in     $0xf8,%al
E5F8	2	in     $0xf8,%eax
E6F8	2	out    %al,$0xf8
E7F8	2	out    %eax,$0xf8
E8F8	5	call   0x909090fd
E9F8	5	jmp    0x909090fd
EAF8	7	ljmp   $0x9090,$0x909090f8
EBF8	2	jmp    0xfffffffa
ECF8	1	in     (%dx),%al
EDF8	1	in     (%dx),%eax
EEF8	1	out    %al,(%dx)
EFF8	1	out    %eax,(%dx)
F0F8	2	lock clc
F1F8	1	int1
F2F8	2	repnz clc
F3F8	2	repz clc
F4F8	1	hlt
F5F8	1	cmc
F6F8	2	idiv   %al
F7F8	2	idiv   %eax
F8F8	1	clc
F9F8	1	stc
FAF8	1	cli
FBF8	1	sti
FCF8	1	cld
FDF8	1	std
FEF8	NONE	(bad)
FFF8	NONE	(bad)
00F9	2	add    %bh,%cl
01F9	2	add    %edi,%ecx
02F9	2	add    %cl,%bh
03F9	2	add    %ecx,%edi
04F9	2	add    $0xf9,%al
05F9	5	add    $0x909090f9,%eax
06F9	1	push   %es
07F9	1	pop    %es
08F9	2	or     %bh,%cl
09F9	2	or     %edi,%ecx
0AF9	2	or     %cl,%bh
0BF9	2	or     %ecx,%edi
0CF9	2	or     $0xf9,%al
0DF9	5	or     $0x909090f9,%eax
0EF9	1	push   %cs
0FF9	7	psubw  -0x6f6f6f70(%eax),%mm2
10F9	2	adc    %bh,%cl
11F9	2	adc    %edi,%ecx
12F9	2	adc    %cl,%bh
13F9	2	adc    %ecx,%edi
14F9	2	adc    $0xf9,%al
15F9	5	adc    $0x909090f9,%eax
16F9	1	push   %ss
17F9	1	pop    %ss
18F9	2	sbb    %bh,%cl
19F9	2	sbb    %edi,%ecx
1AF9	2	sbb    %cl,%bh
1BF9	2	sbb    %ecx,%edi
1CF9	2	sbb    $0xf9,%al
1DF9	5	sbb    $0x909090f9,%eax
1EF9	1	push   %ds
1FF9	1	pop    %ds
20F9	2	and    %bh,%cl
21F9	2	and    %edi,%ecx
22F9	2	and    %cl,%bh
23F9	2	and    %ecx,%edi
24F9	2	and    $0xf9,%al
25F9	5	and    $0x909090f9,%eax
26F9	2	es stc
27F9	1	daa
28F9	2	sub    %bh,%cl
29F9	2	sub    %edi,%ecx
2AF9	2	sub    %cl,%bh
2BF9	2	sub    %ecx,%edi
2CF9	2	sub    $0xf9,%al
2DF9	5	sub    $0x909090f9,%eax
2EF9	2	cs stc
2FF9	1	das
30F9	2	xor    %bh,%cl
31F9	2	xor    %edi,%ecx
32F9	2	xor    %cl,%bh
33F9	2	xor    %ecx,%edi
34F9	2	xor    $0xf9,%al
35F9	5	xor    $0x909090f9,%eax
36F9	2	ss stc
37F9	1	aaa
38F9	2	cmp    %bh,%cl
39F9	2	cmp    %edi,%ecx
3AF9	2	cmp    %cl,%bh
3BF9	2	cmp    %ecx,%edi
3CF9	2	cmp    $0xf9,%al
3DF9	5	cmp    $0x909090f9,%eax
3EF9	2	ds stc
3FF9	1	aas
40F9	1	inc    %eax
41F9	1	inc    %ecx
42F9	1	inc    %edx
43F9	1	inc    %ebx
44F9	1	inc    %esp
45F9	1	inc    %ebp
46F9	1	inc    %esi
47F9	1	inc    %edi
48F9	1	dec    %eax
49F9	1	dec    %ecx
4AF9	1	dec    %edx
4BF9	1	dec    %ebx
4CF9	1	dec    %esp
4DF9	1	dec    %ebp
4EF9	1	dec    %esi
4FF9	1	dec    %edi
50F9	1	push   %eax
51F9	1	push   %ecx
52F9	1	push   %edx
53F9	1	push   %ebx
54F9	1	push   %esp
55F9	1	push   %ebp
56F9	1	push   %esi
57F9	1	push   %edi
58F9	1	pop    %eax
59F9	1	pop    %ecx
5AF9	1	pop    %edx
5BF9	1	pop    %ebx
5CF9	1	pop    %esp
5DF9	1	pop    %ebp
5EF9	1	pop    %esi
5FF9	1	pop    %edi
60F9	1	pusha
61F9	1	popa
62F9	NONE	(bad)  {rn-bad},{bad}
63F9	2	arpl   %edi,%ecx
64F9	2	fs stc
65F9	2	gs stc
66F9	2	data16 stc
67F9	2	addr16 stc
68F9	5	push   $0x909090f9
69F9	6	imul   $0x90909090,%ecx,%edi
6AF9	2	push   $0xfffffff9
6BF9	3	imul   $0xffffff90,%ecx,%edi
6CF9	1	insb   (%dx),%es:(%edi)
6DF9	1	insl   (%dx),%es:(%edi)
6EF9	1	outsb  %ds:(%esi),(%dx)
6FF9	1	outsl  %ds:(%esi),(%dx)
70F9	2	jo     0xfffffffb
71F9	2	jno    0xfffffffb
72F9	2	jb     0xfffffffb
73F9	2	jae    0xfffffffb
74F9	2	je     0xfffffffb
75F9	2	jne    0xfffffffb
76F9	2	jbe    0xfffffffb
77F9	2	ja     0xfffffffb
78F9	2	js     0xfffffffb
79F9	2	jns    0xfffffffb
7AF9	2	jp     0xfffffffb
7BF9	2	jnp    0xfffffffb
7CF9	2	jl     0xfffffffb
7DF9	2	jge    0xfffffffb
7EF9	2	jle    0xfffffffb
7FF9	2	jg     0xfffffffb
80F9	3	cmp    $0x90,%cl
81F9	6	cmp    $0x90909090,%ecx
82F9	3	cmp    $0x90,%cl
83F9	3	cmp    $0xffffff90,%ecx
84F9	2	test   %bh,%cl
85F9	2	test   %edi,%ecx
86F9	2	xchg   %bh,%cl
87F9	2	xchg   %edi,%ecx
88F9	2	mov    %bh,%cl
89F9	2	mov    %edi,%ecx
8AF9	2	mov    %cl,%bh
8BF9	2	mov    %ecx,%edi
8CF9	2	mov    %?,%ecx
8DF9	NONE	lea    (bad),%edi
8EF9	2	mov    %ecx,%?
8FF9	NONE	(bad)
90F9	1	nop
91F9	1	xchg   %eax,%ecx
92F9	1	xchg   %eax,%edx
93F9	1	xchg   %eax,%ebx
94F9	1	xchg   %eax,%esp
95F9	1	xchg   %eax,%ebp
96F9	1	xchg   %eax,%esi
97F9	1	xchg   %eax,%edi
98F9	1	cwtl
99F9	1	cltd
9AF9	7	lcall  $0x9090,$0x909090f9
9BF9	1	fwait
9CF9	1	pushf
9DF9	1	popf
9EF9	1	sahf
9FF9	1	lahf
A0F9	5	mov    0x909090f9,%al
A1F9	5	mov    0x909090f9,%eax
A2F9	5	mov    %al,0x909090f9
A3F9	5	mov    %eax,0x909090f9
A4F9	1	movsb  %ds:(%esi),%es:(%edi)
A5F9	1	movsl  %ds:(%esi),%es:(%edi)
A6F9	1	cmpsb  %es:(%edi),%ds:(%esi)
A7F9	1	cmpsl  %es:(%edi),%ds:(%esi)
A8F9	2	test   $0xf9,%al
A9F9	5	test   $0x909090f9,%eax
AAF9	1	stos   %al,%es:(%edi)
ABF9	1	stos   %eax,%es:(%edi)
ACF9	1	lods   %ds:(%esi),%al
ADF9	1	lods   %ds:(%esi),%eax
AEF9	1	scas   %es:(%edi),%al
AFF9	1	scas   %es:(%edi),%eax
B0F9	2	mov    $0xf9,%al
B1F9	2	mov    $0xf9,%cl
B2F9	2	mov    $0xf9,%dl
B3F9	2	mov    $0xf9,%bl
B4F9	2	mov    $0xf9,%ah
B5F9	2	mov    $0xf9,%ch
B6F9	2	mov    $0xf9,%dh
B7F9	2	mov    $0xf9,%bh
B8F9	5	mov    $0x909090f9,%eax
B9F9	5	mov    $0x909090f9,%ecx
BAF9	5	mov    $0x909090f9,%edx
BBF9	5	mov    $0x909090f9,%ebx
BCF9	5	mov    $0x909090f9,%esp
BDF9	5	mov    $0x909090f9,%ebp
BEF9	5	mov    $0x909090f9,%esi
BFF9	5	mov    $0x909090f9,%edi
C0F9	3	sar    $0x90,%cl
C1F9	3	sar    $0x90,%ecx
C2F9	3	ret    $0x90f9
C3F9	1	ret
C4F9	NONE	(bad)
C5F9	8	kmovb  -0x6f6f6f70(%eax),%k2
C6F9	NONE	(bad)
C7F9	NONE	(bad)
C8F9	4	enter  $0x90f9,$0x90
C9F9	1	leave
CAF9	3	lret   $0x90f9
CBF9	1	lret
CCF9	1	int3
CDF9	2	int    $0xf9
CEF9	1	into
CFF9	1	iret
D0F9	2	sar    $1,%cl
D1F9	2	sar    $1,%ecx
D2F9	2	sar    %cl,%cl
D3F9	2	sar    %cl,%ecx
D4F9	2	aam    $0xf9
D5F9	2	aad    $0xf9
D6F9	NONE	(bad)
D7F9	1	xlat   %ds:(%ebx)
D8F9	2	fdivr  %st(1),%st
D9F9	2	fyl2xp1
DAF9	NONE	(bad)
DBF9	NONE	(bad)
DCF9	2	fdivr  %st,%st(1)
DDF9	NONE	(bad)
DEF9	2	fdivrp %st,%st(1)
DFF9	NONE	(bad)
E0F9	2	loopne 0xfffffffb
E1F9	2	loope  0xfffffffb
E2F9	2	loop   0xfffffffb
E3F9	2	jecxz  0xfffffffb
E4F9	2	in     $0xf9,%al
E5F9	2	in     $0xf9,%eax
E6F9	2	out    %al,$0xf9
E7F9	2	out    %eax,$0xf9
E8F9	5	call   0x909090fe
E9F9	5	jmp    0x909090fe
EAF9	7	ljmp   $0x9090,$0x909090f9
EBF9	2	jmp    0xfffffffb
ECF9	1	in     (%dx),%al
EDF9	1	in     (%dx),%eax
EEF9	1	out    %al,(%dx)
EFF9	1	out    %eax,(%dx)
F0F9	2	lock stc
F1F9	1	int1
F2F9	2	repnz stc
F3F9	2	repz stc
F4F9	1	hlt
F5F9	1	cmc
F6F9	2	idiv   %cl
F7F9	2	idiv   %ecx
F8F9	1	clc
F9F9	1	stc
FAF9	1	cli
FBF9	1	sti
FCF9	1	cld
FDF9	1	std
FEF9	NONE	(bad)
FFF9	NONE	(bad)
00FA	2	add    %bh,%dl
01FA	2	add    %edi,%edx
02FA	2	add    %dl,%bh
03FA	2	add    %edx,%edi
04FA	2	add    $0xfa,%al
05FA	5	add    $0x909090fa,%eax
06FA	1	push   %es
07FA	1	pop    %es
08FA	2	or     %bh,%dl
09FA	2	or     %edi,%edx
0AFA	2	or     %dl,%bh
0BFA	2	or     %edx,%edi
0CFA	2	or     $0xfa,%al
0DFA	5	or     $0x909090fa,%eax
0EFA	1	push   %cs
0FFA	7	psubd  -0x6f6f6f70(%eax),%mm2
10FA	2	adc    %bh,%dl
11FA	2	adc    %edi,%edx
12FA	2	adc    %dl,%bh
13FA	2	adc    %edx,%edi
14FA	2	adc    $0xfa,%al
15FA	5	adc    $0x909090fa,%eax
16FA	1	push   %ss
17FA	1	pop    %ss
18FA	2	sbb    %bh,%dl
19FA	2	sbb    %edi,%edx
1AFA	2	sbb    %dl,%bh
1BFA	2	sbb    %edx,%edi
1CFA	2	sbb    $0xfa,%al
1DFA	5	sbb    $0x909090fa,%eax
1EFA	1	push   %ds
1FFA	1	pop    %ds
20FA	2	and    %bh,%dl
21FA	2	and    %edi,%edx
22FA	2	and    %dl,%bh
23FA	2	and    %edx,%edi
24FA	2	and    $0xfa,%al
25FA	5	and    $0x909090fa,%eax
26FA	2	es cli
27FA	1	daa
28FA	2	sub    %bh,%dl
29FA	2	sub    %edi,%edx
2AFA	2	sub    %dl,%bh
2BFA	2	sub    %edx,%edi
2CFA	2	sub    $0xfa,%al
2DFA	5	sub    $0x909090fa,%eax
2EFA	2	cs cli
2FFA	1	das
30FA	2	xor    %bh,%dl
31FA	2	xor    %edi,%edx
32FA	2	xor    %dl,%bh
33FA	2	xor    %edx,%edi
34FA	2	xor    $0xfa,%al
35FA	5	xor    $0x909090fa,%eax
36FA	2	ss cli
37FA	1	aaa
38FA	2	cmp    %bh,%dl
39FA	2	cmp    %edi,%edx
3AFA	2	cmp    %dl,%bh
3BFA	2	cmp    %edx,%edi
3CFA	2	cmp    $0xfa,%al
3DFA	5	cmp    $0x909090fa,%eax
3EFA	2	ds cli
3FFA	1	aas
40FA	1	inc    %eax
41FA	1	inc    %ecx
42FA	1	inc    %edx
43FA	1	inc    %ebx
44FA	1	inc    %esp
45FA	1	inc    %ebp
46FA	1	inc    %esi
47FA	1	inc    %edi
48FA	1	dec    %eax
49FA	1	dec    %ecx
4AFA	1	dec    %edx
4BFA	1	dec    %ebx
4CFA	1	dec    %esp
4DFA	1	dec    %ebp
4EFA	1	dec    %esi
4FFA	1	dec    %edi
50FA	1	push   %eax
51FA	1	push   %ecx
52FA	1	push   %edx
53FA	1	push   %ebx
54FA	1	push   %esp
55FA	1	push   %ebp
56FA	1	push   %esi
57FA	1	push   %edi
58FA	1	pop    %eax
59FA	1	pop    %ecx
5AFA	1	pop    %edx
5BFA	1	pop    %ebx
5CFA	1	pop    %esp
5DFA	1	pop    %ebp
5EFA	1	pop    %esi
5FFA	1	pop    %edi
60FA	1	pusha
61FA	1	popa
62FA	NONE	(bad)  {rn-bad},{bad}
63FA	2	arpl   %edi,%edx
64FA	2	fs cli
65FA	2	gs cli
66FA	2	data16 cli
67FA	2	addr16 cli
68FA	5	push   $0x909090fa
69FA	6	imul   $0x90909090,%edx,%edi
6AFA	2	push   $0xfffffffa
6BFA	3	imul   $0xffffff90,%edx,%edi
6CFA	1	insb   (%dx),%es:(%edi)
6DFA	1	insl   (%dx),%es:(%edi)
6EFA	1	outsb  %ds:(%esi),(%dx)
6FFA	1	outsl  %ds:(%esi),(%dx)
70FA	2	jo     0xfffffffc
71FA	2	jno    0xfffffffc
72FA	2	jb     0xfffffffc
73FA	2	jae    0xfffffffc
74FA	2	je     0xfffffffc
75FA	2	jne    0xfffffffc
76FA	2	jbe    0xfffffffc
77FA	2	ja     0xfffffffc
78FA	2	js     0xfffffffc
79FA	2	jns    0xfffffffc
7AFA	2	jp     0xfffffffc
7BFA	2	jnp    0xfffffffc
7CFA	2	jl     0xfffffffc
7DFA	2	jge    0xfffffffc
7EFA	2	jle    0xfffffffc
7FFA	2	jg     0xfffffffc
80FA	3	cmp    $0x90,%dl
81FA	6	cmp    $0x90909090,%edx
82FA	3	cmp    $0x90,%dl
83FA	3	cmp    $0xffffff90,%edx
84FA	2	test   %bh,%dl
85FA	2	test   %edi,%edx
86FA	2	xchg   %bh,%dl
87FA	2	xchg   %edi,%edx
88FA	2	mov    %bh,%dl
89FA	2	mov    %edi,%edx
8AFA	2	mov    %dl,%bh
8BFA	2	mov    %edx,%edi
8CFA	2	mov    %?,%edx
8DFA	NONE	lea    (bad),%edi
8EFA	2	mov    %edx,%?
8FFA	NONE	(bad)
90FA	1	nop
91FA	1	xchg   %eax,%ecx
92FA	1	xchg   %eax,%edx
93FA	1	xchg   %eax,%ebx
94FA	1	xchg   %eax,%esp
95FA	1	xchg   %eax,%ebp
96FA	1	xchg   %eax,%esi
97FA	1	xchg   %eax,%edi
98FA	1	cwtl
99FA	1	cltd
9AFA	7	lcall  $0x9090,$0x909090fa
9BFA	1	fwait
9CFA	1	pushf
9DFA	1	popf
9EFA	1	sahf
9FFA	1	lahf
A0FA	5	mov    0x909090fa,%al
A1FA	5	mov    0x909090fa,%eax
A2FA	5	mov    %al,0x909090fa
A3FA	5	mov    %eax,0x909090fa
A4FA	1	movsb  %ds:(%esi),%es:(%edi)
A5FA	1	movsl  %ds:(%esi),%es:(%edi)
A6FA	1	cmpsb  %es:(%edi),%ds:(%esi)
A7FA	1	cmpsl  %es:(%edi),%ds:(%esi)
A8FA	2	test   $0xfa,%al
A9FA	5	test   $0x909090fa,%eax
AAFA	1	stos   %al,%es:(%edi)
ABFA	1	stos   %eax,%es:(%edi)
ACFA	1	lods   %ds:(%esi),%al
ADFA	1	lods   %ds:(%esi),%eax
AEFA	1	scas   %es:(%edi),%al
AFFA	1	scas   %es:(%edi),%eax
B0FA	2	mov    $0xfa,%al
B1FA	2	mov    $0xfa,%cl
B2FA	2	mov    $0xfa,%dl
B3FA	2	mov    $0xfa,%bl
B4FA	2	mov    $0xfa,%ah
B5FA	2	mov    $0xfa,%ch
B6FA	2	mov    $0xfa,%dh
B7FA	2	mov    $0xfa,%bh
B8FA	5	mov    $0x909090fa,%eax
B9FA	5	mov    $0x909090fa,%ecx
BAFA	5	mov    $0x909090fa,%edx
BBFA	5	mov    $0x909090fa,%ebx
BCFA	5	mov    $0x909090fa,%esp
BDFA	5	mov    $0x909090fa,%ebp
BEFA	5	mov    $0x909090fa,%esi
BFFA	5	mov    $0x909090fa,%edi
C0FA	3	sar    $0x90,%dl
C1FA	3	sar    $0x90,%edx
C2FA	3	ret    $0x90fa
C3FA	1	ret
C4FA	NONE	(bad)
C5FA	NONE	(bad)
C6FA	NONE	(bad)
C7FA	NONE	(bad)
C8FA	4	enter  $0x90fa,$0x90
C9FA	1	leave
CAFA	3	lret   $0x90fa
CBFA	1	lret
CCFA	1	int3
CDFA	2	int    $0xfa
CEFA	1	into
CFFA	1	iret
D0FA	2	sar    $1,%dl
D1FA	2	sar    $1,%edx
D2FA	2	sar    %cl,%dl
D3FA	2	sar    %cl,%edx
D4FA	2	aam    $0xfa
D5FA	2	aad    $0xfa
D6FA	NONE	(bad)
D7FA	1	xlat   %ds:(%ebx)
D8FA	2	fdivr  %st(2),%st
D9FA	2	fsqrt
DAFA	NONE	(bad)
DBFA	NONE	(bad)
DCFA	2	fdivr  %st,%st(2)
DDFA	NONE	(bad)
DEFA	2	fdivrp %st,%st(2)
DFFA	NONE	(bad)
E0FA	2	loopne 0xfffffffc
E1FA	2	loope  0xfffffffc
E2FA	2	loop   0xfffffffc
E3FA	2	jecxz  0xfffffffc
E4FA	2	in     $0xfa,%al
E5FA	2	in     $0xfa,%eax
E6FA	2	out    %al,$0xfa
E7FA	2	out    %eax,$0xfa
E8FA	5	call   0x909090ff
E9FA	5	jmp    0x909090ff
EAFA	7	ljmp   $0x9090,$0x909090fa
EBFA	2	jmp    0xfffffffc
ECFA	1	in     (%dx),%al
EDFA	1	in     (%dx),%eax
EEFA	1	out    %al,(%dx)
EFFA	1	out    %eax,(%dx)
F0FA	2	lock cli
F1FA	1	int1
F2FA	2	repnz cli
F3FA	2	repz cli
F4FA	1	hlt
F5FA	1	cmc
F6FA	2	idiv   %dl
F7FA	2	idiv   %edx
F8FA	1	clc
F9FA	1	stc
FAFA	1	cli
FBFA	1	sti
FCFA	1	cld
FDFA	1	std
FEFA	NONE	(bad)
FFFA	NONE	(bad)
00FB	2	add    %bh,%bl
01FB	2	add    %edi,%ebx
02FB	2	add    %bl,%bh
03FB	2	add    %ebx,%edi
04FB	2	add    $0xfb,%al
05FB	5	add    $0x909090fb,%eax
06FB	1	push   %es
07FB	1	pop    %es
08FB	2	or     %bh,%bl
09FB	2	or     %edi,%ebx
0AFB	2	or     %bl,%bh
0BFB	2	or     %ebx,%edi
0CFB	2	or     $0xfb,%al
0DFB	5	or     $0x909090fb,%eax
0EFB	1	push   %cs
0FFB	7	psubq  -0x6f6f6f70(%eax),%mm2
10FB	2	adc    %bh,%bl
11FB	2	adc    %edi,%ebx
12FB	2	adc    %bl,%bh
13FB	2	adc    %ebx,%edi
14FB	2	adc    $0xfb,%al
15FB	5	adc    $0x909090fb,%eax
16FB	1	push   %ss
17FB	1	pop    %ss
18FB	2	sbb    %bh,%bl
19FB	2	sbb    %edi,%ebx
1AFB	2	sbb    %bl,%bh
1BFB	2	sbb    %ebx,%edi
1CFB	2	sbb    $0xfb,%al
1DFB	5	sbb    $0x909090fb,%eax
1EFB	1	push   %ds
1FFB	1	pop    %ds
20FB	2	and    %bh,%bl
21FB	2	and    %edi,%ebx
22FB	2	and    %bl,%bh
23FB	2	and    %ebx,%edi
24FB	2	and    $0xfb,%al
25FB	5	and    $0x909090fb,%eax
26FB	2	es sti
27FB	1	daa
28FB	2	sub    %bh,%bl
29FB	2	sub    %edi,%ebx
2AFB	2	sub    %bl,%bh
2BFB	2	sub    %ebx,%edi
2CFB	2	sub    $0xfb,%al
2DFB	5	sub    $0x909090fb,%eax
2EFB	2	cs sti
2FFB	1	das
30FB	2	xor    %bh,%bl
31FB	2	xor    %edi,%ebx
32FB	2	xor    %bl,%bh
33FB	2	xor    %ebx,%edi
34FB	2	xor    $0xfb,%al
35FB	5	xor    $0x909090fb,%eax
36FB	2	ss sti
37FB	1	aaa
38FB	2	cmp    %bh,%bl
39FB	2	cmp    %edi,%ebx
3AFB	2	cmp    %bl,%bh
3BFB	2	cmp    %ebx,%edi
3CFB	2	cmp    $0xfb,%al
3DFB	5	cmp    $0x909090fb,%eax
3EFB	2	ds sti
3FFB	1	aas
40FB	1	inc    %eax
41FB	1	inc    %ecx
42FB	1	inc    %edx
43FB	1	inc    %ebx
44FB	1	inc    %esp
45FB	1	inc    %ebp
46FB	1	inc    %esi
47FB	1	inc    %edi
48FB	1	dec    %eax
49FB	1	dec    %ecx
4AFB	1	dec    %edx
4BFB	1	dec    %ebx
4CFB	1	dec    %esp
4DFB	1	dec    %ebp
4EFB	1	dec    %esi
4FFB	1	dec    %edi
50FB	1	push   %eax
51FB	1	push   %ecx
52FB	1	push   %edx
53FB	1	push   %ebx
54FB	1	push   %esp
55FB	1	push   %ebp
56FB	1	push   %esi
57FB	1	push   %edi
58FB	1	pop    %eax
59FB	1	pop    %ecx
5AFB	1	pop    %edx
5BFB	1	pop    %ebx
5CFB	1	pop    %esp
5DFB	1	pop    %ebp
5EFB	1	pop    %esi
5FFB	1	pop    %edi
60FB	1	pusha
61FB	1	popa
62FB	NONE	(bad)  {rn-bad},{bad}
63FB	2	arpl   %edi,%ebx
64FB	2	fs sti
65FB	2	gs sti
66FB	2	data16 sti
67FB	2	addr16 sti
68FB	5	push   $0x909090fb
69FB	6	imul   $0x90909090,%ebx,%edi
6AFB	2	push   $0xfffffffb
6BFB	3	imul   $0xffffff90,%ebx,%edi
6CFB	1	insb   (%dx),%es:(%edi)
6DFB	1	insl   (%dx),%es:(%edi)
6EFB	1	outsb  %ds:(%esi),(%dx)
6FFB	1	outsl  %ds:(%esi),(%dx)
70FB	2	jo     0xfffffffd
71FB	2	jno    0xfffffffd
72FB	2	jb     0xfffffffd
73FB	2	jae    0xfffffffd
74FB	2	je     0xfffffffd
75FB	2	jne    0xfffffffd
76FB	2	jbe    0xfffffffd
77FB	2	ja     0xfffffffd
78FB	2	js     0xfffffffd
79FB	2	jns    0xfffffffd
7AFB	2	jp     0xfffffffd
7BFB	2	jnp    0xfffffffd
7CFB	2	jl     0xfffffffd
7DFB	2	jge    0xfffffffd
7EFB	2	jle    0xfffffffd
7FFB	2	jg     0xfffffffd
80FB	3	cmp    $0x90,%bl
81FB	6	cmp    $0x90909090,%ebx
82FB	3	cmp    $0x90,%bl
83FB	3	cmp    $0xffffff90,%ebx
84FB	2	test   %bh,%bl
85FB	2	test   %edi,%ebx
86FB	2	xchg   %bh,%bl
87FB	2	xchg   %edi,%ebx
88FB	2	mov    %bh,%bl
89FB	2	mov    %edi,%ebx
8AFB	2	mov    %bl,%bh
8BFB	2	mov    %ebx,%edi
8CFB	2	mov    %?,%ebx
8DFB	NONE	lea    (bad),%edi
8EFB	2	mov    %ebx,%?
8FFB	NONE	(bad)
90FB	1	nop
91FB	1	xchg   %eax,%ecx
92FB	1	xchg   %eax,%edx
93FB	1	xchg   %eax,%ebx
94FB	1	xchg   %eax,%esp
95FB	1	xchg   %eax,%ebp
96FB	1	xchg   %eax,%esi
97FB	1	xchg   %eax,%edi
98FB	1	cwtl
99FB	1	cltd
9AFB	7	lcall  $0x9090,$0x909090fb
9BFB	1	fwait
9CFB	1	pushf
9DFB	1	popf
9EFB	1	sahf
9FFB	1	lahf
A0FB	5	mov    0x909090fb,%al
A1FB	5	mov    0x909090fb,%eax
A2FB	5	mov    %al,0x909090fb
A3FB	5	mov    %eax,0x909090fb
A4FB	1	movsb  %ds:(%esi),%es:(%edi)
A5FB	1	movsl  %ds:(%esi),%es:(%edi)
A6FB	1	cmpsb  %es:(%edi),%ds:(%esi)
A7FB	1	cmpsl  %es:(%edi),%ds:(%esi)
A8FB	2	test   $0xfb,%al
A9FB	5	test   $0x909090fb,%eax
AAFB	1	stos   %al,%es:(%edi)
ABFB	1	stos   %eax,%es:(%edi)
ACFB	1	lods   %ds:(%esi),%al
ADFB	1	lods   %ds:(%esi),%eax
AEFB	1	scas   %es:(%edi),%al
AFFB	1	scas   %es:(%edi),%eax
B0FB	2	mov    $0xfb,%al
B1FB	2	mov    $0xfb,%cl
B2FB	2	mov    $0xfb,%dl
B3FB	2	mov    $0xfb,%bl
B4FB	2	mov    $0xfb,%ah
B5FB	2	mov    $0xfb,%ch
B6FB	2	mov    $0xfb,%dh
B7FB	2	mov    $0xfb,%bh
B8FB	5	mov    $0x909090fb,%eax
B9FB	5	mov    $0x909090fb,%ecx
BAFB	5	mov    $0x909090fb,%edx
BBFB	5	mov    $0x909090fb,%ebx
BCFB	5	mov    $0x909090fb,%esp
BDFB	5	mov    $0x909090fb,%ebp
BEFB	5	mov    $0x909090fb,%esi
BFFB	5	mov    $0x909090fb,%edi
C0FB	3	sar    $0x90,%bl
C1FB	3	sar    $0x90,%ebx
C2FB	3	ret    $0x90fb
C3FB	1	ret
C4FB	NONE	(bad)
C5FB	NONE	(bad)
C6FB	NONE	(bad)
C7FB	NONE	(bad)
C8FB	4	enter  $0x90fb,$0x90
C9FB	1	leave
CAFB	3	lret   $0x90fb
CBFB	1	lret
CCFB	1	int3
CDFB	2	int    $0xfb
CEFB	1	into
CFFB	1	iret
D0FB	2	sar    $1,%bl
D1FB	2	sar    $1,%ebx
D2FB	2	sar    %cl,%bl
D3FB	2	sar    %cl,%ebx
D4FB	2	aam    $0xfb
D5FB	2	aad    $0xfb
D6FB	NONE	(bad)
D7FB	1	xlat   %ds:(%ebx)
D8FB	2	fdivr  %st(3),%st
D9FB	2	fsincos
DAFB	NONE	(bad)
DBFB	NONE	(bad)
DCFB	2	fdivr  %st,%st(3)
DDFB	NONE	(bad)
DEFB	2	fdivrp %st,%st(3)
DFFB	NONE	(bad)
E0FB	2	loopne 0xfffffffd
E1FB	2	loope  0xfffffffd
E2FB	2	loop   0xfffffffd
E3FB	2	jecxz  0xfffffffd
E4FB	2	in     $0xfb,%al
E5FB	2	in     $0xfb,%eax
E6FB	2	out    %al,$0xfb
E7FB	2	out    %eax,$0xfb
E8FB	5	call   0x90909100
E9FB	5	jmp    0x90909100
EAFB	7	ljmp   $0x9090,$0x909090fb
EBFB	2	jmp    0xfffffffd
ECFB	1	in     (%dx),%al
EDFB	1	in     (%dx),%eax
EEFB	1	out    %al,(%dx)
EFFB	1	out    %eax,(%dx)
F0FB	2	lock sti
F1FB	1	int1
F2FB	2	repnz sti
F3FB	2	repz sti
F4FB	1	hlt
F5FB	1	cmc
F6FB	2	idiv   %bl
F7FB	2	idiv   %ebx
F8FB	1	clc
F9FB	1	stc
FAFB	1	cli
FBFB	1	sti
FCFB	1	cld
FDFB	1	std
FEFB	NONE	(bad)
FFFB	NONE	(bad)
00FC	2	add    %bh,%ah
01FC	2	add    %edi,%esp
02FC	2	add    %ah,%bh
03FC	2	add    %esp,%edi
04FC	2	add    $0xfc,%al
05FC	5	add    $0x909090fc,%eax
06FC	1	push   %es
07FC	1	pop    %es
08FC	2	or     %bh,%ah
09FC	2	or     %edi,%esp
0AFC	2	or     %ah,%bh
0BFC	2	or     %esp,%edi
0CFC	2	or     $0xfc,%al
0DFC	5	or     $0x909090fc,%eax
0EFC	1	push   %cs
0FFC	7	paddb  -0x6f6f6f70(%eax),%mm2
10FC	2	adc    %bh,%ah
11FC	2	adc    %edi,%esp
12FC	2	adc    %ah,%bh
13FC	2	adc    %esp,%edi
14FC	2	adc    $0xfc,%al
15FC	5	adc    $0x909090fc,%eax
16FC	1	push   %ss
17FC	1	pop    %ss
18FC	2	sbb    %bh,%ah
19FC	2	sbb    %edi,%esp
1AFC	2	sbb    %ah,%bh
1BFC	2	sbb    %esp,%edi
1CFC	2	sbb    $0xfc,%al
1DFC	5	sbb    $0x909090fc,%eax
1EFC	1	push   %ds
1FFC	1	pop    %ds
20FC	2	and    %bh,%ah
21FC	2	and    %edi,%esp
22FC	2	and    %ah,%bh
23FC	2	and    %esp,%edi
24FC	2	and    $0xfc,%al
25FC	5	and    $0x909090fc,%eax
26FC	2	es cld
27FC	1	daa
28FC	2	sub    %bh,%ah
29FC	2	sub    %edi,%esp
2AFC	2	sub    %ah,%bh
2BFC	2	sub    %esp,%edi
2CFC	2	sub    $0xfc,%al
2DFC	5	sub    $0x909090fc,%eax
2EFC	2	cs cld
2FFC	1	das
30FC	2	xor    %bh,%ah
31FC	2	xor    %edi,%esp
32FC	2	xor    %ah,%bh
33FC	2	xor    %esp,%edi
34FC	2	xor    $0xfc,%al
35FC	5	xor    $0x909090fc,%eax
36FC	2	ss cld
37FC	1	aaa
38FC	2	cmp    %bh,%ah
39FC	2	cmp    %edi,%esp
3AFC	2	cmp    %ah,%bh
3BFC	2	cmp    %esp,%edi
3CFC	2	cmp    $0xfc,%al
3DFC	5	cmp    $0x909090fc,%eax
3EFC	2	ds cld
3FFC	1	aas
40FC	1	inc    %eax
41FC	1	inc    %ecx
42FC	1	inc    %edx
43FC	1	inc    %ebx
44FC	1	inc    %esp
45FC	1	inc    %ebp
46FC	1	inc    %esi
47FC	1	inc    %edi
48FC	1	dec    %eax
49FC	1	dec    %ecx
4AFC	1	dec    %edx
4BFC	1	dec    %ebx
4CFC	1	dec    %esp
4DFC	1	dec    %ebp
4EFC	1	dec    %esi
4FFC	1	dec    %edi
50FC	1	push   %eax
51FC	1	push   %ecx
52FC	1	push   %edx
53FC	1	push   %ebx
54FC	1	push   %esp
55FC	1	push   %ebp
56FC	1	push   %esi
57FC	1	push   %edi
58FC	1	pop    %eax
59FC	1	pop    %ecx
5AFC	1	pop    %edx
5BFC	1	pop    %ebx
5CFC	1	pop    %esp
5DFC	1	pop    %ebp
5EFC	1	pop    %esi
5FFC	1	pop    %edi
60FC	1	pusha
61FC	1	popa
62FC	NONE	(bad)
63FC	2	arpl   %edi,%esp
64FC	2	fs cld
65FC	2	gs cld
66FC	2	data16 cld
67FC	2	addr16 cld
68FC	5	push   $0x909090fc
69FC	6	imul   $0x90909090,%esp,%edi
6AFC	2	push   $0xfffffffc
6BFC	3	imul   $0xffffff90,%esp,%edi
6CFC	1	insb   (%dx),%es:(%edi)
6DFC	1	insl   (%dx),%es:(%edi)
6EFC	1	outsb  %ds:(%esi),(%dx)
6FFC	1	outsl  %ds:(%esi),(%dx)
70FC	2	jo     0xfffffffe
71FC	2	jno    0xfffffffe
72FC	2	jb     0xfffffffe
73FC	2	jae    0xfffffffe
74FC	2	je     0xfffffffe
75FC	2	jne    0xfffffffe
76FC	2	jbe    0xfffffffe
77FC	2	ja     0xfffffffe
78FC	2	js     0xfffffffe
79FC	2	jns    0xfffffffe
7AFC	2	jp     0xfffffffe
7BFC	2	jnp    0xfffffffe
7CFC	2	jl     0xfffffffe
7DFC	2	jge    0xfffffffe
7EFC	2	jle    0xfffffffe
7FFC	2	jg     0xfffffffe
80FC	3	cmp    $0x90,%ah
81FC	6	cmp    $0x90909090,%esp
82FC	3	cmp    $0x90,%ah
83FC	3	cmp    $0xffffff90,%esp
84FC	2	test   %bh,%ah
85FC	2	test   %edi,%esp
86FC	2	xchg   %bh,%ah
87FC	2	xchg   %edi,%esp
88FC	2	mov    %bh,%ah
89FC	2	mov    %edi,%esp
8AFC	2	mov    %ah,%bh
8BFC	2	mov    %esp,%edi
8CFC	2	mov    %?,%esp
8DFC	NONE	lea    (bad),%edi
8EFC	2	mov    %esp,%?
8FFC	NONE	(bad)
90FC	1	nop
91FC	1	xchg   %eax,%ecx
92FC	1	xchg   %eax,%edx
93FC	1	xchg   %eax,%ebx
94FC	1	xchg   %eax,%esp
95FC	1	xchg   %eax,%ebp
96FC	1	xchg   %eax,%esi
97FC	1	xchg   %eax,%edi
98FC	1	cwtl
99FC	1	cltd
9AFC	7	lcall  $0x9090,$0x909090fc
9BFC	1	fwait
9CFC	1	pushf
9DFC	1	popf
9EFC	1	sahf
9FFC	1	lahf
A0FC	5	mov    0x909090fc,%al
A1FC	5	mov    0x909090fc,%eax
A2FC	5	mov    %al,0x909090fc
A3FC	5	mov    %eax,0x909090fc
A4FC	1	movsb  %ds:(%esi),%es:(%edi)
A5FC	1	movsl  %ds:(%esi),%es:(%edi)
A6FC	1	cmpsb  %es:(%edi),%ds:(%esi)
A7FC	1	cmpsl  %es:(%edi),%ds:(%esi)
A8FC	2	test   $0xfc,%al
A9FC	5	test   $0x909090fc,%eax
AAFC	1	stos   %al,%es:(%edi)
ABFC	1	stos   %eax,%es:(%edi)
ACFC	1	lods   %ds:(%esi),%al
ADFC	1	lods   %ds:(%esi),%eax
AEFC	1	scas   %es:(%edi),%al
AFFC	1	scas   %es:(%edi),%eax
B0FC	2	mov    $0xfc,%al
B1FC	2	mov    $0xfc,%cl
B2FC	2	mov    $0xfc,%dl
B3FC	2	mov    $0xfc,%bl
B4FC	2	mov    $0xfc,%ah
B5FC	2	mov    $0xfc,%ch
B6FC	2	mov    $0xfc,%dh
B7FC	2	mov    $0xfc,%bh
B8FC	5	mov    $0x909090fc,%eax
B9FC	5	mov    $0x909090fc,%ecx
BAFC	5	mov    $0x909090fc,%edx
BBFC	5	mov    $0x909090fc,%ebx
BCFC	5	mov    $0x909090fc,%esp
BDFC	5	mov    $0x909090fc,%ebp
BEFC	5	mov    $0x909090fc,%esi
BFFC	5	mov    $0x909090fc,%edi
C0FC	3	sar    $0x90,%ah
C1FC	3	sar    $0x90,%esp
C2FC	3	ret    $0x90fc
C3FC	1	ret
C4FC	NONE	(bad)
C5FC	NONE	(bad)
C6FC	NONE	(bad)
C7FC	NONE	(bad)
C8FC	4	enter  $0x90fc,$0x90
C9FC	1	leave
CAFC	3	lret   $0x90fc
CBFC	1	lret
CCFC	1	int3
CDFC	2	int    $0xfc
CEFC	1	into
CFFC	1	iret
D0FC	2	sar    $1,%ah
D1FC	2	sar    $1,%esp
D2FC	2	sar    %cl,%ah
D3FC	2	sar    %cl,%esp
D4FC	2	aam    $0xfc
D5FC	2	aad    $0xfc
D6FC	NONE	(bad)
D7FC	1	xlat   %ds:(%ebx)
D8FC	2	fdivr  %st(4),%st
D9FC	2	frndint
DAFC	NONE	(bad)
DBFC	NONE	(bad)
DCFC	2	fdivr  %st,%st(4)
DDFC	NONE	(bad)
DEFC	2	fdivrp %st,%st(4)
DFFC	NONE	(bad)
E0FC	2	loopne 0xfffffffe
E1FC	2	loope  0xfffffffe
E2FC	2	loop   0xfffffffe
E3FC	2	jecxz  0xfffffffe
E4FC	2	in     $0xfc,%al
E5FC	2	in     $0xfc,%eax
E6FC	2	out    %al,$0xfc
E7FC	2	out    %eax,$0xfc
E8FC	5	call   0x90909101
E9FC	5	jmp    0x90909101
EAFC	7	ljmp   $0x9090,$0x909090fc
EBFC	2	jmp    0xfffffffe
ECFC	1	in     (%dx),%al
EDFC	1	in     (%dx),%eax
EEFC	1	out    %al,(%dx)
EFFC	1	out    %eax,(%dx)
F0FC	2	lock cld
F1FC	1	int1
F2FC	2	repnz cld
F3FC	2	repz cld
F4FC	1	hlt
F5FC	1	cmc
F6FC	2	idiv   %ah
F7FC	2	idiv   %esp
F8FC	1	clc
F9FC	1	stc
FAFC	1	cli
FBFC	1	sti
FCFC	1	cld
FDFC	1	std
FEFC	NONE	(bad)
FFFC	NONE	(bad)
00FD	2	add    %bh,%ch
01FD	2	add    %edi,%ebp
02FD	2	add    %ch,%bh
03FD	2	add    %ebp,%edi
04FD	2	add    $0xfd,%al
05FD	5	add    $0x909090fd,%eax
06FD	1	push   %es
07FD	1	pop    %es
08FD	2	or     %bh,%ch
09FD	2	or     %edi,%ebp
0AFD	2	or     %ch,%bh
0BFD	2	or     %ebp,%edi
0CFD	2	or     $0xfd,%al
0DFD	5	or     $0x909090fd,%eax
0EFD	1	push   %cs
0FFD	7	paddw  -0x6f6f6f70(%eax),%mm2
10FD	2	adc    %bh,%ch
11FD	2	adc    %edi,%ebp
12FD	2	adc    %ch,%bh
13FD	2	adc    %ebp,%edi
14FD	2	adc    $0xfd,%al
15FD	5	adc    $0x909090fd,%eax
16FD	1	push   %ss
17FD	1	pop    %ss
18FD	2	sbb    %bh,%ch
19FD	2	sbb    %edi,%ebp
1AFD	2	sbb    %ch,%bh
1BFD	2	sbb    %ebp,%edi
1CFD	2	sbb    $0xfd,%al
1DFD	5	sbb    $0x909090fd,%eax
1EFD	1	push   %ds
1FFD	1	pop    %ds
20FD	2	and    %bh,%ch
21FD	2	and    %edi,%ebp
22FD	2	and    %ch,%bh
23FD	2	and    %ebp,%edi
24FD	2	and    $0xfd,%al
25FD	5	and    $0x909090fd,%eax
26FD	2	es std
27FD	1	daa
28FD	2	sub    %bh,%ch
29FD	2	sub    %edi,%ebp
2AFD	2	sub    %ch,%bh
2BFD	2	sub    %ebp,%edi
2CFD	2	sub    $0xfd,%al
2DFD	5	sub    $0x909090fd,%eax
2EFD	2	cs std
2FFD	1	das
30FD	2	xor    %bh,%ch
31FD	2	xor    %edi,%ebp
32FD	2	xor    %ch,%bh
33FD	2	xor    %ebp,%edi
34FD	2	xor    $0xfd,%al
35FD	5	xor    $0x909090fd,%eax
36FD	2	ss std
37FD	1	aaa
38FD	2	cmp    %bh,%ch
39FD	2	cmp    %edi,%ebp
3AFD	2	cmp    %ch,%bh
3BFD	2	cmp    %ebp,%edi
3CFD	2	cmp    $0xfd,%al
3DFD	5	cmp    $0x909090fd,%eax
3EFD	2	ds std
3FFD	1	aas
40FD	1	inc    %eax
41FD	1	inc    %ecx
42FD	1	inc    %edx
43FD	1	inc    %ebx
44FD	1	inc    %esp
45FD	1	inc    %ebp
46FD	1	inc    %esi
47FD	1	inc    %edi
48FD	1	dec    %eax
49FD	1	dec    %ecx
4AFD	1	dec    %edx
4BFD	1	dec    %ebx
4CFD	1	dec    %esp
4DFD	1	dec    %ebp
4EFD	1	dec    %esi
4FFD	1	dec    %edi
50FD	1	push   %eax
51FD	1	push   %ecx
52FD	1	push   %edx
53FD	1	push   %ebx
54FD	1	push   %esp
55FD	1	push   %ebp
56FD	1	push   %esi
57FD	1	push   %edi
58FD	1	pop    %eax
59FD	1	pop    %ecx
5AFD	1	pop    %edx
5BFD	1	pop    %ebx
5CFD	1	pop    %esp
5DFD	1	pop    %ebp
5EFD	1	pop    %esi
5FFD	1	pop    %edi
60FD	1	pusha
61FD	1	popa
62FD	NONE	(bad)  {rn-bad},{bad}
63FD	2	arpl   %edi,%ebp
64FD	2	fs std
65FD	2	gs std
66FD	2	data16 std
67FD	2	addr16 std
68FD	5	push   $0x909090fd
69FD	6	imul   $0x90909090,%ebp,%edi
6AFD	2	push   $0xfffffffd
6BFD	3	imul   $0xffffff90,%ebp,%edi
6CFD	1	insb   (%dx),%es:(%edi)
6DFD	1	insl   (%dx),%es:(%edi)
6EFD	1	outsb  %ds:(%esi),(%dx)
6FFD	1	outsl  %ds:(%esi),(%dx)
70FD	2	jo     0xffffffff
71FD	2	jno    0xffffffff
72FD	2	jb     0xffffffff
73FD	2	jae    0xffffffff
74FD	2	je     0xffffffff
75FD	2	jne    0xffffffff
76FD	2	jbe    0xffffffff
77FD	2	ja     0xffffffff
78FD	2	js     0xffffffff
79FD	2	jns    0xffffffff
7AFD	2	jp     0xffffffff
7BFD	2	jnp    0xffffffff
7CFD	2	jl     0xffffffff
7DFD	2	jge    0xffffffff
7EFD	2	jle    0xffffffff
7FFD	2	jg     0xffffffff
80FD	3	cmp    $0x90,%ch
81FD	6	cmp    $0x90909090,%ebp
82FD	3	cmp    $0x90,%ch
83FD	3	cmp    $0xffffff90,%ebp
84FD	2	test   %bh,%ch
85FD	2	test   %edi,%ebp
86FD	2	xchg   %bh,%ch
87FD	2	xchg   %edi,%ebp
88FD	2	mov    %bh,%ch
89FD	2	mov    %edi,%ebp
8AFD	2	mov    %ch,%bh
8BFD	2	mov    %ebp,%edi
8CFD	2	mov    %?,%ebp
8DFD	NONE	lea    (bad),%edi
8EFD	2	mov    %ebp,%?
8FFD	NONE	(bad)
90FD	1	nop
91FD	1	xchg   %eax,%ecx
92FD	1	xchg   %eax,%edx
93FD	1	xchg   %eax,%ebx
94FD	1	xchg   %eax,%esp
95FD	1	xchg   %eax,%ebp
96FD	1	xchg   %eax,%esi
97FD	1	xchg   %eax,%edi
98FD	1	cwtl
99FD	1	cltd
9AFD	7	lcall  $0x9090,$0x909090fd
9BFD	1	fwait
9CFD	1	pushf
9DFD	1	popf
9EFD	1	sahf
9FFD	1	lahf
A0FD	5	mov    0x909090fd,%al
A1FD	5	mov    0x909090fd,%eax
A2FD	5	mov    %al,0x909090fd
A3FD	5	mov    %eax,0x909090fd
A4FD	1	movsb  %ds:(%esi),%es:(%edi)
A5FD	1	movsl  %ds:(%esi),%es:(%edi)
A6FD	1	cmpsb  %es:(%edi),%ds:(%esi)
A7FD	1	cmpsl  %es:(%edi),%ds:(%esi)
A8FD	2	test   $0xfd,%al
A9FD	5	test   $0x909090fd,%eax
AAFD	1	stos   %al,%es:(%edi)
ABFD	1	stos   %eax,%es:(%edi)
ACFD	1	lods   %ds:(%esi),%al
ADFD	1	lods   %ds:(%esi),%eax
AEFD	1	scas   %es:(%edi),%al
AFFD	1	scas   %es:(%edi),%eax
B0FD	2	mov    $0xfd,%al
B1FD	2	mov    $0xfd,%cl
B2FD	2	mov    $0xfd,%dl
B3FD	2	mov    $0xfd,%bl
B4FD	2	mov    $0xfd,%ah
B5FD	2	mov    $0xfd,%ch
B6FD	2	mov    $0xfd,%dh
B7FD	2	mov    $0xfd,%bh
B8FD	5	mov    $0x909090fd,%eax
B9FD	5	mov    $0x909090fd,%ecx
BAFD	5	mov    $0x909090fd,%edx
BBFD	5	mov    $0x909090fd,%ebx
BCFD	5	mov    $0x909090fd,%esp
BDFD	5	mov    $0x909090fd,%ebp
BEFD	5	mov    $0x909090fd,%esi
BFFD	5	mov    $0x909090fd,%edi
C0FD	3	sar    $0x90,%ch
C1FD	3	sar    $0x90,%ebp
C2FD	3	ret    $0x90fd
C3FD	1	ret
C4FD	NONE	(bad)
C5FD	NONE	(bad)
C6FD	NONE	(bad)
C7FD	NONE	(bad)
C8FD	4	enter  $0x90fd,$0x90
C9FD	1	leave
CAFD	3	lret   $0x90fd
CBFD	1	lret
CCFD	1	int3
CDFD	2	int    $0xfd
CEFD	1	into
CFFD	1	iret
D0FD	2	sar    $1,%ch
D1FD	2	sar    $1,%ebp
D2FD	2	sar    %cl,%ch
D3FD	2	sar    %cl,%ebp
D4FD	2	aam    $0xfd
D5FD	2	aad    $0xfd
D6FD	NONE	(bad)
D7FD	1	xlat   %ds:(%ebx)
D8FD	2	fdivr  %st(5),%st
D9FD	2	fscale
DAFD	NONE	(bad)
DBFD	NONE	(bad)
DCFD	2	fdivr  %st,%st(5)
DDFD	NONE	(bad)
DEFD	2	fdivrp %st,%st(5)
DFFD	NONE	(bad)
E0FD	2	loopne 0xffffffff
E1FD	2	loope  0xffffffff
E2FD	2	loop   0xffffffff
E3FD	2	jecxz  0xffffffff
E4FD	2	in     $0xfd,%al
E5FD	2	in     $0xfd,%eax
E6FD	2	out    %al,$0xfd
E7FD	2	out    %eax,$0xfd
E8FD	5	call   0x90909102
E9FD	5	jmp    0x90909102
EAFD	7	ljmp   $0x9090,$0x909090fd
EBFD	2	jmp    0xffffffff
ECFD	1	in     (%dx),%al
EDFD	1	in     (%dx),%eax
EEFD	1	out    %al,(%dx)
EFFD	1	out    %eax,(%dx)
F0FD	2	lock std
F1FD	1	int1
F2FD	2	repnz std
F3FD	2	repz std
F4FD	1	hlt
F5FD	1	cmc
F6FD	2	idiv   %ch
F7FD	2	idiv   %ebp
F8FD	1	clc
F9FD	1	stc
FAFD	1	cli
FBFD	1	sti
FCFD	1	cld
FDFD	1	std
FEFD	NONE	(bad)
FFFD	NONE	(bad)
00FE	2	add    %bh,%dh
01FE	2	add    %edi,%esi
02FE	2	add    %dh,%bh
03FE	2	add    %esi,%edi
04FE	2	add    $0xfe,%al
05FE	5	add    $0x909090fe,%eax
06FE	1	push   %es
07FE	1	pop    %es
08FE	2	or     %bh,%dh
09FE	2	or     %edi,%esi
0AFE	2	or     %dh,%bh
0BFE	2	or     %esi,%edi
0CFE	2	or     $0xfe,%al
0DFE	5	or     $0x909090fe,%eax
0EFE	1	push   %cs
0FFE	7	paddd  -0x6f6f6f70(%eax),%mm2
10FE	2	adc    %bh,%dh
11FE	2	adc    %edi,%esi
12FE	2	adc    %dh,%bh
13FE	2	adc    %esi,%edi
14FE	2	adc    $0xfe,%al
15FE	5	adc    $0x909090fe,%eax
16FE	1	push   %ss
17FE	1	pop    %ss
18FE	2	sbb    %bh,%dh
19FE	2	sbb    %edi,%esi
1AFE	2	sbb    %dh,%bh
1BFE	2	sbb    %esi,%edi
1CFE	2	sbb    $0xfe,%al
1DFE	5	sbb    $0x909090fe,%eax
1EFE	1	push   %ds
1FFE	1	pop    %ds
20FE	2	and    %bh,%dh
21FE	2	and    %edi,%esi
22FE	2	and    %dh,%bh
23FE	2	and    %esi,%edi
24FE	2	and    $0xfe,%al
25FE	5	and    $0x909090fe,%eax
26FE	NONE	es (bad)
27FE	1	daa
28FE	2	sub    %bh,%dh
29FE	2	sub    %edi,%esi
2AFE	2	sub    %dh,%bh
2BFE	2	sub    %esi,%edi
2CFE	2	sub    $0xfe,%al
2DFE	5	sub    $0x909090fe,%eax
2EFE	NONE	cs (bad)
2FFE	1	das
30FE	2	xor    %bh,%dh
31FE	2	xor    %edi,%esi
32FE	2	xor    %dh,%bh
33FE	2	xor    %esi,%edi
34FE	2	xor    $0xfe,%al
35FE	5	xor    $0x909090fe,%eax
36FE	NONE	ss (bad)
37FE	1	aaa
38FE	2	cmp    %bh,%dh
39FE	2	cmp    %edi,%esi
3AFE	2	cmp    %dh,%bh
3BFE	2	cmp    %esi,%edi
3CFE	2	cmp    $0xfe,%al
3DFE	5	cmp    $0x909090fe,%eax
3EFE	NONE	ds (bad)
3FFE	1	aas
40FE	1	inc    %eax
41FE	1	inc    %ecx
42FE	1	inc    %edx
43FE	1	inc    %ebx
44FE	1	inc    %esp
45FE	1	inc    %ebp
46FE	1	inc    %esi
47FE	1	inc    %edi
48FE	1	dec    %eax
49FE	1	dec    %ecx
4AFE	1	dec    %edx
4BFE	1	dec    %ebx
4CFE	1	dec    %esp
4DFE	1	dec    %ebp
4EFE	1	dec    %esi
4FFE	1	dec    %edi
50FE	1	push   %eax
51FE	1	push   %ecx
52FE	1	push   %edx
53FE	1	push   %ebx
54FE	1	push   %esp
55FE	1	push   %ebp
56FE	1	push   %esi
57FE	1	push   %edi
58FE	1	pop    %eax
59FE	1	pop    %ecx
5AFE	1	pop    %edx
5BFE	1	pop    %ebx
5CFE	1	pop    %esp
5DFE	1	pop    %ebp
5EFE	1	pop    %esi
5FFE	1	pop    %edi
60FE	1	pusha
61FE	1	popa
62FE	NONE	(bad)  {rn-bad},{bad}
63FE	2	arpl   %edi,%esi
64FE	NONE	fs (bad)
65FE	NONE	gs (bad)
66FE	NONE	data16 (bad)
67FE	NONE	addr16 (bad)
68FE	5	push   $0x909090fe
69FE	6	imul   $0x90909090,%esi,%edi
6AFE	2	push   $0xfffffffe
6BFE	3	imul   $0xffffff90,%esi,%edi
6CFE	1	insb   (%dx),%es:(%edi)
6DFE	1	insl   (%dx),%es:(%edi)
6EFE	1	outsb  %ds:(%esi),(%dx)
6FFE	1	outsl  %ds:(%esi),(%dx)
70FE	2	jo     0x0
71FE	2	jno    0x0
72FE	2	jb     0x0
73FE	2	jae    0x0
74FE	2	je     0x0
75FE	2	jne    0x0
76FE	2	jbe    0x0
77FE	2	ja     0x0
78FE	2	js     0x0
79FE	2	jns    0x0
7AFE	2	jp     0x0
7BFE	2	jnp    0x0
7CFE	2	jl     0x0
7DFE	2	jge    0x0
7EFE	2	jle    0x0
7FFE	2	jg     0x0
80FE	3	cmp    $0x90,%dh
81FE	6	cmp    $0x90909090,%esi
82FE	3	cmp    $0x90,%dh
83FE	3	cmp    $0xffffff90,%esi
84FE	2	test   %bh,%dh
85FE	2	test   %edi,%esi
86FE	2	xchg   %bh,%dh
87FE	2	xchg   %edi,%esi
88FE	2	mov    %bh,%dh
89FE	2	mov    %edi,%esi
8AFE	2	mov    %dh,%bh
8BFE	2	mov    %esi,%edi
8CFE	2	mov    %?,%esi
8DFE	NONE	lea    (bad),%edi
8EFE	2	mov    %esi,%?
8FFE	NONE	(bad)
90FE	1	nop
91FE	1	xchg   %eax,%ecx
92FE	1	xchg   %eax,%edx
93FE	1	xchg   %eax,%ebx
94FE	1	xchg   %eax,%esp
95FE	1	xchg   %eax,%ebp
96FE	1	xchg   %eax,%esi
97FE	1	xchg   %eax,%edi
98FE	1	cwtl
99FE	1	cltd
9AFE	7	lcall  $0x9090,$0x909090fe
9BFE	1	fwait
9CFE	1	pushf
9DFE	1	popf
9EFE	1	sahf
9FFE	1	lahf
A0FE	5	mov    0x909090fe,%al
A1FE	5	mov    0x909090fe,%eax
A2FE	5	mov    %al,0x909090fe
A3FE	5	mov    %eax,0x909090fe
A4FE	1	movsb  %ds:(%esi),%es:(%edi)
A5FE	1	movsl  %ds:(%esi),%es:(%edi)
A6FE	1	cmpsb  %es:(%edi),%ds:(%esi)
A7FE	1	cmpsl  %es:(%edi),%ds:(%esi)
A8FE	2	test   $0xfe,%al
A9FE	5	test   $0x909090fe,%eax
AAFE	1	stos   %al,%es:(%edi)
ABFE	1	stos   %eax,%es:(%edi)
ACFE	1	lods   %ds:(%esi),%al
ADFE	1	lods   %ds:(%esi),%eax
AEFE	1	scas   %es:(%edi),%al
AFFE	1	scas   %es:(%edi),%eax
B0FE	2	mov    $0xfe,%al
B1FE	2	mov    $0xfe,%cl
B2FE	2	mov    $0xfe,%dl
B3FE	2	mov    $0xfe,%bl
B4FE	2	mov    $0xfe,%ah
B5FE	2	mov    $0xfe,%ch
B6FE	2	mov    $0xfe,%dh
B7FE	2	mov    $0xfe,%bh
B8FE	5	mov    $0x909090fe,%eax
B9FE	5	mov    $0x909090fe,%ecx
BAFE	5	mov    $0x909090fe,%edx
BBFE	5	mov    $0x909090fe,%ebx
BCFE	5	mov    $0x909090fe,%esp
BDFE	5	mov    $0x909090fe,%ebp
BEFE	5	mov    $0x909090fe,%esi
BFFE	5	mov    $0x909090fe,%edi
C0FE	3	sar    $0x90,%dh
C1FE	3	sar    $0x90,%esi
C2FE	3	ret    $0x90fe
C3FE	1	ret
C4FE	NONE	(bad)
C5FE	NONE	(bad)
C6FE	NONE	(bad)
C7FE	NONE	(bad)
C8FE	4	enter  $0x90fe,$0x90
C9FE	1	leave
CAFE	3	lret   $0x90fe
CBFE	1	lret
CCFE	1	int3
CDFE	2	int    $0xfe
CEFE	1	into
CFFE	1	iret
D0FE	2	sar    $1,%dh
D1FE	2	sar    $1,%esi
D2FE	2	sar    %cl,%dh
D3FE	2	sar    %cl,%esi
D4FE	2	aam    $0xfe
D5FE	2	aad    $0xfe
D6FE	NONE	(bad)
D7FE	1	xlat   %ds:(%ebx)
D8FE	2	fdivr  %st(6),%st
D9FE	2	fsin
DAFE	NONE	(bad)
DBFE	NONE	(bad)
DCFE	2	fdivr  %st,%st(6)
DDFE	NONE	(bad)
DEFE	2	fdivrp %st,%st(6)
DFFE	NONE	(bad)
E0FE	2	loopne 0x0
E1FE	2	loope  0x0
E2FE	2	loop   0x0
E3FE	2	jecxz  0x0
E4FE	2	in     $0xfe,%al
E5FE	2	in     $0xfe,%eax
E6FE	2	out    %al,$0xfe
E7FE	2	out    %eax,$0xfe
E8FE	5	call   0x90909103
E9FE	5	jmp    0x90909103
EAFE	7	ljmp   $0x9090,$0x909090fe
EBFE	2	jmp    0x0
ECFE	1	in     (%dx),%al
EDFE	1	in     (%dx),%eax
EEFE	1	out    %al,(%dx)
EFFE	1	out    %eax,(%dx)
F0FE	NONE	lock (bad)
F1FE	1	int1
F2FE	NONE	repnz (bad)
F3FE	NONE	repz (bad)
F4FE	1	hlt
F5FE	1	cmc
F6FE	2	idiv   %dh
F7FE	2	idiv   %esi
F8FE	1	clc
F9FE	1	stc
FAFE	1	cli
FBFE	1	sti
FCFE	1	cld
FDFE	1	std
FEFE	NONE	(bad)
FFFE	NONE	(bad)
00FF	2	add    %bh,%bh
01FF	2	add    %edi,%edi
02FF	2	add    %bh,%bh
03FF	2	add    %edi,%edi
04FF	2	add    $0xff,%al
05FF	5	add    $0x909090ff,%eax
06FF	1	push   %es
07FF	1	pop    %es
08FF	2	or     %bh,%bh
09FF	2	or     %edi,%edi
0AFF	2	or     %bh,%bh
0BFF	2	or     %edi,%edi
0CFF	2	or     $0xff,%al
0DFF	5	or     $0x909090ff,%eax
0EFF	1	push   %cs
0FFF	7	ud0    -0x6f6f6f70(%eax),%edx
10FF	2	adc    %bh,%bh
11FF	2	adc    %edi,%edi
12FF	2	adc    %bh,%bh
13FF	2	adc    %edi,%edi
14FF	2	adc    $0xff,%al
15FF	5	adc    $0x909090ff,%eax
16FF	1	push   %ss
17FF	1	pop    %ss
18FF	2	sbb    %bh,%bh
19FF	2	sbb    %edi,%edi
1AFF	2	sbb    %bh,%bh
1BFF	2	sbb    %edi,%edi
1CFF	2	sbb    $0xff,%al
1DFF	5	sbb    $0x909090ff,%eax
1EFF	1	push   %ds
1FFF	1	pop    %ds
20FF	2	and    %bh,%bh
21FF	2	and    %edi,%edi
22FF	2	and    %bh,%bh
23FF	2	and    %edi,%edi
24FF	2	and    $0xff,%al
25FF	5	and    $0x909090ff,%eax
26FF	7	call   *%es:-0x6f6f6f70(%eax)
27FF	1	daa
28FF	2	sub    %bh,%bh
29FF	2	sub    %edi,%edi
2AFF	2	sub    %bh,%bh
2BFF	2	sub    %edi,%edi
2CFF	2	sub    $0xff,%al
2DFF	5	sub    $0x909090ff,%eax
2EFF	7	call   *%cs:-0x6f6f6f70(%eax)
2FFF	1	das
30FF	2	xor    %bh,%bh
31FF	2	xor    %edi,%edi
32FF	2	xor    %bh,%bh
33FF	2	xor    %edi,%edi
34FF	2	xor    $0xff,%al
35FF	5	xor    $0x909090ff,%eax
36FF	7	call   *%ss:-0x6f6f6f70(%eax)
37FF	1	aaa
38FF	2	cmp    %bh,%bh
39FF	2	cmp    %edi,%edi
3AFF	2	cmp    %bh,%bh
3BFF	2	cmp    %edi,%edi
3CFF	2	cmp    $0xff,%al
3DFF	5	cmp    $0x909090ff,%eax
3EFF	7	notrack call *-0x6f6f6f70(%eax)
3FFF	1	aas
40FF	1	inc    %eax
41FF	1	inc    %ecx
42FF	1	inc    %edx
43FF	1	inc    %ebx
44FF	1	inc    %esp
45FF	1	inc    %ebp
46FF	1	inc    %esi
47FF	1	inc    %edi
48FF	1	dec    %eax
49FF	1	dec    %ecx
4AFF	1	dec    %edx
4BFF	1	dec    %ebx
4CFF	1	dec    %esp
4DFF	1	dec    %ebp
4EFF	1	dec    %esi
4FFF	1	dec    %edi
50FF	1	push   %eax
51FF	1	push   %ecx
52FF	1	push   %edx
53FF	1	push   %ebx
54FF	1	push   %esp
55FF	1	push   %ebp
56FF	1	push   %esi
57FF	1	push   %edi
58FF	1	pop    %eax
59FF	1	pop    %ecx
5AFF	1	pop    %edx
5BFF	1	pop    %ebx
5CFF	1	pop    %esp
5DFF	1	pop    %ebp
5EFF	1	pop    %esi
5FFF	1	pop    %edi
60FF	1	pusha
61FF	1	popa
62FF	NONE	(bad)  {rn-bad},{bad}
63FF	2	arpl   %edi,%edi
64FF	7	call   *%fs:-0x6f6f6f70(%eax)
65FF	7	call   *%gs:-0x6f6f6f70(%eax)
66FF	7	callw  *-0x6f6f6f70(%eax)
67FF	5	call   *-0x6f70(%bx,%si)
68FF	5	push   $0x909090ff
69FF	6	imul   $0x90909090,%edi,%edi
6AFF	2	push   $0xffffffff
6BFF	3	imul   $0xffffff90,%edi,%edi
6CFF	1	insb   (%dx),%es:(%edi)
6DFF	1	insl   (%dx),%es:(%edi)
6EFF	1	outsb  %ds:(%esi),(%dx)
6FFF	1	outsl  %ds:(%esi),(%dx)
70FF	2	jo     0x1
71FF	2	jno    0x1
72FF	2	jb     0x1
73FF	2	jae    0x1
74FF	2	je     0x1
75FF	2	jne    0x1
76FF	2	jbe    0x1
77FF	2	ja     0x1
78FF	2	js     0x1
79FF	2	jns    0x1
7AFF	2	jp     0x1
7BFF	2	jnp    0x1
7CFF	2	jl     0x1
7DFF	2	jge    0x1
7EFF	2	jle    0x1
7FFF	2	jg     0x1
80FF	3	cmp    $0x90,%bh
81FF	6	cmp    $0x90909090,%edi
82FF	3	cmp    $0x90,%bh
83FF	3	cmp    $0xffffff90,%edi
84FF	2	test   %bh,%bh
85FF	2	test   %edi,%edi
86FF	2	xchg   %bh,%bh
87FF	2	xchg   %edi,%edi
88FF	2	mov    %bh,%bh
89FF	2	mov    %edi,%edi
8AFF	2	mov    %bh,%bh
8BFF	2	mov    %edi,%edi
8CFF	2	mov    %?,%edi
8DFF	NONE	lea    (bad),%edi
8EFF	2	mov    %edi,%?
8FFF	NONE	(bad)
90FF	1	nop
91FF	1	xchg   %eax,%ecx
92FF	1	xchg   %eax,%edx
93FF	1	xchg   %eax,%ebx
94FF	1	xchg   %eax,%esp
95FF	1	xchg   %eax,%ebp
96FF	1	xchg   %eax,%esi
97FF	1	xchg   %eax,%edi
98FF	1	cwtl
99FF	1	cltd
9AFF	7	lcall  $0x9090,$0x909090ff
9BFF	1	fwait
9CFF	1	pushf
9DFF	1	popf
9EFF	1	sahf
9FFF	1	lahf
A0FF	5	mov    0x909090ff,%al
A1FF	5	mov    0x909090ff,%eax
A2FF	5	mov    %al,0x909090ff
A3FF	5	mov    %eax,0x909090ff
A4FF	1	movsb  %ds:(%esi),%es:(%edi)
A5FF	1	movsl  %ds:(%esi),%es:(%edi)
A6FF	1	cmpsb  %es:(%edi),%ds:(%esi)
A7FF	1	cmpsl  %es:(%edi),%ds:(%esi)
A8FF	2	test   $0xff,%al
A9FF	5	test   $0x909090ff,%eax
AAFF	1	stos   %al,%es:(%edi)
ABFF	1	stos   %eax,%es:(%edi)
ACFF	1	lods   %ds:(%esi),%al
ADFF	1	lods   %ds:(%esi),%eax
AEFF	1	scas   %es:(%edi),%al
AFFF	1	scas   %es:(%edi),%eax
B0FF	2	mov    $0xff,%al
B1FF	2	mov    $0xff,%cl
B2FF	2	mov    $0xff,%dl
B3FF	2	mov    $0xff,%bl
B4FF	2	mov    $0xff,%ah
B5FF	2	mov    $0xff,%ch
B6FF	2	mov    $0xff,%dh
B7FF	2	mov    $0xff,%bh
B8FF	5	mov    $0x909090ff,%eax
B9FF	5	mov    $0x909090ff,%ecx
BAFF	5	mov    $0x909090ff,%edx
BBFF	5	mov    $0x909090ff,%ebx
BCFF	5	mov    $0x909090ff,%esp
BDFF	5	mov    $0x909090ff,%ebp
BEFF	5	mov    $0x909090ff,%esi
BFFF	5	mov    $0x909090ff,%edi
C0FF	3	sar    $0x90,%bh
C1FF	3	sar    $0x90,%edi
C2FF	3	ret    $0x90ff
C3FF	1	ret
C4FF	NONE	(bad)
C5FF	NONE	(bad)
C6FF	NONE	(bad)
C7FF	NONE	(bad)
C8FF	4	enter  $0x90ff,$0x90
C9FF	1	leave
CAFF	3	lret   $0x90ff
CBFF	1	lret
CCFF	1	int3
CDFF	2	int    $0xff
CEFF	1	into
CFFF	1	iret
D0FF	2	sar    $1,%bh
D1FF	2	sar    $1,%edi
D2FF	2	sar    %cl,%bh
D3FF	2	sar    %cl,%edi
D4FF	2	aam    $0xff
D5FF	2	aad    $0xff
D6FF	NONE	(bad)
D7FF	1	xlat   %ds:(%ebx)
D8FF	2	fdivr  %st(7),%st
D9FF	2	fcos
DAFF	NONE	(bad)
DBFF	NONE	(bad)
DCFF	2	fdivr  %st,%st(7)
DDFF	NONE	(bad)
DEFF	2	fdivrp %st,%st(7)
DFFF	NONE	(bad)
E0FF	2	loopne 0x1
E1FF	2	loope  0x1
E2FF	2	loop   0x1
E3FF	2	jecxz  0x1
E4FF	2	in     $0xff,%al
E5FF	2	in     $0xff,%eax
E6FF	2	out    %al,$0xff
E7FF	2	out    %eax,$0xff
E8FF	5	call   0x90909104
E9FF	5	jmp    0x90909104
EAFF	7	ljmp   $0x9090,$0x909090ff
EBFF	2	jmp    0x1
ECFF	1	in     (%dx),%al
EDFF	1	in     (%dx),%eax
EEFF	1	out    %al,(%dx)
EFFF	1	out    %eax,(%dx)
F0FF	7	lock call *-0x6f6f6f70(%eax)
F1FF	1	int1
F2FF	7	bnd call *-0x6f6f6f70(%eax)
F3FF	7	repz call *-0x6f6f6f70(%eax)
F4FF	1	hlt
F5FF	1	cmc
F6FF	2	idiv   %bh
F7FF	2	idiv   %edi
F8FF	1	clc
F9FF	1	stc
FAFF	1	cli
FBFF	1	sti
FCFF	1	cld
FDFF	1	std
FEFF	NONE	(bad)
FFFF	NONE	(bad)
